작품,작가,출판사,2018-01,2018-02,2018-03,2018-04,2018-05,2018-06,2018-07,2018-08,2018-09,2018-10,2018-11,2018-12,2019-01,2019-02,2019-03,2019-04,2019-05,2019-06,2019-07,2019-08,2019-09,2019-10,2019-11,2019-12,2020-01,2020-02,2020-03,2020-04,2020-05,2020-06,2020-07,2020-08,2020-09,2020-10,2020-11,2020-12,2021-01,2021-02,2021-03,2021-04,2021-05,2021-06,2021-07,2021-08,2021-09,2021-10,2021-11,2021-12,2022-01,2022-02,2022-03,2022-04,2022-05,2022-06,2022-07,2022-08,2022-09,2022-10,2022-11,2022-12,2023-01,2023-02,2023-03,2023-04,2023-05,2023-06,2023-07,2023-08,2023-09,2023-10,2023-11,2023-12,2024-01,2024-02,2024-03,2024-04,2024-05,2024-06,2024-07,2024-08,2024-09,2024-10,2024-11,2024-12,2025-01,2025-02,2025-03,2025-04,2025-05,2025-06,2025-07,2025-08,2025-09,2025-10,2025-11,2025-12,총합
핵무기도 만들어 드릴까요,북홀릭,포텐,0.0,0.0,0.0,0.0,0.0,0.0,0.0,0.0,0.0,0.0,0.0,0.0,0.0,0.0,0.0,0.0,0.0,0.0,0.0,0.0,0.0,0.0,0.0,0.0,0.0,0.0,0.0,0.0,0.0,0.0,0.0,0.0,0.0,8921511.0,21069520.0,36029062.0,47139886.0,33830042.0,36776111.0,51249064.0,57059499.0,78215203.0,65614315.0,42126079.0,40215228.0,25734685.0,16156329.0,49567005.0,17904264.0,14951303.0,32841419.0,18707942.0,23259461.0,14566526.0,9103408.0,27588783.0,9854146.0,9839774.0,10469472.0,8017344.0,5779366.0,5161868.0,4387153.0,4397716.0,4185476.0,6508341.0,6273648.0,5260197.0,3761864.0,6307004.0,4664206.0,4232356.0,3522393.0,6098328.0,4989451.0,3352382.0,4105534.0,4721164.0,3139912.0,3691882.0,2782094.0,4049676.0,14324691.0,10612648.0,6976510.0,5282495.0,6049384.0,3442914.0,7204523.0,9037265.0,4665537.0,3253800.0,3270931.0,3822056.0,3116145.0,2043616.0,991281907.0
금수저 생활백서,강동호,포텐,0.0,0.0,0.0,0.0,0.0,0.0,0.0,0.0,0.0,0.0,0.0,0.0,0.0,0.0,0.0,0.0,0.0,0.0,0.0,0.0,0.0,0.0,0.0,0.0,0.0,0.0,0.0,0.0,0.0,0.0,0.0,16943298.0,16609421.0,30460958.0,22202843.0,22038093.0,40407093.0,33890296.0,30758576.0,31800461.0,36439653.0,28566537.0,49197275.0,35849060.0,25063870.0,35670789.0,21723309.0,29219818.0,23215556.0,25495018.0,22980541.0,19380891.0,20088186.0,17732042.0,8522828.0,8577291.0,5955700.0,5186707.0,5558292.0,3470696.0,3386672.0,3769860.0,4469882.0,3317514.0,3002578.0,7233425.0,12961463.0,3664497.0,4053991.0,4815562.0,5806234.0,4378659.0,5028888.0,5388909.0,5541327.0,4536865.0,8286686.0,8011649.0,8133423.0,8836133.0,13079225.0,10002079.0,6271346.0,8053342.0,5837544.0,4484712.0,4117878.0,5820355.0,7123081.0,4646643.0,4286463.0,3621262.0,2801546.0,2051781.0,1852014.0,2534442.0,874213028.0
대기업 말단이 일을 잘함,동면거북이,포텐,0.0,0.0,0.0,0.0,0.0,0.0,0.0,0.0,0.0,0.0,0.0,0.0,0.0,0.0,0.0,0.0,0.0,0.0,0.0,0.0,0.0,0.0,0.0,0.0,0.0,0.0,0.0,0.0,0.0,0.0,0.0,0.0,0.0,0.0,0.0,0.0,0.0,0.0,0.0,0.0,0.0,0.0,0.0,0.0,0.0,0.0,0.0,0.0,0.0,0.0,0.0,0.0,0.0,0.0,0.0,0.0,0.0,0.0,0.0,0.0,0.0,0.0,0.0,0.0,0.0,2660.0,14590431.0,30548970.0,20054327.0,11448647.0,27934228.0,27769390.0,16829689.0,14519621.0,32351933.0,34253186.0,14991542.0,110850276.0,57935723.0,28378407.0,20090956.0,16392686.0,27328801.0,16972026.0,17211558.0,44574152.0,48792252.0,36419099.0,28379783.0,24510921.0,29446387.0,21136465.0,30186868.0,24423851.0,14769197.0,18801442.0,861895474.0
전설급 영웅은 아카데미 우등생,예로나,포텐,0.0,0.0,0.0,0.0,0.0,0.0,0.0,0.0,0.0,0.0,0.0,0.0,0.0,0.0,0.0,0.0,0.0,0.0,0.0,0.0,0.0,0.0,0.0,0.0,0.0,0.0,0.0,0.0,0.0,0.0,0.0,0.0,0.0,0.0,0.0,0.0,0.0,0.0,0.0,0.0,0.0,0.0,0.0,0.0,0.0,0.0,0.0,0.0,0.0,44698045.0,24711138.0,12796221.0,17345225.0,10719190.0,30390219.0,14533981.0,16612681.0,15271378.0,10138407.0,19627997.0,21885066.0,14901576.0,26450415.0,23820883.0,13201718.0,9303444.0,9041758.0,20898849.0,9725801.0,31359910.0,18586590.0,13214502.0,15700255.0,13015916.0,8509950.0,9558379.0,13331920.0,7131663.0,8973679.0,21653911.0,9160975.0,7462861.0,8358523.0,11470937.0,41996490.0,17721474.0,22541486.0,11970021.0,12289554.0,10163871.0,10445010.0,9827972.0,6860678.0,10489207.0,5557725.0,5802985.0,729230436.0
국세청 망나니,동면거북이,포텐,0.0,0.0,0.0,0.0,0.0,0.0,0.0,0.0,0.0,0.0,0.0,0.0,0.0,0.0,0.0,0.0,0.0,0.0,0.0,0.0,0.0,0.0,0.0,0.0,0.0,0.0,0.0,0.0,0.0,0.0,0.0,41825254.0,23960418.0,16887472.0,17271442.0,21770904.0,17726255.0,20583309.0,17009461.0,9578013.0,23199069.0,26875445.0,20355852.0,17742162.0,14960322.0,13544981.0,13826344.0,10161960.0,48932314.0,36937079.0,17397926.0,10614464.0,19974983.0,16869708.0,12235566.0,9144115.0,7965489.0,13935303.0,5448408.0,3752311.0,4188232.0,5641459.0,3793793.0,6574598.0,4293255.0,4509273.0,5230240.0,6214495.0,4279552.0,4260482.0,3737132.0,5870095.0,4058085.0,3195521.0,1364650.0,2130919.0,1045678.0,813575.0,6831546.0,6872524.0,4331249.0,2591289.0,2766075.0,1787821.0,2400247.0,1861028.0,4328509.0,7809334.0,3362384.0,2516609.0,2865278.0,4359069.0,7533491.0,5449529.0,2431027.0,3596858.0,675381230.0
곤륜마협,글별자리,포텐,0.0,0.0,0.0,0.0,0.0,0.0,0.0,0.0,0.0,0.0,0.0,0.0,0.0,0.0,0.0,0.0,0.0,0.0,0.0,0.0,0.0,0.0,0.0,0.0,0.0,0.0,340326.0,22525506.0,39466120.0,30985219.0,18021530.0,17367890.0,10052630.0,14974435.0,8548743.0,13374630.0,10550653.0,9260725.0,8771110.0,8811457.0,7526758.0,7728888.0,10807126.0,9624073.0,9627480.0,13189592.0,5919464.0,19441496.0,7739770.0,9759197.0,4453335.0,4178325.0,6295369.0,8013647.0,8085470.0,3824225.0,18778994.0,6789690.0,7251958.0,7424729.0,10505506.0,7390298.0,18608041.0,13793036.0,10869634.0,10437400.0,9617989.0,6532133.0,5197455.0,4341949.0,12463912.0,5080352.0,23591964.0,14213059.0,12909363.0,6087639.0,13775431.0,8003998.0,5292797.0,4185315.0,4289956.0,3122316.0,1980729.0,2293172.0,6524285.0,3341822.0,2623612.0,2218299.0,2274954.0,1998546.0,2270689.0,1795705.0,1877558.0,2290259.0,1696668.0,2148425.0,635154826.0
풀백이 축구를 너무 잘함,김군0619,포텐,0.0,0.0,0.0,0.0,0.0,0.0,0.0,0.0,0.0,0.0,0.0,0.0,0.0,0.0,0.0,0.0,0.0,0.0,0.0,0.0,0.0,0.0,0.0,0.0,0.0,0.0,0.0,0.0,0.0,2700.0,0.0,0.0,9092297.0,13467909.0,9693759.0,9257908.0,13291819.0,16223507.0,13373332.0,9921886.0,20978263.0,18997085.0,18112334.0,17963514.0,15291899.0,15240289.0,17667923.0,16982833.0,18431698.0,13746747.0,19793374.0,16518938.0,10639211.0,11203898.0,11364952.0,11422974.0,10502432.0,10944692.0,10618764.0,12282640.0,8845968.0,6850831.0,6731030.0,7548407.0,6180091.0,5619749.0,4196448.0,6637863.0,8387337.0,10351865.0,6383551.0,5443713.0,4913667.0,5053005.0,4064214.0,2685173.0,2397763.0,2669937.0,1802665.0,3761451.0,1717149.0,2269554.0,1790505.0,1511040.0,1500260.0,1475947.0,1231438.0,1388151.0,2845871.0,2410430.0,1768973.0,1809562.0,1299439.0,1190986.0,832012.0,738194.0,529333816.0
레벨 업 하는 식당,인기영,포텐,0.0,18924570.0,16927806.0,48707472.0,30924118.0,13166979.0,41903097.0,29987323.0,18219354.0,17561331.0,20837310.0,11633227.0,15030563.0,8172637.0,6365521.0,21929852.0,8168271.0,8099151.0,4102110.0,4340753.0,4690792.0,6335937.0,4838991.0,5676455.0,3788558.0,3513673.0,3106523.0,2066530.0,2349349.0,1628559.0,3333239.0,6468688.0,3259795.0,2523712.0,3071998.0,1839053.0,2082355.0,1740895.0,1507371.0,1187326.0,2402847.0,2666383.0,3549570.0,2474168.0,1940417.0,1305475.0,1653730.0,3274447.0,2132721.0,1080693.0,1534531.0,817191.0,5932762.0,4772579.0,5637859.0,3701505.0,1897731.0,1573623.0,644082.0,513783.0,523557.0,1370566.0,1541205.0,835543.0,1087641.0,827605.0,725469.0,769170.0,419979.0,1233933.0,1284409.0,870631.0,535901.0,764269.0,737942.0,1304972.0,846075.0,909492.0,419543.0,504041.0,502288.0,729354.0,395351.0,260225.0,684185.0,527400.0,456450.0,299688.0,244044.0,327675.0,392640.0,512374.0,365379.0,383393.0,251463.0,493435.0,483854628.0
파공검제,눈매,포텐,0.0,0.0,0.0,0.0,0.0,0.0,0.0,0.0,0.0,0.0,0.0,0.0,0.0,0.0,0.0,0.0,0.0,0.0,0.0,0.0,0.0,0.0,0.0,0.0,0.0,0.0,0.0,0.0,0.0,0.0,0.0,0.0,0.0,0.0,0.0,0.0,0.0,0.0,0.0,0.0,0.0,0.0,0.0,0.0,0.0,0.0,0.0,0.0,0.0,0.0,0.0,0.0,0.0,5036940.0,21625072.0,8156577.0,6305076.0,8684209.0,10788321.0,30055485.0,15675535.0,16014968.0,23507279.0,22697758.0,11364247.0,15457834.0,12094067.0,13369537.0,19164859.0,10430181.0,8007399.0,21146675.0,8421884.0,11273199.0,6575367.0,7168423.0,6324724.0,6324348.0,5660118.0,8251044.0,5594334.0,7802417.0,9746907.0,9284806.0,6178150.0,3646367.0,2977518.0,5033717.0,14379890.0,9132535.0,7913033.0,13875054.0,9886642.0,5948580.0,8453807.0,18571286.0,478006169.0
졸부 집 망나니,백범,포텐,0.0,0.0,0.0,0.0,0.0,211540.0,0.0,0.0,0.0,0.0,0.0,0.0,0.0,23450600.0,69951623.0,35208060.0,16315075.0,39203070.0,29892850.0,22313238.0,25742703.0,18027270.0,18866754.0,18576915.0,11239974.0,9656115.0,13045499.0,12662788.0,8879558.0,3854721.0,1562088.0,829990.0,902980.0,566568.0,1527130.0,2057104.0,4993220.0,7914669.0,5332591.0,2055862.0,1400369.0,2819564.0,2385440.0,3684749.0,3443117.0,3904512.0,2414440.0,1740098.0,1483971.0,2947553.0,2394367.0,2138368.0,1759546.0,1434175.0,2173324.0,1633977.0,1625836.0,1195562.0,4139874.0,1794376.0,2000479.0,1309783.0,1119197.0,1807961.0,1252622.0,2177227.0,1213032.0,1825624.0,1889167.0,1413350.0,1264238.0,1209218.0,694926.0,489871.0,1219191.0,812552.0,931810.0,924547.0,957008.0,1987130.0,1356228.0,2199894.0,888506.0,1062252.0,1451099.0,1068980.0,952007.0,991313.0,865602.0,1007250.0,782221.0,980492.0,658337.0,2052853.0,1343366.0,3179005.0,498692111.0
식사하고 가세요,인기영,포텐,0.0,0.0,0.0,0.0,0.0,0.0,0.0,0.0,0.0,0.0,0.0,0.0,0.0,0.0,0.0,0.0,0.0,0.0,0.0,0.0,19835035.0,18091755.0,9904070.0,19084945.0,6753285.0,19920340.0,14165951.0,6024050.0,5283625.0,13686833.0,5532711.0,4472606.0,7350827.0,5499219.0,7055160.0,4501624.0,3250614.0,5410080.0,3315646.0,14922768.0,16369833.0,9963301.0,13997440.0,5889804.0,7890563.0,4435798.0,7492763.0,7240826.0,3617532.0,4583425.0,10166456.0,9340763.0,10859848.0,5371890.0,4871348.0,7026041.0,3227065.0,4706089.0,3362211.0,2967133.0,2013631.0,1593737.0,2040865.0,3093400.0,1207189.0,1017365.0,2517454.0,1971609.0,1479561.0,1392550.0,971922.0,814906.0,625397.0,1817607.0,1778955.0,922961.0,675163.0,572431.0,999419.0,502108.0,729118.0,688680.0,736879.0,881855.0,434725.0,598301.0,863646.0,926931.0,744954.0,769369.0,672473.0,624766.0,478858.0,1620215.0,696119.0,657388.0,377573780.0
재벌가 장남은 가치를 본다,유재무,포텐,0.0,0.0,0.0,0.0,0.0,0.0,0.0,0.0,0.0,0.0,0.0,0.0,0.0,0.0,0.0,0.0,0.0,0.0,0.0,0.0,0.0,0.0,0.0,0.0,0.0,2343792.0,8735304.0,11548100.0,20653658.0,21130246.0,21078651.0,18985454.0,15577737.0,14486558.0,11631687.0,12141647.0,11359411.0,10822142.0,8662275.0,2902764.0,2577711.0,23950228.0,6862759.0,4585514.0,3185760.0,3178303.0,2704270.0,2180629.0,4335042.0,2668198.0,6146459.0,14036444.0,4018506.0,1955363.0,7627903.0,12533919.0,4548186.0,2268200.0,1506590.0,1540912.0,1516369.0,2157598.0,5555516.0,3664918.0,1794502.0,1543719.0,2898915.0,4708005.0,2015636.0,1217836.0,2396650.0,3801892.0,1774932.0,1783678.0,1579039.0,2630334.0,2356832.0,985662.0,1089437.0,5679581.0,7459419.0,2284392.0,2120705.0,1799225.0,2104917.0,1583810.0,1699925.0,1160913.0,1292409.0,1444803.0,1175416.0,927308.0,701398.0,1138603.0,1981833.0,878061.0,385374510.0
독식하는 재벌 3세,서오,포텐,0.0,0.0,0.0,0.0,0.0,0.0,0.0,0.0,0.0,0.0,0.0,0.0,0.0,0.0,0.0,0.0,0.0,0.0,0.0,0.0,0.0,0.0,0.0,0.0,0.0,0.0,0.0,0.0,0.0,0.0,0.0,0.0,0.0,0.0,0.0,0.0,0.0,0.0,0.0,0.0,0.0,0.0,0.0,0.0,0.0,0.0,0.0,0.0,0.0,0.0,0.0,0.0,0.0,0.0,0.0,0.0,0.0,0.0,0.0,0.0,0.0,0.0,0.0,0.0,0.0,27232644.0,52257877.0,17175503.0,11744260.0,26010141.0,12677097.0,11025241.0,12415833.0,8465374.0,7700791.0,12855458.0,7265947.0,7346783.0,5433510.0,7511509.0,4971173.0,7665363.0,10694116.0,6020851.0,5292244.0,2628371.0,3086287.0,8808551.0,11837928.0,12275698.0,12770204.0,21000798.0,6846038.0,15573000.0,5736241.0,4068263.0,366393094.0
언어의 주인이란,정보석,포텐,0.0,0.0,0.0,0.0,0.0,0.0,0.0,0.0,0.0,0.0,0.0,0.0,0.0,0.0,0.0,0.0,0.0,0.0,0.0,0.0,0.0,0.0,0.0,0.0,0.0,0.0,0.0,0.0,0.0,0.0,0.0,0.0,0.0,0.0,0.0,0.0,510752.0,516752.0,319946.0,103246.0,10120166.0,4195552.0,3825910.0,3341938.0,3941696.0,2507043.0,2296662.0,3188276.0,2631192.0,2323877.0,3824686.0,2766453.0,2503864.0,2761035.0,2675765.0,2563642.0,2724661.0,3149502.0,5107170.0,2144296.0,3412351.0,2360458.0,1740305.0,4980070.0,5400724.0,5725566.0,4681629.0,4239977.0,3631247.0,5774388.0,9507823.0,19330561.0,18279100.0,14238461.0,9574584.0,7987475.0,7542579.0,8898200.0,7787763.0,7788329.0,6554433.0,4804393.0,4555432.0,4751328.0,6366460.0,6091279.0,7470409.0,11759908.0,10089747.0,6387716.0,4521065.0,4308396.0,3367156.0,7227185.0,4555477.0,3601514.0,319337570.0
주식의 신,유재무,포텐,0.0,0.0,0.0,0.0,0.0,81550.0,0.0,0.0,0.0,0.0,0.0,3706416.0,10425555.0,12735500.0,5877404.0,12950441.0,13285341.0,13978477.0,15895108.0,10388223.0,9035748.0,6472227.0,8954459.0,9410773.0,14276561.0,14374116.0,8612068.0,5850003.0,6204265.0,6416687.0,4434703.0,5422279.0,4863906.0,3896949.0,3217560.0,3866072.0,3049540.0,2609766.0,2336435.0,1753307.0,1527918.0,2841732.0,2158410.0,1158050.0,2121998.0,1641337.0,2720038.0,2282777.0,1296829.0,2645801.0,2969012.0,1943490.0,4305381.0,2873518.0,2544512.0,2574934.0,2290767.0,1427463.0,1412633.0,1487181.0,1966317.0,2452466.0,3346360.0,1604410.0,1040005.0,1141842.0,1758458.0,1630367.0,1492848.0,943786.0,1240579.0,2099142.0,1257831.0,901677.0,908516.0,1026461.0,979871.0,1550338.0,1066635.0,1018600.0,1595180.0,1245453.0,1258363.0,961658.0,5941565.0,3239266.0,1321809.0,823130.0,780926.0,973447.0,2078388.0,1060378.0,1470142.0,1216679.0,980796.0,696922.0,323675831.0
재벌생활기록부,백범,포텐,0.0,0.0,0.0,0.0,0.0,0.0,0.0,0.0,0.0,0.0,0.0,0.0,0.0,0.0,0.0,0.0,0.0,0.0,0.0,0.0,0.0,0.0,0.0,0.0,0.0,35972940.0,61252020.0,20497474.0,20735555.0,3964142.0,-194698.0,-66570.0,-14490.0,4148270.0,13774810.0,4618600.0,5481909.0,38278519.0,10560896.0,5093613.0,2723658.0,3398441.0,22774259.0,5362371.0,12836601.0,11408740.0,9231213.0,4329500.0,3402345.0,3645604.0,2836900.0,4378083.0,3907908.0,4543252.0,4034083.0,3483076.0,2066957.0,2053541.0,2935891.0,3532252.0,2012404.0,2991873.0,2397849.0,2311654.0,1203370.0,2106086.0,901881.0,1506264.0,1702262.0,3141153.0,1177618.0,1580909.0,1573839.0,1505029.0,1556924.0,1138534.0,1531611.0,2238602.0,1249361.0,1292194.0,1342077.0,960166.0,919997.0,1683016.0,3752194.0,5921310.0,3304042.0,2088124.0,1625024.0,1507939.0,214701.0,59480.0,46411.0,39130.0,7031.0,34827.0,395612551.0
재벌가 차남은 먼치킨,말리브 해적,포텐,0.0,0.0,0.0,0.0,0.0,0.0,0.0,0.0,0.0,0.0,0.0,0.0,0.0,0.0,0.0,0.0,0.0,0.0,0.0,0.0,0.0,0.0,2198596.0,8969999.0,9685368.0,12284915.0,33106267.0,9822589.0,7765556.0,6305954.0,3994439.0,4690747.0,6424204.0,4307896.0,4522611.0,6305873.0,2515928.0,1128490.0,6581079.0,1716818.0,1058621.0,1092630.0,1381805.0,1213707.0,1537762.0,539105.0,437192.0,335048.0,750744.0,1233863.0,1989076.0,2929096.0,4133015.0,3459825.0,1308396.0,1181740.0,2360964.0,875189.0,868726.0,724334.0,1698879.0,2694117.0,5075227.0,972027.0,1070935.0,3462605.0,2361836.0,1630170.0,1062381.0,2811371.0,1167777.0,916495.0,777175.0,889364.0,442435.0,716482.0,1606346.0,1006769.0,1371996.0,3055557.0,1086657.0,1541266.0,1591407.0,875802.0,842102.0,839751.0,718999.0,344747.0,427599.0,710886.0,521998.0,668373.0,1120005.0,456714.0,490542.0,440649.0,209205608.0
재벌집 외동딸과 하룻밤을 보냈다,희나리T,포텐,0.0,0.0,0.0,0.0,0.0,0.0,0.0,0.0,0.0,0.0,0.0,0.0,0.0,0.0,0.0,0.0,0.0,0.0,0.0,0.0,0.0,0.0,0.0,0.0,0.0,0.0,0.0,0.0,0.0,0.0,0.0,0.0,0.0,0.0,0.0,0.0,0.0,0.0,0.0,0.0,0.0,0.0,0.0,0.0,0.0,0.0,0.0,0.0,0.0,0.0,0.0,0.0,0.0,0.0,0.0,0.0,0.0,0.0,0.0,0.0,0.0,0.0,0.0,0.0,0.0,0.0,0.0,0.0,0.0,0.0,0.0,0.0,0.0,0.0,0.0,0.0,0.0,0.0,0.0,0.0,0.0,0.0,9261759.0,8770165.0,15064452.0,12175962.0,15935353.0,16806540.0,19315662.0,19617613.0,10931338.0,20945541.0,8992178.0,8239653.0,8885990.0,5217189.0,180159395.0
불행을 보는 재벌집 손자,유재무,포텐,0.0,0.0,0.0,0.0,0.0,0.0,0.0,0.0,0.0,0.0,0.0,0.0,0.0,0.0,0.0,0.0,0.0,0.0,0.0,0.0,0.0,0.0,0.0,0.0,0.0,0.0,0.0,0.0,0.0,0.0,0.0,0.0,0.0,0.0,0.0,0.0,0.0,0.0,0.0,0.0,0.0,0.0,0.0,0.0,0.0,0.0,0.0,0.0,0.0,0.0,0.0,0.0,0.0,0.0,0.0,0.0,0.0,0.0,0.0,0.0,0.0,0.0,0.0,0.0,0.0,0.0,0.0,0.0,7376814.0,11681364.0,10708391.0,9731074.0,14571697.0,20406786.0,14925082.0,3834605.0,5080069.0,5713647.0,9613295.0,3755538.0,6223518.0,9707438.0,3054469.0,1735063.0,1685065.0,4331601.0,2954624.0,1460471.0,7384346.0,3619815.0,2731861.0,2188400.0,1704520.0,3579990.0,1576927.0,2231171.0,173567641.0
대공자 가출하셨다,와이번스,포텐,0.0,0.0,0.0,0.0,0.0,0.0,0.0,0.0,0.0,0.0,0.0,0.0,0.0,0.0,6162156.0,11660481.0,17785200.0,14698347.0,12637508.0,12073929.0,13493825.0,8226459.0,7259224.0,5589516.0,5847563.0,3720294.0,7896284.0,2049490.0,14155618.0,2067192.0,1547830.0,732538.0,2505831.0,1602487.0,1278363.0,1618763.0,1802509.0,1225783.0,1204399.0,420347.0,162122.0,326175.0,445806.0,570200.0,323515.0,133411.0,196884.0,130390.0,171871.0,285146.0,277623.0,228186.0,213305.0,247225.0,179950.0,797833.0,1338246.0,357676.0,254453.0,273731.0,187411.0,188895.0,259639.0,179774.0,89813.0,171525.0,125702.0,59149.0,181344.0,61099.0,77567.0,113492.0,92617.0,562920.0,102924.0,82163.0,790040.0,118615.0,76303.0,46729.0,58791.0,116907.0,184661.0,467012.0,81720.0,147830.0,156949.0,83255.0,166854.0,63709.0,58898.0,180886.0,100663.0,39064.0,24028.0,54470.0,171729102.0
드레곤 레어에 조난당했다,이우찬,포텐,0.0,0.0,0.0,0.0,0.0,0.0,0.0,0.0,0.0,0.0,0.0,0.0,0.0,0.0,0.0,0.0,0.0,0.0,0.0,0.0,0.0,0.0,0.0,0.0,0.0,0.0,0.0,0.0,0.0,0.0,0.0,0.0,0.0,0.0,0.0,0.0,0.0,0.0,0.0,0.0,0.0,0.0,0.0,0.0,0.0,0.0,0.0,0.0,0.0,0.0,0.0,0.0,0.0,0.0,0.0,0.0,0.0,0.0,0.0,0.0,0.0,0.0,0.0,0.0,0.0,0.0,0.0,0.0,0.0,0.0,0.0,0.0,0.0,0.0,0.0,0.0,0.0,0.0,0.0,0.0,0.0,0.0,0.0,6161958.0,5776521.0,18651435.0,19967031.0,18323221.0,23937857.0,26035653.0,12654342.0,9267648.0,7109582.0,8881914.0,5930110.0,8392665.0,171089937.0
깜빵에서 재벌까지,백범,포텐,0.0,0.0,0.0,0.0,0.0,0.0,0.0,0.0,0.0,0.0,0.0,0.0,0.0,0.0,0.0,0.0,0.0,0.0,0.0,0.0,0.0,0.0,0.0,0.0,0.0,0.0,0.0,0.0,0.0,0.0,0.0,0.0,0.0,0.0,0.0,0.0,0.0,0.0,0.0,0.0,0.0,0.0,774400.0,25623078.0,10272982.0,9775704.0,5564773.0,7200589.0,6463886.0,8915717.0,2386007.0,1293589.0,2805088.0,963305.0,708075.0,5233329.0,5886977.0,10836157.0,5928439.0,2416049.0,2324426.0,2591676.0,1493330.0,1121800.0,780768.0,1210049.0,1048079.0,1724544.0,1404420.0,969426.0,746707.0,1119176.0,1866962.0,1859904.0,2445337.0,1352923.0,2355190.0,1859286.0,1450244.0,1228144.0,3835461.0,3674406.0,1997015.0,1266519.0,1474769.0,1372663.0,1196675.0,930781.0,798066.0,759876.0,918844.0,698112.0,714037.0,1349250.0,910854.0,785655.0,166683518.0
리라이프 에이전트,강동호,포텐,0.0,0.0,0.0,0.0,0.0,0.0,0.0,0.0,0.0,0.0,0.0,0.0,0.0,0.0,0.0,0.0,0.0,0.0,0.0,0.0,0.0,0.0,0.0,0.0,0.0,0.0,0.0,0.0,0.0,0.0,0.0,0.0,0.0,0.0,0.0,0.0,0.0,0.0,0.0,0.0,0.0,0.0,0.0,0.0,0.0,0.0,0.0,0.0,0.0,0.0,0.0,0.0,0.0,0.0,0.0,0.0,0.0,0.0,0.0,0.0,0.0,0.0,310970.0,7472292.0,4088238.0,2299449.0,2345520.0,3360998.0,2090162.0,1908349.0,1527068.0,824282.0,443905.0,502049.0,5429955.0,5245650.0,22495457.0,8553228.0,4013452.0,3233324.0,6212489.0,7641006.0,6522217.0,8772683.0,3765280.0,3267470.0,2504943.0,3399155.0,3027663.0,2136955.0,10721489.0,9419965.0,2060847.0,2269070.0,1646852.0,2801928.0,152314360.0
킬 더 엠페러,트릭스터,포텐,0.0,0.0,0.0,0.0,0.0,0.0,0.0,0.0,0.0,0.0,0.0,0.0,0.0,0.0,0.0,0.0,0.0,0.0,0.0,0.0,0.0,0.0,0.0,0.0,0.0,0.0,0.0,0.0,0.0,0.0,0.0,0.0,0.0,0.0,0.0,0.0,980.0,820104.0,20846166.0,6749038.0,1934690.0,3233793.0,1856533.0,1422732.0,1217700.0,1040435.0,930827.0,934340.0,5340149.0,5324817.0,4340516.0,1945511.0,2167387.0,858419.0,1425454.0,10181530.0,23055913.0,5786899.0,2615322.0,1921404.0,1267141.0,3935453.0,1519690.0,658649.0,1184587.0,1745364.0,1207227.0,774945.0,1392031.0,2048353.0,1170258.0,1492992.0,1317413.0,353807.0,350854.0,603270.0,799329.0,511581.0,422160.0,284899.0,876010.0,294591.0,593935.0,794473.0,282278.0,362085.0,346804.0,8637169.0,3236148.0,992861.0,326367.0,190564.0,734114.0,1099037.0,374320.0,500390.0,148631808.0
EX급 절대반지를 얻었다,김현준,포텐,0.0,0.0,0.0,0.0,0.0,0.0,0.0,0.0,0.0,0.0,0.0,0.0,0.0,0.0,0.0,0.0,0.0,0.0,0.0,0.0,0.0,0.0,0.0,0.0,0.0,0.0,0.0,0.0,0.0,0.0,0.0,0.0,0.0,0.0,0.0,0.0,0.0,0.0,0.0,0.0,0.0,0.0,0.0,0.0,0.0,0.0,0.0,0.0,0.0,0.0,0.0,0.0,0.0,0.0,0.0,0.0,0.0,0.0,0.0,0.0,0.0,0.0,0.0,0.0,0.0,0.0,0.0,0.0,0.0,0.0,0.0,0.0,0.0,0.0,0.0,0.0,3219134.0,5767653.0,5040978.0,13773174.0,10112607.0,7680058.0,10406470.0,10405099.0,7067106.0,2680908.0,11180563.0,5582301.0,8889841.0,3697535.0,13113487.0,6426771.0,4082042.0,3295913.0,2513294.0,4597144.0,139532078.0
고려는 천조국이 되기로 하였습니다,소라게,포텐,0.0,0.0,0.0,0.0,0.0,0.0,0.0,0.0,0.0,0.0,0.0,0.0,0.0,0.0,0.0,0.0,0.0,0.0,0.0,0.0,0.0,0.0,0.0,0.0,0.0,0.0,0.0,0.0,0.0,0.0,0.0,0.0,0.0,0.0,0.0,0.0,0.0,0.0,0.0,0.0,0.0,0.0,0.0,0.0,0.0,0.0,0.0,0.0,0.0,0.0,0.0,0.0,0.0,0.0,0.0,0.0,0.0,0.0,0.0,0.0,0.0,3425.0,4013.0,17333311.0,14551385.0,6543108.0,7436069.0,11731521.0,18280658.0,7489754.0,4008224.0,2898708.0,3929499.0,1723502.0,4424438.0,1848980.0,2679361.0,3236609.0,2728035.0,5525389.0,2911480.0,2088354.0,2342035.0,1612642.0,2137127.0,928297.0,941496.0,842998.0,815115.0,631014.0,847451.0,953903.0,1415694.0,1168399.0,697867.0,699729.0,137409590.0
화산대도,송재일,포텐,0.0,0.0,0.0,0.0,0.0,0.0,0.0,0.0,0.0,0.0,0.0,0.0,0.0,0.0,0.0,0.0,0.0,0.0,0.0,0.0,0.0,0.0,0.0,0.0,0.0,0.0,0.0,0.0,0.0,0.0,0.0,0.0,0.0,0.0,0.0,0.0,0.0,0.0,0.0,0.0,0.0,0.0,0.0,0.0,0.0,0.0,0.0,0.0,0.0,0.0,0.0,228294.0,10754912.0,4318399.0,4899661.0,3331036.0,4720517.0,3402219.0,2707903.0,2175625.0,4479346.0,2414808.0,1826338.0,1339651.0,5363463.0,1791925.0,728943.0,491502.0,780154.0,2561861.0,4552937.0,12973062.0,8017412.0,5647271.0,3541488.0,2130372.0,3905806.0,10075988.0,3624359.0,3985538.0,2251178.0,3517663.0,1602180.0,1018816.0,880937.0,962465.0,705582.0,603289.0,568950.0,639624.0,606699.0,577662.0,429248.0,589455.0,321234.0,1165368.0,133211140.0
마법 배운 재벌집 늦둥이,서오,포텐,0.0,0.0,0.0,0.0,0.0,0.0,0.0,0.0,0.0,0.0,0.0,0.0,0.0,0.0,0.0,0.0,0.0,0.0,0.0,0.0,0.0,0.0,0.0,0.0,0.0,0.0,0.0,0.0,0.0,0.0,0.0,0.0,0.0,0.0,0.0,0.0,0.0,0.0,0.0,0.0,0.0,0.0,0.0,0.0,0.0,0.0,0.0,0.0,5166523.0,2118542.0,650421.0,22303389.0,11225529.0,6146614.0,4399961.0,11135171.0,3151842.0,2309887.0,3361322.0,5565669.0,14715692.0,7714506.0,8432803.0,3814054.0,1939584.0,5841230.0,4046272.0,2080203.0,2108382.0,1429559.0,1222996.0,959716.0,2351668.0,1154522.0,1044337.0,851708.0,2459559.0,990019.0,670754.0,1286175.0,1444692.0,641094.0,1548494.0,986527.0,877004.0,636420.0,623969.0,602124.0,677867.0,908719.0,616133.0,1247467.0,686276.0,927786.0,747536.0,480617.0,156301334.0
만렙요원 재벌이 되다,준강,포텐,0.0,0.0,0.0,0.0,0.0,0.0,0.0,0.0,0.0,0.0,0.0,0.0,0.0,0.0,0.0,0.0,0.0,0.0,0.0,0.0,0.0,0.0,0.0,0.0,0.0,0.0,0.0,0.0,0.0,0.0,0.0,0.0,0.0,0.0,0.0,0.0,0.0,0.0,0.0,0.0,0.0,0.0,0.0,0.0,0.0,0.0,0.0,0.0,0.0,0.0,0.0,0.0,0.0,0.0,0.0,0.0,0.0,0.0,0.0,0.0,0.0,1092842.0,1274903.0,11376515.0,8735054.0,6037554.0,5639240.0,4632518.0,3282444.0,2905296.0,3481357.0,2498824.0,2590895.0,2864662.0,2567626.0,1974185.0,1634417.0,4247360.0,2181658.0,2235556.0,2273055.0,3340000.0,4568379.0,6624967.0,4500415.0,4632375.0,2560743.0,2507462.0,1618536.0,1250675.0,1347270.0,1215801.0,1791859.0,1567278.0,1319255.0,1314377.0,113685353.0
재벌가 막둥이는 만능천재,백범,포텐,0.0,0.0,0.0,0.0,0.0,0.0,0.0,0.0,0.0,0.0,0.0,0.0,0.0,0.0,0.0,0.0,0.0,0.0,0.0,0.0,0.0,0.0,0.0,0.0,0.0,0.0,1265366.0,24148672.0,17156163.0,7148000.0,-592985.0,-47532.0,-31570.0,-31780.0,-31766.0,0.0,0.0,-8120.0,0.0,0.0,0.0,0.0,296822.0,768051.0,7509628.0,8604887.0,16058552.0,5807720.0,8398477.0,4292684.0,1752062.0,3849353.0,3759189.0,2920194.0,1600280.0,1523716.0,1941894.0,1624815.0,2708953.0,3285667.0,2048168.0,1590480.0,2413689.0,812382.0,828718.0,831635.0,661679.0,757852.0,749995.0,1057626.0,865166.0,1156588.0,1252134.0,1273151.0,1205489.0,990572.0,924801.0,825602.0,572653.0,664327.0,3211151.0,1802342.0,1181359.0,1159878.0,1483302.0,2160658.0,1621611.0,996818.0,768178.0,707232.0,457077.0,441161.0,515119.0,477792.0,893874.0,483287.0,165520938.0
스킬 복사로 꿀 빱니다,김현준,포텐,0.0,0.0,0.0,0.0,0.0,0.0,0.0,0.0,0.0,0.0,0.0,0.0,0.0,0.0,0.0,0.0,0.0,0.0,0.0,0.0,0.0,0.0,0.0,0.0,0.0,0.0,0.0,0.0,0.0,0.0,0.0,0.0,0.0,0.0,0.0,0.0,0.0,0.0,0.0,0.0,0.0,0.0,0.0,0.0,0.0,0.0,0.0,0.0,0.0,0.0,0.0,0.0,0.0,0.0,0.0,0.0,0.0,0.0,0.0,0.0,0.0,389379.0,5816541.0,10336659.0,4228588.0,4668599.0,7409677.0,4509538.0,4536388.0,4330188.0,6327455.0,2893472.0,3652761.0,3184023.0,10481018.0,2338828.0,3463556.0,1292114.0,1265808.0,5956045.0,1679610.0,2157863.0,1422125.0,2064417.0,2268008.0,1016614.0,1559169.0,1985896.0,930893.0,941148.0,1402976.0,1256712.0,995111.0,1400252.0,763955.0,1817105.0,110742491.0
흙수저 회귀로 재벌되다,커피와함께,포텐,0.0,0.0,0.0,0.0,0.0,0.0,0.0,0.0,0.0,0.0,0.0,0.0,0.0,0.0,0.0,0.0,0.0,0.0,0.0,0.0,0.0,0.0,0.0,0.0,0.0,3499808.0,6055671.0,10717435.0,7808402.0,10099908.0,5982895.0,4404295.0,5365671.0,3725158.0,3281396.0,3821186.0,1668613.0,1333312.0,1501623.0,3327281.0,1184470.0,947411.0,595794.0,695984.0,436956.0,921864.0,701537.0,809505.0,977287.0,367946.0,408561.0,577516.0,431389.0,266826.0,354878.0,606436.0,1597712.0,607068.0,334341.0,761799.0,1217710.0,613022.0,453242.0,314157.0,1122082.0,1586646.0,1205777.0,504877.0,625366.0,444971.0,369459.0,419469.0,458070.0,378137.0,378366.0,307679.0,432118.0,788162.0,363622.0,594778.0,442117.0,1865602.0,2176151.0,814909.0,434328.0,320351.0,543751.0,463511.0,492638.0,283570.0,253200.0,593392.0,484079.0,286755.0,235908.0,270782.0,108716688.0
빙하기 아포칼립스의 회사원,희나리T,포텐,0.0,0.0,0.0,0.0,0.0,0.0,0.0,0.0,0.0,0.0,0.0,0.0,0.0,0.0,0.0,0.0,0.0,0.0,0.0,0.0,0.0,0.0,0.0,0.0,0.0,0.0,0.0,0.0,0.0,0.0,0.0,0.0,0.0,0.0,0.0,0.0,0.0,0.0,0.0,0.0,0.0,0.0,0.0,0.0,0.0,0.0,0.0,0.0,0.0,0.0,0.0,0.0,0.0,0.0,0.0,0.0,0.0,0.0,0.0,0.0,0.0,0.0,0.0,0.0,0.0,0.0,0.0,0.0,5592639.0,4627710.0,14290221.0,8190104.0,4694302.0,3342319.0,1335101.0,1569037.0,1409035.0,4173421.0,1572692.0,4274900.0,4698210.0,3466550.0,2023898.0,7855400.0,7339699.0,6020344.0,4627644.0,2191448.0,2351515.0,1410547.0,1769578.0,2634131.0,1575581.0,2529693.0,1357787.0,1422345.0,108345851.0
걸황무적,송재일,포텐,0.0,0.0,0.0,0.0,0.0,0.0,0.0,0.0,0.0,0.0,0.0,0.0,0.0,0.0,0.0,0.0,0.0,0.0,0.0,0.0,0.0,0.0,0.0,0.0,0.0,0.0,0.0,0.0,0.0,0.0,0.0,0.0,0.0,0.0,0.0,0.0,0.0,0.0,2432534.0,14687107.0,6839060.0,5421790.0,4292997.0,3491209.0,6382410.0,2967049.0,6235661.0,2669561.0,2640162.0,1359910.0,1271379.0,766690.0,788317.0,2989470.0,5989161.0,4954978.0,3767172.0,1629143.0,1502636.0,725702.0,952458.0,793405.0,1158009.0,585492.0,494933.0,403689.0,416243.0,199488.0,600587.0,326834.0,2824901.0,1181011.0,789468.0,691030.0,470338.0,550292.0,215564.0,621504.0,777943.0,518191.0,296969.0,306609.0,537234.0,310484.0,361911.0,510965.0,377712.0,244772.0,166485.0,165554.0,596457.0,598061.0,154582.0,253317.0,221780.0,225976.0,103704346.0
미식축구가 너무 쉬움,김군0619,포텐,0.0,0.0,0.0,0.0,0.0,0.0,0.0,0.0,0.0,0.0,0.0,0.0,0.0,0.0,0.0,0.0,0.0,0.0,0.0,0.0,0.0,0.0,0.0,0.0,0.0,0.0,0.0,0.0,0.0,0.0,0.0,0.0,0.0,0.0,0.0,0.0,0.0,0.0,0.0,0.0,0.0,0.0,0.0,0.0,0.0,0.0,0.0,0.0,0.0,0.0,0.0,0.0,0.0,0.0,0.0,0.0,0.0,0.0,0.0,0.0,0.0,0.0,0.0,0.0,0.0,0.0,0.0,0.0,0.0,0.0,0.0,0.0,0.0,0.0,0.0,0.0,0.0,0.0,0.0,0.0,0.0,7738053.0,8988839.0,9136757.0,8664054.0,9402377.0,7454526.0,7611225.0,5710238.0,5371902.0,4547740.0,4194379.0,3821199.0,4822990.0,3966662.0,3641066.0,95072007.0
던전팜,인기영,포텐,0.0,0.0,0.0,0.0,0.0,0.0,0.0,0.0,0.0,0.0,0.0,0.0,0.0,0.0,0.0,0.0,0.0,0.0,0.0,0.0,0.0,0.0,0.0,0.0,0.0,0.0,0.0,0.0,0.0,0.0,0.0,0.0,0.0,0.0,0.0,0.0,0.0,0.0,0.0,0.0,0.0,0.0,0.0,0.0,0.0,0.0,0.0,0.0,0.0,0.0,0.0,0.0,0.0,0.0,0.0,0.0,0.0,0.0,0.0,0.0,0.0,0.0,0.0,0.0,1365707.0,7462086.0,30527277.0,4758808.0,3979588.0,2803147.0,3982433.0,1984483.0,2584636.0,2203284.0,2289920.0,3403273.0,1152878.0,1123489.0,649380.0,705565.0,608380.0,473219.0,2285748.0,2837117.0,3000262.0,1868183.0,2074430.0,2688742.0,1025446.0,1800042.0,1494232.0,2452107.0,1111972.0,699416.0,496816.0,461549.0,96353615.0
화가 아빠 다시 살다,킹묵,포텐,0.0,0.0,0.0,0.0,0.0,0.0,0.0,0.0,0.0,0.0,0.0,0.0,0.0,0.0,0.0,0.0,0.0,0.0,0.0,0.0,0.0,0.0,0.0,0.0,0.0,0.0,0.0,0.0,0.0,0.0,0.0,0.0,0.0,0.0,0.0,0.0,0.0,0.0,0.0,0.0,0.0,0.0,0.0,0.0,0.0,0.0,0.0,0.0,0.0,0.0,0.0,0.0,0.0,0.0,0.0,0.0,0.0,0.0,0.0,0.0,0.0,0.0,2402.0,1226644.0,16594972.0,11977711.0,4496329.0,3823468.0,3680097.0,8430402.0,4011300.0,4244891.0,2086232.0,3172990.0,1035467.0,717490.0,1511002.0,2415621.0,4394097.0,1868334.0,1233581.0,617183.0,2288856.0,4038229.0,1170449.0,1133210.0,950815.0,709382.0,507058.0,326823.0,234042.0,405611.0,562280.0,211963.0,442245.0,217037.0,90738213.0
노가다 김씨 자동사냥으로 꿀 빱니다,쇼츠,포텐,0.0,0.0,0.0,0.0,0.0,0.0,0.0,0.0,0.0,0.0,0.0,0.0,0.0,0.0,0.0,0.0,0.0,0.0,0.0,0.0,0.0,0.0,0.0,0.0,0.0,0.0,0.0,0.0,0.0,0.0,0.0,0.0,0.0,0.0,0.0,0.0,0.0,0.0,0.0,0.0,0.0,0.0,0.0,0.0,0.0,0.0,0.0,0.0,0.0,0.0,0.0,0.0,0.0,0.0,0.0,0.0,0.0,0.0,0.0,0.0,0.0,0.0,0.0,0.0,0.0,0.0,0.0,0.0,0.0,0.0,0.0,0.0,0.0,0.0,0.0,0.0,0.0,0.0,0.0,0.0,0.0,0.0,3747253.0,4677499.0,3327581.0,7527308.0,6797412.0,5567290.0,8652376.0,12120707.0,15056992.0,6213158.0,6283484.0,6843872.0,6729427.0,4671542.0,98215901.0
법보다 주먹,백범,포텐,0.0,0.0,0.0,0.0,0.0,0.0,0.0,0.0,0.0,0.0,0.0,30000.0,4496100.0,10656100.0,2275440.0,1750560.0,1180750.0,743176.0,162540.0,30870.0,5810.0,8190.0,14490.0,7780.0,0.0,0.0,0.0,0.0,0.0,0.0,0.0,0.0,0.0,0.0,0.0,0.0,0.0,0.0,0.0,0.0,0.0,0.0,0.0,0.0,0.0,0.0,0.0,0.0,0.0,0.0,0.0,0.0,0.0,0.0,0.0,0.0,0.0,0.0,0.0,0.0,0.0,0.0,0.0,0.0,0.0,0.0,0.0,0.0,0.0,0.0,0.0,0.0,0.0,0.0,0.0,51.0,5337192.0,4521305.0,5713652.0,5444957.0,4615464.0,4078260.0,4425702.0,7128271.0,8428569.0,5606038.0,6088219.0,3684591.0,3182056.0,3085364.0,2893540.0,2507269.0,1939802.0,1735608.0,2519888.0,2473052.0,106770656.0
복수하는 김에 재벌도 되겠습니다,유재무,포텐,0.0,0.0,0.0,0.0,0.0,0.0,0.0,0.0,0.0,0.0,0.0,0.0,0.0,0.0,0.0,0.0,0.0,0.0,0.0,0.0,0.0,0.0,0.0,0.0,0.0,0.0,0.0,0.0,0.0,0.0,0.0,0.0,0.0,0.0,0.0,0.0,0.0,0.0,0.0,0.0,0.0,0.0,0.0,0.0,0.0,0.0,0.0,0.0,0.0,0.0,0.0,0.0,0.0,0.0,0.0,0.0,0.0,0.0,0.0,0.0,0.0,0.0,0.0,0.0,0.0,0.0,0.0,0.0,0.0,0.0,0.0,0.0,0.0,0.0,0.0,0.0,0.0,0.0,0.0,0.0,0.0,0.0,0.0,0.0,0.0,0.0,0.0,11739748.0,20434698.0,6384107.0,8695301.0,8163531.0,5312034.0,7892832.0,5735617.0,6380141.0,80738009.0
환생무적,눈매,포텐,0.0,0.0,0.0,0.0,0.0,0.0,0.0,0.0,0.0,0.0,0.0,0.0,0.0,0.0,0.0,0.0,0.0,0.0,0.0,0.0,0.0,0.0,0.0,0.0,0.0,0.0,0.0,0.0,0.0,0.0,0.0,0.0,0.0,0.0,0.0,0.0,8057198.0,4076905.0,1739334.0,1558479.0,1132561.0,3326414.0,5618704.0,2376134.0,1609164.0,1344856.0,4816628.0,3322677.0,5845282.0,2394516.0,2106417.0,2073153.0,1781226.0,2115816.0,2211307.0,1039181.0,1029418.0,695630.0,645653.0,931279.0,803559.0,1120780.0,1131810.0,499252.0,490915.0,262496.0,330559.0,454933.0,605834.0,346695.0,748237.0,725971.0,568692.0,462160.0,462899.0,444541.0,659289.0,361642.0,1393248.0,699551.0,339142.0,205009.0,220325.0,286890.0,330231.0,155590.0,344727.0,290343.0,303909.0,563215.0,239920.0,245819.0,368426.0,435529.0,254384.0,1244707.0,80249161.0
재벌가 첫째아들,하늘곰,포텐,0.0,0.0,0.0,0.0,0.0,0.0,0.0,0.0,0.0,0.0,0.0,0.0,0.0,0.0,0.0,0.0,0.0,0.0,0.0,0.0,0.0,0.0,0.0,0.0,0.0,0.0,0.0,0.0,0.0,0.0,0.0,0.0,0.0,0.0,0.0,0.0,0.0,0.0,0.0,0.0,0.0,0.0,0.0,0.0,0.0,0.0,0.0,0.0,0.0,0.0,996465.0,15439384.0,7077037.0,3140032.0,2013640.0,2396217.0,1407812.0,1340882.0,1282129.0,2268481.0,2582686.0,1409760.0,2071903.0,2179213.0,4459428.0,7375179.0,7044701.0,1374059.0,1018661.0,366719.0,450264.0,686218.0,624832.0,379586.0,491359.0,323008.0,276489.0,493103.0,519698.0,1151576.0,891527.0,562552.0,806613.0,428032.0,493930.0,415778.0,893656.0,461179.0,322992.0,386771.0,254850.0,283522.0,263064.0,465410.0,130468.0,280514.0,79981379.0
테니스 코트 위의 절대자,김군0619,포텐,0.0,0.0,0.0,0.0,0.0,0.0,0.0,0.0,0.0,0.0,0.0,0.0,0.0,0.0,0.0,0.0,0.0,0.0,0.0,0.0,0.0,0.0,0.0,0.0,0.0,0.0,0.0,0.0,0.0,0.0,0.0,0.0,0.0,0.0,0.0,0.0,0.0,0.0,0.0,0.0,0.0,0.0,0.0,0.0,0.0,0.0,0.0,0.0,0.0,0.0,0.0,0.0,0.0,0.0,0.0,0.0,0.0,0.0,0.0,0.0,0.0,0.0,0.0,0.0,0.0,0.0,0.0,0.0,2043035.0,6549886.0,5537048.0,6079791.0,6047768.0,5073509.0,4267509.0,4899146.0,3352695.0,4168476.0,3991735.0,4136059.0,3562151.0,4150381.0,2453867.0,2774735.0,1996214.0,1500429.0,1152651.0,927346.0,746836.0,736956.0,764611.0,575745.0,395878.0,572105.0,580687.0,468638.0,79505887.0
전장의 중기병으로 사는 법,글럼프,포텐,0.0,0.0,0.0,0.0,0.0,0.0,0.0,0.0,0.0,0.0,0.0,0.0,0.0,0.0,0.0,0.0,0.0,0.0,0.0,0.0,0.0,0.0,0.0,0.0,0.0,0.0,0.0,0.0,0.0,0.0,0.0,0.0,0.0,0.0,0.0,0.0,0.0,0.0,0.0,0.0,0.0,0.0,0.0,0.0,0.0,0.0,0.0,0.0,0.0,0.0,0.0,0.0,0.0,0.0,0.0,0.0,0.0,0.0,0.0,0.0,0.0,0.0,0.0,0.0,0.0,0.0,0.0,0.0,0.0,0.0,0.0,0.0,0.0,0.0,0.0,0.0,0.0,0.0,0.0,0.0,0.0,0.0,0.0,0.0,0.0,0.0,0.0,0.0,0.0,0.0,0.0,3087488.0,8747117.0,25721831.0,21870816.0,18887687.0,78314939.0
내 몬스터만 스탯,쩡킴,포텐,0.0,0.0,0.0,0.0,0.0,0.0,0.0,0.0,0.0,0.0,0.0,0.0,0.0,0.0,0.0,0.0,0.0,0.0,0.0,0.0,0.0,0.0,0.0,0.0,0.0,0.0,0.0,0.0,0.0,0.0,0.0,0.0,0.0,0.0,0.0,0.0,0.0,0.0,0.0,0.0,0.0,0.0,0.0,0.0,0.0,0.0,0.0,0.0,0.0,0.0,0.0,0.0,0.0,0.0,0.0,0.0,0.0,0.0,0.0,0.0,0.0,0.0,0.0,0.0,0.0,0.0,0.0,0.0,0.0,0.0,0.0,0.0,0.0,0.0,0.0,0.0,0.0,0.0,0.0,0.0,0.0,0.0,0.0,0.0,6845573.0,17710581.0,17741990.0,6538940.0,5726957.0,3471959.0,3183836.0,2527864.0,3609609.0,4292288.0,2733385.0,1447725.0,75830707.0
이혼 후 재벌 각성,백범,포텐,0.0,0.0,0.0,0.0,0.0,0.0,0.0,0.0,0.0,0.0,0.0,0.0,0.0,0.0,0.0,0.0,0.0,0.0,0.0,0.0,0.0,0.0,0.0,0.0,0.0,0.0,0.0,0.0,0.0,0.0,0.0,106470.0,103810.0,39410.0,872550.0,284060.0,127120.0,1368500.0,267330.0,870850.0,398580.0,186480.0,109780.0,147540.0,108900.0,109980.0,51630.0,94820.0,121610.0,8625156.0,21349522.0,7044754.0,2811098.0,2924061.0,4070167.0,4858084.0,2785877.0,1544451.0,4704988.0,3981483.0,2328462.0,1602703.0,1508832.0,1773815.0,1393002.0,1029213.0,1044054.0,1320228.0,1029571.0,1195169.0,767241.0,985259.0,1211851.0,1146064.0,903148.0,1251770.0,806870.0,1647450.0,797007.0,989186.0,1318303.0,3621424.0,1157106.0,1085171.0,1413712.0,1036175.0,1839455.0,1378197.0,807986.0,1095786.0,884428.0,820235.0,585364.0,794671.0,902815.0,648699.0,114189483.0
슈퍼스타 누구도 막을 수 없어,구라천재,포텐,0.0,0.0,0.0,0.0,0.0,17920.0,0.0,2271087.0,2649465.0,1951390.0,7023758.0,4061015.0,6671224.0,7943149.0,4769382.0,1806211.0,1098227.0,2809509.0,1230850.0,686933.0,2371665.0,1031870.0,1647216.0,678495.0,841362.0,993084.0,482724.0,716057.0,380091.0,592685.0,742832.0,338384.0,577326.0,1469624.0,364347.0,482422.0,146830.0,536541.0,154475.0,115126.0,78454.0,130308.0,74403.0,167290.0,226002.0,112782.0,150335.0,92445.0,190856.0,684838.0,407880.0,117337.0,326250.0,490419.0,214044.0,245609.0,165001.0,236542.0,195727.0,146883.0,139679.0,339202.0,84246.0,79459.0,110330.0,452475.0,681213.0,508377.0,285067.0,138172.0,136649.0,173037.0,84838.0,137266.0,116319.0,74681.0,115248.0,343630.0,90340.0,45213.0,90279.0,85757.0,47198.0,60706.0,1803932.0,411031.0,261799.0,278766.0,175656.0,267122.0,110235.0,89304.0,92146.0,103213.0,89368.0,132845.0,72341479.0
평화로운 먼치킨 영지,인기영,포텐,0.0,0.0,0.0,0.0,0.0,0.0,0.0,0.0,0.0,0.0,0.0,0.0,0.0,0.0,0.0,0.0,4195772.0,6307134.0,8792784.0,2841041.0,1352258.0,6027208.0,1483332.0,323108.0,262530.0,4831143.0,2085183.0,1507437.0,1305124.0,2100959.0,2653152.0,2351926.0,1190426.0,624077.0,931240.0,924193.0,1098168.0,714767.0,489980.0,558959.0,471691.0,342281.0,368063.0,511145.0,359556.0,577538.0,437451.0,460432.0,665317.0,379117.0,403567.0,409422.0,981421.0,515947.0,241770.0,219739.0,209499.0,268774.0,278968.0,190958.0,212645.0,199310.0,249164.0,485693.0,404145.0,136004.0,192280.0,227023.0,187247.0,143045.0,130537.0,149064.0,211381.0,125736.0,120262.0,114362.0,67627.0,120419.0,83223.0,55842.0,116691.0,144619.0,95654.0,455620.0,1071567.0,237597.0,144034.0,168266.0,95673.0,104794.0,108613.0,115855.0,44917.0,56518.0,106526.0,62892.0,69989402.0
검은 머리 미국 대재벌,백범,포텐,0.0,0.0,0.0,0.0,0.0,0.0,0.0,0.0,0.0,0.0,0.0,0.0,0.0,0.0,0.0,0.0,0.0,0.0,0.0,0.0,0.0,0.0,0.0,0.0,0.0,0.0,0.0,0.0,0.0,0.0,0.0,0.0,0.0,0.0,0.0,0.0,0.0,0.0,0.0,0.0,0.0,0.0,0.0,0.0,0.0,0.0,0.0,0.0,0.0,0.0,0.0,0.0,0.0,0.0,0.0,0.0,0.0,0.0,0.0,0.0,0.0,0.0,0.0,0.0,0.0,0.0,0.0,0.0,0.0,0.0,0.0,0.0,0.0,0.0,25109016.0,9662956.0,5520034.0,4030797.0,2515462.0,2900354.0,2277727.0,749507.0,686245.0,873568.0,1088215.0,835121.0,882083.0,465169.0,554607.0,403519.0,561762.0,450257.0,422050.0,456578.0,348433.0,366668.0,61160128.0
로그아웃이 너무 어렵다,이형석,포텐,0.0,0.0,0.0,0.0,0.0,0.0,0.0,0.0,0.0,0.0,0.0,0.0,0.0,0.0,0.0,0.0,0.0,0.0,0.0,0.0,0.0,0.0,0.0,0.0,0.0,0.0,0.0,0.0,0.0,0.0,0.0,0.0,0.0,0.0,0.0,0.0,0.0,0.0,0.0,0.0,0.0,0.0,0.0,0.0,0.0,0.0,0.0,0.0,0.0,0.0,0.0,0.0,0.0,0.0,0.0,0.0,0.0,0.0,0.0,0.0,0.0,0.0,0.0,0.0,0.0,0.0,0.0,0.0,0.0,0.0,0.0,0.0,0.0,614892.0,22493937.0,3581551.0,3402648.0,2948626.0,3002678.0,2860636.0,2736403.0,1937221.0,1527714.0,2154189.0,1966303.0,1461895.0,1725675.0,858227.0,1454346.0,910602.0,648504.0,803466.0,1009235.0,928110.0,757500.0,436694.0,60221052.0
코드네임 사신,준강,포텐,0.0,0.0,0.0,0.0,0.0,0.0,0.0,0.0,0.0,0.0,0.0,0.0,0.0,0.0,0.0,0.0,0.0,0.0,0.0,0.0,0.0,0.0,0.0,0.0,0.0,0.0,0.0,0.0,0.0,0.0,0.0,0.0,0.0,0.0,0.0,0.0,0.0,0.0,0.0,0.0,0.0,0.0,0.0,0.0,0.0,0.0,0.0,0.0,0.0,0.0,0.0,0.0,0.0,0.0,0.0,0.0,0.0,0.0,0.0,596863.0,589210.0,366007.0,1033336.0,5047409.0,1971508.0,1492305.0,1701465.0,1070192.0,950279.0,764295.0,837359.0,1333833.0,1197358.0,6630585.0,2807316.0,1163918.0,2405831.0,2684372.0,3780009.0,1748588.0,943714.0,1313363.0,1079287.0,1955745.0,1923429.0,1226117.0,1518826.0,1602956.0,849942.0,837975.0,486822.0,851310.0,1321510.0,890160.0,549795.0,748204.0,58271193.0
죽음으로부터 돌아온 자 카운트리더,지성문,포텐,0.0,0.0,0.0,0.0,0.0,0.0,0.0,0.0,0.0,0.0,0.0,0.0,0.0,0.0,0.0,0.0,0.0,0.0,0.0,0.0,0.0,0.0,0.0,0.0,0.0,0.0,0.0,0.0,0.0,0.0,0.0,0.0,0.0,342320.0,13017572.0,2616766.0,1753890.0,1363790.0,1043900.0,958300.0,7625599.0,996740.0,1599300.0,619960.0,5221000.0,1060880.0,527900.0,2069752.0,307000.0,2902397.0,2566960.0,1665210.0,1087720.0,154716.0,345019.0,155259.0,367777.0,78814.0,182157.0,152781.0,764493.0,898492.0,246456.0,311970.0,63759.0,47802.0,79498.0,101976.0,58951.0,45035.0,54367.0,211714.0,97509.0,74948.0,27491.0,31409.0,90032.0,189932.0,144722.0,164513.0,173139.0,135276.0,67198.0,225871.0,43185.0,99463.0,194158.0,318646.0,215646.0,339392.0,248924.0,345828.0,176678.0,72232.0,54020.0,38865.0,57237069.0
천년만에 귀환한 대마검사,자리,포텐,0.0,0.0,0.0,0.0,0.0,0.0,0.0,0.0,0.0,0.0,0.0,0.0,0.0,0.0,0.0,0.0,0.0,0.0,0.0,0.0,0.0,0.0,0.0,0.0,0.0,0.0,0.0,0.0,0.0,0.0,0.0,0.0,0.0,0.0,0.0,0.0,0.0,1048292.0,11890400.0,2577645.0,5118036.0,2253353.0,2460458.0,6012720.0,2006214.0,6482462.0,1715003.0,656285.0,644420.0,666323.0,559314.0,1900743.0,739256.0,509593.0,509669.0,954491.0,1236488.0,847271.0,502009.0,163637.0,86847.0,115904.0,105477.0,75026.0,179338.0,77412.0,94937.0,104877.0,77775.0,84826.0,651164.0,536569.0,143145.0,258143.0,163582.0,184247.0,130601.0,154599.0,189914.0,74934.0,155785.0,120370.0,4822.0,69321.0,149642.0,146927.0,161843.0,68532.0,120542.0,54464.0,70901.0,91463.0,60767.0,79628.0,40204.0,60974.0,56399584.0
대무사,철백,포텐,0.0,0.0,0.0,0.0,0.0,0.0,0.0,0.0,0.0,0.0,0.0,0.0,0.0,0.0,0.0,0.0,0.0,0.0,0.0,0.0,0.0,0.0,0.0,0.0,0.0,0.0,522040.0,1861433.0,1951260.0,1565895.0,1188068.0,2107544.0,1510183.0,867906.0,726449.0,4181181.0,1190006.0,413618.0,386099.0,323572.0,1038251.0,992111.0,1104151.0,1115827.0,524443.0,634648.0,254056.0,240736.0,660931.0,708533.0,276395.0,208022.0,153776.0,1152077.0,448215.0,180216.0,110894.0,235969.0,1152580.0,5241703.0,1957032.0,1347973.0,1237524.0,1862080.0,686673.0,464261.0,615935.0,243957.0,228153.0,216399.0,547434.0,386818.0,124225.0,103389.0,127029.0,277807.0,667155.0,871565.0,372742.0,107084.0,140270.0,183529.0,88438.0,120327.0,326816.0,1061821.0,2495767.0,614377.0,266196.0,200182.0,733426.0,916897.0,174086.0,181801.0,86895.0,247846.0,55512697.0
자본주의가 낳은 괴물 헌터,쌈마이,포텐,0.0,0.0,0.0,0.0,0.0,942557.0,2367236.0,3964187.0,6507520.0,5404479.0,8478021.0,4134520.0,2529662.0,1458981.0,4054355.0,831605.0,739296.0,1704534.0,1676224.0,575216.0,331462.0,1384238.0,758797.0,382977.0,372894.0,552857.0,295991.0,195170.0,170247.0,143024.0,115915.0,101124.0,327477.0,638580.0,593457.0,53383.0,75219.0,67956.0,120342.0,113941.0,88530.0,97993.0,78082.0,89171.0,205749.0,294399.0,126741.0,82083.0,161285.0,23297.0,100398.0,174466.0,62249.0,76768.0,44070.0,95472.0,305028.0,70139.0,56232.0,62456.0,27103.0,59452.0,129441.0,62761.0,62439.0,32199.0,31262.0,45016.0,85169.0,36720.0,23773.0,73428.0,35834.0,45238.0,34029.0,42261.0,41058.0,23175.0,11212.0,41370.0,29413.0,21220.0,56484.0,17828.0,22766.0,47181.0,15956.0,26814.0,54169.0,19478.0,22654.0,20173.0,33397.0,1170.0,56236.0,660.0,55846591.0
양과 늑대의 요람,어두운글,포텐,0.0,0.0,0.0,0.0,0.0,2499070.0,1193150.0,2264500.0,1421273.0,1918331.0,5276609.0,2736043.0,3420278.0,3589964.0,781344.0,660688.0,788474.0,670203.0,505563.0,528589.0,341530.0,783365.0,1318654.0,1665860.0,986966.0,606580.0,808404.0,501854.0,320303.0,282240.0,3190008.0,1328554.0,654696.0,347314.0,164971.0,163760.0,115612.0,184511.0,156800.0,473004.0,438655.0,203758.0,368459.0,323459.0,303517.0,348627.0,438340.0,343574.0,139112.0,198450.0,261056.0,231231.0,117468.0,101179.0,203037.0,485021.0,576259.0,448452.0,327202.0,348219.0,390418.0,425329.0,293635.0,269433.0,204366.0,226062.0,142568.0,173139.0,270946.0,197359.0,241401.0,130131.0,173969.0,112480.0,53503.0,101954.0,55144.0,255464.0,79804.0,126030.0,137325.0,71428.0,77632.0,414621.0,479147.0,153075.0,228913.0,149753.0,138150.0,118616.0,285313.0,94818.0,79905.0,79429.0,100756.0,218993.0,55605149.0
곤륜신기,송재일,포텐,0.0,0.0,0.0,0.0,0.0,0.0,0.0,0.0,0.0,0.0,0.0,0.0,0.0,0.0,0.0,0.0,0.0,0.0,0.0,0.0,0.0,0.0,0.0,0.0,0.0,0.0,0.0,0.0,0.0,0.0,0.0,0.0,0.0,0.0,0.0,0.0,0.0,0.0,0.0,0.0,0.0,0.0,0.0,0.0,0.0,0.0,0.0,0.0,0.0,0.0,0.0,0.0,0.0,0.0,0.0,0.0,0.0,0.0,0.0,0.0,0.0,0.0,0.0,0.0,0.0,0.0,0.0,0.0,86048.0,7326282.0,4056283.0,2505162.0,2633412.0,2593840.0,2337696.0,1938354.0,3265579.0,1924514.0,2235182.0,2033978.0,2398556.0,1646210.0,1622520.0,1448144.0,2041327.0,1303781.0,1714789.0,1556884.0,899299.0,885262.0,589423.0,873316.0,877350.0,549258.0,724598.0,585728.0,52652775.0
김 대리는 벼락부자,글고래,포텐,0.0,0.0,0.0,0.0,0.0,0.0,0.0,0.0,0.0,0.0,0.0,0.0,0.0,0.0,0.0,0.0,0.0,0.0,0.0,0.0,0.0,0.0,0.0,0.0,0.0,0.0,0.0,0.0,0.0,0.0,0.0,0.0,0.0,0.0,0.0,0.0,0.0,0.0,0.0,0.0,0.0,0.0,0.0,0.0,0.0,0.0,0.0,0.0,0.0,0.0,0.0,0.0,0.0,0.0,0.0,0.0,0.0,0.0,0.0,0.0,0.0,0.0,0.0,0.0,0.0,0.0,0.0,0.0,0.0,0.0,0.0,0.0,0.0,0.0,0.0,0.0,0.0,0.0,813615.0,37022758.0,3755325.0,805195.0,483621.0,359245.0,1663466.0,869901.0,609474.0,684378.0,749178.0,542412.0,490705.0,537750.0,489392.0,488369.0,425055.0,352381.0,51142220.0
돌아온 요리고 고인물,빨간코트,포텐,0.0,0.0,0.0,0.0,0.0,0.0,0.0,0.0,0.0,0.0,0.0,0.0,0.0,0.0,0.0,0.0,0.0,0.0,0.0,0.0,0.0,0.0,0.0,0.0,0.0,0.0,0.0,0.0,738806.0,1084143.0,2507674.0,2207229.0,2061342.0,2257303.0,1764706.0,2337863.0,2902167.0,3723387.0,2212573.0,2196479.0,2001242.0,1824190.0,1471289.0,1462603.0,1221297.0,1051811.0,731940.0,2200383.0,1140807.0,1041331.0,315395.0,596180.0,113260.0,100888.0,93531.0,352683.0,923653.0,347203.0,193795.0,473797.0,197124.0,197902.0,447200.0,953740.0,91836.0,58168.0,841618.0,51941.0,71557.0,79716.0,14590.0,152398.0,163984.0,5631.0,5988.0,2584.0,121477.0,17989.0,34077.0,29433.0,42059.0,52819.0,63870.0,48600.0,63653.0,98360.0,36719.0,190033.0,592364.0,472760.0,154775.0,131449.0,45641.0,73396.0,96144.0,16881.0,49369426.0
재벌이 회귀했는데 뭔들 못하겠어,백범,포텐,0.0,0.0,0.0,0.0,0.0,0.0,0.0,0.0,0.0,0.0,0.0,0.0,0.0,0.0,0.0,0.0,0.0,0.0,0.0,0.0,0.0,0.0,0.0,0.0,0.0,0.0,0.0,0.0,0.0,0.0,0.0,0.0,0.0,0.0,0.0,0.0,0.0,0.0,0.0,0.0,0.0,0.0,0.0,0.0,0.0,0.0,0.0,0.0,0.0,0.0,0.0,0.0,0.0,0.0,0.0,0.0,0.0,0.0,0.0,0.0,0.0,0.0,0.0,0.0,0.0,3555866.0,4860029.0,4721329.0,4722627.0,3711622.0,4791001.0,5267355.0,2020332.0,1183770.0,1449767.0,1244934.0,845707.0,874777.0,543641.0,640303.0,876979.0,743683.0,611077.0,626831.0,761329.0,650285.0,823497.0,719725.0,430110.0,382715.0,309658.0,268130.0,270201.0,352847.0,289926.0,318279.0,48868332.0
대한민국 절대 재벌,백범,포텐,0.0,0.0,0.0,0.0,0.0,0.0,0.0,0.0,0.0,0.0,0.0,0.0,0.0,0.0,0.0,0.0,0.0,0.0,0.0,0.0,0.0,0.0,0.0,0.0,0.0,0.0,0.0,0.0,0.0,0.0,0.0,0.0,0.0,0.0,1157100.0,1530060.0,961800.0,1296330.0,1293740.0,2222576.0,3678129.0,8381365.0,3644285.0,2754106.0,1980342.0,4689085.0,5555575.0,1398931.0,1546974.0,1936335.0,1355008.0,910305.0,990888.0,728581.0,480834.0,746725.0,589648.0,805349.0,712169.0,646548.0,693259.0,537664.0,634172.0,497367.0,370750.0,696872.0,202494.0,330208.0,384899.0,391615.0,424184.0,764390.0,911533.0,773164.0,718103.0,429743.0,790239.0,805927.0,486338.0,476083.0,2933103.0,1468254.0,536539.0,1027338.0,1172263.0,1045980.0,1858527.0,666764.0,493276.0,426502.0,388270.0,451018.0,327660.0,438056.0,439717.0,324669.0,77309728.0
매지컬 써전,백범,포텐,0.0,0.0,0.0,0.0,0.0,0.0,0.0,0.0,0.0,0.0,24000.0,3402000.0,2646600.0,852000.0,296800.0,168000.0,5100.0,311600.0,50400.0,14000.0,54600.0,0.0,29400.0,8400.0,0.0,0.0,0.0,0.0,0.0,0.0,249452.0,363447.0,203529.0,3336990.0,629481.0,529753.0,931217.0,2865620.0,1954442.0,5903942.0,1515537.0,4967674.0,1740882.0,1298903.0,1407260.0,2111298.0,1309847.0,574389.0,690870.0,616652.0,730616.0,1572442.0,616032.0,348846.0,774108.0,725840.0,611835.0,347300.0,551994.0,511652.0,681162.0,665108.0,401469.0,346514.0,771946.0,408150.0,323559.0,274369.0,180437.0,146878.0,248207.0,179587.0,84938.0,186845.0,144039.0,118584.0,26432.0,162090.0,56979.0,117311.0,3133119.0,3390456.0,926377.0,407481.0,416087.0,320900.0,697042.0,370424.0,267805.0,443868.0,469853.0,676123.0,316681.0,254376.0,174379.0,332200.0,65976525.0
귀환한 절대자는 역대급 헌터,김현각,포텐,0.0,0.0,0.0,0.0,0.0,0.0,0.0,0.0,0.0,0.0,0.0,0.0,0.0,0.0,0.0,0.0,0.0,0.0,0.0,0.0,0.0,0.0,0.0,0.0,0.0,0.0,0.0,0.0,0.0,0.0,0.0,0.0,0.0,0.0,539840.0,1762530.0,507290.0,1155891.0,3801226.0,2335721.0,1232444.0,1515815.0,1348039.0,716136.0,1016089.0,727213.0,507702.0,641993.0,504185.0,700866.0,591511.0,408242.0,302504.0,453314.0,337700.0,3312741.0,2871755.0,1259531.0,1071409.0,802328.0,938200.0,924086.0,329017.0,265532.0,311394.0,492168.0,444417.0,670888.0,492078.0,307129.0,402011.0,362132.0,387950.0,401774.0,355317.0,519097.0,361684.0,248879.0,253682.0,204440.0,221342.0,230268.0,259518.0,3554633.0,1241747.0,431812.0,410787.0,315480.0,318731.0,546086.0,227260.0,138065.0,166202.0,201843.0,158763.0,149136.0,47667563.0
경찰청 그 꼴통,백범,포텐,0.0,0.0,0.0,0.0,0.0,0.0,0.0,0.0,0.0,0.0,0.0,0.0,0.0,0.0,0.0,0.0,0.0,0.0,0.0,0.0,0.0,0.0,0.0,0.0,0.0,0.0,0.0,0.0,0.0,0.0,0.0,0.0,0.0,0.0,0.0,0.0,0.0,0.0,0.0,0.0,441098.0,12053495.0,6713829.0,3725713.0,1983021.0,3495096.0,1681520.0,2090770.0,1090767.0,2136770.0,1858644.0,2953110.0,1202880.0,295408.0,772335.0,241576.0,1297762.0,1877211.0,833268.0,592867.0,259684.0,274167.0,202658.0,313169.0,186545.0,183750.0,141187.0,275940.0,443967.0,438394.0,575978.0,555769.0,633606.0,658249.0,546100.0,438052.0,401343.0,473246.0,310858.0,392526.0,508598.0,347988.0,294747.0,285703.0,392095.0,394298.0,336197.0,242213.0,219933.0,232093.0,233694.0,270811.0,225932.0,230591.0,189150.0,211080.0,59657451.0
회귀해서 천재 PD,조도모,포텐,0.0,0.0,0.0,0.0,0.0,0.0,0.0,0.0,0.0,0.0,0.0,0.0,0.0,0.0,0.0,0.0,0.0,0.0,0.0,0.0,0.0,0.0,0.0,0.0,0.0,0.0,0.0,0.0,0.0,0.0,0.0,0.0,0.0,0.0,0.0,0.0,0.0,0.0,0.0,0.0,0.0,0.0,0.0,0.0,0.0,0.0,0.0,0.0,0.0,0.0,0.0,0.0,0.0,0.0,0.0,0.0,0.0,0.0,0.0,0.0,0.0,0.0,0.0,0.0,0.0,0.0,0.0,0.0,0.0,0.0,0.0,0.0,0.0,0.0,0.0,0.0,0.0,466413.0,10786221.0,2460196.0,2582043.0,2010383.0,1459864.0,2904766.0,2143370.0,2028899.0,1252507.0,1347707.0,1012187.0,806907.0,1336396.0,1717086.0,1489172.0,4106692.0,937832.0,654137.0,41502778.0
기사학교의 검술천재,비비다,포텐,0.0,0.0,0.0,0.0,0.0,0.0,0.0,0.0,0.0,0.0,0.0,0.0,0.0,0.0,0.0,0.0,0.0,0.0,0.0,0.0,0.0,0.0,0.0,0.0,0.0,0.0,0.0,0.0,0.0,0.0,0.0,0.0,0.0,0.0,0.0,0.0,0.0,168266.0,10783425.0,2065347.0,3763270.0,2740060.0,2336908.0,4568854.0,2361278.0,2620058.0,499562.0,308609.0,1030918.0,336014.0,593390.0,1053609.0,404117.0,207330.0,296927.0,199010.0,865945.0,393133.0,93755.0,195578.0,587689.0,385935.0,224078.0,63632.0,115499.0,78437.0,104860.0,87096.0,12299.0,102354.0,183231.0,86699.0,123917.0,55557.0,105992.0,76956.0,69722.0,52165.0,27632.0,32531.0,38973.0,1001.0,5667.0,13981.0,7910.0,49205.0,37526.0,13598.0,26106.0,3165.0,33833.0,74489.0,37739.0,38503.0,21273.0,31892.0,40896505.0
천하무적대총관 천신우,대나무꽃,포텐,0.0,0.0,0.0,0.0,0.0,0.0,0.0,0.0,0.0,0.0,0.0,0.0,0.0,0.0,0.0,0.0,0.0,0.0,0.0,0.0,0.0,0.0,0.0,0.0,0.0,0.0,0.0,0.0,0.0,0.0,0.0,0.0,0.0,0.0,0.0,0.0,0.0,0.0,0.0,0.0,0.0,0.0,0.0,0.0,0.0,0.0,0.0,0.0,0.0,0.0,0.0,0.0,0.0,0.0,0.0,0.0,0.0,0.0,0.0,0.0,0.0,0.0,0.0,0.0,0.0,0.0,0.0,0.0,0.0,0.0,0.0,0.0,0.0,0.0,0.0,0.0,0.0,0.0,0.0,0.0,231912.0,7611414.0,1581019.0,3999867.0,2183102.0,1037402.0,1143664.0,1056436.0,1023240.0,923006.0,959624.0,2159505.0,1290222.0,5797205.0,4457220.0,4248352.0,39703190.0
조선혁명군주,Lucubro,포텐,0.0,0.0,0.0,0.0,0.0,0.0,0.0,0.0,0.0,498645.0,748440.0,3160381.0,2187024.0,4379996.0,4918087.0,2129294.0,859018.0,1413510.0,1304244.0,775465.0,1059827.0,721645.0,650653.0,903994.0,457800.0,547532.0,728788.0,543818.0,562491.0,330287.0,467193.0,332767.0,305260.0,571027.0,224045.0,148689.0,285309.0,362210.0,276486.0,270666.0,182515.0,191175.0,160152.0,193712.0,216798.0,130149.0,164451.0,131169.0,127655.0,195147.0,118631.0,216697.0,85234.0,113123.0,88862.0,142888.0,221145.0,133422.0,76492.0,38042.0,177683.0,98172.0,104356.0,103636.0,214288.0,79097.0,77488.0,88604.0,60197.0,98422.0,64309.0,95749.0,110074.0,105130.0,16874.0,59702.0,93706.0,142021.0,69550.0,76100.0,122404.0,127630.0,65641.0,42958.0,57025.0,35177.0,60293.0,73210.0,81097.0,82133.0,70840.0,36912.0,57417.0,92071.0,44126.0,75950.0,38112092.0
천재 배우 이름을 얻다,킹묵,포텐,0.0,0.0,0.0,0.0,0.0,0.0,0.0,0.0,0.0,0.0,0.0,0.0,0.0,0.0,0.0,0.0,0.0,0.0,0.0,0.0,0.0,0.0,0.0,0.0,0.0,0.0,0.0,0.0,0.0,0.0,0.0,0.0,0.0,0.0,0.0,0.0,0.0,0.0,0.0,0.0,0.0,0.0,0.0,0.0,0.0,0.0,0.0,0.0,0.0,0.0,0.0,0.0,0.0,0.0,0.0,0.0,0.0,0.0,0.0,0.0,0.0,0.0,0.0,0.0,0.0,0.0,0.0,0.0,0.0,0.0,0.0,0.0,0.0,0.0,0.0,0.0,0.0,0.0,0.0,0.0,0.0,0.0,4436.0,15541.0,19596104.0,2076466.0,1981044.0,2039594.0,1677845.0,1554989.0,1000613.0,2096389.0,930042.0,2816356.0,662969.0,1652395.0,38104783.0
회귀한 아포칼립스의 폭군,이형석,포텐,0.0,0.0,0.0,0.0,0.0,0.0,0.0,0.0,0.0,0.0,0.0,0.0,0.0,0.0,0.0,0.0,0.0,0.0,0.0,0.0,0.0,0.0,0.0,0.0,0.0,0.0,0.0,0.0,0.0,0.0,0.0,0.0,0.0,0.0,0.0,0.0,0.0,0.0,0.0,0.0,0.0,0.0,0.0,0.0,0.0,0.0,0.0,0.0,0.0,315140.0,11325039.0,1179902.0,632758.0,1560040.0,1009363.0,823773.0,430398.0,1208042.0,588574.0,998292.0,427780.0,184718.0,157057.0,76398.0,134539.0,399252.0,228372.0,510064.0,347528.0,3635078.0,1905244.0,832039.0,805980.0,592919.0,855374.0,524947.0,419156.0,332117.0,216977.0,179515.0,114392.0,225512.0,113537.0,138864.0,942885.0,265753.0,152312.0,335682.0,184463.0,61075.0,1195368.0,255319.0,131521.0,147955.0,160895.0,111733.0,37373641.0
망한 양식장을 물려받았다,하늘곰,포텐,0.0,0.0,0.0,0.0,0.0,0.0,0.0,0.0,0.0,0.0,0.0,0.0,0.0,0.0,0.0,0.0,0.0,0.0,0.0,0.0,0.0,0.0,0.0,0.0,0.0,0.0,0.0,0.0,0.0,0.0,0.0,0.0,0.0,0.0,0.0,0.0,0.0,0.0,0.0,0.0,0.0,0.0,0.0,0.0,0.0,0.0,0.0,0.0,0.0,0.0,0.0,0.0,0.0,0.0,0.0,0.0,0.0,0.0,0.0,0.0,0.0,0.0,0.0,0.0,0.0,0.0,0.0,0.0,0.0,0.0,0.0,0.0,0.0,0.0,0.0,0.0,0.0,0.0,0.0,0.0,0.0,0.0,0.0,0.0,0.0,0.0,0.0,5363152.0,4778135.0,7272435.0,5046411.0,5218977.0,2490266.0,2703475.0,2984090.0,1292222.0,37149163.0
인간 자체가 강함,박신우,포텐,0.0,0.0,0.0,0.0,0.0,0.0,0.0,0.0,0.0,0.0,0.0,0.0,0.0,0.0,0.0,0.0,0.0,0.0,0.0,0.0,0.0,0.0,0.0,0.0,0.0,0.0,0.0,0.0,0.0,0.0,0.0,0.0,0.0,0.0,597854.0,1160208.0,1532464.0,3775825.0,9606765.0,3678754.0,2124866.0,2905051.0,2533635.0,1094165.0,691192.0,715900.0,94173.0,180709.0,206191.0,139489.0,229543.0,198172.0,553566.0,457055.0,378998.0,135728.0,184380.0,255131.0,497826.0,525801.0,193025.0,114767.0,107178.0,60282.0,41483.0,104568.0,241166.0,246930.0,143627.0,110647.0,81804.0,67807.0,90834.0,38761.0,19511.0,61230.0,28401.0,14212.0,26937.0,112161.0,12556.0,9675.0,39183.0,13242.0,47456.0,77104.0,102078.0,63290.0,145451.0,86197.0,49796.0,12139.0,1387.0,-7422.0,5331.0,2679.0,37018914.0
회귀 후 몰빵투자로 재벌 되기,와이번스,포텐,0.0,0.0,0.0,0.0,0.0,0.0,0.0,0.0,0.0,0.0,0.0,0.0,0.0,0.0,0.0,0.0,0.0,0.0,0.0,0.0,0.0,0.0,0.0,0.0,0.0,0.0,0.0,0.0,0.0,0.0,0.0,0.0,0.0,0.0,0.0,0.0,0.0,0.0,0.0,0.0,0.0,0.0,0.0,0.0,0.0,0.0,0.0,0.0,0.0,0.0,0.0,0.0,0.0,0.0,0.0,0.0,0.0,0.0,0.0,0.0,0.0,0.0,0.0,0.0,0.0,0.0,0.0,0.0,0.0,0.0,0.0,0.0,0.0,0.0,0.0,0.0,0.0,0.0,0.0,0.0,0.0,0.0,0.0,2291677.0,5131951.0,4642243.0,4114500.0,4068819.0,3428038.0,3095255.0,2469732.0,1519907.0,2037810.0,603015.0,462301.0,2527854.0,36393102.0
서클 소드마스터,강철민,포텐,0.0,0.0,0.0,0.0,0.0,0.0,0.0,0.0,0.0,0.0,0.0,0.0,0.0,0.0,0.0,0.0,0.0,0.0,0.0,0.0,0.0,0.0,0.0,0.0,0.0,0.0,0.0,0.0,0.0,0.0,0.0,0.0,0.0,0.0,0.0,0.0,0.0,0.0,0.0,0.0,0.0,0.0,0.0,0.0,0.0,0.0,0.0,0.0,0.0,0.0,0.0,0.0,0.0,0.0,0.0,0.0,0.0,0.0,0.0,0.0,0.0,0.0,0.0,0.0,0.0,0.0,0.0,0.0,0.0,0.0,0.0,0.0,0.0,0.0,0.0,0.0,0.0,0.0,0.0,0.0,0.0,0.0,0.0,0.0,1841578.0,1879964.0,5832745.0,3472358.0,4394214.0,3955118.0,6556476.0,2641310.0,1135598.0,2573070.0,3966770.0,3585159.0,41834360.0
역적조련사 조선을 바꾸다,Lucubro,포텐,0.0,0.0,0.0,0.0,0.0,0.0,0.0,0.0,0.0,0.0,0.0,0.0,0.0,0.0,0.0,0.0,0.0,0.0,0.0,761901.0,1332632.0,2676792.0,2000578.0,3946846.0,4505200.0,2737254.0,1223717.0,2853092.0,627618.0,645009.0,451617.0,321711.0,771321.0,271834.0,214443.0,266420.0,443800.0,156731.0,255371.0,213882.0,180833.0,253625.0,235445.0,246562.0,147368.0,105010.0,43516.0,98876.0,188663.0,49200.0,368527.0,244093.0,101850.0,60277.0,116705.0,260656.0,280033.0,137952.0,140372.0,166482.0,160860.0,228711.0,322365.0,114184.0,122664.0,157955.0,154011.0,87240.0,112765.0,99961.0,30375.0,45517.0,28791.0,41075.0,22931.0,30356.0,87881.0,71594.0,46973.0,52897.0,25496.0,38957.0,14314.0,52320.0,21577.0,25909.0,86847.0,29131.0,39859.0,87088.0,47091.0,72378.0,40539.0,10611.0,42456.0,35120.0,32792613.0
깡촌 마을 키워서 힐링한다,인기영,포텐,0.0,0.0,0.0,0.0,0.0,0.0,0.0,0.0,0.0,0.0,0.0,0.0,0.0,0.0,0.0,0.0,0.0,0.0,0.0,0.0,0.0,0.0,0.0,0.0,0.0,0.0,0.0,0.0,0.0,0.0,0.0,0.0,0.0,0.0,0.0,0.0,0.0,0.0,0.0,0.0,0.0,0.0,0.0,0.0,0.0,0.0,0.0,0.0,0.0,0.0,0.0,0.0,0.0,0.0,0.0,0.0,0.0,0.0,0.0,0.0,0.0,0.0,0.0,0.0,0.0,0.0,0.0,0.0,0.0,0.0,0.0,0.0,0.0,0.0,0.0,0.0,0.0,0.0,614997.0,988997.0,11392901.0,4946064.0,2289908.0,1322302.0,847150.0,603560.0,1739260.0,706337.0,820488.0,980141.0,1762618.0,2231513.0,1924612.0,704131.0,800434.0,423178.0,35098591.0
연봉조 신입사원,서오,포텐,0.0,0.0,0.0,0.0,0.0,0.0,0.0,0.0,0.0,0.0,0.0,0.0,0.0,0.0,0.0,0.0,0.0,0.0,0.0,0.0,0.0,0.0,0.0,0.0,0.0,0.0,0.0,0.0,0.0,0.0,0.0,0.0,0.0,0.0,0.0,0.0,0.0,0.0,0.0,0.0,0.0,0.0,0.0,0.0,0.0,0.0,0.0,0.0,0.0,0.0,0.0,0.0,0.0,0.0,0.0,0.0,0.0,0.0,0.0,0.0,0.0,0.0,0.0,0.0,0.0,0.0,0.0,0.0,0.0,0.0,0.0,0.0,0.0,0.0,0.0,0.0,0.0,0.0,0.0,0.0,0.0,0.0,0.0,0.0,0.0,0.0,0.0,0.0,0.0,0.0,0.0,0.0,0.0,0.0,11436210.0,20703002.0,32139212.0
재벌세는 행복하고 싶다,신랑,포텐,0.0,0.0,0.0,0.0,0.0,0.0,0.0,0.0,0.0,0.0,0.0,0.0,0.0,0.0,0.0,0.0,0.0,0.0,0.0,0.0,0.0,0.0,0.0,0.0,0.0,0.0,0.0,0.0,0.0,0.0,0.0,0.0,0.0,0.0,0.0,0.0,0.0,0.0,0.0,0.0,0.0,0.0,0.0,0.0,0.0,0.0,0.0,0.0,0.0,0.0,0.0,0.0,0.0,0.0,0.0,0.0,0.0,0.0,0.0,0.0,0.0,0.0,0.0,0.0,0.0,0.0,0.0,0.0,0.0,0.0,0.0,0.0,0.0,0.0,0.0,0.0,0.0,0.0,0.0,0.0,0.0,0.0,1225300.0,14383128.0,2410797.0,1994504.0,1433438.0,1016305.0,1077416.0,1433595.0,803550.0,848370.0,457855.0,557331.0,536190.0,425097.0,28602876.0
이 요리사는 계속 회귀합니다,인기영,포텐,0.0,0.0,0.0,0.0,0.0,0.0,0.0,0.0,0.0,0.0,0.0,0.0,0.0,0.0,0.0,0.0,0.0,0.0,0.0,0.0,0.0,0.0,0.0,0.0,0.0,0.0,0.0,0.0,0.0,0.0,0.0,0.0,0.0,0.0,0.0,0.0,0.0,0.0,0.0,0.0,0.0,0.0,0.0,0.0,0.0,0.0,0.0,0.0,0.0,0.0,0.0,446517.0,10457198.0,2063484.0,2392592.0,1088435.0,781368.0,1686780.0,527735.0,270624.0,530186.0,189353.0,490725.0,283131.0,552390.0,136587.0,744563.0,861118.0,677809.0,132160.0,409807.0,149183.0,755462.0,238223.0,191399.0,79982.0,107424.0,201269.0,79022.0,36260.0,234258.0,170161.0,113638.0,152625.0,84785.0,100608.0,126730.0,34692.0,42465.0,67833.0,106542.0,116717.0,135935.0,39088.0,43935.0,30368.0,28161166.0
SSS급 천재,북홀릭,포텐,0.0,0.0,3676660.0,1434884.0,1852252.0,956953.0,1331962.0,1572853.0,1282184.0,1227515.0,465913.0,318202.0,355878.0,346404.0,304967.0,227568.0,294315.0,480610.0,293600.0,290736.0,169699.0,153486.0,90497.0,134406.0,409390.0,110916.0,133140.0,115328.0,48143.0,108433.0,129232.0,103816.0,320737.0,441837.0,118500.0,200086.0,258813.0,166374.0,156931.0,243837.0,383053.0,253649.0,735655.0,163297.0,163359.0,145597.0,129944.0,142601.0,205654.0,134231.0,110290.0,123403.0,136662.0,174138.0,138402.0,142785.0,98679.0,88630.0,160567.0,129922.0,84428.0,118131.0,132930.0,100606.0,79107.0,136246.0,220226.0,214743.0,146727.0,74113.0,97545.0,62024.0,66478.0,116646.0,74309.0,76727.0,66648.0,69741.0,55132.0,87688.0,53460.0,48823.0,66652.0,61661.0,28708.0,61770.0,75476.0,22556.0,87298.0,81839.0,64992.0,67742.0,27413.0,52205.0,31616.0,29806.0,27029787.0
불사검마,소구장,포텐,0.0,0.0,0.0,0.0,0.0,0.0,0.0,0.0,0.0,0.0,0.0,0.0,0.0,0.0,0.0,0.0,0.0,0.0,0.0,0.0,0.0,0.0,0.0,0.0,0.0,0.0,0.0,0.0,0.0,0.0,0.0,0.0,0.0,0.0,0.0,0.0,0.0,0.0,0.0,0.0,0.0,0.0,0.0,0.0,0.0,0.0,0.0,0.0,0.0,0.0,0.0,0.0,0.0,0.0,0.0,0.0,0.0,0.0,0.0,0.0,0.0,0.0,0.0,0.0,0.0,0.0,0.0,0.0,0.0,0.0,0.0,0.0,0.0,0.0,0.0,0.0,0.0,0.0,0.0,0.0,0.0,76157.0,5688258.0,2530329.0,2192712.0,1431183.0,1568692.0,1522174.0,1640312.0,1616420.0,1478354.0,2125257.0,1119978.0,942567.0,1101096.0,782036.0,25815525.0
아이돌 공략법으로 데뷔합니다,당근맛쿠키,포텐,0.0,0.0,0.0,0.0,0.0,0.0,0.0,0.0,0.0,0.0,0.0,0.0,0.0,0.0,0.0,0.0,0.0,0.0,0.0,0.0,0.0,0.0,0.0,0.0,0.0,0.0,0.0,0.0,0.0,0.0,0.0,0.0,0.0,0.0,0.0,0.0,0.0,0.0,0.0,0.0,0.0,0.0,0.0,0.0,0.0,0.0,0.0,0.0,0.0,0.0,0.0,0.0,0.0,0.0,0.0,0.0,0.0,0.0,0.0,0.0,0.0,0.0,0.0,0.0,0.0,0.0,0.0,0.0,0.0,0.0,0.0,0.0,0.0,0.0,0.0,0.0,2828.0,10772.0,749351.0,874623.0,10924785.0,1524787.0,863573.0,841741.0,615711.0,795835.0,994886.0,711150.0,548577.0,557169.0,806216.0,721652.0,1728600.0,831101.0,815962.0,727389.0,25646708.0
미제사건 전담팀,인디고,포텐,0.0,0.0,0.0,0.0,0.0,0.0,0.0,0.0,0.0,0.0,0.0,0.0,0.0,0.0,0.0,0.0,0.0,0.0,0.0,0.0,0.0,0.0,0.0,0.0,0.0,0.0,0.0,0.0,0.0,0.0,0.0,0.0,0.0,0.0,0.0,0.0,0.0,0.0,0.0,0.0,0.0,0.0,0.0,0.0,0.0,0.0,0.0,0.0,0.0,0.0,0.0,0.0,0.0,0.0,0.0,0.0,0.0,0.0,0.0,0.0,0.0,0.0,0.0,146594.0,726156.0,3914549.0,1498674.0,958242.0,1083052.0,679816.0,626618.0,537723.0,754317.0,484715.0,434109.0,679675.0,579701.0,612513.0,417145.0,491927.0,648876.0,601265.0,627907.0,706103.0,584176.0,506998.0,318058.0,1638583.0,522327.0,723846.0,435461.0,509678.0,1447934.0,633699.0,326720.0,315545.0,25172702.0
전직 랭커는 템빨로 레벨 업,갈드,포텐,0.0,0.0,0.0,0.0,0.0,0.0,0.0,0.0,0.0,0.0,0.0,0.0,0.0,0.0,0.0,0.0,0.0,0.0,0.0,0.0,0.0,0.0,0.0,0.0,0.0,0.0,0.0,0.0,0.0,0.0,0.0,0.0,0.0,0.0,0.0,0.0,0.0,0.0,0.0,0.0,0.0,0.0,0.0,100940.0,8382277.0,1495452.0,1335257.0,1562291.0,320457.0,1571641.0,206316.0,161397.0,57700.0,48540.0,637730.0,2358176.0,464185.0,247745.0,255168.0,112498.0,524539.0,251935.0,171012.0,189602.0,236850.0,66933.0,95882.0,56657.0,114041.0,71376.0,22335.0,33301.0,20016.0,104599.0,42528.0,31472.0,56587.0,35498.0,30686.0,53881.0,111728.0,301523.0,93030.0,100830.0,24621.0,57773.0,273384.0,251080.0,90986.0,77113.0,60268.0,109723.0,35594.0,61753.0,69260.0,17003.0,23263169.0
나는 재벌이다,박재학,포텐,0.0,0.0,0.0,0.0,0.0,0.0,0.0,0.0,0.0,0.0,0.0,0.0,0.0,0.0,0.0,0.0,0.0,0.0,0.0,0.0,0.0,0.0,0.0,0.0,0.0,0.0,0.0,2006850.0,1053860.0,363360.0,1509926.0,1056168.0,827169.0,2331340.0,698934.0,464566.0,210499.0,196177.0,195504.0,212306.0,342301.0,221450.0,165328.0,156863.0,199268.0,154601.0,138443.0,91443.0,38633.0,184524.0,713678.0,166664.0,398977.0,94276.0,123170.0,202107.0,119703.0,201805.0,109539.0,75314.0,689648.0,604726.0,619396.0,282921.0,348344.0,482442.0,91889.0,164984.0,70951.0,226086.0,202361.0,77829.0,37923.0,87247.0,135328.0,136326.0,97948.0,84556.0,123048.0,80530.0,902999.0,134516.0,185275.0,171939.0,348612.0,337077.0,230235.0,151760.0,50503.0,82799.0,73233.0,57686.0,69808.0,95864.0,194693.0,59192.0,22815420.0
게임 속 빌런의 여동생이 되었다,열살,포텐,0.0,0.0,0.0,0.0,0.0,0.0,0.0,0.0,0.0,0.0,0.0,0.0,0.0,0.0,0.0,0.0,0.0,0.0,0.0,0.0,0.0,0.0,0.0,0.0,0.0,0.0,0.0,0.0,0.0,0.0,0.0,0.0,0.0,0.0,0.0,0.0,0.0,0.0,0.0,0.0,0.0,0.0,0.0,0.0,0.0,0.0,1248049.0,1582771.0,1216067.0,857357.0,307048.0,298969.0,2229485.0,2160394.0,1420287.0,1421595.0,771803.0,606813.0,724222.0,767435.0,432248.0,251232.0,369336.0,291368.0,1155697.0,441787.0,528568.0,93010.0,111640.0,120880.0,99430.0,63223.0,89617.0,146103.0,61496.0,42116.0,180112.0,129315.0,78383.0,55944.0,291677.0,143616.0,60055.0,83896.0,98492.0,85810.0,30079.0,64776.0,12635.0,95452.0,50412.0,89023.0,74490.0,47619.0,365302.0,124129.0,22071263.0
망겜의 마지막 플레이어,연암,포텐,0.0,0.0,0.0,0.0,0.0,0.0,0.0,0.0,0.0,0.0,0.0,0.0,0.0,0.0,0.0,0.0,0.0,0.0,0.0,0.0,0.0,0.0,0.0,0.0,0.0,0.0,0.0,0.0,0.0,0.0,0.0,280840.0,6262886.0,1716830.0,1695101.0,894911.0,1395051.0,1835445.0,527807.0,461023.0,267309.0,206304.0,290192.0,205856.0,202146.0,108080.0,138810.0,60200.0,198730.0,107970.0,180930.0,1039939.0,400802.0,126527.0,115718.0,136506.0,95270.0,121919.0,318459.0,84227.0,263010.0,278412.0,234565.0,83879.0,91177.0,51760.0,7194.0,7899.0,36740.0,35451.0,37204.0,27402.0,30471.0,111933.0,53232.0,32403.0,46592.0,42911.0,33746.0,41565.0,31436.0,9697.0,33873.0,21721.0,28544.0,37986.0,31825.0,39278.0,15186.0,12338.0,5961.0,15481.0,14317.0,30408.0,584.0,4421.0,21356390.0
유산 받아 레벨 업,북홀릭,포텐,0.0,0.0,0.0,0.0,4618100.0,881400.0,347600.0,315300.0,751300.0,603620.0,1380246.0,475723.0,1126309.0,1773520.0,527440.0,284300.0,389460.0,816653.0,252240.0,190900.0,118180.0,635000.0,287950.0,228080.0,58600.0,95980.0,69600.0,92900.0,81589.0,221360.0,108440.0,386970.0,150950.0,208570.0,48000.0,123850.0,367596.0,84821.0,126010.0,66398.0,216390.0,98793.0,72415.0,67295.0,189155.0,106315.0,83775.0,97570.0,24630.0,58735.0,62315.0,56985.0,121905.0,96645.0,141312.0,83337.0,64818.0,43595.0,82882.0,17288.0,81311.0,46612.0,33961.0,49848.0,10691.0,69667.0,51352.0,104116.0,19366.0,42922.0,20268.0,10999.0,28483.0,50586.0,36247.0,56766.0,59442.0,22900.0,13644.0,12906.0,18841.0,40551.0,61156.0,11134.0,25124.0,16400.0,129391.0,194398.0,14920.0,117137.0,29990.0,4756.0,14742.0,20713.0,0.0,13262.0,21615712.0
괴담수집가 회장님,턱선,포텐,0.0,0.0,0.0,0.0,0.0,0.0,0.0,0.0,0.0,0.0,0.0,0.0,0.0,0.0,0.0,0.0,0.0,0.0,0.0,0.0,0.0,0.0,0.0,0.0,0.0,0.0,0.0,0.0,0.0,0.0,0.0,0.0,0.0,0.0,0.0,0.0,0.0,0.0,0.0,0.0,0.0,0.0,0.0,0.0,0.0,0.0,0.0,0.0,0.0,0.0,0.0,0.0,251916.0,458651.0,2918436.0,825971.0,545055.0,860383.0,768390.0,215518.0,778591.0,729724.0,197201.0,251822.0,394612.0,315733.0,386055.0,248565.0,187473.0,736627.0,246207.0,192876.0,278167.0,255463.0,283141.0,336482.0,273155.0,413812.0,388455.0,558372.0,268697.0,270479.0,191249.0,230122.0,167784.0,252615.0,240570.0,74977.0,125714.0,165387.0,189345.0,125766.0,139211.0,266109.0,69689.0,159016.0,17233583.0
차원을 넘나들며 재벌 되기,백범,포텐,0.0,0.0,0.0,0.0,0.0,0.0,0.0,0.0,0.0,0.0,0.0,0.0,0.0,0.0,0.0,0.0,0.0,0.0,0.0,0.0,0.0,0.0,0.0,0.0,0.0,0.0,0.0,0.0,0.0,0.0,0.0,0.0,0.0,0.0,0.0,0.0,0.0,0.0,0.0,0.0,0.0,0.0,0.0,0.0,0.0,0.0,0.0,0.0,0.0,0.0,0.0,556570.0,384930.0,332626.0,700582.0,1261965.0,1593674.0,2197442.0,1212576.0,558052.0,391661.0,257800.0,357260.0,283017.0,247814.0,250558.0,116393.0,201853.0,185928.0,121906.0,285708.0,140301.0,392843.0,494009.0,218959.0,241276.0,327201.0,166486.0,248705.0,434006.0,206904.0,195372.0,354738.0,94123.0,253395.0,291467.0,240274.0,257844.0,142004.0,69553.0,78547.0,82010.0,128404.0,115697.0,295016.0,211648.0,17179097.0
돈 주면 힐 해준다,환수림,포텐,0.0,0.0,0.0,0.0,0.0,0.0,0.0,0.0,0.0,0.0,0.0,0.0,0.0,0.0,0.0,0.0,0.0,0.0,0.0,0.0,0.0,0.0,0.0,0.0,0.0,0.0,25130.0,45115.0,37345.0,15855.0,24465.0,18900.0,26180.0,18585.0,6230.0,67130.0,28175.0,0.0,2332437.0,5006113.0,823225.0,1229652.0,803057.0,153788.0,147048.0,89588.0,126103.0,346865.0,261955.0,97772.0,207116.0,88904.0,47360.0,76624.0,63679.0,17665.0,21243.0,70489.0,22633.0,90267.0,59989.0,81202.0,77530.0,101760.0,75117.0,68715.0,48759.0,76650.0,91594.0,106158.0,60043.0,61275.0,69176.0,71888.0,63217.0,69614.0,49310.0,69933.0,151509.0,80790.0,47200.0,69411.0,12217.0,410312.0,1418873.0,161005.0,176096.0,114442.0,70343.0,103414.0,54995.0,73702.0,29886.0,129674.0,78165.0,66103.0,16986760.0
음공천하,서호,포텐,0.0,0.0,0.0,0.0,0.0,0.0,0.0,0.0,0.0,0.0,0.0,0.0,0.0,0.0,0.0,0.0,0.0,0.0,0.0,0.0,0.0,0.0,0.0,0.0,0.0,0.0,0.0,0.0,0.0,0.0,0.0,0.0,0.0,0.0,0.0,0.0,0.0,0.0,0.0,0.0,0.0,0.0,0.0,0.0,0.0,0.0,0.0,0.0,0.0,0.0,0.0,0.0,0.0,0.0,0.0,0.0,0.0,0.0,0.0,0.0,0.0,0.0,0.0,0.0,0.0,1657778.0,6730378.0,1699320.0,857707.0,591998.0,302464.0,269712.0,244855.0,530174.0,198937.0,180116.0,184081.0,158867.0,153997.0,763745.0,583243.0,393032.0,311386.0,123302.0,114674.0,60350.0,69267.0,125266.0,23810.0,77282.0,71638.0,42827.0,37413.0,16441.0,47006.0,56598.0,16677664.0
용왕의 아들이 되었다,비비다,포텐,0.0,0.0,0.0,0.0,0.0,0.0,0.0,0.0,0.0,0.0,0.0,0.0,0.0,0.0,0.0,1518174.0,894285.0,1879603.0,2420189.0,1724330.0,1041309.0,899870.0,640736.0,591776.0,433984.0,462107.0,259730.0,184652.0,79956.0,101476.0,203492.0,87529.0,85850.0,149584.0,437834.0,82039.0,91236.0,183998.0,277788.0,107231.0,114190.0,66500.0,112637.0,89779.0,43320.0,90278.0,82753.0,22460.0,36225.0,28140.0,19270.0,21770.0,27440.0,18747.0,11907.0,18411.0,19986.0,10555.0,27457.0,51874.0,18046.0,31163.0,90803.0,26738.0,16216.0,8032.0,32126.0,10616.0,4456.0,5732.0,11450.0,8678.0,20361.0,18125.0,19277.0,-337.0,19839.0,6484.0,23740.0,4929.0,114318.0,50548.0,12568.0,13194.0,10938.0,1148.0,7258.0,8157.0,4697.0,17996.0,13559.0,1910.0,24746.0,3057.0,12819.0,12086.0,16437930.0
너희가 정령을 아느냐,철백,포텐,0.0,0.0,0.0,0.0,0.0,0.0,0.0,0.0,0.0,0.0,0.0,0.0,0.0,0.0,0.0,0.0,0.0,0.0,0.0,0.0,0.0,0.0,0.0,0.0,0.0,0.0,0.0,0.0,0.0,0.0,0.0,0.0,0.0,0.0,0.0,0.0,0.0,0.0,0.0,0.0,0.0,0.0,0.0,0.0,0.0,275100.0,333956.0,69300.0,1472506.0,1357697.0,1335416.0,521896.0,617275.0,832922.0,425186.0,330223.0,288528.0,224495.0,312643.0,182962.0,165754.0,218639.0,108210.0,413513.0,344141.0,178121.0,117344.0,97113.0,83828.0,111328.0,129669.0,87961.0,98918.0,98997.0,123199.0,115556.0,240914.0,267539.0,214138.0,20759.0,36376.0,129441.0,80990.0,83026.0,218012.0,918533.0,1684024.0,537335.0,164435.0,301652.0,125842.0,23109.0,53353.0,72036.0,64263.0,57030.0,16365203.0
재벌집 막내 도련님은 악당입니다,백범,포텐,0.0,0.0,0.0,0.0,0.0,0.0,0.0,0.0,0.0,0.0,0.0,0.0,0.0,0.0,0.0,0.0,0.0,0.0,0.0,0.0,0.0,0.0,0.0,0.0,0.0,0.0,0.0,0.0,0.0,0.0,0.0,0.0,0.0,0.0,0.0,0.0,0.0,0.0,0.0,0.0,0.0,0.0,0.0,0.0,0.0,0.0,0.0,0.0,0.0,0.0,0.0,0.0,0.0,0.0,0.0,0.0,0.0,0.0,0.0,0.0,0.0,0.0,0.0,0.0,0.0,0.0,2315704.0,2188051.0,864411.0,559354.0,293782.0,307889.0,322951.0,410423.0,362499.0,188759.0,261747.0,278486.0,272904.0,302582.0,409628.0,359476.0,548452.0,945733.0,585861.0,358098.0,467279.0,299983.0,319676.0,328652.0,838530.0,475406.0,202500.0,247814.0,213491.0,198263.0,15728384.0
아 아이돌 그렇게 하는 거 아닌데,김악개,포텐,0.0,0.0,0.0,0.0,0.0,0.0,0.0,0.0,0.0,0.0,0.0,0.0,0.0,0.0,0.0,0.0,0.0,0.0,0.0,0.0,0.0,0.0,0.0,0.0,0.0,0.0,0.0,0.0,0.0,0.0,0.0,0.0,0.0,0.0,0.0,0.0,0.0,0.0,0.0,0.0,0.0,0.0,0.0,0.0,0.0,0.0,0.0,0.0,0.0,0.0,0.0,0.0,0.0,0.0,0.0,0.0,0.0,0.0,0.0,0.0,0.0,0.0,0.0,0.0,0.0,0.0,0.0,0.0,0.0,0.0,0.0,0.0,0.0,0.0,0.0,0.0,0.0,0.0,0.0,0.0,0.0,0.0,0.0,0.0,0.0,0.0,0.0,0.0,0.0,0.0,0.0,0.0,25839.0,10934747.0,2977903.0,1669690.0,15608179.0
걷기만 해도 조만장자,하늘곰,포텐,0.0,0.0,0.0,0.0,0.0,0.0,0.0,0.0,0.0,0.0,0.0,0.0,0.0,0.0,0.0,0.0,0.0,0.0,0.0,0.0,0.0,0.0,0.0,0.0,0.0,0.0,0.0,0.0,0.0,0.0,0.0,0.0,0.0,0.0,0.0,0.0,0.0,0.0,0.0,0.0,0.0,0.0,0.0,0.0,0.0,0.0,0.0,0.0,0.0,0.0,0.0,0.0,0.0,0.0,0.0,0.0,0.0,0.0,0.0,0.0,0.0,0.0,0.0,0.0,0.0,0.0,0.0,0.0,0.0,0.0,0.0,0.0,336380.0,1272259.0,4054003.0,2116454.0,1392603.0,1259552.0,463627.0,346922.0,346452.0,768413.0,536044.0,124367.0,224390.0,147976.0,425212.0,342699.0,186802.0,237583.0,153531.0,93266.0,120249.0,297472.0,118680.0,68001.0,15432937.0
회귀로 나 혼자 독식,쩡킴,포텐,0.0,0.0,0.0,0.0,0.0,0.0,0.0,0.0,0.0,0.0,0.0,0.0,0.0,0.0,0.0,0.0,0.0,0.0,0.0,0.0,0.0,0.0,0.0,0.0,0.0,0.0,0.0,0.0,0.0,0.0,0.0,0.0,0.0,0.0,0.0,0.0,0.0,0.0,0.0,0.0,0.0,0.0,0.0,0.0,0.0,0.0,0.0,0.0,0.0,0.0,0.0,0.0,0.0,0.0,0.0,0.0,0.0,0.0,0.0,0.0,0.0,0.0,0.0,11415376.0,108213.0,143873.0,107080.0,721635.0,214286.0,105457.0,295927.0,169912.0,95767.0,80640.0,37576.0,15795.0,152044.0,210122.0,53747.0,101439.0,1539.0,1562.0,37995.0,120781.0,109145.0,73327.0,38902.0,38607.0,37181.0,255204.0,333847.0,0.0,0.0,0.0,0.0,0.0,15076979.0
핵무기도 만들어 드림,북홀릭,포텐,0.0,0.0,0.0,0.0,0.0,0.0,0.0,0.0,0.0,0.0,0.0,0.0,0.0,0.0,0.0,0.0,0.0,0.0,0.0,0.0,0.0,0.0,0.0,0.0,0.0,0.0,0.0,0.0,0.0,0.0,0.0,0.0,0.0,0.0,0.0,0.0,0.0,0.0,0.0,0.0,0.0,0.0,0.0,0.0,0.0,0.0,0.0,0.0,0.0,0.0,0.0,0.0,0.0,0.0,0.0,0.0,0.0,0.0,0.0,0.0,0.0,0.0,0.0,0.0,0.0,0.0,0.0,0.0,0.0,0.0,0.0,0.0,0.0,0.0,0.0,0.0,0.0,0.0,0.0,0.0,0.0,0.0,0.0,0.0,0.0,0.0,0.0,2343.0,1197.0,12088513.0,2514230.0,1844204.0,2691314.0,2198417.0,4141391.0,1176024.0,26657633.0
초월자는 분식집을 합니다,제이ST,포텐,0.0,0.0,0.0,0.0,0.0,0.0,0.0,0.0,0.0,0.0,0.0,0.0,0.0,0.0,0.0,0.0,0.0,0.0,0.0,0.0,0.0,0.0,0.0,0.0,0.0,0.0,0.0,0.0,0.0,0.0,0.0,0.0,0.0,0.0,0.0,0.0,0.0,0.0,0.0,0.0,0.0,0.0,0.0,0.0,0.0,0.0,0.0,0.0,0.0,0.0,0.0,0.0,0.0,133956.0,345254.0,3039032.0,815894.0,285767.0,320663.0,123123.0,177430.0,859141.0,265759.0,172314.0,144025.0,110292.0,70669.0,95571.0,87462.0,41738.0,61350.0,129853.0,268494.0,396119.0,394833.0,680549.0,371920.0,620117.0,577616.0,419462.0,378134.0,370886.0,137194.0,238052.0,161305.0,54600.0,121530.0,90472.0,59261.0,65894.0,88549.0,54463.0,70266.0,21232.0,47679.0,134474.0,13102394.0
귀환무관,범탈,포텐,0.0,0.0,0.0,0.0,0.0,0.0,0.0,0.0,0.0,0.0,0.0,0.0,0.0,0.0,0.0,0.0,0.0,0.0,0.0,0.0,0.0,0.0,0.0,0.0,0.0,0.0,0.0,0.0,0.0,0.0,0.0,0.0,0.0,0.0,0.0,0.0,0.0,0.0,0.0,0.0,0.0,0.0,81200.0,2660557.0,726731.0,406868.0,131285.0,196256.0,521581.0,121770.0,235994.0,788415.0,561926.0,212922.0,102000.0,1595695.0,1013460.0,800161.0,170121.0,115312.0,148768.0,95262.0,54261.0,90800.0,22390.0,32900.0,35716.0,29956.0,36070.0,3361.0,3023.0,44916.0,95360.0,69923.0,94158.0,66475.0,164168.0,180854.0,108689.0,104369.0,45295.0,46580.0,17430.0,35387.0,40283.0,69424.0,54220.0,6752.0,33279.0,29734.0,36633.0,135063.0,140049.0,68873.0,120994.0,90999.0,12894668.0
나 홀로 마법사,북홀릭,포텐,0.0,0.0,0.0,0.0,0.0,0.0,0.0,0.0,0.0,0.0,0.0,0.0,0.0,0.0,0.0,0.0,0.0,0.0,0.0,0.0,0.0,0.0,0.0,0.0,0.0,0.0,0.0,0.0,0.0,0.0,756490.0,193830.0,1187970.0,199262.0,1848130.0,227078.0,465543.0,538400.0,412089.0,281061.0,175630.0,308091.0,277908.0,118560.0,133102.0,110490.0,98920.0,165966.0,103327.0,97973.0,159877.0,77230.0,180818.0,208170.0,668957.0,196643.0,79295.0,101105.0,73724.0,92115.0,60787.0,183142.0,37808.0,63205.0,64200.0,52251.0,176622.0,196403.0,69211.0,101864.0,39092.0,89654.0,27656.0,91916.0,64100.0,53620.0,50937.0,86791.0,57175.0,20358.0,275415.0,320022.0,115284.0,65782.0,65087.0,73415.0,119448.0,72905.0,26380.0,82840.0,48253.0,24897.0,19606.0,28818.0,15307.0,38448.0,12516453.0
EX급 전생헌터,쥬시,포텐,0.0,0.0,0.0,0.0,0.0,0.0,0.0,0.0,0.0,0.0,0.0,0.0,0.0,0.0,0.0,0.0,0.0,0.0,0.0,0.0,0.0,0.0,0.0,0.0,0.0,0.0,0.0,0.0,0.0,0.0,0.0,0.0,0.0,0.0,0.0,849219.0,1302497.0,340088.0,198996.0,4560825.0,877044.0,1093662.0,279286.0,157794.0,95074.0,52710.0,77756.0,275170.0,83930.0,16730.0,264918.0,116545.0,39155.0,66503.0,56324.0,6415.0,64920.0,44689.0,19599.0,18683.0,114307.0,78826.0,92996.0,46273.0,50938.0,14784.0,12306.0,1219.0,11445.0,26316.0,11649.0,35982.0,43636.0,39831.0,20847.0,-7423.0,11939.0,17490.0,23891.0,3070.0,3700.0,20858.0,15248.0,25416.0,8747.0,10825.0,21221.0,22659.0,17067.0,15936.0,34687.0,12450.0,17734.0,22755.0,6291.0,10932.0,11875380.0
내 딸은 천재화백,택이아빠,포텐,0.0,0.0,0.0,0.0,0.0,0.0,0.0,0.0,0.0,0.0,0.0,0.0,0.0,0.0,0.0,0.0,0.0,0.0,0.0,0.0,0.0,0.0,0.0,0.0,0.0,0.0,0.0,0.0,0.0,0.0,0.0,0.0,0.0,0.0,0.0,0.0,0.0,0.0,0.0,0.0,0.0,0.0,0.0,0.0,0.0,0.0,0.0,0.0,0.0,0.0,0.0,0.0,0.0,0.0,0.0,0.0,0.0,0.0,0.0,0.0,0.0,0.0,126359.0,249111.0,3118552.0,720045.0,988764.0,463102.0,752710.0,486556.0,386029.0,387376.0,270711.0,535276.0,144607.0,285678.0,495853.0,381660.0,288110.0,166939.0,143643.0,140820.0,79399.0,53886.0,129859.0,146680.0,283320.0,26909.0,34522.0,65773.0,58632.0,12171.0,29294.0,81675.0,202636.0,91242.0,11827899.0
멸망한 세계의 생존지침서,담배태우는 고양이,포텐,0.0,0.0,0.0,0.0,0.0,0.0,0.0,0.0,0.0,0.0,0.0,864017.0,534818.0,580073.0,420485.0,472990.0,751679.0,683481.0,1103637.0,2727241.0,185324.0,238420.0,353282.0,726658.0,499187.0,911368.0,353693.0,168602.0,160968.0,187450.0,155488.0,161832.0,75744.0,128367.0,159762.0,173576.0,100484.0,43618.0,501252.0,512495.0,662585.0,132897.0,127535.0,122449.0,98275.0,87110.0,74098.0,47915.0,71230.0,89064.0,148505.0,119669.0,86990.0,57623.0,80830.0,75286.0,42176.0,8962.0,49386.0,44979.0,74161.0,58914.0,60743.0,64355.0,47119.0,57626.0,55157.0,55141.0,41291.0,40874.0,32990.0,35898.0,38595.0,25496.0,31895.0,58416.0,45491.0,43591.0,33163.0,84284.0,31702.0,29671.0,14216.0,54455.0,54781.0,13606.0,40305.0,41961.0,11972.0,19845.0,88618.0,79285.0,42993.0,52609.0,34168.0,54186.0,17813128.0
고구려 르네상스,Lucubro,포텐,0.0,0.0,0.0,0.0,0.0,0.0,0.0,0.0,0.0,0.0,0.0,0.0,0.0,0.0,0.0,0.0,0.0,0.0,0.0,0.0,0.0,0.0,0.0,0.0,0.0,0.0,0.0,145714.0,1350477.0,1352335.0,1195836.0,432180.0,535390.0,234864.0,161770.0,108642.0,132090.0,57548.0,401436.0,115150.0,322372.0,148972.0,93303.0,133485.0,93091.0,75509.0,100681.0,110796.0,36988.0,247074.0,593024.0,109965.0,237644.0,102457.0,133214.0,62594.0,54821.0,30393.0,180952.0,134331.0,197423.0,84828.0,75265.0,71419.0,30101.0,42345.0,28642.0,42285.0,30402.0,75689.0,42167.0,37077.0,54127.0,17656.0,12343.0,24660.0,20969.0,12899.0,7627.0,30989.0,35279.0,41922.0,2870.0,23149.0,23821.0,36187.0,49613.0,7192.0,251067.0,201773.0,44798.0,97687.0,77522.0,88539.0,43824.0,58135.0,11247389.0
역천귀,동윤,포텐,0.0,0.0,0.0,0.0,0.0,6160.0,0.0,0.0,0.0,0.0,0.0,0.0,0.0,0.0,0.0,0.0,0.0,1275470.0,281890.0,444850.0,276850.0,173970.0,72682.0,39501.0,11628.0,45039.0,36177.0,12824.0,20660.0,8358.0,17633.0,4704.0,2520.0,23297.0,23170.0,30880.0,6314.0,4235.0,3760.0,26656.0,11151.0,20930.0,5243.0,9170.0,8680.0,14630.0,476.0,3850.0,9030.0,141079.0,382369.0,1190278.0,983089.0,996014.0,309764.0,578648.0,75845.0,95127.0,231347.0,403915.0,202119.0,258143.0,263631.0,64463.0,33619.0,253267.0,145340.0,100778.0,41671.0,50705.0,14204.0,8512.0,8392.0,24864.0,11519.0,31589.0,7893.0,46692.0,49053.0,27045.0,30669.0,18831.0,34546.0,18249.0,7533.0,39176.0,33907.0,312.0,3024.0,9178.0,22996.0,39957.0,2030.0,34888.0,4410.0,461645.0,10724713.0
EX급 만능사제가 되었다,김현준,포텐,0.0,0.0,0.0,0.0,0.0,0.0,0.0,0.0,0.0,0.0,0.0,0.0,0.0,0.0,0.0,0.0,0.0,0.0,0.0,0.0,0.0,0.0,0.0,0.0,0.0,0.0,0.0,0.0,0.0,0.0,0.0,0.0,0.0,0.0,0.0,0.0,0.0,0.0,0.0,0.0,0.0,0.0,0.0,0.0,0.0,0.0,0.0,0.0,0.0,0.0,0.0,0.0,0.0,0.0,0.0,0.0,0.0,0.0,0.0,0.0,0.0,0.0,0.0,0.0,0.0,0.0,0.0,0.0,0.0,0.0,0.0,0.0,0.0,0.0,0.0,0.0,0.0,0.0,0.0,0.0,0.0,0.0,0.0,0.0,0.0,0.0,0.0,0.0,0.0,0.0,0.0,0.0,1502146.0,920174.0,4363762.0,3735848.0,10521930.0
수를 읽는 남자 세상을 바꾸는 컨설턴트,준강,포텐,0.0,0.0,0.0,0.0,0.0,0.0,0.0,0.0,0.0,0.0,0.0,0.0,0.0,0.0,0.0,0.0,0.0,0.0,0.0,0.0,0.0,0.0,0.0,0.0,0.0,0.0,0.0,0.0,0.0,0.0,0.0,0.0,0.0,0.0,0.0,0.0,0.0,0.0,0.0,0.0,0.0,0.0,0.0,0.0,0.0,0.0,0.0,0.0,0.0,0.0,0.0,0.0,0.0,0.0,0.0,0.0,0.0,0.0,0.0,0.0,0.0,0.0,0.0,0.0,0.0,0.0,0.0,0.0,0.0,0.0,0.0,0.0,0.0,0.0,0.0,0.0,0.0,603076.0,326981.0,1066744.0,776977.0,662933.0,615371.0,825710.0,900342.0,835924.0,762231.0,1129388.0,398535.0,104107.0,262068.0,349753.0,257273.0,349557.0,69493.0,151340.0,10447803.0
주인공 먹는 엑스트라,인기영,포텐,0.0,0.0,0.0,0.0,0.0,0.0,0.0,0.0,0.0,0.0,0.0,0.0,0.0,0.0,0.0,0.0,0.0,0.0,0.0,0.0,0.0,0.0,0.0,0.0,0.0,0.0,0.0,0.0,0.0,0.0,0.0,0.0,0.0,0.0,0.0,0.0,0.0,0.0,0.0,0.0,0.0,0.0,44434.0,6167499.0,854243.0,565075.0,270028.0,145827.0,88770.0,107816.0,117135.0,62990.0,227947.0,102108.0,313456.0,136652.0,61760.0,75034.0,227834.0,43597.0,53852.0,26869.0,42371.0,-966.0,40298.0,32039.0,35785.0,40693.0,2896.0,8363.0,20092.0,3752.0,16912.0,24281.0,20299.0,745.0,7763.0,11442.0,11319.0,6955.0,12867.0,2930.0,23580.0,698.0,23248.0,10402.0,2953.0,1968.0,425.0,18493.0,-840.0,25752.0,3714.0,9699.0,18717.0,3747.0,10176318.0
랜덤뽑기로 학원최강,비비다,포텐,0.0,0.0,0.0,0.0,0.0,0.0,0.0,0.0,0.0,0.0,0.0,0.0,0.0,0.0,0.0,0.0,0.0,0.0,0.0,0.0,0.0,0.0,0.0,0.0,282736.0,707565.0,722489.0,676935.0,1546297.0,535851.0,650796.0,592406.0,274875.0,300693.0,212734.0,210252.0,170213.0,279497.0,218591.0,84350.0,137862.0,143811.0,75726.0,110756.0,101500.0,75334.0,54610.0,100704.0,69150.0,43546.0,18111.0,68464.0,133634.0,83529.0,88215.0,114357.0,82696.0,48006.0,48566.0,13530.0,103056.0,54412.0,31437.0,11617.0,11961.0,11506.0,8790.0,567.0,28874.0,14274.0,10663.0,9191.0,517.0,19860.0,14235.0,29484.0,16740.0,8925.0,17994.0,23007.0,8155.0,289351.0,55533.0,21430.0,6618.0,13402.0,10001.0,18344.0,5540.0,6630.0,37373.0,31831.0,6445.0,2241.0,19663.0,6580.0,10044634.0
1980 독식하는 재벌,독성,포텐,0.0,0.0,0.0,0.0,0.0,0.0,0.0,0.0,0.0,0.0,0.0,0.0,0.0,0.0,0.0,0.0,0.0,0.0,0.0,0.0,0.0,0.0,0.0,0.0,0.0,0.0,0.0,0.0,0.0,0.0,0.0,0.0,0.0,0.0,0.0,0.0,0.0,0.0,0.0,0.0,0.0,0.0,0.0,0.0,0.0,0.0,0.0,0.0,0.0,0.0,0.0,0.0,0.0,0.0,0.0,0.0,0.0,0.0,0.0,0.0,0.0,0.0,0.0,0.0,0.0,0.0,0.0,0.0,0.0,0.0,0.0,0.0,0.0,854756.0,699668.0,1632189.0,829813.0,1326495.0,1240138.0,868633.0,533071.0,223766.0,237179.0,203462.0,211704.0,196951.0,70309.0,79396.0,33936.0,47516.0,66054.0,140100.0,61314.0,36970.0,38096.0,32147.0,9663663.0
모용세가 역대급 천재의 귀환,독성(송재훈),포텐,0.0,0.0,0.0,0.0,0.0,0.0,0.0,0.0,0.0,0.0,0.0,0.0,0.0,0.0,0.0,0.0,0.0,0.0,0.0,0.0,0.0,0.0,0.0,0.0,0.0,0.0,0.0,0.0,0.0,0.0,0.0,0.0,0.0,0.0,0.0,0.0,0.0,0.0,0.0,0.0,0.0,0.0,0.0,0.0,0.0,0.0,0.0,0.0,0.0,0.0,0.0,0.0,0.0,0.0,0.0,0.0,0.0,0.0,0.0,0.0,0.0,0.0,0.0,259856.0,102742.0,174048.0,509782.0,1031568.0,854566.0,682188.0,565889.0,640870.0,635375.0,459978.0,322564.0,342021.0,210554.0,175548.0,338490.0,190922.0,234915.0,105580.0,77376.0,84466.0,137380.0,233181.0,108616.0,116958.0,115879.0,102049.0,165763.0,126991.0,90416.0,94171.0,60404.0,105719.0,9456825.0
재벌세는 총수가 되고 싶다,독성,포텐,0.0,0.0,0.0,0.0,0.0,0.0,0.0,0.0,0.0,0.0,0.0,0.0,0.0,0.0,0.0,0.0,0.0,0.0,0.0,0.0,0.0,0.0,0.0,0.0,0.0,0.0,0.0,0.0,0.0,0.0,0.0,0.0,0.0,0.0,0.0,0.0,0.0,0.0,0.0,0.0,0.0,0.0,0.0,0.0,0.0,0.0,0.0,0.0,0.0,0.0,0.0,0.0,0.0,0.0,0.0,0.0,0.0,0.0,0.0,0.0,0.0,0.0,0.0,0.0,0.0,0.0,0.0,0.0,0.0,0.0,0.0,0.0,0.0,0.0,0.0,0.0,0.0,0.0,0.0,0.0,0.0,0.0,0.0,0.0,0.0,1129438.0,652133.0,403704.0,1408321.0,830471.0,452716.0,3077419.0,531453.0,265067.0,396913.0,199132.0,9346767.0
타워 디펜서 방어중,리벨스톤,포텐,0.0,0.0,0.0,0.0,0.0,0.0,0.0,0.0,0.0,0.0,0.0,0.0,0.0,0.0,0.0,0.0,0.0,0.0,480550.0,444080.0,481180.0,5028800.0,694330.0,366940.0,338730.0,310380.0,108769.0,121142.0,69230.0,80010.0,49560.0,42980.0,35140.0,29260.0,9450.0,5740.0,19740.0,22372.0,19992.0,27440.0,41440.0,33740.0,38220.0,27230.0,11970.0,14770.0,14630.0,2170.0,4620.0,10570.0,23345.0,630.0,19600.0,-730.0,9093.0,12642.0,3385.0,21674.0,43117.0,-979.0,12032.0,-5142.0,13064.0,-1066.0,-1398.0,6108.0,3666.0,10080.0,3666.0,19726.0,334.0,10626.0,8863.0,2247.0,-2478.0,7641.0,-4271.0,0.0,1561.0,63.0,6085.0,3918.0,3024.0,10180.0,2199.0,-155.0,0.0,9617.0,0.0,1969.0,0.0,1086.0,680.0,0.0,18949.0,0.0,9259826.0
리턴 오브 로드,정현우,포텐,0.0,400120.0,1613280.0,593959.0,1601900.0,523285.0,458952.0,283419.0,189621.0,181030.0,178800.0,299966.0,329755.0,136507.0,45546.0,66347.0,172581.0,55467.0,94702.0,65905.0,56800.0,53087.0,62189.0,70688.0,65523.0,36802.0,93678.0,44109.0,36280.0,266402.0,93475.0,7928.0,28437.0,11718.0,23265.0,26432.0,32879.0,21921.0,11490.0,11025.0,11430.0,11310.0,5761.0,10675.0,15820.0,7595.0,25905.0,23269.0,13650.0,4851.0,10409.0,9695.0,4995.0,2268.0,14385.0,9850.0,10219.0,14540.0,30647.0,8526.0,11004.0,14912.0,5107.0,882.0,5720.0,15442.0,7560.0,6885.0,3477.0,0.0,2570.0,2268.0,13923.0,9509.0,8941.0,7451.0,5441.0,3297.0,567.0,7471.0,1423.0,3220.0,14665.0,13545.0,10034.0,54070.0,6300.0,22661.0,8986.0,5200.0,5038.0,9057.0,8823.0,6118.0,17340.0,9713.0,8919690.0
정의구현으로 레벨 업,휴헤,포텐,0.0,0.0,0.0,0.0,0.0,0.0,0.0,0.0,0.0,0.0,0.0,0.0,0.0,0.0,0.0,0.0,0.0,0.0,0.0,0.0,0.0,0.0,0.0,0.0,0.0,0.0,0.0,0.0,0.0,0.0,0.0,0.0,0.0,0.0,0.0,0.0,1190.0,0.0,660285.0,2402362.0,1118325.0,564505.0,247828.0,179824.0,415508.0,120392.0,186334.0,74753.0,18361.0,42756.0,406185.0,267800.0,53394.0,30055.0,186473.0,309893.0,117024.0,110483.0,122572.0,34733.0,203994.0,65814.0,61647.0,105197.0,24573.0,27360.0,33236.0,26684.0,80916.0,29907.0,14758.0,11613.0,465.0,14063.0,12284.0,2731.0,5361.0,10169.0,16900.0,4609.0,14453.0,11586.0,11192.0,7465.0,5049.0,5035.0,26800.0,45765.0,30134.0,47786.0,41711.0,17598.0,25258.0,18037.0,7756.0,13417.0,8752358.0
주인공의 수호기사가 되었다,삼십춘기,포텐,0.0,0.0,0.0,0.0,0.0,0.0,0.0,0.0,0.0,0.0,0.0,0.0,0.0,0.0,0.0,0.0,0.0,0.0,0.0,0.0,0.0,0.0,0.0,0.0,0.0,0.0,29575.0,55860.0,56280.0,24815.0,22820.0,27125.0,17185.0,17465.0,19110.0,556633.0,528019.0,190716.0,321378.0,173008.0,436992.0,327572.0,656623.0,135434.0,276588.0,436145.0,104928.0,184049.0,242788.0,241160.0,141680.0,62700.0,418849.0,317478.0,194076.0,181786.0,103903.0,97022.0,54402.0,43709.0,52761.0,23246.0,17586.0,28701.0,21404.0,16254.0,6228.0,2387.0,2709.0,3730.0,11066.0,21513.0,43417.0,12111.0,15190.0,6510.0,8241.0,2783.0,6810.0,2043.0,17841.0,11200.0,3477.0,897217.0,286157.0,91363.0,44410.0,39640.0,44977.0,77167.0,33429.0,16754.0,11667.0,4023.0,0.0,2331.0,8584216.0
웰컴 투 메모리,북홀릭,포텐,0.0,0.0,387450.0,442742.0,591062.0,277238.0,443409.0,417980.0,208431.0,260146.0,241052.0,138839.0,247243.0,112777.0,126413.0,117974.0,190320.0,242775.0,187488.0,158266.0,114932.0,66019.0,95452.0,64460.0,27157.0,71337.0,59663.0,31277.0,13547.0,44224.0,72255.0,48142.0,121272.0,187059.0,57206.0,20987.0,77782.0,45839.0,24445.0,64636.0,112140.0,90458.0,82601.0,63219.0,42936.0,52580.0,49052.0,52678.0,39627.0,82373.0,53532.0,33288.0,39144.0,54858.0,33667.0,45035.0,13821.0,17861.0,38245.0,46202.0,48330.0,20419.0,70305.0,22549.0,7252.0,34978.0,56692.0,46841.0,22081.0,28447.0,23860.0,18517.0,28437.0,28995.0,47242.0,46434.0,12782.0,17251.0,50753.0,66877.0,16790.0,35636.0,22546.0,25489.0,60958.0,42503.0,117310.0,115452.0,47838.0,84609.0,28694.0,5783.0,36412.0,37577.0,10983.0,19503.0,8549738.0
전설 속 검신의 재림,김조선,포텐,0.0,0.0,0.0,0.0,0.0,0.0,0.0,0.0,0.0,0.0,0.0,0.0,0.0,0.0,0.0,0.0,0.0,0.0,0.0,0.0,0.0,0.0,0.0,0.0,0.0,0.0,0.0,0.0,0.0,0.0,0.0,0.0,0.0,0.0,0.0,0.0,0.0,0.0,0.0,0.0,0.0,0.0,0.0,0.0,0.0,0.0,0.0,0.0,0.0,0.0,0.0,0.0,0.0,0.0,0.0,0.0,0.0,0.0,0.0,0.0,0.0,0.0,0.0,0.0,0.0,0.0,0.0,0.0,0.0,0.0,2894693.0,1043487.0,215930.0,459022.0,270356.0,351061.0,273499.0,415524.0,155866.0,194985.0,297027.0,335198.0,147430.0,94330.0,230805.0,199009.0,101038.0,72775.0,76896.0,66128.0,60425.0,50990.0,19814.0,44244.0,32771.0,12751.0,8116054.0
악마와 계약한 프로게이머,한리,포텐,0.0,0.0,0.0,0.0,0.0,0.0,0.0,0.0,0.0,0.0,0.0,0.0,0.0,0.0,0.0,0.0,0.0,0.0,0.0,0.0,0.0,0.0,0.0,0.0,0.0,70420.0,211743.0,74018.0,1764497.0,528353.0,317996.0,631680.0,142142.0,169792.0,112112.0,100548.0,89012.0,166516.0,168070.0,235135.0,238385.0,242587.0,856662.0,276291.0,112569.0,111520.0,43330.0,41307.0,50910.0,52970.0,148768.0,301760.0,174179.0,37734.0,18375.0,10557.0,41704.0,81993.0,35355.0,27960.0,33953.0,19246.0,78289.0,18396.0,15366.0,2159.0,14263.0,51696.0,5770.0,3570.0,8221.0,-12825.0,-1878.0,7636.0,9512.0,-3628.0,-800.0,693.0,48675.0,940.0,-3535.0,34498.0,-1078.0,-422.0,1217.0,-7928.0,8379.0,3470.0,693.0,4955.0,19771.0,399.0,7499.0,13167.0,3979.0,1071.0,8072339.0
마왕이 나노머신을 숨김,갈드,포텐,0.0,0.0,0.0,0.0,0.0,0.0,0.0,0.0,0.0,0.0,0.0,0.0,0.0,0.0,0.0,0.0,0.0,0.0,0.0,0.0,0.0,0.0,0.0,0.0,0.0,0.0,0.0,0.0,0.0,0.0,0.0,0.0,0.0,0.0,0.0,0.0,0.0,0.0,0.0,0.0,0.0,0.0,0.0,0.0,0.0,0.0,0.0,0.0,0.0,0.0,0.0,0.0,0.0,910.0,94296.0,211469.0,2566886.0,548569.0,263666.0,642878.0,668535.0,171037.0,179049.0,188814.0,75965.0,61545.0,42951.0,19887.0,31091.0,21553.0,29540.0,20241.0,36872.0,16889.0,23378.0,19072.0,12488.0,18107.0,9797.0,48848.0,103429.0,465785.0,134283.0,242950.0,35617.0,116066.0,185447.0,188979.0,120764.0,136852.0,74026.0,71522.0,81127.0,30291.0,9105.0,47690.0,8068266.0
우연히 주운 외계시계로 인생역,박재학,포텐,0.0,0.0,0.0,0.0,0.0,0.0,0.0,0.0,0.0,0.0,0.0,0.0,0.0,0.0,0.0,0.0,0.0,0.0,0.0,0.0,0.0,0.0,0.0,0.0,0.0,0.0,0.0,0.0,0.0,0.0,0.0,0.0,0.0,0.0,0.0,0.0,0.0,0.0,0.0,0.0,0.0,0.0,0.0,0.0,0.0,0.0,0.0,0.0,0.0,0.0,0.0,0.0,0.0,0.0,0.0,0.0,0.0,0.0,0.0,0.0,0.0,1203090.0,1266230.0,363230.0,1564194.0,357247.0,458749.0,110317.0,178370.0,122289.0,113348.0,93863.0,91637.0,91496.0,110216.0,55760.0,62591.0,73226.0,26777.0,52519.0,21886.0,49531.0,88525.0,243403.0,145311.0,78547.0,64446.0,76994.0,61155.0,45989.0,33366.0,227089.0,83273.0,98861.0,81215.0,73531.0,7868271.0
야구를 못할 수가 없음,삼십춘기,포텐,0.0,0.0,0.0,0.0,0.0,0.0,0.0,0.0,0.0,0.0,0.0,0.0,0.0,0.0,0.0,0.0,0.0,0.0,0.0,0.0,0.0,0.0,0.0,0.0,0.0,0.0,0.0,0.0,0.0,0.0,0.0,0.0,0.0,0.0,0.0,0.0,0.0,0.0,0.0,0.0,0.0,0.0,0.0,0.0,0.0,0.0,0.0,0.0,0.0,0.0,0.0,0.0,0.0,0.0,0.0,0.0,0.0,0.0,0.0,0.0,0.0,0.0,0.0,0.0,0.0,336091.0,334601.0,321169.0,442396.0,996911.0,912364.0,765727.0,399468.0,302652.0,205951.0,160083.0,207420.0,310285.0,164532.0,180212.0,133906.0,84982.0,104182.0,174680.0,196348.0,88957.0,144570.0,118395.0,83033.0,123680.0,111886.0,89705.0,84447.0,65847.0,49373.0,89690.0,7783543.0
선검,유재무,프로무림,0.0,0.0,0.0,0.0,0.0,0.0,0.0,0.0,0.0,0.0,1117600.0,76120.0,491260.0,72800.0,138700.0,65260.0,281640.0,347450.0,79360.0,38400.0,29220.0,16000.0,762765.0,102670.0,95500.0,86320.0,79260.0,89470.0,41240.0,51200.0,26450.0,27460.0,128590.0,281590.0,9600.0,36100.0,172680.0,9440.0,2700.0,8960.0,48250.0,2430.0,23483.0,7180.0,2700.0,900.0,48620.0,86724.0,70140.0,10000.0,32900.0,53400.0,900.0,4100.0,12200.0,121019.0,64736.0,58900.0,5400.0,3200.0,5678.0,17769.0,7713.0,2068.0,6028.0,1028.0,1800.0,3989.0,71643.0,18900.0,11353.0,29700.0,16200.0,11700.0,49800.0,46697.0,9527.0,8600.0,7300.0,24300.0,34223.0,30400.0,106672.0,46100.0,269114.0,122660.0,261182.0,522838.0,149503.0,88046.0,79484.0,92883.0,48345.0,14600.0,52133.0,61502.0,7754465.0
동백유엽검,미송검,포텐,0.0,0.0,0.0,182574.0,97272.0,113148.0,685061.0,524405.0,207539.0,287280.0,181053.0,126262.0,119520.0,353849.0,439367.0,144005.0,200061.0,322433.0,169857.0,158392.0,78898.0,33051.0,115179.0,105149.0,89176.0,79334.0,158248.0,62691.0,46130.0,69447.0,144281.0,70064.0,80920.0,13608.0,57274.0,96999.0,32816.0,64421.0,31383.0,40957.0,80206.0,39643.0,20720.0,26747.0,62510.0,33419.0,16399.0,29505.0,39102.0,43386.0,58842.0,55377.0,15841.0,22492.0,77549.0,112935.0,93621.0,57022.0,29499.0,41458.0,37724.0,34091.0,40947.0,24070.0,34914.0,69604.0,31863.0,64939.0,18951.0,34740.0,24458.0,25078.0,26364.0,14222.0,24495.0,6499.0,26736.0,38958.0,24228.0,56313.0,17855.0,27828.0,16406.0,13116.0,30616.0,22553.0,14916.0,15725.0,31638.0,16388.0,15718.0,22078.0,19274.0,9736.0,12000.0,7708.0,7691126.0
게임 속 정의로온 기사가 되었다,이동열,포텐,0.0,0.0,0.0,0.0,0.0,0.0,0.0,0.0,0.0,0.0,0.0,0.0,0.0,0.0,0.0,0.0,0.0,0.0,0.0,0.0,0.0,0.0,0.0,0.0,0.0,0.0,0.0,0.0,0.0,0.0,0.0,0.0,0.0,0.0,0.0,0.0,0.0,0.0,0.0,0.0,0.0,0.0,0.0,0.0,0.0,0.0,0.0,0.0,0.0,0.0,0.0,0.0,0.0,0.0,0.0,0.0,0.0,0.0,0.0,0.0,0.0,0.0,0.0,0.0,0.0,86997.0,4619426.0,656859.0,234892.0,210268.0,292061.0,110292.0,69776.0,179073.0,619057.0,84583.0,55714.0,68956.0,52780.0,13919.0,29813.0,14752.0,700.0,22018.0,3425.0,140.0,14295.0,4.0,65181.0,34524.0,36480.0,14117.0,17088.0,3674.0,25402.0,-1131.0,7635135.0
미친 재능의 막내공자님,작두콩,포텐,0.0,0.0,0.0,0.0,0.0,0.0,0.0,0.0,0.0,0.0,0.0,0.0,0.0,0.0,0.0,0.0,0.0,0.0,0.0,0.0,0.0,0.0,0.0,0.0,0.0,0.0,0.0,0.0,0.0,0.0,0.0,0.0,0.0,0.0,0.0,0.0,0.0,0.0,0.0,0.0,0.0,0.0,0.0,0.0,0.0,0.0,0.0,0.0,0.0,0.0,0.0,0.0,0.0,0.0,16030.0,116064.0,137361.0,65926.0,83845.0,17834.0,16195.0,131191.0,284951.0,3415011.0,494463.0,189546.0,301070.0,212664.0,75448.0,51034.0,44100.0,216742.0,52986.0,51951.0,119362.0,152705.0,66316.0,23216.0,41060.0,175220.0,207444.0,49430.0,156118.0,54068.0,19098.0,47416.0,60805.0,40530.0,7816.0,80219.0,23621.0,40602.0,24899.0,21636.0,157175.0,20795.0,7563963.0
나 혼자만 올마스터,성덕聲德,포텐,0.0,1111040.0,1342250.0,466620.0,684705.0,442769.0,301335.0,306065.0,352299.0,395042.0,1202243.0,165399.0,61446.0,695705.0,290509.0,145971.0,124124.0,618235.0,190711.0,183697.0,86106.0,63255.0,73686.0,72256.0,66283.0,39667.0,38676.0,23787.0,1750.0,319138.0,41230.0,89710.0,55016.0,34979.0,13888.0,56182.0,9030.0,5670.0,30520.0,20279.0,30786.0,11109.0,6328.0,840.0,4816.0,20676.0,38200.0,19180.0,43400.0,8092.0,-840.0,13650.0,210.0,3698.0,7227.0,3763.0,47313.0,29806.0,3822.0,10890.0,478.0,4480.0,22470.0,4520.0,-2590.0,252.0,5796.0,7420.0,2821.0,756.0,1190.0,9438.0,9316.0,16313.0,2331.0,4411.0,5229.0,33018.0,5110.0,18468.0,3490.0,7560.0,6300.0,693.0,886.0,16934.0,5040.0,3838.0,6720.0,6720.0,1335.0,1890.0,78.0,2520.0,630.0,2419.0,10742519.0
꿈꾸는 스타 메이커,뤼케시온,포텐,0.0,0.0,0.0,0.0,0.0,0.0,0.0,0.0,0.0,0.0,0.0,0.0,0.0,0.0,0.0,0.0,0.0,0.0,0.0,0.0,0.0,0.0,0.0,0.0,0.0,0.0,0.0,0.0,0.0,0.0,0.0,0.0,0.0,0.0,0.0,0.0,0.0,0.0,0.0,0.0,0.0,0.0,0.0,136738.0,302203.0,131835.0,1938411.0,153241.0,29975.0,86174.0,388654.0,49065.0,497557.0,87375.0,265588.0,201876.0,196769.0,344184.0,485357.0,326959.0,155019.0,353972.0,88168.0,103619.0,104177.0,107103.0,24066.0,23197.0,31562.0,22330.0,21643.0,68861.0,27592.0,46749.0,10401.0,46973.0,29949.0,46016.0,36712.0,21233.0,28199.0,22366.0,13411.0,21699.0,35704.0,32369.0,31409.0,22753.0,24159.0,16638.0,13570.0,9554.0,10581.0,5400.0,9691.0,1183.0,7289989.0
영웅은 쉬고 싶다,만선,포텐,0.0,0.0,0.0,0.0,0.0,0.0,0.0,0.0,0.0,0.0,0.0,0.0,0.0,0.0,0.0,0.0,0.0,0.0,0.0,0.0,0.0,4570090.0,556920.0,225820.0,246750.0,66220.0,77140.0,119532.0,64022.0,31080.0,92176.0,43526.0,62860.0,26544.0,25858.0,14042.0,9590.0,3080.0,8190.0,8610.0,-2520.0,11480.0,9730.0,14420.0,6580.0,-5740.0,8540.0,12138.0,57120.0,13860.0,124964.0,90048.0,217644.0,113852.0,71649.0,6871.0,17889.0,-5361.0,1999.0,2577.0,7927.0,2079.0,46122.0,18413.0,22104.0,649.0,-12322.0,-1252.0,130.0,1829.0,-1765.0,690.0,-874.0,4966.0,-1949.0,12019.0,942.0,1027.0,-3392.0,6842.0,1449.0,1003.0,1629.0,1965.0,21115.0,94285.0,28373.0,30703.0,25024.0,5101.0,5763.0,6258.0,18548.0,-271.0,957.0,10584.0,7376461.0
용사는 조용히 살고 싶다,Curtain Call,포텐,0.0,0.0,0.0,0.0,0.0,0.0,0.0,0.0,0.0,0.0,0.0,0.0,0.0,0.0,0.0,0.0,0.0,0.0,0.0,0.0,0.0,0.0,0.0,0.0,0.0,0.0,0.0,0.0,0.0,0.0,0.0,0.0,0.0,0.0,0.0,0.0,0.0,0.0,0.0,0.0,0.0,0.0,0.0,0.0,840.0,3150.0,285413.0,232496.0,3077976.0,537350.0,269211.0,441915.0,238296.0,169619.0,125734.0,497599.0,195561.0,252797.0,31609.0,13213.0,43798.0,19948.0,8243.0,22907.0,33531.0,3649.0,1289.0,210.0,70.0,5145.0,70.0,2195.0,224.0,2543.0,32137.0,3405.0,316.0,4754.0,1004.0,93.0,33377.0,163189.0,31984.0,70075.0,23645.0,24809.0,35116.0,77682.0,62582.0,63043.0,7135.0,4151.0,4070.0,8738.0,1953.0,3150.0,7173009.0
가리봉 마왕족발,디케이,포텐,0.0,0.0,0.0,0.0,0.0,0.0,0.0,0.0,0.0,0.0,0.0,0.0,0.0,0.0,0.0,0.0,0.0,0.0,0.0,0.0,0.0,0.0,0.0,0.0,0.0,0.0,0.0,0.0,0.0,0.0,0.0,0.0,0.0,0.0,0.0,0.0,0.0,0.0,0.0,0.0,0.0,0.0,0.0,0.0,2116.0,266322.0,3021759.0,606841.0,345758.0,396491.0,457566.0,310384.0,164665.0,233389.0,243931.0,85192.0,17522.0,124463.0,84851.0,147959.0,145847.0,64294.0,76325.0,13183.0,3643.0,11469.0,10960.0,10550.0,2599.0,13440.0,15435.0,13754.0,655.0,11700.0,560.0,1427.0,-2.0,70.0,0.0,764.0,23225.0,6080.0,68.0,5475.0,3843.0,63.0,849.0,980.0,0.0,0.0,498.0,1200.0,13681.0,92358.0,14805.0,8.0,7069015.0
리턴 에이스,백범,포텐,0.0,0.0,0.0,0.0,0.0,0.0,0.0,0.0,0.0,0.0,0.0,0.0,0.0,0.0,0.0,0.0,0.0,0.0,0.0,0.0,0.0,0.0,0.0,0.0,0.0,0.0,0.0,0.0,0.0,0.0,0.0,0.0,0.0,0.0,0.0,0.0,0.0,0.0,0.0,0.0,0.0,0.0,0.0,0.0,0.0,0.0,0.0,0.0,0.0,0.0,0.0,0.0,0.0,0.0,0.0,0.0,0.0,0.0,0.0,0.0,0.0,0.0,0.0,0.0,0.0,0.0,263806.0,2184358.0,629576.0,269402.0,185094.0,147872.0,82762.0,95310.0,92617.0,89134.0,111474.0,121220.0,114847.0,123144.0,199730.0,114436.0,229106.0,205904.0,215759.0,176232.0,237072.0,183539.0,104021.0,124000.0,107302.0,44176.0,43807.0,84343.0,71103.0,130224.0,6781370.0
헌터의 신석기,백범,포텐,0.0,0.0,0.0,0.0,0.0,0.0,0.0,0.0,0.0,0.0,0.0,0.0,96300.0,22000.0,898590.0,288610.0,34930.0,240189.0,2520.0,34650.0,26460.0,13860.0,27510.0,0.0,0.0,0.0,0.0,0.0,0.0,0.0,0.0,0.0,0.0,0.0,531860.0,160139.0,229264.0,889186.0,272475.0,61922.0,37811.0,796135.0,886107.0,376544.0,1263694.0,403863.0,309183.0,274652.0,291041.0,433438.0,305736.0,440683.0,268007.0,430887.0,111384.0,175839.0,100918.0,70510.0,89275.0,156784.0,156669.0,180675.0,146888.0,141179.0,113245.0,489346.0,236688.0,133979.0,74738.0,196178.0,69623.0,83234.0,60125.0,147767.0,145465.0,66974.0,81468.0,50591.0,96890.0,57579.0,70505.0,191945.0,110564.0,107183.0,110698.0,144639.0,310112.0,168346.0,109631.0,38385.0,208399.0,177081.0,60433.0,38714.0,68485.0,99643.0,15797020.0
귀환자는 왕이 되기로 했다,야우사,포텐,0.0,0.0,0.0,0.0,0.0,0.0,0.0,0.0,0.0,0.0,0.0,0.0,0.0,0.0,0.0,0.0,0.0,0.0,0.0,0.0,0.0,0.0,0.0,0.0,0.0,0.0,0.0,0.0,0.0,0.0,0.0,0.0,0.0,0.0,0.0,0.0,0.0,0.0,0.0,0.0,0.0,0.0,0.0,0.0,0.0,0.0,0.0,0.0,0.0,0.0,0.0,0.0,0.0,0.0,0.0,0.0,0.0,0.0,0.0,0.0,0.0,0.0,0.0,0.0,0.0,0.0,0.0,0.0,0.0,0.0,0.0,0.0,95433.0,353317.0,447915.0,345951.0,291721.0,666312.0,123150.0,243368.0,1073295.0,320333.0,258322.0,207720.0,525330.0,52440.0,104185.0,208010.0,113412.0,97459.0,26382.0,430496.0,17874.0,97068.0,34696.0,33141.0,6167330.0
나태한 연기 천재,빅피쉬,포텐,0.0,0.0,0.0,0.0,0.0,0.0,0.0,0.0,0.0,0.0,0.0,0.0,0.0,0.0,0.0,0.0,0.0,0.0,0.0,0.0,0.0,0.0,0.0,0.0,0.0,0.0,0.0,0.0,0.0,0.0,0.0,0.0,0.0,0.0,0.0,0.0,0.0,0.0,0.0,0.0,0.0,0.0,0.0,0.0,0.0,0.0,0.0,0.0,0.0,0.0,0.0,0.0,0.0,0.0,0.0,0.0,0.0,0.0,0.0,0.0,0.0,0.0,0.0,0.0,0.0,0.0,0.0,0.0,0.0,0.0,0.0,0.0,0.0,0.0,0.0,0.0,3859.0,71607.0,208412.0,2366341.0,340827.0,154106.0,258272.0,128419.0,64950.0,282748.0,219167.0,426648.0,199280.0,461753.0,19805.0,40516.0,18184.0,595250.0,223324.0,74464.0,6157932.0
어서 와 마왕은 처음이지,하늘곰,포텐,0.0,0.0,0.0,0.0,0.0,0.0,0.0,0.0,0.0,0.0,0.0,0.0,0.0,0.0,0.0,0.0,0.0,0.0,0.0,0.0,0.0,0.0,0.0,0.0,0.0,0.0,0.0,0.0,0.0,0.0,0.0,0.0,0.0,0.0,0.0,0.0,0.0,0.0,0.0,0.0,0.0,0.0,0.0,0.0,0.0,0.0,0.0,0.0,0.0,0.0,0.0,0.0,0.0,0.0,0.0,0.0,0.0,0.0,0.0,0.0,0.0,0.0,0.0,0.0,0.0,0.0,33927.0,115306.0,2768243.0,182242.0,172711.0,208126.0,203237.0,172154.0,45788.0,62431.0,41824.0,62404.0,192474.0,72321.0,285037.0,122106.0,127728.0,138195.0,105108.0,113769.0,111750.0,148687.0,35398.0,71496.0,36657.0,96173.0,38993.0,212412.0,22761.0,60773.0,6060231.0
대재앙의 플레이어,이형석,포텐,0.0,0.0,0.0,0.0,0.0,0.0,0.0,0.0,0.0,0.0,0.0,0.0,0.0,0.0,0.0,0.0,0.0,0.0,0.0,0.0,0.0,0.0,0.0,0.0,0.0,0.0,0.0,0.0,0.0,0.0,0.0,0.0,0.0,0.0,0.0,0.0,0.0,0.0,0.0,0.0,0.0,0.0,0.0,0.0,0.0,0.0,0.0,0.0,0.0,0.0,0.0,0.0,0.0,0.0,0.0,0.0,0.0,0.0,0.0,0.0,0.0,0.0,0.0,0.0,95233.0,460042.0,281472.0,74253.0,659853.0,191114.0,620795.0,184322.0,478615.0,445530.0,493189.0,196235.0,237343.0,130687.0,106455.0,102786.0,96379.0,151695.0,111962.0,15193.0,37599.0,81500.0,101868.0,53066.0,89823.0,26416.0,87788.0,91589.0,37484.0,84098.0,21601.0,120258.0,5966243.0
재벌 3세 탑 프로듀서 되다,팔월오일,포텐,0.0,0.0,0.0,0.0,0.0,0.0,0.0,0.0,0.0,0.0,0.0,0.0,0.0,0.0,0.0,0.0,0.0,0.0,0.0,0.0,0.0,0.0,0.0,0.0,0.0,125440.0,1061307.0,393261.0,188034.0,392799.0,240955.0,159398.0,327690.0,252560.0,94930.0,61875.0,446738.0,72500.0,110290.0,208471.0,73088.0,63156.0,299570.0,56248.0,22855.0,24490.0,21700.0,221892.0,51333.0,197380.0,55597.0,23715.0,17450.0,19067.0,11282.0,5564.0,24613.0,8805.0,27496.0,31762.0,15131.0,37163.0,23366.0,2399.0,26125.0,21397.0,16937.0,927.0,11877.0,14762.0,6173.0,4217.0,403.0,10792.0,12809.0,-617.0,4525.0,16851.0,22427.0,23097.0,5825.0,4655.0,10494.0,6404.0,3671.0,786.0,18012.0,642.0,11835.0,12494.0,8248.0,15275.0,6023.0,7506.0,-356.0,329.0,5775915.0
악당에서 재벌까지,백범,포텐,0.0,0.0,0.0,0.0,0.0,0.0,0.0,0.0,0.0,0.0,0.0,0.0,0.0,0.0,0.0,0.0,0.0,0.0,0.0,0.0,0.0,0.0,0.0,0.0,0.0,0.0,0.0,0.0,0.0,0.0,0.0,0.0,0.0,0.0,0.0,0.0,0.0,0.0,0.0,0.0,0.0,0.0,0.0,0.0,0.0,0.0,0.0,0.0,0.0,0.0,0.0,0.0,0.0,0.0,0.0,0.0,0.0,0.0,0.0,0.0,0.0,0.0,0.0,0.0,0.0,0.0,0.0,0.0,0.0,0.0,0.0,0.0,0.0,0.0,0.0,0.0,0.0,0.0,594316.0,370788.0,437972.0,172213.0,2415316.0,371108.0,347229.0,304627.0,3353534.0,623258.0,270862.0,173667.0,196766.0,149016.0,93496.0,103896.0,62616.0,78202.0,10118882.0
SSS급 괴물사냥꾼,북홀릭,포텐,0.0,0.0,0.0,0.0,0.0,0.0,0.0,0.0,0.0,0.0,0.0,0.0,0.0,0.0,0.0,0.0,0.0,0.0,0.0,0.0,0.0,0.0,0.0,0.0,0.0,0.0,0.0,0.0,0.0,509740.0,538160.0,520030.0,166600.0,58520.0,47250.0,54250.0,18900.0,5740.0,13160.0,5810.0,27930.0,11060.0,2940.0,24570.0,140.0,5320.0,5390.0,2450.0,0.0,2520.0,140.0,9030.0,55300.0,300378.0,863522.0,97076.0,27251.0,72780.0,19030.0,22596.0,108084.0,142693.0,174613.0,36674.0,2202.0,27522.0,368577.0,226278.0,131235.0,102547.0,68103.0,129643.0,68088.0,15266.0,60487.0,38395.0,35231.0,35778.0,62866.0,6560.0,16356.0,5714.0,41107.0,31690.0,30952.0,15529.0,6880.0,3167.0,55305.0,13954.0,31457.0,23365.0,22439.0,22617.0,19250.0,12694.0,5680901.0
기술포인트 찍고 우주테크 탑니다,시공전사,포텐,0.0,0.0,0.0,0.0,0.0,0.0,0.0,0.0,0.0,0.0,0.0,0.0,0.0,0.0,0.0,0.0,0.0,0.0,0.0,0.0,0.0,0.0,0.0,0.0,0.0,0.0,0.0,0.0,0.0,0.0,0.0,0.0,0.0,0.0,0.0,0.0,0.0,0.0,0.0,0.0,0.0,0.0,0.0,0.0,0.0,0.0,0.0,0.0,0.0,0.0,0.0,0.0,0.0,0.0,0.0,0.0,0.0,0.0,0.0,0.0,0.0,0.0,0.0,0.0,0.0,0.0,0.0,0.0,0.0,0.0,0.0,0.0,0.0,0.0,0.0,0.0,0.0,0.0,0.0,0.0,0.0,611604.0,1010167.0,855309.0,485940.0,930687.0,184225.0,1026584.0,185511.0,61723.0,86931.0,59847.0,35762.0,41606.0,28504.0,50138.0,5654538.0
S2급 결혼 헌터,백견(百見),포텐,0.0,0.0,0.0,0.0,0.0,15820.0,0.0,0.0,0.0,0.0,0.0,0.0,0.0,0.0,0.0,0.0,0.0,292849.0,778611.0,1044421.0,1108125.0,509941.0,448947.0,550849.0,270095.0,357026.0,473499.0,137305.0,118198.0,112473.0,242886.0,48370.0,65568.0,21980.0,15092.0,28208.0,10086.0,324342.0,32020.0,4813.0,82520.0,32460.0,24280.0,38780.0,23492.0,1820.0,24780.0,16310.0,35760.0,5250.0,7066.0,20580.0,19320.0,19740.0,4275.0,20484.0,27125.0,9350.0,17202.0,17629.0,23605.0,29290.0,24838.0,15867.0,868.0,21413.0,33587.0,21088.0,16599.0,5271.0,18500.0,6234.0,7079.0,8358.0,20102.0,16646.0,14379.0,29750.0,20187.0,1900.0,2160.0,7886.0,4860.0,12420.0,603.0,9924.0,12860.0,15500.0,1487.0,15619.0,19556.0,6650.0,3623.0,8769.0,6615.0,8718.0,7932558.0
게임 속 무기 소환사로 살아남기,쩡킴,포텐,0.0,0.0,0.0,0.0,0.0,0.0,0.0,0.0,0.0,0.0,0.0,0.0,0.0,0.0,0.0,0.0,0.0,0.0,0.0,0.0,0.0,0.0,0.0,0.0,0.0,0.0,0.0,0.0,0.0,0.0,0.0,0.0,0.0,0.0,0.0,0.0,0.0,0.0,0.0,0.0,0.0,0.0,0.0,0.0,0.0,0.0,0.0,0.0,0.0,0.0,0.0,0.0,0.0,0.0,0.0,0.0,0.0,0.0,0.0,0.0,0.0,0.0,0.0,0.0,0.0,0.0,0.0,0.0,0.0,1284983.0,993386.0,252165.0,338984.0,181220.0,175092.0,109266.0,165340.0,91390.0,94551.0,124226.0,244628.0,235346.0,76698.0,28783.0,133166.0,180273.0,76005.0,93944.0,67645.0,31902.0,8768.0,27304.0,21353.0,98648.0,120793.0,35484.0,5291343.0
올바른 방패 사용법,준준,포텐,0.0,0.0,0.0,0.0,0.0,0.0,0.0,0.0,0.0,0.0,0.0,0.0,0.0,0.0,0.0,0.0,0.0,0.0,0.0,0.0,0.0,0.0,0.0,0.0,0.0,0.0,207172.0,903255.0,328654.0,187042.0,442715.0,689839.0,250942.0,50660.0,106260.0,99079.0,69243.0,157224.0,20978.0,37690.0,59330.0,51920.0,98120.0,42746.0,33280.0,27790.0,44791.0,99230.0,58028.0,22246.0,70210.0,57470.0,12860.0,14197.0,30469.0,1652.0,33542.0,14799.0,2520.0,238.0,25914.0,2869.0,22640.0,30880.0,9187.0,15932.0,20232.0,19308.0,14386.0,-1862.0,10836.0,131.0,16745.0,-1436.0,3780.0,23083.0,11313.0,10810.0,3237.0,18297.0,12804.0,0.0,14952.0,16695.0,33493.0,283211.0,23969.0,25145.0,1738.0,17156.0,22390.0,15990.0,10955.0,0.0,0.0,0.0,5060971.0
게임 속 기갑함대에 들어갔다,환상개발자,포텐,0.0,0.0,0.0,0.0,0.0,0.0,0.0,0.0,0.0,0.0,0.0,0.0,0.0,0.0,0.0,0.0,0.0,0.0,0.0,0.0,0.0,0.0,0.0,0.0,0.0,0.0,0.0,0.0,0.0,0.0,0.0,0.0,0.0,0.0,0.0,0.0,0.0,0.0,0.0,0.0,0.0,0.0,0.0,0.0,0.0,0.0,0.0,0.0,0.0,0.0,0.0,0.0,0.0,0.0,0.0,1899819.0,189907.0,121072.0,242030.0,117436.0,141892.0,99776.0,38217.0,116489.0,235001.0,92578.0,120383.0,122196.0,129734.0,110537.0,46655.0,49758.0,41276.0,67764.0,41392.0,74174.0,64291.0,47055.0,112577.0,77582.0,48079.0,70898.0,74349.0,51144.0,26197.0,38541.0,15448.0,24965.0,7557.0,5506.0,11164.0,2176.0,10278.0,37094.0,23862.0,42589.0,4889438.0
SSS급 블러드헌터,백범,포텐,0.0,0.0,0.0,0.0,0.0,0.0,0.0,0.0,0.0,0.0,0.0,0.0,0.0,0.0,0.0,0.0,0.0,0.0,0.0,0.0,0.0,0.0,0.0,0.0,0.0,0.0,0.0,0.0,0.0,0.0,0.0,0.0,0.0,0.0,0.0,0.0,0.0,0.0,0.0,0.0,0.0,0.0,0.0,0.0,0.0,0.0,0.0,0.0,0.0,0.0,0.0,0.0,0.0,0.0,0.0,0.0,0.0,0.0,0.0,0.0,0.0,0.0,0.0,0.0,0.0,437010.0,615697.0,91364.0,582101.0,1166472.0,445085.0,317176.0,197237.0,197208.0,66150.0,80384.0,45014.0,76333.0,52582.0,54420.0,29771.0,76770.0,22551.0,21849.0,18698.0,40556.0,19138.0,48387.0,25857.0,24447.0,22864.0,5163.0,31282.0,27380.0,23459.0,20354.0,4882759.0
제천금왕,강필,포텐,0.0,0.0,0.0,0.0,0.0,0.0,0.0,0.0,0.0,0.0,0.0,0.0,0.0,0.0,0.0,0.0,0.0,0.0,0.0,0.0,0.0,0.0,0.0,0.0,0.0,38360.0,567070.0,455658.0,235592.0,197708.0,171206.0,341628.0,239456.0,138950.0,124110.0,79821.0,90818.0,114240.0,92043.0,40040.0,51576.0,51009.0,35000.0,73150.0,78260.0,9100.0,3360.0,17479.0,15904.0,882.0,18830.0,7600.0,5705.0,19726.0,7105.0,28821.0,1934.0,24018.0,35818.0,16090.0,57626.0,171513.0,161417.0,52759.0,197463.0,97423.0,36731.0,7255.0,15724.0,2394.0,15662.0,189.0,382.0,4266.0,4095.0,693.0,9368.0,10911.0,84812.0,82731.0,102362.0,24488.0,145.0,1071.0,10399.0,50904.0,44388.0,12964.0,8218.0,27909.0,21420.0,31142.0,10313.0,18120.0,3059.0,5733.0,4814116.0
공감의 요리사,진시월,포텐,0.0,0.0,0.0,0.0,0.0,0.0,0.0,0.0,0.0,0.0,0.0,0.0,0.0,0.0,0.0,0.0,0.0,0.0,0.0,891898.0,285797.0,269740.0,120302.0,85839.0,287803.0,122127.0,651770.0,276500.0,125980.0,129337.0,98850.0,89356.0,63286.0,68410.0,290653.0,68760.0,32984.0,21840.0,8380.0,2380.0,76809.0,21820.0,3590.0,11620.0,26110.0,2940.0,8680.0,210.0,13160.0,56350.0,2940.0,5490.0,2660.0,16041.0,12629.0,3150.0,2783.0,2075.0,5155.0,8520.0,7620.0,151.0,0.0,1285.0,346.0,991.0,3146.0,0.0,2520.0,2800.0,70.0,11433.0,145.0,651.0,3892.0,0.0,1.0,1050.0,2783.0,0.0,0.0,3969.0,0.0,70.0,1814.0,1154.0,10519.0,0.0,0.0,1820.0,1330.0,0.0,75.0,0.0,0.0,1103.0,4335462.0
월드스타가 될 운명입니다,마늘소금,포텐,0.0,0.0,0.0,0.0,0.0,0.0,0.0,0.0,0.0,0.0,0.0,0.0,0.0,0.0,0.0,0.0,0.0,0.0,0.0,0.0,0.0,0.0,0.0,0.0,0.0,0.0,0.0,0.0,0.0,0.0,0.0,0.0,0.0,0.0,0.0,0.0,0.0,0.0,0.0,0.0,0.0,0.0,0.0,0.0,0.0,0.0,0.0,0.0,0.0,0.0,0.0,0.0,0.0,0.0,0.0,0.0,0.0,0.0,0.0,0.0,0.0,0.0,0.0,0.0,0.0,0.0,0.0,0.0,0.0,0.0,0.0,0.0,0.0,0.0,0.0,0.0,0.0,0.0,0.0,0.0,0.0,0.0,0.0,0.0,0.0,0.0,0.0,0.0,116650.0,1824799.0,630464.0,435100.0,265525.0,278610.0,316020.0,170859.0,4038027.0
회귀했더니 개쩔더라,쌈마이,포텐,0.0,0.0,0.0,0.0,0.0,0.0,0.0,0.0,0.0,0.0,0.0,0.0,0.0,0.0,0.0,0.0,0.0,0.0,0.0,387590.0,553770.0,278110.0,193200.0,978470.0,70961.0,322226.0,306359.0,269820.0,47233.0,80948.0,193329.0,24260.0,9811.0,187024.0,30130.0,48545.0,30268.0,21070.0,7550.0,30982.0,1540.0,9290.0,630.0,18634.0,11098.0,6900.0,113600.0,430682.0,397326.0,69660.0,57620.0,75590.0,28380.0,34707.0,53294.0,127720.0,54332.0,99805.0,97719.0,5418.0,40711.0,71704.0,133895.0,20552.0,11805.0,19803.0,9231.0,15994.0,12870.0,14724.0,13998.0,23522.0,-2290.0,3714.0,16161.0,5950.0,6207.0,18183.0,9230.0,9647.0,9446.0,10350.0,26544.0,13074.0,1366.0,22019.0,19351.0,1543.0,14630.0,3240.0,5823.0,15546.0,2583.0,11161.0,26307.0,19019.0,6423214.0
구독했더니 히트작이 쉽다,두루치기,포텐,0.0,0.0,0.0,0.0,0.0,0.0,0.0,0.0,0.0,0.0,0.0,0.0,0.0,0.0,0.0,0.0,0.0,0.0,0.0,0.0,0.0,0.0,0.0,0.0,0.0,0.0,0.0,0.0,0.0,0.0,0.0,0.0,0.0,0.0,0.0,0.0,0.0,0.0,0.0,0.0,0.0,0.0,0.0,0.0,0.0,0.0,0.0,0.0,0.0,0.0,0.0,0.0,0.0,0.0,0.0,0.0,0.0,0.0,0.0,0.0,0.0,0.0,0.0,0.0,0.0,0.0,0.0,0.0,0.0,0.0,0.0,0.0,0.0,0.0,0.0,0.0,0.0,0.0,0.0,0.0,0.0,0.0,0.0,0.0,0.0,108448.0,1510338.0,541732.0,271972.0,209762.0,359464.0,281653.0,0.0,0.0,303946.0,368226.0,3955541.0
당가의 실험체가 되었다,진시월,포텐,0.0,0.0,0.0,0.0,0.0,0.0,0.0,0.0,0.0,0.0,0.0,0.0,0.0,0.0,0.0,0.0,0.0,0.0,0.0,0.0,0.0,0.0,0.0,0.0,0.0,0.0,0.0,0.0,0.0,0.0,0.0,0.0,0.0,0.0,0.0,0.0,0.0,0.0,0.0,0.0,0.0,0.0,0.0,0.0,0.0,0.0,0.0,0.0,0.0,0.0,0.0,0.0,0.0,0.0,0.0,0.0,0.0,0.0,0.0,0.0,0.0,0.0,0.0,0.0,0.0,52521.0,3042296.0,83438.0,27472.0,16855.0,68186.0,48195.0,27514.0,46687.0,22699.0,2443.0,14521.0,2659.0,16246.0,1565.0,10450.0,9707.0,2650.0,75.0,572.0,0.0,268.0,2736.0,55492.0,232210.0,16030.0,5055.0,27429.0,74023.0,12846.0,26018.0,3948858.0
절대자는 신혼이다,글빌런,포텐,0.0,0.0,0.0,0.0,0.0,0.0,0.0,0.0,0.0,0.0,0.0,0.0,0.0,0.0,0.0,0.0,0.0,0.0,0.0,0.0,0.0,0.0,0.0,0.0,0.0,0.0,0.0,0.0,0.0,0.0,0.0,0.0,0.0,0.0,0.0,0.0,0.0,0.0,0.0,0.0,0.0,0.0,0.0,0.0,0.0,0.0,0.0,0.0,0.0,0.0,0.0,0.0,0.0,0.0,0.0,0.0,0.0,0.0,0.0,0.0,0.0,0.0,0.0,0.0,0.0,0.0,0.0,0.0,0.0,111786.0,2147787.0,602906.0,174741.0,31716.0,54132.0,45731.0,36245.0,20542.0,3321.0,1912.0,4933.0,1658.0,8786.0,2352.0,817.0,231119.0,226785.0,67548.0,31154.0,11151.0,9353.0,8746.0,4846.0,36597.0,11332.0,6250.0,3894246.0
위대한 존재의째 아들은 재벌로 산다,박재학,포텐,0.0,0.0,0.0,0.0,0.0,0.0,0.0,0.0,0.0,0.0,0.0,0.0,0.0,0.0,0.0,0.0,0.0,0.0,0.0,0.0,0.0,0.0,0.0,0.0,0.0,0.0,0.0,0.0,0.0,0.0,0.0,0.0,0.0,0.0,0.0,0.0,0.0,0.0,0.0,0.0,0.0,0.0,0.0,0.0,0.0,0.0,0.0,0.0,0.0,0.0,0.0,0.0,0.0,0.0,0.0,0.0,0.0,0.0,0.0,0.0,0.0,0.0,0.0,0.0,0.0,0.0,0.0,0.0,0.0,0.0,0.0,0.0,0.0,469714.0,621772.0,663209.0,494328.0,433969.0,343622.0,358837.0,69993.0,50040.0,45644.0,22617.0,28103.0,49315.0,71825.0,5472.0,16284.0,22014.0,24827.0,13783.0,9513.0,9414.0,5496.0,2409.0,3832200.0
이번 생도 검뿐이다,벌꿀오소리,포텐,0.0,0.0,0.0,0.0,0.0,0.0,0.0,0.0,0.0,0.0,0.0,0.0,0.0,0.0,0.0,0.0,0.0,0.0,0.0,0.0,0.0,0.0,0.0,0.0,0.0,0.0,0.0,0.0,0.0,0.0,0.0,0.0,0.0,0.0,0.0,0.0,0.0,0.0,0.0,0.0,0.0,0.0,0.0,0.0,0.0,0.0,0.0,0.0,0.0,0.0,0.0,0.0,0.0,0.0,0.0,0.0,0.0,0.0,0.0,0.0,0.0,0.0,0.0,0.0,0.0,0.0,0.0,0.0,0.0,130006.0,1479123.0,332908.0,108033.0,167216.0,141171.0,77532.0,93375.0,100656.0,92822.0,78048.0,28305.0,88013.0,11961.0,132202.0,257336.0,55679.0,120709.0,66780.0,95083.0,44318.0,40147.0,3690.0,4355.0,12392.0,4286.0,8096.0,3774242.0
진짜 사나이,백범,포텐,0.0,0.0,0.0,0.0,0.0,0.0,0.0,0.0,0.0,0.0,0.0,0.0,0.0,0.0,0.0,0.0,0.0,0.0,0.0,0.0,0.0,0.0,0.0,0.0,0.0,0.0,0.0,0.0,0.0,0.0,0.0,0.0,0.0,0.0,0.0,0.0,0.0,0.0,0.0,0.0,0.0,0.0,0.0,0.0,0.0,0.0,0.0,0.0,0.0,0.0,0.0,0.0,0.0,0.0,0.0,0.0,0.0,0.0,0.0,0.0,0.0,0.0,0.0,0.0,0.0,0.0,0.0,0.0,0.0,0.0,0.0,0.0,0.0,0.0,0.0,0.0,0.0,0.0,244553.0,151968.0,210539.0,54219.0,1106649.0,283830.0,299887.0,66744.0,372673.0,129376.0,76434.0,57102.0,41535.0,40236.0,88916.0,35025.0,44456.0,15414.0,3319556.0
천마를 다운로드합니다,이세계사장,포텐,0.0,0.0,0.0,0.0,0.0,0.0,0.0,0.0,0.0,0.0,0.0,0.0,0.0,0.0,0.0,0.0,0.0,0.0,0.0,0.0,0.0,0.0,0.0,0.0,0.0,0.0,0.0,0.0,0.0,0.0,0.0,0.0,0.0,0.0,0.0,0.0,0.0,0.0,0.0,0.0,0.0,0.0,0.0,0.0,0.0,0.0,0.0,0.0,0.0,0.0,0.0,0.0,0.0,0.0,0.0,0.0,0.0,0.0,0.0,0.0,0.0,0.0,0.0,0.0,0.0,0.0,0.0,0.0,0.0,0.0,0.0,0.0,0.0,0.0,0.0,0.0,0.0,0.0,0.0,0.0,0.0,0.0,0.0,0.0,0.0,114914.0,1425181.0,266726.0,275395.0,183520.0,255072.0,133042.0,197599.0,189389.0,175906.0,45914.0,3262658.0
나는 작가다,만선,포텐,0.0,0.0,0.0,0.0,0.0,0.0,0.0,0.0,0.0,0.0,0.0,0.0,436450.0,160881.0,49245.0,69468.0,79380.0,352213.0,98074.0,43687.0,50211.0,180693.0,25704.0,8757.0,31740.0,504354.0,20550.0,14301.0,28119.0,16853.0,661657.0,27468.0,8099.0,13440.0,18914.0,10710.0,19061.0,9114.0,7749.0,2240.0,1197.0,2898.0,0.0,1134.0,11781.0,4536.0,9954.0,3402.0,7023.0,12929.0,16310.0,5796.0,10787.0,0.0,0.0,18237.0,7667.0,11487.0,2268.0,3880.0,1247.0,4082.0,0.0,0.0,3780.0,7400.0,0.0,7182.0,1360.0,0.0,0.0,4649.0,0.0,0.0,0.0,2268.0,0.0,847.0,0.0,2172.0,1197.0,77168.0,567.0,8960.0,14676.0,0.0,6078.0,15736.0,4082.0,5178.0,5942.0,6804.0,0.0,0.0,0.0,0.0,3261793.0
게임 시스템으로 현실 대박,백범,포텐,0.0,0.0,0.0,0.0,0.0,0.0,0.0,0.0,0.0,0.0,0.0,0.0,0.0,0.0,0.0,0.0,0.0,0.0,0.0,0.0,0.0,0.0,0.0,0.0,0.0,0.0,0.0,0.0,0.0,0.0,0.0,0.0,0.0,0.0,0.0,0.0,0.0,0.0,0.0,0.0,0.0,0.0,0.0,0.0,0.0,0.0,0.0,0.0,0.0,0.0,0.0,0.0,0.0,0.0,0.0,0.0,0.0,0.0,0.0,0.0,0.0,0.0,0.0,0.0,0.0,0.0,0.0,0.0,0.0,0.0,0.0,0.0,0.0,0.0,0.0,0.0,0.0,0.0,291418.0,78388.0,230599.0,583159.0,919730.0,211902.0,142489.0,78200.0,72152.0,42863.0,32836.0,115008.0,52577.0,28852.0,54545.0,54881.0,30836.0,14490.0,3034925.0
질풍시대,이원호,프로무림,0.0,0.0,0.0,0.0,0.0,0.0,0.0,0.0,0.0,0.0,0.0,388100.0,657300.0,298000.0,100700.0,70200.0,30300.0,21000.0,24300.0,41100.0,37200.0,40000.0,44800.0,31100.0,11600.0,51500.0,43400.0,30400.0,32000.0,51800.0,45600.0,12600.0,34500.0,39900.0,10100.0,18600.0,22300.0,0.0,0.0,0.0,0.0,0.0,0.0,0.0,0.0,0.0,0.0,0.0,0.0,0.0,0.0,0.0,0.0,0.0,25824.0,64321.0,25600.0,24732.0,11100.0,756.0,18313.0,13300.0,17560.0,3240.0,11124.0,11608.0,20844.0,44776.0,21508.0,10960.0,21600.0,21600.0,45160.0,66552.0,29892.0,11016.0,8316.0,0.0,12956.0,10692.0,9721.0,5000.0,0.0,17713.0,1079.0,8640.0,20908.0,10779.0,9613.0,0.0,521.0,3560.0,13152.0,12984.0,0.0,5292.0,2860712.0
귀환 대마법사의 힐링 라이프,나노제이,포텐,0.0,0.0,0.0,0.0,0.0,0.0,0.0,0.0,0.0,0.0,0.0,0.0,0.0,0.0,0.0,0.0,0.0,0.0,0.0,0.0,0.0,0.0,0.0,0.0,0.0,0.0,0.0,0.0,0.0,0.0,0.0,0.0,0.0,0.0,0.0,0.0,0.0,0.0,0.0,0.0,0.0,0.0,0.0,0.0,0.0,0.0,0.0,0.0,0.0,0.0,0.0,0.0,0.0,0.0,0.0,1082595.0,1317941.0,133224.0,71302.0,34185.0,17660.0,48462.0,12099.0,7578.0,9468.0,2114.0,10805.0,4656.0,4638.0,4226.0,2882.0,1953.0,4856.0,68.0,2659.0,1449.0,2021.0,6783.0,63.0,189.0,2714.0,824.0,136.0,2177.0,131.0,257.0,393.0,5877.0,3255.0,0.0,1091.0,52.0,650.0,6027.0,2748.0,189.0,2810397.0
프로페셔널,이원호,프로무림,0.0,0.0,0.0,0.0,0.0,0.0,0.0,0.0,0.0,0.0,0.0,232900.0,437600.0,258700.0,121700.0,89500.0,11100.0,12700.0,67100.0,41300.0,37800.0,66500.0,60300.0,35900.0,27800.0,44700.0,40800.0,20700.0,46700.0,56900.0,33995.0,40900.0,56400.0,38700.0,6800.0,33600.0,34100.0,0.0,0.0,0.0,0.0,0.0,0.0,0.0,0.0,0.0,0.0,0.0,0.0,0.0,0.0,0.0,0.0,0.0,18648.0,53937.0,10208.0,34213.0,20679.0,0.0,22313.0,22292.0,0.0,20376.0,34989.0,18971.0,708.0,20937.0,64884.0,12852.0,14095.0,40995.0,84213.0,55156.0,32600.0,30837.0,1079.0,17560.0,648.0,10000.0,3240.0,3000.0,12313.0,0.0,0.0,14076.0,31208.0,13900.0,3024.0,22421.0,12500.0,24300.0,1405.0,13913.0,8000.0,3605.0,2765290.0
작곡가 최현일,투뮤,포텐,0.0,0.0,0.0,0.0,0.0,0.0,0.0,0.0,0.0,0.0,0.0,0.0,0.0,0.0,0.0,0.0,0.0,0.0,0.0,0.0,0.0,0.0,0.0,0.0,0.0,0.0,0.0,0.0,0.0,0.0,0.0,229481.0,478754.0,203780.0,95058.0,66273.0,148688.0,65980.0,24702.0,91670.0,78127.0,42784.0,183905.0,217191.0,71709.0,22960.0,56000.0,11286.0,28121.0,24990.0,24367.0,47717.0,19250.0,21525.0,18472.0,39109.0,20802.0,42056.0,109664.0,12046.0,4209.0,19480.0,12365.0,1875.0,16573.0,4900.0,24805.0,60.0,7744.0,1486.0,1260.0,1370.0,2385.0,15813.0,1.0,5309.0,3061.0,3090.0,1510.0,3945.0,13875.0,630.0,0.0,48918.0,17137.0,6415.0,458.0,0.0,1260.0,2695.0,6405.0,4081.0,1827.0,5859.0,756.0,5516.0,2743540.0
너무 잘 아는 게임에 소환됐다,지피노,포텐,0.0,0.0,0.0,0.0,0.0,0.0,0.0,0.0,0.0,0.0,0.0,0.0,0.0,0.0,0.0,0.0,0.0,0.0,0.0,0.0,0.0,0.0,0.0,0.0,0.0,0.0,0.0,0.0,0.0,0.0,0.0,0.0,0.0,0.0,0.0,0.0,0.0,0.0,0.0,0.0,0.0,0.0,0.0,0.0,0.0,0.0,0.0,0.0,0.0,46678.0,1737346.0,511098.0,94166.0,78388.0,52943.0,15188.0,9758.0,4606.0,17402.0,15729.0,22578.0,8405.0,14058.0,19605.0,70.0,10683.0,910.0,2240.0,3500.0,8960.0,6930.0,1.0,300.0,0.0,0.0,3150.0,2963.0,2.0,0.0,229.0,13581.0,84.0,0.0,0.0,0.0,0.0,0.0,135.0,0.0,0.0,840.0,458.0,1.0,1890.0,0.0,0.0,2704875.0
신석기 오펜스 족장이 되었다,백범,포텐,0.0,0.0,0.0,0.0,0.0,0.0,0.0,0.0,0.0,0.0,0.0,0.0,0.0,0.0,0.0,0.0,0.0,0.0,0.0,0.0,0.0,0.0,0.0,0.0,0.0,0.0,0.0,0.0,0.0,0.0,0.0,0.0,0.0,0.0,0.0,0.0,0.0,0.0,0.0,0.0,0.0,0.0,0.0,0.0,0.0,0.0,0.0,0.0,0.0,0.0,0.0,0.0,0.0,0.0,0.0,0.0,0.0,0.0,0.0,0.0,0.0,0.0,0.0,0.0,0.0,0.0,0.0,0.0,0.0,0.0,0.0,0.0,0.0,0.0,0.0,0.0,0.0,0.0,122535.0,85360.0,30877.0,108771.0,754168.0,291789.0,217186.0,141249.0,147911.0,75581.0,128908.0,9102.0,199613.0,61956.0,34904.0,32819.0,62554.0,32663.0,2537946.0
망겜의 고인물로 살아남기,휴헤,포텐,0.0,0.0,0.0,0.0,0.0,0.0,0.0,0.0,0.0,0.0,0.0,0.0,0.0,0.0,0.0,0.0,0.0,0.0,0.0,0.0,0.0,0.0,0.0,0.0,0.0,0.0,0.0,0.0,0.0,0.0,0.0,0.0,0.0,0.0,0.0,0.0,0.0,0.0,0.0,0.0,0.0,0.0,0.0,0.0,0.0,0.0,128.0,46230.0,71030.0,260988.0,65063.0,48381.0,413406.0,171278.0,64914.0,83438.0,135768.0,155734.0,25479.0,22008.0,30942.0,8015.0,28120.0,30941.0,43470.0,49803.0,15551.0,48914.0,28523.0,36087.0,4022.0,25682.0,5996.0,13869.0,0.0,0.0,13684.0,0.0,1236.0,13759.0,893.0,0.0,12156.0,16905.0,17458.0,20144.0,20363.0,149.0,4555.0,19890.0,13475.0,28401.0,5923.0,1388.0,18208.0,6055.0,2148422.0
역대급 빌런이 되었다,백범,포텐,0.0,0.0,0.0,0.0,0.0,0.0,0.0,0.0,0.0,0.0,0.0,0.0,0.0,0.0,0.0,0.0,0.0,0.0,0.0,0.0,0.0,0.0,0.0,0.0,0.0,0.0,0.0,0.0,0.0,0.0,0.0,0.0,0.0,0.0,0.0,0.0,0.0,0.0,0.0,0.0,0.0,0.0,0.0,0.0,0.0,0.0,0.0,0.0,0.0,0.0,0.0,0.0,0.0,0.0,0.0,0.0,0.0,0.0,0.0,0.0,0.0,0.0,0.0,0.0,0.0,0.0,0.0,0.0,0.0,0.0,0.0,0.0,0.0,0.0,0.0,0.0,0.0,0.0,78573.0,68140.0,189940.0,117801.0,628075.0,227197.0,185595.0,75511.0,92185.0,16744.0,30407.0,31279.0,59055.0,13342.0,31584.0,12397.0,19656.0,228946.0,2106427.0
초인의 전설,이원호,프로무림,0.0,0.0,0.0,0.0,0.0,0.0,0.0,0.0,0.0,0.0,0.0,248300.0,486300.0,150900.0,85200.0,86300.0,51800.0,23000.0,24600.0,18900.0,24500.0,20600.0,26600.0,18400.0,10000.0,44600.0,19200.0,35700.0,18900.0,38700.0,16200.0,12300.0,17000.0,22500.0,0.0,5300.0,12100.0,0.0,0.0,0.0,0.0,0.0,0.0,0.0,0.0,0.0,0.0,0.0,0.0,0.0,0.0,0.0,0.0,0.0,8532.0,44056.0,23171.0,11016.0,19056.0,2500.0,18468.0,16200.0,1079.0,587.0,5400.0,24729.0,6900.0,40700.0,10200.0,3240.0,3821.0,12421.0,11187.0,11700.0,20495.0,15400.0,5400.0,0.0,863.0,600.0,6695.0,10800.0,0.0,0.0,11300.0,2808.0,3024.0,14176.0,10000.0,2152.0,18400.0,0.0,0.0,216.0,0.0,0.0,1915192.0
티끌 모아 대박,백범,포텐,0.0,0.0,0.0,0.0,0.0,0.0,0.0,0.0,0.0,0.0,0.0,0.0,0.0,0.0,0.0,0.0,0.0,1346100.0,384300.0,88200.0,33600.0,37800.0,23100.0,0.0,0.0,0.0,0.0,0.0,0.0,0.0,0.0,0.0,0.0,0.0,0.0,0.0,0.0,0.0,0.0,0.0,0.0,0.0,0.0,0.0,0.0,0.0,0.0,0.0,0.0,0.0,0.0,0.0,0.0,0.0,0.0,0.0,0.0,0.0,0.0,0.0,0.0,0.0,0.0,0.0,0.0,0.0,0.0,0.0,0.0,0.0,0.0,0.0,0.0,0.0,0.0,0.0,0.0,0.0,0.0,0.0,0.0,0.0,0.0,0.0,0.0,0.0,0.0,0.0,85699.0,700.0,160838.0,168656.0,48859.0,20507.0,51774.0,88139.0,2538272.0
검혼기행,촌공,포텐,0.0,0.0,0.0,0.0,0.0,0.0,0.0,0.0,0.0,0.0,0.0,0.0,0.0,0.0,0.0,0.0,0.0,0.0,0.0,0.0,0.0,0.0,0.0,0.0,0.0,0.0,0.0,0.0,0.0,0.0,0.0,0.0,0.0,0.0,0.0,0.0,0.0,0.0,0.0,0.0,0.0,0.0,0.0,0.0,0.0,0.0,0.0,0.0,0.0,0.0,0.0,0.0,0.0,0.0,0.0,0.0,0.0,0.0,0.0,0.0,0.0,0.0,0.0,0.0,0.0,0.0,0.0,0.0,0.0,0.0,0.0,0.0,0.0,0.0,0.0,0.0,0.0,0.0,0.0,0.0,0.0,0.0,0.0,0.0,0.0,0.0,0.0,0.0,0.0,0.0,0.0,97398.0,1170189.0,291928.0,167934.0,102602.0,1830051.0
E급 탱커의 비상,류다,포텐,0.0,0.0,0.0,0.0,0.0,0.0,0.0,0.0,0.0,0.0,0.0,0.0,0.0,0.0,0.0,0.0,0.0,0.0,0.0,0.0,0.0,0.0,0.0,0.0,0.0,0.0,0.0,0.0,0.0,0.0,0.0,0.0,0.0,0.0,0.0,0.0,0.0,0.0,0.0,0.0,0.0,0.0,0.0,0.0,0.0,0.0,0.0,0.0,0.0,0.0,0.0,0.0,0.0,0.0,0.0,0.0,0.0,0.0,0.0,0.0,0.0,0.0,0.0,0.0,0.0,0.0,0.0,0.0,0.0,0.0,0.0,0.0,0.0,0.0,0.0,0.0,0.0,0.0,0.0,0.0,0.0,0.0,0.0,0.0,0.0,0.0,0.0,0.0,8288.0,892748.0,297365.0,262600.0,171881.0,92013.0,36397.0,46293.0,1807585.0
야구랑 연애를 잘함,백범,포텐,0.0,0.0,0.0,0.0,0.0,0.0,0.0,0.0,0.0,0.0,0.0,0.0,0.0,0.0,0.0,0.0,0.0,0.0,0.0,0.0,0.0,0.0,0.0,0.0,0.0,0.0,0.0,0.0,0.0,0.0,0.0,0.0,0.0,0.0,0.0,0.0,0.0,0.0,0.0,0.0,0.0,0.0,0.0,0.0,0.0,0.0,0.0,0.0,0.0,0.0,0.0,0.0,0.0,0.0,0.0,0.0,0.0,0.0,0.0,0.0,0.0,0.0,0.0,0.0,0.0,0.0,0.0,0.0,0.0,0.0,0.0,0.0,0.0,0.0,0.0,0.0,0.0,0.0,78058.0,94541.0,113023.0,127070.0,498778.0,118100.0,111864.0,118529.0,49548.0,37816.0,18637.0,12810.0,48771.0,19850.0,24642.0,25223.0,11156.0,258771.0,1767187.0
출판으로 재벌 되기,백범,포텐,0.0,0.0,0.0,0.0,0.0,0.0,0.0,0.0,0.0,0.0,0.0,0.0,0.0,0.0,0.0,0.0,0.0,0.0,0.0,0.0,0.0,0.0,0.0,0.0,0.0,0.0,0.0,0.0,0.0,0.0,0.0,0.0,0.0,0.0,0.0,0.0,0.0,0.0,0.0,0.0,0.0,0.0,0.0,0.0,0.0,0.0,0.0,0.0,0.0,0.0,0.0,0.0,0.0,0.0,0.0,0.0,0.0,0.0,0.0,0.0,0.0,0.0,0.0,0.0,0.0,0.0,0.0,0.0,0.0,0.0,0.0,0.0,0.0,0.0,0.0,0.0,0.0,0.0,40320.0,53436.0,216129.0,38046.0,704392.0,130248.0,110517.0,94935.0,104684.0,52757.0,33194.0,33571.0,25387.0,27618.0,9408.0,45952.0,14903.0,2591.0,1738088.0
시간여행자는 재벌 황제가 된다,박재학,포텐,0.0,0.0,0.0,0.0,0.0,0.0,0.0,0.0,0.0,0.0,0.0,0.0,0.0,0.0,0.0,0.0,0.0,0.0,0.0,0.0,0.0,0.0,0.0,0.0,0.0,0.0,0.0,0.0,0.0,0.0,0.0,0.0,0.0,0.0,0.0,0.0,0.0,0.0,0.0,0.0,0.0,0.0,0.0,0.0,0.0,0.0,0.0,0.0,0.0,0.0,0.0,0.0,0.0,0.0,0.0,0.0,0.0,0.0,0.0,0.0,0.0,0.0,0.0,0.0,0.0,0.0,0.0,0.0,0.0,0.0,0.0,0.0,0.0,0.0,0.0,0.0,0.0,0.0,0.0,0.0,0.0,0.0,0.0,0.0,0.0,0.0,0.0,754200.0,261845.0,86854.0,40248.0,57319.0,7437.0,14881.0,1059.0,2523.0,1226366.0
재앙급 사냥개가 돌아왔다,일황,포텐,0.0,0.0,0.0,0.0,0.0,0.0,0.0,0.0,0.0,0.0,0.0,0.0,0.0,0.0,0.0,0.0,0.0,0.0,0.0,0.0,0.0,0.0,0.0,0.0,0.0,0.0,0.0,0.0,0.0,0.0,0.0,0.0,0.0,0.0,0.0,0.0,0.0,0.0,0.0,0.0,0.0,0.0,0.0,0.0,0.0,0.0,0.0,0.0,0.0,0.0,0.0,0.0,0.0,0.0,0.0,0.0,0.0,0.0,0.0,0.0,0.0,0.0,0.0,0.0,0.0,0.0,0.0,0.0,0.0,0.0,0.0,0.0,0.0,0.0,0.0,0.0,0.0,0.0,0.0,0.0,0.0,0.0,0.0,0.0,0.0,0.0,0.0,0.0,0.0,0.0,0.0,0.0,0.0,0.0,234468.0,735258.0,969726.0
천재 작가는 어플로 꿀 빱니다,두루치기,포텐,0.0,0.0,0.0,0.0,0.0,0.0,0.0,0.0,0.0,0.0,0.0,0.0,0.0,0.0,0.0,0.0,0.0,0.0,0.0,0.0,0.0,0.0,0.0,0.0,0.0,0.0,0.0,0.0,0.0,0.0,0.0,0.0,0.0,0.0,0.0,0.0,0.0,0.0,0.0,0.0,0.0,0.0,0.0,0.0,0.0,0.0,0.0,0.0,0.0,0.0,0.0,0.0,0.0,0.0,0.0,0.0,0.0,0.0,0.0,0.0,0.0,0.0,0.0,0.0,0.0,0.0,0.0,0.0,0.0,0.0,0.0,0.0,0.0,0.0,0.0,0.0,0.0,0.0,0.0,0.0,0.0,0.0,0.0,0.0,0.0,0.0,0.0,0.0,0.0,0.0,0.0,0.0,236674.0,441077.0,116519.0,117394.0,911664.0
위대한 가문의 망나니가 되다,바나바다,포텐,0.0,0.0,0.0,0.0,0.0,0.0,0.0,0.0,0.0,0.0,0.0,0.0,0.0,0.0,0.0,0.0,0.0,0.0,0.0,0.0,0.0,0.0,0.0,0.0,0.0,0.0,0.0,0.0,0.0,0.0,0.0,0.0,0.0,0.0,0.0,0.0,0.0,0.0,0.0,0.0,0.0,0.0,0.0,0.0,0.0,0.0,0.0,0.0,0.0,0.0,0.0,0.0,0.0,0.0,0.0,0.0,0.0,0.0,0.0,0.0,0.0,0.0,0.0,0.0,0.0,0.0,0.0,0.0,0.0,0.0,0.0,0.0,0.0,0.0,0.0,0.0,0.0,0.0,0.0,0.0,0.0,0.0,0.0,0.0,0.0,0.0,0.0,0.0,0.0,0.0,0.0,0.0,0.0,6.0,134392.0,571383.0,705781.0
