work_key,title,author,publishers,first_sale_month,active_months,lifetime_net_sales,cum_1m_net_sales,observed_1m,cum_3m_net_sales,observed_3m,cum_6m_net_sales,observed_6m,cum_12m_net_sales,observed_12m,platform_count_12m,top_platform_share_12m
1 프롤로그|||정우식,1 프롤로그,정우식,프로무림,2021-02,15,21394,100,Y,200,Y,600,Y,11600,Y,1,1.0
100층 탈출|||Dreamer 李,100층 탈출,Dreamer 李,프로무림,2021-02,41,279141,11408,Y,17408,Y,34832,Y,82832,Y,5,0.7465
27장 절대무존3|||사마달,27장 절대무존3,사마달,프로무림,2021-02,34,44800,1120,Y,4270,Y,4690,Y,7770,Y,1,1.0
32 중원의 혼2|||서효원,32 중원의 혼2,서효원,프로무림,2021-02,45,207900,7800,Y,10500,Y,17700,Y,30000,Y,2,0.8
"33 깨어진 와우석2|||서효원, 이광주",33 깨어진 와우석2,"서효원, 이광주",프로무림,2021-02,28,75500,2100,Y,8400,Y,11100,Y,22400,Y,2,0.8839
34 이제 장막은 없다2|||서효원,34 이제 장막은 없다2,서효원,프로무림,2021-02,16,29900,1000,Y,1000,Y,1000,Y,3200,Y,1,1.0
36 이제 한은 없다2|||서효원,36 이제 한은 없다2,서효원,프로무림,2021-02,21,53600,100,Y,100,Y,100,Y,100,Y,1,1.0
36 혜성은 돌아오지 않는가4|||서효원,36 혜성은 돌아오지 않는가4,서효원,프로무림,2021-02,39,143500,1800,Y,4500,Y,8100,Y,13600,Y,2,0.8603
63 야망의 종말2|||와룡강,63 야망의 종말2,와룡강,프로무림,2021-02,45,116040,5100,Y,14580,Y,22740,Y,38640,Y,1,1.0
EPL 프리미어 리그|||말리브 해적,EPL 프리미어 리그,말리브 해적,포텐,2021-02,57,930417,42595,Y,57890,Y,129815,Y,279055,Y,7,0.3102
EPL 프리미어 리그|||말리브해적,EPL 프리미어 리그,말리브해적,포텐,2021-02,60,2861246,77714,Y,199581,Y,272211,Y,685040,Y,12,0.3081
EPL 프리미어 리그 완|||말리브 해적,EPL 프리미어 리그 완,말리브 해적,포텐,2021-02,56,3619166,14315,Y,39445,Y,56140,Y,99855,Y,8,0.5783
EX급 전생헌터|||쥬시,EX급 전생헌터,쥬시,포텐,2021-02,59,11268974,340088,Y,5099909,Y,7349901,Y,8092335,Y,6,0.9514
E급부터 시작하는 대마법사|||연암,E급부터 시작하는 대마법사,연암,포텐,2021-02,59,17297571,244797,Y,747224,Y,4041522,Y,6600917,Y,7,0.818
MLB 메이저 리그|||말리브 해적,MLB 메이저 리그,말리브 해적,포텐,2021-02,59,3938129,28770,Y,125630,Y,254570,Y,659320,Y,7,0.2507
MLB 메이저 리그|||말리브의해적,MLB 메이저 리그,말리브의해적,포텐,2021-02,59,6024672,34960,Y,248392,Y,459284,Y,1226232,Y,10,0.3223
MLB 메이저 리그 완|||말리브 해적,MLB 메이저 리그 완,말리브 해적,포텐,2021-02,59,5110807,17500,Y,46335,Y,136775,Y,293495,Y,9,0.4944
S2급 결혼 헌터|||백견(百見),S2급 결혼 헌터,백견(百見),포텐,2021-02,60,1283094,324342,Y,361175,Y,500435,Y,641377,Y,8,0.6441
SSS급 괴물사냥꾼|||북홀릭,SSS급 괴물사냥꾼,북홀릭,포텐,2021-02,58,3767451,5740,Y,24710,Y,66640,Y,104510,Y,3,0.5707
SSS급 천재|||북홀릭,SSS급 천재,북홀릭,포텐,2021-02,60,7272392,166374,Y,567142,Y,1939499,Y,2889951,Y,19,0.1837
SSS급 핵재벌|||부가티베이론,SSS급 핵재벌,부가티베이론,프로무림,2021-02,4,150640,34230,Y,99540,Y,150640,Y,150640,Y,5,0.3755
X시대의 영웅|||이원호,X시대의 영웅,이원호,프로무림,2021-02,31,168900,3000,Y,9000,Y,35900,Y,68900,Y,3,0.508
가인혈사록|||사마달,가인혈사록,사마달,프로무림,2021-02,59,606154,13354,Y,46753,Y,75545,Y,163547,Y,11,0.2812
가장 나쁜 놈|||이원호,가장 나쁜 놈,이원호,프로무림,2021-02,52,271511,3980,Y,21380,Y,42380,Y,60780,Y,1,1.0
가장 존귀한 것|||서효원,가장 존귀한 것,서효원,프로무림,2021-02,33,99600,8400,Y,12900,Y,12900,Y,22600,Y,2,0.9027
가족|||이원호,가족,이원호,프로무림,2021-02,41,411520,12800,Y,42240,Y,61440,Y,128640,Y,3,0.4726
강자|||가람검,강자,가람검,프로무림,2021-02,56,832246,10850,Y,24458,Y,79814,Y,124474,Y,7,0.6428
강호거상|||서효원,강호거상,서효원,프로무림,2021-02,59,1299405,40922,Y,66990,Y,103290,Y,246660,Y,8,0.3369
강호무정|||검궁인,강호무정,검궁인,프로무림,2021-02,57,338151,4704,Y,30593,Y,46527,Y,92757,Y,9,0.2566
갤럭시the Galaxy|||박재학,갤럭시the Galaxy,박재학,프로무림,2021-02,59,3187188,458208,Y,935865,Y,1874362,Y,2359141,Y,8,0.8096
갤럭시the Galaxy 갤럭시 제국|||박재학,갤럭시the Galaxy 갤럭시 제국,박재학,프로무림,2021-02,54,111505,4850,Y,7595,Y,15811,Y,26049,Y,5,0.2795
갤럭시the Galaxy 내전|||박재학,갤럭시the Galaxy 내전,박재학,프로무림,2021-02,57,149025,4850,Y,8765,Y,16162,Y,25630,Y,5,0.2349
갤럭시the Galaxy 라스트 휴먼 네르노바|||박재학,갤럭시the Galaxy 라스트 휴먼 네르노바,박재학,프로무림,2021-02,58,133466,4355,Y,7640,Y,16297,Y,26395,Y,5,0.2758
갤럭시the Galaxy 레볼루션|||박재학,갤럭시the Galaxy 레볼루션,박재학,프로무림,2021-02,41,58347,3860,Y,7370,Y,14191,Y,18637,Y,5,0.2892
갤럭시the Galaxy 마법사|||박재학,갤럭시the Galaxy 마법사,박재학,프로무림,2021-02,45,72546,3860,Y,7730,Y,14110,Y,19627,Y,5,0.2774
갤럭시the Galaxy 변화의 물|||박재학,갤럭시the Galaxy 변화의 물,박재학,프로무림,2021-02,57,137013,4355,Y,6605,Y,17691,Y,28365,Y,5,0.2789
갤럭시the Galaxy 별의 왕|||박재학,갤럭시the Galaxy 별의 왕,박재학,프로무림,2021-02,40,64742,3860,Y,7865,Y,16666,Y,21058,Y,5,0.3056
갤럭시the Galaxy 보이지 않는 적|||박재학,갤럭시the Galaxy 보이지 않는 적,박재학,프로무림,2021-02,57,173607,4850,Y,9755,Y,18412,Y,30130,Y,5,0.2834
갤럭시the Galaxy 산업혁명|||박재학,갤럭시the Galaxy 산업혁명,박재학,프로무림,2021-02,57,189727,4850,Y,10331,Y,20743,Y,32974,Y,5,0.2781
갤럭시the Galaxy 새로운 적|||박재학,갤럭시the Galaxy 새로운 적,박재학,프로무림,2021-02,54,146572,4095,Y,12456,Y,25847,Y,38128,Y,5,0.3231
갤럭시the Galaxy 세계대전|||박재학,갤럭시the Galaxy 세계대전,박재학,프로무림,2021-02,57,550663,4850,Y,8855,Y,26871,Y,57399,Y,6,0.5378
갤럭시the Galaxy 시간의 지배자|||박재학,갤럭시the Galaxy 시간의 지배자,박재학,프로무림,2021-02,42,58456,3860,Y,6110,Y,13561,Y,17377,Y,5,0.2564
갤럭시the Galaxy 신세계|||박재학,갤럭시the Galaxy 신세계,박재학,프로무림,2021-02,48,78806,3860,Y,6245,Y,14551,Y,20068,Y,5,0.2713
갤럭시the Galaxy 신흥 재벌|||박재학,갤럭시the Galaxy 신흥 재벌,박재학,프로무림,2021-02,44,73847,3860,Y,7235,Y,16036,Y,21058,Y,5,0.3056
갤럭시the Galaxy 영지 전쟁|||박재학,갤럭시the Galaxy 영지 전쟁,박재학,프로무림,2021-02,55,126361,4095,Y,11826,Y,28057,Y,38578,Y,5,0.2638
갤럭시the Galaxy 은하여행|||박재학,갤럭시the Galaxy 은하여행,박재학,프로무림,2021-02,56,995243,18904,Y,19060,Y,84573,Y,123388,Y,2,0.7192
갤럭시the Galaxy 초능력자|||박재학,갤럭시the Galaxy 초능력자,박재학,프로무림,2021-02,43,72326,3860,Y,7595,Y,13975,Y,18862,Y,5,0.3149
갤럭시the Galaxy 추적|||박재학,갤럭시the Galaxy 추적,박재학,프로무림,2021-02,57,322046,7065,Y,18296,Y,95828,Y,173699,Y,5,0.7894
갤럭시the Galaxy 카오스|||박재학,갤럭시the Galaxy 카오스,박재학,프로무림,2021-02,38,51636,3860,Y,6245,Y,13696,Y,17071,Y,5,0.2788
갤럭시the Galaxy 코르모토 행성의 이방인|||박재학,갤럭시the Galaxy 코르모토 행성의 이방인,박재학,프로무림,2021-02,59,7088961,4355,Y,8225,Y,15811,Y,998704,Y,6,0.9737
갤럭시the Galaxy 휴먼|||박재학,갤럭시the Galaxy 휴먼,박재학,프로무림,2021-02,38,54587,3860,Y,5615,Y,13066,Y,16882,Y,5,0.2446
갤럭시the Galaxy 휴먼 탑|||박재학,갤럭시the Galaxy 휴먼 탑,박재학,프로무림,2021-02,57,213673,4850,Y,11951,Y,31188,Y,44049,Y,5,0.3658
건곤만리|||검궁인,건곤만리,검궁인,프로무림,2021-02,59,552928,16377,Y,41700,Y,106426,Y,171627,Y,9,0.3186
건곤일척|||검궁인,건곤일척,검궁인,프로무림,2021-02,60,609842,8159,Y,26774,Y,82904,Y,137728,Y,10,0.375
건곤쟁패|||가람검,건곤쟁패,가람검,프로무림,2021-02,11,35991,2240,Y,6398,Y,6398,Y,11438,Y,4,0.4406
건국기|||김현,건국기,김현,포텐,2021-02,43,135451,5250,Y,12691,Y,25431,Y,44351,Y,6,0.7481
검|||천중행,검,천중행,프로무림,2021-02,59,666965,15359,Y,32697,Y,78240,Y,150195,Y,9,0.29
검공비사|||김영목,검공비사,김영목,프로무림,2021-02,46,196157,5670,Y,9000,Y,28201,Y,37651,Y,6,0.4146
검루|||사마달,검루,사마달,프로무림,2021-02,59,499408,15489,Y,30908,Y,76081,Y,142062,Y,9,0.2528
검명도살|||몽월,검명도살,몽월,프로무림,2021-02,46,668862,4500,Y,9000,Y,92300,Y,387500,Y,4,0.9332
검무흔|||천중행,검무흔,천중행,프로무림,2021-02,59,582908,15997,Y,34951,Y,82362,Y,176534,Y,5,0.6011
검신|||청산,검신,청산,프로무림,2021-02,59,6125324,109991,Y,255315,Y,586014,Y,1212377,Y,12,0.6204
검웅영제|||천중행,검웅영제,천중행,프로무림,2021-02,60,672591,8750,Y,26290,Y,69410,Y,152430,Y,4,0.327
"검정대륙행|||사마달, 백창렬",검정대륙행,"사마달, 백창렬",프로무림,2021-02,59,1262345,19155,Y,114234,Y,228524,Y,381860,Y,11,0.211
검중검|||검궁인,검중검,검궁인,프로무림,2021-02,59,651699,15987,Y,38381,Y,96725,Y,158165,Y,9,0.265
검풍연가|||사마달,검풍연가,사마달,프로무림,2021-02,59,1251058,13237,Y,90383,Y,214260,Y,364518,Y,12,0.1838
검한몽|||천중행,검한몽,천중행,프로무림,2021-02,58,391426,3780,Y,9217,Y,18351,Y,40730,Y,5,0.4829
검향도살|||청산,검향도살,청산,프로무림,2021-02,59,1433152,6709,Y,74584,Y,179807,Y,377167,Y,7,0.495
검호|||홍파,검호,홍파,프로무림,2021-02,51,197007,14360,Y,20580,Y,26779,Y,45988,Y,7,0.2525
검혼무|||설풍,검혼무,설풍,프로무림,2021-02,51,133774,6662,Y,11213,Y,25857,Y,41953,Y,5,0.5621
겁|||강태산,겁,강태산,프로무림,2021-02,50,142388,915,Y,16074,Y,27303,Y,49308,Y,11,0.2129
게더링|||박제후,게더링,박제후,프로무림,2021-02,15,31110,6000,Y,10500,Y,17000,Y,23000,Y,9,0.2609
계|||김능하,계,김능하,프로무림,2021-02,47,160398,7585,Y,11650,Y,30257,Y,42343,Y,5,0.4995
계약이 되었습니다|||김영훈,계약이 되었습니다,김영훈,포텐,2021-02,57,310088,24809,Y,52874,Y,65096,Y,124032,Y,12,0.3798
고검광무|||홍파,고검광무,홍파,프로무림,2021-02,54,232978,5485,Y,21929,Y,32553,Y,52992,Y,9,0.3699
고검낙화|||홍파,고검낙화,홍파,프로무림,2021-02,41,81280,6784,Y,12150,Y,17285,Y,23124,Y,5,0.5009
고검명|||홍파,고검명,홍파,프로무림,2021-02,55,238568,9171,Y,21366,Y,51793,Y,68337,Y,7,0.3767
고검풍운|||홍파,고검풍운,홍파,프로무림,2021-02,50,143632,3060,Y,17654,Y,21616,Y,35387,Y,7,0.3561
고구려 르네상스|||Lucubro,고구려 르네상스,Lucubro,포텐,2021-02,59,14333266,57548,Y,574134,Y,1138781,Y,1689331,Y,4,0.5397
고독천년|||와룡강,고독천년,와룡강,프로무림,2021-02,60,36551741,589143,Y,1622874,Y,3692849,Y,7758582,Y,13,0.2489
고독천년 미|||와룡강,고독천년 미,와룡강,프로무림,2021-02,11,322550,22050,Y,22050,Y,22050,Y,69300,Y,1,1.0
고독천년 제58장 다시 암자에서|||와룡강,고독천년 제58장 다시 암자에서,와룡강,프로무림,2021-02,51,685810,8260,Y,31150,Y,64310,Y,181810,Y,1,1.0
고혼혈루|||홍파,고혼혈루,홍파,프로무림,2021-02,53,137689,5064,Y,9752,Y,17541,Y,29881,Y,7,0.4318
곤륜마협|||글별자리,곤륜마협,글별자리,포텐,2021-02,59,499478440,9260725,Y,26843292,Y,52906064,Y,118447939,Y,1,1.0
골든 카이저|||진현,골든 카이저,진현,프로무림,2021-02,59,1569900,110820,Y,230764,Y,394967,Y,650271,Y,10,0.5586
공갈|||이원호,공갈,이원호,프로무림,2021-02,59,3464906,61300,Y,218500,Y,463100,Y,771000,Y,8,0.561
공감의 요리사|||진시월,공감의 요리사,진시월,포텐,2021-02,48,376070,21840,Y,32600,Y,134819,Y,197539,Y,7,0.3991
공공도수|||청산,공공도수,청산,프로무림,2021-02,56,466861,9475,Y,23981,Y,44665,Y,87610,Y,7,0.3156
공작풍|||사마달,공작풍,사마달,프로무림,2021-02,58,473261,11564,Y,30859,Y,66548,Y,119037,Y,11,0.2805
광|||강태산,광,강태산,프로무림,2021-02,53,186646,2396,Y,11450,Y,33287,Y,57388,Y,8,0.2232
"광란총서|||고월, 서희원",광란총서,"고월, 서희원",프로무림,2021-02,60,895312,6095,Y,29863,Y,78115,Y,176921,Y,8,0.3162
광마|||강태산,광마,강태산,프로무림,2021-02,46,106042,4084,Y,7394,Y,15336,Y,23761,Y,8,0.2991
광무록|||검궁인,광무록,검궁인,프로무림,2021-02,57,550078,24716,Y,44468,Y,77179,Y,174777,Y,11,0.2403
광속의 마도사|||김영목,광속의 마도사,김영목,프로무림,2021-02,28,78292,2268,Y,6916,Y,14260,Y,24667,Y,4,0.6501
광풍가|||나한,광풍가,나한,프로무림,2021-02,59,3858716,49770,Y,268283,Y,555535,Y,1176308,Y,8,0.3409
광풍겁|||검궁인,광풍겁,검궁인,프로무림,2021-02,59,200019,3869,Y,13078,Y,31341,Y,55566,Y,7,0.2927
광풍무|||나한,광풍무,나한,프로무림,2021-02,58,3650798,58987,Y,288702,Y,579513,Y,1239326,Y,9,0.2693
광풍서생|||서효원,광풍서생,서효원,프로무림,2021-02,58,920647,11980,Y,29980,Y,96580,Y,287285,Y,9,0.41
광풍의 전사|||비류수,광풍의 전사,비류수,프로무림,2021-02,57,717932,19900,Y,41500,Y,78500,Y,160300,Y,6,0.65
광혈사혼무|||설풍,광혈사혼무,설풍,프로무림,2021-02,43,110522,2034,Y,4781,Y,10536,Y,20473,Y,6,0.385
광화사|||검궁인,광화사,검궁인,프로무림,2021-02,59,496931,5880,Y,16058,Y,51227,Y,99488,Y,9,0.291
구대마왕|||몽월,구대마왕,몽월,프로무림,2021-02,56,9748687,15300,Y,17200,Y,2172200,Y,3656900,Y,4,0.9564
구룡겁|||천중행,구룡겁,천중행,프로무림,2021-02,59,614438,6300,Y,26121,Y,55862,Y,116127,Y,7,0.3472
구월뇌우|||서효원,구월뇌우,서효원,프로무림,2021-02,59,1048913,18964,Y,60364,Y,83764,Y,190871,Y,8,0.3071
구인회 전편|||검궁인,구인회 전편,검궁인,프로무림,2021-02,41,62408,220,Y,2656,Y,9446,Y,19833,Y,4,0.5754
구인회 후편|||검궁인,구인회 후편,검궁인,프로무림,2021-02,25,49458,70,Y,700,Y,7371,Y,10171,Y,4,0.4129
구자패왕|||와룡강,구자패왕,와룡강,프로무림,2021-02,60,14356737,241814,Y,714838,Y,1599842,Y,3539396,Y,14,0.3312
구주강호|||검궁인,구주강호,검궁인,프로무림,2021-02,59,1080320,19264,Y,61793,Y,130383,Y,281816,Y,10,0.3428
구천검마왕|||서효원,구천검마왕,서효원,프로무림,2021-02,59,827582,36814,Y,44014,Y,70714,Y,174870,Y,12,0.2946
구천독혼마|||서효원,구천독혼마,서효원,프로무림,2021-02,59,1200240,36308,Y,54832,Y,107332,Y,200847,Y,11,0.2001
구천마신|||윤신현,구천마신,윤신현,포텐,2021-02,60,35767028,1620133,Y,3357425,Y,5796523,Y,12207547,Y,21,0.2233
"구천십지제일신마|||사마달, 고월",구천십지제일신마,"사마달, 고월",프로무림,2021-02,59,4795839,79879,Y,213107,Y,560846,Y,1129324,Y,10,0.2574
구천혈사|||청운하,구천혈사,청운하,프로무림,2021-02,48,135145,1120,Y,4138,Y,8976,Y,30599,Y,8,0.1853
국민배우 정도현|||범탈,국민배우 정도현,범탈,포텐,2021-02,60,5622173,88660,Y,149810,Y,262120,Y,459679,Y,17,0.3189
국세청 망나니|||동면거북이,국세청 망나니,동면거북이,포텐,2021-02,60,1078840581,20583309,Y,47170783,Y,117601149,Y,236776804,Y,2,1.0
군|||천중행,군,천중행,프로무림,2021-02,59,627187,11324,Y,37609,Y,66181,Y,135090,Y,9,0.5073
군림몽|||와룡강,군림몽,와룡강,프로무림,2021-02,60,9868762,200402,Y,528152,Y,1074079,Y,2267778,Y,12,0.2883
군마지존도|||서효원,군마지존도,서효원,프로무림,2021-02,58,572530,17663,Y,54863,Y,69563,Y,115553,Y,6,0.6153
군신|||강태산,군신,강태산,프로무림,2021-02,59,585690,8912,Y,24950,Y,54190,Y,102318,Y,10,0.2463
군신 체이슨|||김하준,군신 체이슨,김하준,프로무림,2021-02,24,259812,25447,Y,65511,Y,116677,Y,207338,Y,8,0.625
군왕성|||서효원,군왕성,서효원,프로무림,2021-02,59,899346,19329,Y,36429,Y,77129,Y,226925,Y,10,0.4514
권왕무적|||초우,권왕무적,초우,프로무림,2021-02,53,47334910,1233117,Y,3049711,Y,11752075,Y,19883257,Y,10,0.4944
귀검행|||서효원,귀검행,서효원,프로무림,2021-02,55,475307,802,Y,4402,Y,50302,Y,98834,Y,6,0.5191
귀환병 이야기|||이수영,귀환병 이야기,이수영,프로무림,2021-02,34,321691,5880,Y,7644,Y,22344,Y,35672,Y,2,0.6044
귀환한 절대자는 역대급 헌터|||김현각,귀환한 절대자는 역대급 헌터,김현각,포텐,2021-02,60,44859037,1155891,Y,7292838,Y,11389136,Y,15502454,Y,16,0.5525
규한록|||홍파,규한록,홍파,프로무림,2021-02,54,228790,850,Y,21479,Y,37428,Y,50376,Y,7,0.3891
그랜드 크로스|||나한,그랜드 크로스,나한,프로무림,2021-02,54,1805294,140257,Y,390903,Y,912525,Y,1134336,Y,10,0.475
그랜져|||홍정태,그랜져,홍정태,프로무림,2021-02,55,283635,1260,Y,12048,Y,15268,Y,31667,Y,4,0.6751
그림자|||이원호,그림자,이원호,프로무림,2021-02,58,1557754,32900,Y,99600,Y,234250,Y,376160,Y,7,0.6779
그림자 무사|||별도,그림자 무사,별도,프로무림,2021-02,42,325308,13750,Y,21032,Y,38252,Y,77608,Y,4,0.7468
금수저 생활백서|||강동호,금수저 생활백서,강동호,포텐,2021-02,60,725706784,33890296,Y,96449333,Y,210652798,Y,381395200,Y,19,0.3178
금포염왕|||와룡강,금포염왕,와룡강,프로무림,2021-02,58,2144108,57493,Y,118312,Y,203693,Y,425268,Y,10,0.2638
금황|||선우궁,금황,선우궁,프로무림,2021-02,56,170383,1130,Y,11107,Y,27072,Y,44132,Y,5,0.6011
기개남아|||강태산,기개남아,강태산,프로무림,2021-02,53,298600,775,Y,15353,Y,30812,Y,106895,Y,5,0.7465
기개천하|||몽류몽,기개천하,몽류몽,프로무림,2021-02,33,44579,343,Y,5538,Y,7099,Y,18277,Y,6,0.3447
기검광혈무|||사마달,기검광혈무,사마달,프로무림,2021-02,60,671112,19733,Y,61413,Y,126994,Y,199983,Y,8,0.3235
기사들의 왕|||현자림,기사들의 왕,현자림,프로무림,2021-02,19,20775,2031,Y,2031,Y,5227,Y,6589,Y,3,0.5206
기사학교의 검술천재|||비비다,기사학교의 검술천재,비비다,포텐,2021-02,59,55218204,168266,Y,13017038,Y,21857276,Y,33246555,Y,2,0.9786
기인천년|||와룡강,기인천년,와룡강,프로무림,2021-02,59,20072788,84700,Y,525400,Y,1333680,Y,1741244,Y,4,0.3582
기인총사|||검궁인,기인총사,검궁인,프로무림,2021-02,59,621022,12895,Y,54867,Y,110382,Y,190427,Y,10,0.2955
기적의 사나이|||박재학,기적의 사나이,박재학,프로무림,2021-02,59,2907539,61925,Y,186034,Y,400577,Y,751005,Y,8,0.6315
기협만리|||검궁인,기협만리,검궁인,프로무림,2021-02,56,265498,3486,Y,7995,Y,28737,Y,73636,Y,8,0.3192
나 혼자 먼치킨|||절세초인,나 혼자 먼치킨,절세초인,프로무림,2021-02,3,32480,2240,Y,32480,Y,32480,Y,32480,Y,4,0.4138
나 혼자 무한전생|||절세초인,나 혼자 무한전생,절세초인,프로무림,2021-02,2,51476,30616,Y,51476,Y,51476,Y,51476,Y,4,0.7688
나 혼자만 먼치킨|||절세초인,나 혼자만 먼치킨,절세초인,프로무림,2021-02,3,26580,6111,Y,26580,Y,26580,Y,26580,Y,5,0.4424
나 혼자만 올마스터|||성덕聲德,나 혼자만 올마스터,성덕聲德,포텐,2021-02,45,370977,5670,Y,41209,Y,84042,Y,150864,Y,9,0.3215
나 홀로 마법사|||북홀릭,나 홀로 마법사,북홀릭,포텐,2021-02,59,7638150,538400,Y,1231550,Y,1993179,Y,2723544,Y,14,0.29
나는 작가다|||만선,나는 작가다,만선,포텐,2021-02,60,1187403,23810,Y,52006,Y,135616,Y,288401,Y,9,0.4058
나는 작가다 완|||만선,나는 작가다 완,만선,포텐,2021-02,41,331764,9114,Y,19103,Y,23198,Y,61028,Y,6,0.5017
나는 재벌이다|||박재학,나는 재벌이다,박재학,포텐,2021-02,60,12293408,196177,Y,603987,Y,1333066,Y,2112317,Y,9,0.3196
나한대협羅1|||와룡강,나한대협羅1,와룡강,프로무림,2021-02,58,5183735,70090,Y,187303,Y,484906,Y,1192064,Y,5,0.496
나한대협羅2|||와룡강,나한대협羅2,와룡강,프로무림,2021-02,60,1489932,18195,Y,67575,Y,183110,Y,348690,Y,6,0.4507
나한대협羅3|||와룡강,나한대협羅3,와룡강,프로무림,2021-02,59,1069130,16350,Y,52670,Y,144925,Y,277855,Y,6,0.4821
나한대협羅4|||와룡강,나한대협羅4,와룡강,프로무림,2021-02,59,948576,16685,Y,51330,Y,125280,Y,230810,Y,6,0.4684
나한대협羅5|||와룡강,나한대협羅5,와룡강,프로무림,2021-02,58,1567874,34325,Y,74350,Y,237960,Y,421940,Y,7,0.2895
낙방학사|||형상준,낙방학사,형상준,프로무림,2021-02,60,13856378,125745,Y,473988,Y,1008925,Y,1799950,Y,10,0.3796
난전 무림기사|||이문혁,난전 무림기사,이문혁,프로무림,2021-02,37,388122,21625,Y,61260,Y,106599,Y,150487,Y,5,0.5299
난중무사|||이원호,난중무사,이원호,프로무림,2021-02,47,613120,22400,Y,80000,Y,137600,Y,211200,Y,4,0.7273
난亂|||강태산,난亂,강태산,프로무림,2021-02,47,151633,2459,Y,16341,Y,29770,Y,68368,Y,7,0.7065
"남|||사마달, 일주향",남,"사마달, 일주향",프로무림,2021-02,47,276537,10882,Y,20943,Y,53640,Y,96848,Y,9,0.3434
남자의 길|||강동호,남자의 길,강동호,포텐,2021-02,60,85749771,3446511,Y,11333611,Y,17814354,Y,25192688,Y,19,0.1728
남해삼십육검|||설봉,남해삼십육검,설봉,프로무림,2021-02,35,343118,10000,Y,26000,Y,38800,Y,70700,Y,4,0.4074
낭왕|||별도,낭왕,별도,프로무림,2021-02,47,336214,4759,Y,15144,Y,27087,Y,67635,Y,5,0.3592
내 나이 90살에 회귀라니|||커피와함께,내 나이 90살에 회귀라니,커피와함께,프로무림,2021-02,60,9658448,386210,Y,849341,Y,1398481,Y,2503346,Y,21,0.1632
내 안에 몬스터있다|||형상준,내 안에 몬스터있다,형상준,프로무림,2021-02,39,337966,7470,Y,24140,Y,46540,Y,113120,Y,5,0.6733
내가 법이다|||전현,내가 법이다,전현,프로무림,2021-02,40,235978,2870,Y,33726,Y,60753,Y,76713,Y,4,0.4689
너의 스탯이 보여|||아차니,너의 스탯이 보여,아차니,포텐,2021-02,7,541708,249544,Y,444978,Y,538418,Y,541708,Y,8,0.7034
네 멋대로 살아라|||최동환,네 멋대로 살아라,최동환,프로무림,2021-02,59,1708705,63820,Y,166320,Y,348351,Y,567044,Y,9,0.5666
네 멋대로 살아라 판도라의 상자|||최동환,네 멋대로 살아라 판도라의 상자,최동환,프로무림,2021-02,59,866310,30099,Y,96410,Y,174621,Y,248809,Y,7,0.7618
네 멋대로 살아라 혼돈의 시대|||최동환,네 멋대로 살아라 혼돈의 시대,최동환,프로무림,2021-02,58,252094,6545,Y,21539,Y,50725,Y,75011,Y,5,0.8759
년 후2|||강태산,년 후2,강태산,프로무림,2021-02,59,1018290,14070,Y,83440,Y,115850,Y,202090,Y,2,0.7378
노룡탄|||강태산,노룡탄,강태산,프로무림,2021-02,59,419841,14870,Y,49799,Y,82276,Y,145396,Y,13,0.4044
노병은 죽지 않는다|||ROHRAN,노병은 죽지 않는다,ROHRAN,프로무림,2021-02,59,2047208,22956,Y,94816,Y,190816,Y,502276,Y,15,0.3185
녹림투왕|||초우,녹림투왕,초우,프로무림,2021-02,50,10142332,334949,Y,842462,Y,1903923,Y,3723565,Y,8,0.3057
뇌문천하|||서효원,뇌문천하,서효원,프로무림,2021-02,59,838022,16085,Y,38745,Y,86145,Y,158365,Y,10,0.2501
뇌전의 군주|||박시원,뇌전의 군주,박시원,포텐,2021-02,59,1879938,34930,Y,82778,Y,203514,Y,393080,Y,12,0.3514
뇌정혈雷1|||강태산,뇌정혈雷1,강태산,프로무림,2021-02,55,192041,7560,Y,19619,Y,28718,Y,64625,Y,9,0.3228
뉴 스타트|||박재학,뉴 스타트,박재학,프로무림,2021-02,59,1472869,42116,Y,107588,Y,194160,Y,334186,Y,9,0.5148
뉴 월드|||박재학,뉴 월드,박재학,프로무림,2021-02,59,729051,13230,Y,51030,Y,90622,Y,156312,Y,5,0.5858
능력 믿고 막 간다|||반취객,능력 믿고 막 간다,반취객,포텐,2021-02,56,6992281,303929,Y,784764,Y,1141182,Y,2129895,Y,18,0.3746
단장절심가|||사마달,단장절심가,사마달,프로무림,2021-02,59,545931,18096,Y,44961,Y,87603,Y,168334,Y,9,0.3655
단혈겁|||강태산,단혈겁,강태산,프로무림,2021-02,59,339844,7214,Y,26649,Y,62328,Y,105359,Y,10,0.7415
달마묵장|||와룡강,달마묵장,와룡강,포텐,2021-02,60,21599551,834904,Y,2165478,Y,6028558,Y,8853892,Y,13,0.4557
달마삼검|||황정검,달마삼검,황정검,프로무림,2021-02,58,9571416,300550,Y,524230,Y,839370,Y,1369090,Y,9,0.363
달마의 노래|||몽월,달마의 노래,몽월,프로무림,2021-02,49,4887293,23400,Y,86800,Y,112000,Y,3475600,Y,5,0.9714
"달은 칼끝에 지고|||검궁인, 사마달",달은 칼끝에 지고,"검궁인, 사마달",프로무림,2021-02,59,4667252,51014,Y,240505,Y,646408,Y,1118579,Y,11,0.2606
"달은 칼끝에 지고|||검궁인,사마달",달은 칼끝에 지고,"검궁인,사마달",프로무림,2021-02,25,307192,27300,Y,44355,Y,52755,Y,107355,Y,2,0.9585
대|||정우식,대,정우식,프로무림,2021-02,59,1551991,63067,Y,145936,Y,267404,Y,501041,Y,12,0.3206
대가집 망나니|||백범(白凡),대가집 망나니,백범(白凡),포텐,2021-02,33,4694584,732600,Y,1871698,Y,2688490,Y,3643195,Y,12,0.2429
대걸물|||청산,대걸물,청산,프로무림,2021-02,59,17965016,284356,Y,1132141,Y,2052532,Y,5077530,Y,12,0.7173
"대검몽|||사마달, 일주향",대검몽,"사마달, 일주향",프로무림,2021-02,59,867160,24495,Y,58415,Y,107884,Y,195072,Y,9,0.3323
대곤륜|||서효원,대곤륜,서효원,프로무림,2021-02,59,1742116,38061,Y,83129,Y,132229,Y,302219,Y,10,0.33
대공자 가출하셨다|||와이번스,대공자 가출하셨다,와이번스,포텐,2021-02,60,36309218,1225783,Y,2850529,Y,3784632,Y,5310903,Y,15,0.3794
대괴선|||정성민,대괴선,정성민,프로무림,2021-02,58,981566,25965,Y,51760,Y,102047,Y,219232,Y,8,0.2816
대낭인|||서효원,대낭인,서효원,프로무림,2021-02,59,1333022,31944,Y,77544,Y,123744,Y,228844,Y,9,0.2819
"대도무문|||사마달, 유청림",대도무문,"사마달, 유청림",프로무림,2021-02,59,3620818,46200,Y,179351,Y,490525,Y,871001,Y,12,0.2512
대륙독보|||와룡강,대륙독보,와룡강,프로무림,2021-02,60,10280066,134106,Y,521815,Y,1145520,Y,2414574,Y,11,0.2386
대륙만리|||검궁인,대륙만리,검궁인,프로무림,2021-02,58,329082,7758,Y,35598,Y,62008,Y,96996,Y,8,0.3152
"대륙오황사|||일주향, 사마달",대륙오황사,"일주향, 사마달",프로무림,2021-02,60,1464238,27862,Y,94205,Y,183898,Y,352253,Y,9,0.4051
대륙천자|||고월,대륙천자,고월,프로무림,2021-02,59,838452,14313,Y,52985,Y,117126,Y,223276,Y,8,0.2906
대륙풍|||서효원,대륙풍,서효원,프로무림,2021-02,58,621152,3466,Y,25693,Y,40993,Y,132416,Y,9,0.3572
대마불사|||강태산,대마불사,강태산,프로무림,2021-02,59,2170234,20650,Y,106600,Y,250680,Y,499515,Y,8,0.4162
대마불사|||와룡강,대마불사,와룡강,프로무림,2021-02,59,2173386,48972,Y,157035,Y,333462,Y,639162,Y,11,0.2589
대무사|||철백,대무사,철백,포텐,2021-02,60,37841485,413618,Y,1123289,Y,4257802,Y,7688443,Y,18,0.3027
대법왕|||몽월,대법왕,몽월,프로무림,2021-02,37,544067,15300,Y,24600,Y,28200,Y,41700,Y,4,0.518
대부|||사마달,대부,사마달,프로무림,2021-02,58,200536,5500,Y,8957,Y,24739,Y,43130,Y,8,0.3147
"대상객|||서효원, 이광주",대상객,"서효원, 이광주",프로무림,2021-02,58,660360,7083,Y,9783,Y,15183,Y,119267,Y,6,0.3839
대상천하|||천중행,대상천하,천중행,프로무림,2021-02,59,943490,9215,Y,42496,Y,120759,Y,213040,Y,9,0.3287
대설|||서효원,대설,서효원,프로무림,2021-02,58,2723638,62779,Y,130979,Y,292079,Y,566119,Y,12,0.2619
"대소림사|||검궁인, 신운",대소림사,"검궁인, 신운",프로무림,2021-02,60,818161,14909,Y,42422,Y,103936,Y,217420,Y,12,0.2956
대야성|||사마달,대야성,사마달,프로무림,2021-02,60,764865,16176,Y,49398,Y,83495,Y,164993,Y,12,0.3735
대영웅|||이원호,대영웅,이원호,프로무림,2021-02,55,1427028,3900,Y,57600,Y,151200,Y,486420,Y,8,0.3886
대자객교|||서효원,대자객교,서효원,프로무림,2021-02,59,2053007,35051,Y,81005,Y,108905,Y,233115,Y,10,0.2735
대자객단|||서효원,대자객단,서효원,프로무림,2021-02,58,684180,35046,Y,44046,Y,53346,Y,118416,Y,7,0.3521
대작|||사마달,대작,사마달,프로무림,2021-02,60,785922,15946,Y,40440,Y,106913,Y,190877,Y,9,0.2494
대중원|||서효원,대중원,서효원,프로무림,2021-02,59,948509,27382,Y,37882,Y,81682,Y,179860,Y,8,0.3781
대한국인|||이원호,대한국인,이원호,프로무림,2021-02,40,588000,24000,Y,69000,Y,117000,Y,210000,Y,2,0.9571
대한민국 절대 재벌|||백범(白帆),대한민국 절대 재벌,백범(白帆),포텐,2021-02,60,45927554,1296330,Y,4812646,Y,16444964,Y,29513898,Y,13,0.4911
대항해|||사마달,대항해,사마달,프로무림,2021-02,56,184550,5943,Y,18603,Y,22242,Y,60835,Y,8,0.3113
대해무적|||사마달,대해무적,사마달,프로무림,2021-02,58,645915,7567,Y,23110,Y,57001,Y,144759,Y,10,0.2856
대형설서린|||설봉,대형설서린,설봉,프로무림,2021-02,58,5718875,51500,Y,236900,Y,455600,Y,1539580,Y,5,0.8397
더 게이트|||조건상,더 게이트,조건상,프로무림,2021-02,57,3075337,940988,Y,1186730,Y,1430645,Y,1858646,Y,14,0.5059
더 메모리he Memory|||가람검,더 메모리he Memory,가람검,프로무림,2021-02,36,132406,3150,Y,4410,Y,6741,Y,22281,Y,4,0.4524
더 스토리he story|||가람검,더 스토리he story,가람검,프로무림,2021-02,39,250937,9590,Y,26285,Y,39011,Y,76909,Y,6,0.2376
더치프|||권대현,더치프,권대현,프로무림,2021-02,23,36511,521,Y,3742,Y,3919,Y,5834,Y,2,0.9697
던전에서 성자가 하는 일|||CurtainCall,던전에서 성자가 하는 일,CurtainCall,프로무림,2021-02,60,29391609,2269664,Y,5765954,Y,8900970,Y,13219982,Y,17,0.3323
데몬듀크|||김하준,데몬듀크,김하준,프로무림,2021-02,40,56223,1096,Y,6070,Y,10825,Y,19414,Y,2,0.9351
도|||강태산,도,강태산,프로무림,2021-02,59,313761,8801,Y,20733,Y,51081,Y,88637,Y,7,0.7294
도망가용|||캔따개,도망가용,캔따개,포텐,2021-02,49,159522,14784,Y,19845,Y,32431,Y,65177,Y,5,0.5951
도사 청수|||형상준,도사 청수,형상준,프로무림,2021-02,59,1246910,18248,Y,100161,Y,192761,Y,348363,Y,9,0.2951
도시의 주인|||말리브 해적,도시의 주인,말리브 해적,포텐,2021-02,59,1886479,112805,Y,172095,Y,265545,Y,458150,Y,7,0.3685
도시의 주인|||말리브해적,도시의 주인,말리브해적,포텐,2021-02,59,5324006,58211,Y,196372,Y,392947,Y,916551,Y,12,0.3464
도시의 주인 완|||말리브 해적,도시의 주인 완,말리브 해적,포텐,2021-02,59,3891918,22673,Y,85743,Y,157738,Y,227781,Y,10,0.3941
도시의 지배자|||박재학,도시의 지배자,박재학,프로무림,2021-02,59,3166324,81622,Y,182609,Y,385156,Y,767997,Y,9,0.4775
도시정벌|||임영태,도시정벌,임영태,프로무림,2021-02,58,1906874,22050,Y,102182,Y,181842,Y,370918,Y,10,0.2633
도왕|||강태산,도왕,강태산,프로무림,2021-02,49,181958,2713,Y,12091,Y,19617,Y,45821,Y,8,0.2625
도제 유가량|||단운(丹雲),도제 유가량,단운(丹雲),프로무림,2021-02,51,181874,385,Y,6959,Y,33049,Y,63750,Y,10,0.3333
"도종|||사마달, 백창렬",도종,"사마달, 백창렬",프로무림,2021-02,59,472393,5128,Y,28302,Y,65304,Y,98422,Y,10,0.2974
도종밀야|||사마달,도종밀야,사마달,프로무림,2021-02,58,380297,8309,Y,19701,Y,46448,Y,94089,Y,8,0.3747
도지산|||몽월,도지산,몽월,프로무림,2021-02,49,1751076,11900,Y,49700,Y,141100,Y,603700,Y,5,0.6502
도천무영 불사멸혼대와 천궁|||이유성,도천무영 불사멸혼대와 천궁,이유성,프로무림,2021-02,21,23100,1260,Y,1260,Y,1890,Y,3780,Y,2,0.8333
도천무영 우정은 영원히|||이유성,도천무영 우정은 영원히,이유성,프로무림,2021-02,32,57694,2235,Y,4358,Y,8711,Y,17112,Y,6,0.7423
도천무영 종횡무진|||이유성,도천무영 종횡무진,이유성,프로무림,2021-02,19,18340,630,Y,630,Y,1260,Y,2520,Y,2,0.75
도천무영 풍운의 서막|||이유성,도천무영 풍운의 서막,이유성,프로무림,2021-02,30,37899,1645,Y,1645,Y,2601,Y,10633,Y,3,0.4477
도황|||청산,도황,청산,프로무림,2021-02,59,1700164,33012,Y,86824,Y,207581,Y,398077,Y,9,0.3651
독룡|||냉중생,독룡,냉중생,프로무림,2021-02,40,59013,567,Y,4143,Y,6271,Y,13659,Y,4,0.5746
독보강호|||검궁인,독보강호,검궁인,프로무림,2021-02,59,1253046,26317,Y,69574,Y,147452,Y,299345,Y,12,0.2808
독왕유고|||설봉,독왕유고,설봉,프로무림,2021-02,48,647266,35200,Y,60800,Y,104320,Y,214660,Y,7,0.4144
독조혈인|||강태산,독조혈인,강태산,프로무림,2021-02,60,1171696,20637,Y,78796,Y,193534,Y,367370,Y,11,0.3462
독존패왕|||강태산,독존패왕,강태산,프로무림,2021-02,59,884284,2132,Y,21363,Y,108124,Y,243294,Y,7,0.5144
독행기|||홍파,독행기,홍파,프로무림,2021-02,48,141760,5831,Y,11459,Y,34094,Y,43544,Y,8,0.5107
독행록|||검궁인,독행록,검궁인,프로무림,2021-02,59,432467,7382,Y,21437,Y,58348,Y,91726,Y,9,0.3892
돈만 벌고 레벨업|||스펜서,돈만 벌고 레벨업,스펜서,포텐,2021-02,58,2757404,172662,Y,257880,Y,705888,Y,1589938,Y,7,0.3385
돌아온 요리고 고인물|||빨간코트,돌아온 요리고 고인물,빨간코트,포텐,2021-02,60,32234899,3723387,Y,8132439,Y,13429160,Y,21238001,Y,11,0.2332
동백유엽검|||미송검,동백유엽검,미송검,포텐,2021-02,59,2045783,64421,Y,136761,Y,277330,Y,485012,Y,13,0.3262
"동사군도|||검궁인, 백강",동사군도,"검궁인, 백강",프로무림,2021-02,57,231001,4872,Y,10715,Y,25614,Y,55038,Y,7,0.4605
동토의 제국|||이원호,동토의 제국,이원호,프로무림,2021-02,60,1222018,14800,Y,67000,Y,118600,Y,155000,Y,1,1.0
둔재무적|||송재일,둔재무적,송재일,포텐,2021-02,60,41314929,436714,Y,1589651,Y,4838775,Y,11584306,Y,20,0.4503
드림 컨트롤러|||최소혜,드림 컨트롤러,최소혜,포텐,2021-02,13,14821,840,Y,4550,Y,4620,Y,6860,Y,1,1.0
등용문|||검궁인,등용문,검궁인,프로무림,2021-02,59,583007,12931,Y,39314,Y,72494,Y,135072,Y,11,0.3598
등천불망룡|||냉중생,등천불망룡,냉중생,프로무림,2021-02,46,59293,2909,Y,4913,Y,10394,Y,18312,Y,5,0.3973
"등천비마록|||검궁인, 사마달",등천비마록,"검궁인, 사마달",프로무림,2021-02,59,1056271,35893,Y,66567,Y,129868,Y,253877,Y,9,0.3898
등천제일룡|||검궁인,등천제일룡,검궁인,프로무림,2021-02,59,887954,23959,Y,77952,Y,138404,Y,251095,Y,11,0.2402
라마대|||박시원,라마대,박시원,포텐,2021-02,51,251630,1890,Y,15998,Y,39281,Y,68303,Y,6,0.5903
라오스 루이시안|||현자림,라오스 루이시안,현자림,프로무림,2021-02,54,352058,9528,Y,38686,Y,60588,Y,123388,Y,6,0.61
랑1|||강태산,랑1,강태산,프로무림,2021-02,52,104496,645,Y,7008,Y,11995,Y,19710,Y,4,0.5492
랜덤뽑기로 학원최강|||비비다,랜덤뽑기로 학원최강,비비다,포텐,2021-02,59,3876360,279497,Y,582438,Y,939837,Y,1451891,Y,15,0.2876
레드 클라우드|||한세,레드 클라우드,한세,프로무림,2021-02,54,601732,8631,Y,32823,Y,96173,Y,188139,Y,8,0.504
레벨 업 하는 식당|||인기영,레벨 업 하는 식당,인기영,포텐,2021-02,60,78339103,1740895,Y,4435592,Y,13054392,Y,25835350,Y,23,0.487
령|||강태산,령,강태산,프로무림,2021-02,40,71884,2516,Y,3085,Y,4924,Y,12083,Y,4,0.564
로이|||별도,로이,별도,프로무림,2021-02,27,88298,771,Y,1802,Y,10055,Y,23994,Y,5,0.6528
롬베른의 영주|||김정민,롬베른의 영주,김정민,프로무림,2021-02,55,530893,21231,Y,50502,Y,105169,Y,170104,Y,7,0.5781
루한|||사마달,루한,사마달,프로무림,2021-02,55,183061,2579,Y,9317,Y,23771,Y,46805,Y,6,0.3769
리로드|||이수영,리로드,이수영,프로무림,2021-02,10,42336,2520,Y,2520,Y,2520,Y,10360,Y,3,0.4865
리메모리|||김민우,리메모리,김민우,프로무림,2021-02,55,455973,21124,Y,47936,Y,86910,Y,134738,Y,5,0.5262
리쎌암즈|||강우진,리쎌암즈,강우진,프로무림,2021-02,52,262971,6049,Y,13434,Y,26349,Y,72128,Y,9,0.3563
리와인드|||초몽,리와인드,초몽,프로무림,2021-02,43,174553,6363,Y,11606,Y,21134,Y,49376,Y,5,0.6365
리턴 오브 로드|||정현우,리턴 오브 로드,정현우,포텐,2021-02,58,618856,21921,Y,44436,Y,72937,Y,169851,Y,15,0.2028
리턴 오브 에이스|||예로나,리턴 오브 에이스,예로나,포텐,2021-02,59,21980198,806841,Y,2137756,Y,3262970,Y,4469213,Y,15,0.3722
마|||강태산,마,강태산,프로무림,2021-02,54,232992,8150,Y,24735,Y,34931,Y,60894,Y,9,0.2061
마교전왕|||사마달,마교전왕,사마달,프로무림,2021-02,59,1093845,17579,Y,58383,Y,109275,Y,236769,Y,9,0.3865
마권찰장|||사마달,마권찰장,사마달,프로무림,2021-02,57,208680,10602,Y,21244,Y,31053,Y,54575,Y,7,0.3458
마도공학자|||김형석,마도공학자,김형석,프로무림,2021-02,40,412648,15680,Y,47810,Y,73465,Y,113575,Y,6,0.5917
마도군주|||한승현,마도군주,한승현,프로무림,2021-02,7,8051,567,Y,2268,Y,2835,Y,5103,Y,1,1.0
마라밀종|||강태산,마라밀종,강태산,프로무림,2021-02,46,51482,559,Y,3679,Y,5516,Y,6777,Y,5,0.4422
마랑|||임이모,마랑,임이모,프로무림,2021-02,53,171223,10885,Y,17260,Y,28559,Y,64343,Y,7,0.3465
마벌|||홍파,마벌,홍파,프로무림,2021-02,57,345710,4008,Y,33015,Y,58942,Y,91674,Y,8,0.3886
마수|||강태산,마수,강태산,프로무림,2021-02,59,310457,6703,Y,20608,Y,36842,Y,82713,Y,8,0.6373
마야|||서효원,마야,서효원,프로무림,2021-02,57,777789,22857,Y,46949,Y,63749,Y,129292,Y,10,0.3418
마야|||설봉,마야,설봉,프로무림,2021-02,54,2135797,12750,Y,162150,Y,354660,Y,642190,Y,4,0.5147
마영|||강태산,마영,강태산,프로무림,2021-02,54,356828,4607,Y,28947,Y,45972,Y,94091,Y,10,0.5803
마왕출사|||청산,마왕출사,청산,프로무림,2021-02,56,617752,16452,Y,161912,Y,228552,Y,315782,Y,8,0.6344
마왕협녀기|||한성수,마왕협녀기,한성수,프로무림,2021-02,26,56148,4130,Y,6965,Y,11690,Y,15695,Y,6,0.3613
마인|||검궁인,마인,검궁인,프로무림,2021-02,59,482009,7518,Y,22353,Y,62038,Y,116912,Y,11,0.3716
마정지로|||검궁인,마정지로,검궁인,프로무림,2021-02,59,377100,374,Y,15152,Y,35022,Y,83887,Y,10,0.2336
마제참회기|||서효원,마제참회기,서효원,프로무림,2021-02,58,592598,10020,Y,13001,Y,46181,Y,88627,Y,8,0.4926
마종천횡보|||와룡강,마종천횡보,와룡강,프로무림,2021-02,56,2280700,55000,Y,320000,Y,507500,Y,840000,Y,1,1.0
마중제일령|||서효원,마중제일령,서효원,프로무림,2021-02,56,533204,9736,Y,14236,Y,33436,Y,72571,Y,7,0.2646
마지막 손오공|||조경휘,마지막 손오공,조경휘,프로무림,2021-02,27,29754,295,Y,682,Y,10482,Y,15463,Y,4,0.6338
마창1|||류운,마창1,류운,프로무림,2021-02,58,787442,19810,Y,80234,Y,168352,Y,267351,Y,6,0.512
마창2|||류운,마창2,류운,프로무림,2021-02,47,182210,16670,Y,21800,Y,33392,Y,57143,Y,3,0.7906
마창3|||류운,마창3,류운,프로무림,2021-02,40,111437,16040,Y,19100,Y,30811,Y,40072,Y,3,0.7911
마창4|||류운,마창4,류운,프로무림,2021-02,38,104031,15230,Y,18290,Y,31380,Y,39381,Y,4,0.6742
마창5|||류운,마창5,류운,프로무림,2021-02,38,94647,12980,Y,15860,Y,28320,Y,36951,Y,4,0.6357
마창6|||류운,마창6,류운,프로무림,2021-02,57,424822,15070,Y,19570,Y,49950,Y,92881,Y,8,0.2529
마풍진중원|||서효원,마풍진중원,서효원,프로무림,2021-02,57,544668,8887,Y,11587,Y,17587,Y,90795,Y,8,0.3292
"마협|||사마달, 백창렬",마협,"사마달, 백창렬",프로무림,2021-02,58,473394,10427,Y,37353,Y,83274,Y,136877,Y,9,0.4429
마협 소운강|||이문혁,마협 소운강,이문혁,프로무림,2021-02,39,1205537,53024,Y,147785,Y,326720,Y,577914,Y,8,0.458
"마황|||김능하, 김영",마황,"김능하, 김영",프로무림,2021-02,59,164064,2798,Y,8718,Y,14840,Y,39046,Y,7,0.4607
만강홍|||독고홍,만강홍,독고홍,프로무림,2021-02,36,136598,4207,Y,13780,Y,26067,Y,39032,Y,4,0.807
"만겁무황전|||검궁인, 사마달",만겁무황전,"검궁인, 사마달",프로무림,2021-02,59,1181663,25970,Y,76594,Y,159213,Y,282741,Y,10,0.41
만무총록|||검궁인,만무총록,검궁인,프로무림,2021-02,59,397954,5774,Y,35651,Y,75186,Y,117804,Y,11,0.2666
만수 이계 출근기|||박시원,만수 이계 출근기,박시원,포텐,2021-02,50,160774,3040,Y,10821,Y,26501,Y,46122,Y,10,0.4143
만천과해|||검궁인,만천과해,검궁인,프로무림,2021-02,58,370458,8226,Y,26162,Y,59996,Y,129954,Y,11,0.2031
만천화우|||검궁인,만천화우,검궁인,프로무림,2021-02,58,350714,3376,Y,13479,Y,32762,Y,68136,Y,8,0.292
만통사인방|||검궁인,만통사인방,검궁인,프로무림,2021-02,59,664026,18522,Y,37093,Y,72466,Y,130384,Y,9,0.1931
말년에 이계라니|||정현우,말년에 이계라니,정현우,프로무림,2021-02,60,1640343,46680,Y,77850,Y,175570,Y,523850,Y,15,0.3579
망겜의 마지막 플레이어|||연암,망겜의 마지막 플레이어,연암,포텐,2021-02,59,9462772,1835445,Y,2824275,Y,3588080,Y,4501902,Y,4,0.9501
매지컬 써전|||강산(江山),매지컬 써전,강산(江山),포텐,2021-02,60,41553442,2819420,Y,9802097,Y,16056987,Y,21449452,Y,24,0.4091
매지컬 써전|||빅스마일,매지컬 써전,빅스마일,포텐,2021-02,5,955927,46200,Y,921907,Y,955927,Y,955927,Y,1,1.0
매화무|||현규,매화무,현규,프로무림,2021-02,33,60999,3097,Y,4957,Y,7979,Y,9999,Y,6,0.4866
머더엠퍼러|||정우식,머더엠퍼러,정우식,프로무림,2021-02,59,1027371,29964,Y,85923,Y,159348,Y,247917,Y,8,0.6084
메탈헌터|||와이번스,메탈헌터,와이번스,포텐,2021-02,51,621417,12250,Y,45836,Y,99911,Y,128177,Y,7,0.261
멸망한 세계의 생존지침서|||담배태우는 고양이,멸망한 세계의 생존지침서,담배태우는 고양이,포텐,2021-02,58,1613870,15911,Y,169598,Y,644186,Y,767771,Y,10,0.424
멸망한 세계의 생존지침서|||담배태우는고양이,멸망한 세계의 생존지침서,담배태우는고양이,포텐,2021-02,59,10039472,27707,Y,887767,Y,1336196,Y,1713688,Y,9,0.7575
명성명운|||송재일,명성명운,송재일,포텐,2021-02,59,12300225,280841,Y,631622,Y,1722816,Y,4774198,Y,19,0.3815
명품공자|||청산,명품공자,청산,프로무림,2021-02,54,714610,2240,Y,58268,Y,85204,Y,133616,Y,6,0.4862
모탈 신드롬|||북홀릭,모탈 신드롬,북홀릭,포텐,2021-02,58,826484,61502,Y,95487,Y,143231,Y,218836,Y,14,0.2988
목숨을 건 대국|||서효원,목숨을 건 대국,서효원,프로무림,2021-02,47,174500,900,Y,8100,Y,12600,Y,18200,Y,2,0.9396
몽상마법사|||유림아,몽상마법사,유림아,프로무림,2021-02,24,50621,4457,Y,7152,Y,12754,Y,19550,Y,2,0.8604
몽유강호|||강태산,몽유강호,강태산,프로무림,2021-02,49,113889,7799,Y,9251,Y,14208,Y,32946,Y,7,0.2103
"무|||일주향, 사마달",무,"일주향, 사마달",프로무림,2021-02,60,2386952,36152,Y,164878,Y,335500,Y,626689,Y,9,0.4534
"무검무존|||서효원, 이광주",무검무존,"서효원, 이광주",프로무림,2021-02,58,705168,5782,Y,25056,Y,31356,Y,127946,Y,7,0.4475
무관의 제왕4|||서효원,무관의 제왕4,서효원,프로무림,2021-02,47,197300,4200,Y,11700,Y,18000,Y,32100,Y,2,0.7944
무극대도|||사마달,무극대도,사마달,프로무림,2021-02,59,413531,3667,Y,20318,Y,44989,Y,102827,Y,8,0.4629
무극상도|||황정검,무극상도,황정검,프로무림,2021-02,44,1413948,43670,Y,100829,Y,161260,Y,255760,Y,5,0.4557
무극신갑|||나한,무극신갑,나한,프로무림,2021-02,56,2409886,72428,Y,249951,Y,471921,Y,706113,Y,8,0.5203
무당제자|||형상준,무당제자,형상준,프로무림,2021-02,59,3910701,32883,Y,148162,Y,285980,Y,624605,Y,8,0.2765
무당학사전|||형상준,무당학사전,형상준,프로무림,2021-02,59,6628794,72150,Y,156175,Y,655140,Y,1281201,Y,6,0.806
무대포|||강태산,무대포,강태산,프로무림,2021-02,51,138560,213,Y,5770,Y,11843,Y,33587,Y,7,0.2302
무도|||방수윤,무도,방수윤,프로무림,2021-02,32,113949,6237,Y,9639,Y,17577,Y,21546,Y,1,1.0
무림군웅보|||와룡강,무림군웅보,와룡강,프로무림,2021-02,46,969414,40000,Y,95000,Y,245000,Y,342500,Y,1,1.0
무림귀공자|||군옥당,무림귀공자,군옥당,프로무림,2021-02,50,140514,6646,Y,13171,Y,29091,Y,44948,Y,6,0.5529
무림기인전|||서효원,무림기인전,서효원,프로무림,2021-02,59,1351574,24657,Y,36084,Y,72784,Y,283102,Y,9,0.5157
무림묵시록|||서효원,무림묵시록,서효원,프로무림,2021-02,59,682518,9300,Y,41517,Y,51617,Y,147023,Y,7,0.4348
무림백서|||검궁인,무림백서,검궁인,프로무림,2021-02,59,489011,5932,Y,20745,Y,51941,Y,118261,Y,10,0.4468
무림어사|||홍파,무림어사,홍파,프로무림,2021-02,53,270590,2395,Y,16568,Y,31083,Y,68009,Y,8,0.4045
무림외사|||서효원,무림외사,서효원,프로무림,2021-02,55,450923,9440,Y,28040,Y,36740,Y,77960,Y,6,0.3449
무림일기|||와룡강,무림일기,와룡강,프로무림,2021-02,60,41360008,582960,Y,1703695,Y,7200217,Y,12327017,Y,6,0.3237
무림전사|||검궁인,무림전사,검궁인,프로무림,2021-02,60,290373,4457,Y,32168,Y,43539,Y,81843,Y,10,0.4105
무맥|||고월,무맥,고월,프로무림,2021-02,59,647537,10260,Y,36445,Y,92487,Y,171438,Y,7,0.5982
무벌|||서효원,무벌,서효원,프로무림,2021-02,56,723055,9531,Y,25808,Y,49092,Y,105485,Y,7,0.3608
무상혜검|||서효원,무상혜검,서효원,프로무림,2021-02,59,741158,18928,Y,33028,Y,51028,Y,149675,Y,9,0.2808
무색의 검향|||서효원,무색의 검향,서효원,프로무림,2021-02,53,382585,6550,Y,15550,Y,15550,Y,77386,Y,7,0.3101
무신 돌아오다|||윤신현,무신 돌아오다,윤신현,포텐,2021-02,60,110471606,8929798,Y,20090540,Y,31369286,Y,62247926,Y,23,0.3889
무영천|||사마달,무영천,사마달,프로무림,2021-02,59,818012,22515,Y,62391,Y,99710,Y,172633,Y,8,0.2354
무영탑|||검궁인,무영탑,검궁인,프로무림,2021-02,58,459119,11445,Y,31421,Y,61349,Y,102813,Y,9,0.2567
무인향|||강태산,무인향,강태산,프로무림,2021-02,23,57347,700,Y,700,Y,700,Y,2275,Y,3,0.6923
"무인향|||사마달, 고월",무인향,"사마달, 고월",프로무림,2021-02,59,1912063,44537,Y,109235,Y,285458,Y,454698,Y,10,0.5188
무자천서|||강태산,무자천서,강태산,포텐,2021-02,59,5874844,137120,Y,311100,Y,549610,Y,1143375,Y,18,0.2986
무적 군림보|||나한,무적 군림보,나한,프로무림,2021-02,59,3556826,59344,Y,391844,Y,616965,Y,1061281,Y,9,0.4475
무적검|||서효원,무적검,서효원,프로무림,2021-02,53,361996,13402,Y,17002,Y,35902,Y,99958,Y,7,0.3922
무적신마에게 전한다|||서효원,무적신마에게 전한다,서효원,프로무림,2021-02,36,102400,3600,Y,13200,Y,16800,Y,21300,Y,1,1.0
무적지존|||동윤,무적지존,동윤,프로무림,2021-02,59,2250417,20700,Y,89700,Y,222730,Y,418190,Y,7,0.3647
무적천년|||와룡강,무적천년,와룡강,프로무림,2021-02,60,11252208,181248,Y,423710,Y,1143038,Y,2459518,Y,14,0.3759
무적천하|||서효원,무적천하,서효원,프로무림,2021-02,58,901673,19280,Y,50516,Y,69416,Y,163096,Y,7,0.4445
무적투왕|||청산,무적투왕,청산,프로무림,2021-02,57,852046,11212,Y,61321,Y,145147,Y,245845,Y,6,0.4502
무정마검|||,무정마검,,프로무림,2021-02,46,388705,22900,Y,22900,Y,22900,Y,23600,Y,1,1.0
무정마검|||서효원,무정마검,서효원,프로무림,2021-02,56,471688,7164,Y,21264,Y,29364,Y,84373,Y,8,0.4516
무한 빙의로 세계 최강|||절세초인,무한 빙의로 세계 최강,절세초인,프로무림,2021-02,3,62769,46452,Y,62769,Y,62769,Y,62769,Y,3,0.7859
무해검마전|||서효원,무해검마전,서효원,프로무림,2021-02,56,389084,9012,Y,16243,Y,30143,Y,82327,Y,8,0.3475
무혈|||홍파,무혈,홍파,프로무림,2021-02,56,296420,7012,Y,33474,Y,44910,Y,68636,Y,7,0.4079
무협절검|||서효원,무협절검,서효원,프로무림,2021-02,58,907666,17222,Y,50222,Y,86122,Y,202464,Y,11,0.2653
묵룡혈마|||강태산,묵룡혈마,강태산,프로무림,2021-02,59,1865271,30337,Y,110511,Y,238593,Y,492008,Y,14,0.3265
묵혈랑|||강태산,묵혈랑,강태산,프로무림,2021-02,59,329101,3472,Y,22921,Y,67314,Y,112964,Y,9,0.592
미끼|||이원호,미끼,이원호,프로무림,2021-02,42,153645,1800,Y,28360,Y,35660,Y,45360,Y,1,1.0
미후전기|||사마달,미후전기,사마달,포텐,2021-02,59,3674869,42965,Y,224222,Y,590797,Y,993442,Y,14,0.4516
밀매업자|||형상준,밀매업자,형상준,프로무림,2021-02,43,224434,2913,Y,12388,Y,30615,Y,85587,Y,6,0.4034
바람둥이 쿠루터 일기|||김하준,바람둥이 쿠루터 일기,김하준,프로무림,2021-02,33,178706,4633,Y,27262,Y,38868,Y,88188,Y,5,0.6715
바람의 딸|||이원호,바람의 딸,이원호,프로무림,2021-02,55,760243,9400,Y,28200,Y,60700,Y,111100,Y,1,1.0
바람의 아스란|||초몽,바람의 아스란,초몽,프로무림,2021-02,48,203168,4410,Y,34922,Y,36812,Y,52448,Y,4,0.9436
바람의 전설|||이원호,바람의 전설,이원호,프로무림,2021-02,34,226560,12800,Y,42240,Y,61440,Y,99840,Y,3,0.7692
바람의 칼|||이원호,바람의 칼,이원호,프로무림,2021-02,54,918288,14400,Y,62700,Y,125100,Y,185400,Y,8,0.6958
바보 영주 로이|||박시원,바보 영주 로이,박시원,포텐,2021-02,51,322850,3325,Y,23640,Y,33027,Y,84889,Y,7,0.3092
방랑에서 군주까지|||먼스타,방랑에서 군주까지,먼스타,포텐,2021-02,18,85750,17500,Y,19300,Y,40200,Y,55950,Y,6,0.345
백마겁|||강태산,백마겁,강태산,프로무림,2021-02,57,357166,4970,Y,20009,Y,45445,Y,94198,Y,9,0.5796
백면서생 일대기|||서효원,백면서생 일대기,서효원,프로무림,2021-02,55,1740178,60430,Y,88230,Y,88230,Y,274019,Y,8,0.3435
백병쟁투|||조건상,백병쟁투,조건상,포텐,2021-02,20,321097,17850,Y,61810,Y,171950,Y,223657,Y,7,0.3606
백병쟁투1|||조건상,백병쟁투1,조건상,포텐,2021-02,20,797363,239260,Y,399077,Y,424613,Y,535213,Y,5,0.7106
"백사단|||사마달, 백창렬",백사단,"사마달, 백창렬",프로무림,2021-02,58,321548,3087,Y,14555,Y,51553,Y,99691,Y,9,0.2212
백사전신|||강태산,백사전신,강태산,프로무림,2021-02,59,3163692,48545,Y,129479,Y,344274,Y,578557,Y,5,0.6979
백사전신장|||강태산,백사전신장,강태산,프로무림,2021-02,25,317460,1200,Y,1200,Y,32910,Y,33750,Y,1,1.0
백야|||홍파,백야,홍파,프로무림,2021-02,54,150002,7155,Y,11565,Y,13979,Y,27867,Y,6,0.4069
백야1|||강태산,백야1,강태산,프로무림,2021-02,57,102149,2215,Y,6739,Y,11502,Y,20457,Y,5,0.6282
백야2|||강태산,백야2,강태산,프로무림,2021-02,22,19730,900,Y,1530,Y,2160,Y,2790,Y,4,0.3226
백야3|||강태산,백야3,강태산,프로무림,2021-02,57,170056,1890,Y,10990,Y,17920,Y,28490,Y,5,0.5528
백인무문|||서효원,백인무문,서효원,프로무림,2021-02,58,793254,16039,Y,38893,Y,59293,Y,120942,Y,8,0.3865
버스톤|||최신영,버스톤,최신영,프로무림,2021-02,38,84628,567,Y,10236,Y,20817,Y,28212,Y,1,1.0
베스트 원|||한세,베스트 원,한세,프로무림,2021-02,54,686673,22379,Y,52815,Y,104503,Y,185038,Y,6,0.3493
벽력무진1|||강태산,벽력무진1,강태산,프로무림,2021-02,54,159414,1518,Y,7554,Y,19731,Y,47524,Y,5,0.3715
벽력무진3|||강태산,벽력무진3,강태산,프로무림,2021-02,47,104268,2580,Y,3490,Y,12870,Y,26240,Y,3,0.6136
벽력후|||강태산,벽력후,강태산,프로무림,2021-02,59,828857,1528,Y,31836,Y,79538,Y,248136,Y,8,0.4401
별들의 전쟁|||비류수,별들의 전쟁,비류수,프로무림,2021-02,58,932121,34100,Y,90800,Y,148600,Y,231990,Y,8,0.3423
보스|||이원호,보스,이원호,프로무림,2021-02,59,3044916,51800,Y,203600,Y,347000,Y,685200,Y,6,0.7049
보험왕|||형상준,보험왕,형상준,프로무림,2021-02,16,54987,2535,Y,9387,Y,9387,Y,18691,Y,2,0.8164
복마구층탑|||서효원,복마구층탑,서효원,프로무림,2021-02,52,426218,11700,Y,32427,Y,54827,Y,90998,Y,7,0.267
복마지존|||강태산,복마지존,강태산,프로무림,2021-02,59,1323709,22635,Y,83036,Y,201867,Y,405389,Y,11,0.4066
복마지존 화|||강태산,복마지존 화,강태산,프로무림,2021-02,50,301000,1890,Y,23730,Y,30030,Y,90580,Y,2,0.534
봉마전설 아레스|||김하준,봉마전설 아레스,김하준,프로무림,2021-02,47,200002,10027,Y,27092,Y,41493,Y,60072,Y,6,0.6803
부동|||소봉,부동,소봉,프로무림,2021-02,24,196902,24300,Y,33300,Y,48700,Y,113232,Y,2,0.6609
부활의 시간|||인기영,부활의 시간,인기영,프로무림,2021-02,58,1099646,15180,Y,50390,Y,131462,Y,272557,Y,11,0.5856
부황전설 무적부황|||이유성,부황전설 무적부황,이유성,프로무림,2021-02,34,80292,1755,Y,4275,Y,12815,Y,19997,Y,3,0.8681
부황전설 정마대연|||이유성,부황전설 정마대연,이유성,프로무림,2021-02,33,72906,1755,Y,3645,Y,11555,Y,23623,Y,3,0.907
부황전설 질풍강호|||이유성,부황전설 질풍강호,이유성,프로무림,2021-02,32,59883,630,Y,1890,Y,8540,Y,19915,Y,2,0.9146
부황전설 초출강호|||이유성,부황전설 초출강호,이유성,프로무림,2021-02,13,30896,1890,Y,1890,Y,9706,Y,19836,Y,2,0.6211
부황전설 황룡점정|||이유성,부황전설 황룡점정,이유성,프로무림,2021-02,37,105063,1577,Y,6909,Y,21560,Y,39958,Y,4,0.4338
북두무맥|||와룡강,북두무맥,와룡강,프로무림,2021-02,60,10043871,115241,Y,405895,Y,1044915,Y,2308725,Y,16,0.3774
북두천왕1|||강태산,북두천왕1,강태산,프로무림,2021-02,59,296204,5344,Y,17834,Y,37214,Y,73504,Y,6,0.5866
북두천왕2|||강태산,북두천왕2,강태산,프로무림,2021-02,55,135667,630,Y,3780,Y,18060,Y,36855,Y,5,0.8471
북두천왕3|||강태산,북두천왕3,강태산,프로무림,2021-02,59,212347,3080,Y,9030,Y,28350,Y,51905,Y,6,0.5421
불굴의 손가락|||임누리,불굴의 손가락,임누리,프로무림,2021-02,47,222807,500,Y,5100,Y,17100,Y,72900,Y,12,0.2455
불량의원|||동윤,불량의원,동윤,프로무림,2021-02,56,1155823,31400,Y,53500,Y,98700,Y,223100,Y,6,0.4303
불멸의 영웅|||강태산,불멸의 영웅,강태산,프로무림,2021-02,28,34160,630,Y,1190,Y,5320,Y,7840,Y,2,0.7589
불야성|||이원호,불야성,이원호,프로무림,2021-02,58,1775035,32400,Y,72000,Y,189100,Y,490100,Y,7,0.6305
붉은 나비 혈접인 상|||사마달,붉은 나비 혈접인 상,사마달,프로무림,2021-02,45,132187,2385,Y,6165,Y,19605,Y,31176,Y,4,0.7814
붉은 나비 혈접인 하|||사마달,붉은 나비 혈접인 하,사마달,프로무림,2021-02,59,294673,3530,Y,10856,Y,33386,Y,67855,Y,5,0.6107
붕성|||홍파,붕성,홍파,프로무림,2021-02,50,154939,1241,Y,16458,Y,28366,Y,41056,Y,8,0.4774
브레이슬릿|||박재학,브레이슬릿,박재학,프로무림,2021-02,59,3957035,73860,Y,201254,Y,416102,Y,849300,Y,9,0.4627
비가행 연심표|||별도,비가행 연심표,별도,프로무림,2021-02,46,201226,5670,Y,10710,Y,19145,Y,51266,Y,6,0.58
비가행 연심표장|||별도,비가행 연심표장,별도,프로무림,2021-02,43,164144,3780,Y,5840,Y,22773,Y,33154,Y,5,0.5228
비스트로드|||흑왕궁,비스트로드,흑왕궁,프로무림,2021-02,9,9200,2000,Y,2000,Y,3400,Y,7800,Y,1,1.0
비정혈|||강태산,비정혈,강태산,프로무림,2021-02,59,1286724,18575,Y,88782,Y,162840,Y,351581,Y,11,0.3016
빈센트Vincent|||박재학,빈센트Vincent,박재학,프로무림,2021-02,56,300223,1929,Y,10114,Y,24488,Y,53136,Y,6,0.5757
빌어먹을 메테오|||김하준,빌어먹을 메테오,김하준,프로무림,2021-02,55,423334,9728,Y,57145,Y,82200,Y,111601,Y,7,0.5315
사나운 새벽|||이수영,사나운 새벽,이수영,프로무림,2021-02,39,1347708,22400,Y,37766,Y,65542,Y,112582,Y,4,0.4974
사립루레인학원|||지미신,사립루레인학원,지미신,포텐,2021-02,59,747833,-9380,Y,92295,Y,165312,Y,229169,Y,4,0.4159
사막의 연인|||이원호,사막의 연인,이원호,프로무림,2021-02,46,145514,-1700,Y,9040,Y,18940,Y,23340,Y,1,1.0
사신|||설봉,사신,설봉,프로무림,2021-02,25,7252311,137600,Y,528000,Y,899840,Y,2027340,Y,6,0.5335
사신도|||강태산,사신도,강태산,프로무림,2021-02,56,298768,5269,Y,23938,Y,42994,Y,72715,Y,9,0.6354
사신마|||서효원,사신마,서효원,프로무림,2021-02,46,357148,-400,Y,-400,Y,-400,Y,32000,Y,1,1.0
사신마곡|||서효원,사신마곡,서효원,프로무림,2021-02,50,443067,15300,Y,16300,Y,16300,Y,37400,Y,1,1.0
사신마전|||서효원,사신마전,서효원,프로무림,2021-02,55,615523,5400,Y,29492,Y,56792,Y,159880,Y,7,0.4323
사신혈로|||사마달,사신혈로,사마달,프로무림,2021-02,60,444415,11409,Y,19590,Y,35623,Y,79313,Y,8,0.346
사자성|||강태산,사자성,강태산,프로무림,2021-02,49,120867,2177,Y,8690,Y,12600,Y,20942,Y,6,0.3883
사자후|||설봉,사자후,설봉,프로무림,2021-02,17,210765,25600,Y,45760,Y,71360,Y,117020,Y,3,0.7274
"사존|||사마달, 고월",사존,"사마달, 고월",프로무림,2021-02,59,1624317,32530,Y,91366,Y,177720,Y,355488,Y,10,0.4942
"사중협|||일주향, 사마달",사중협,"일주향, 사마달",프로무림,2021-02,59,922856,7490,Y,56139,Y,90108,Y,192685,Y,9,0.3649
사채업자|||형상준,사채업자,형상준,프로무림,2021-02,53,511952,21557,Y,68608,Y,111243,Y,180657,Y,8,0.5076
사형령주|||서효원,사형령주,서효원,프로무림,2021-02,57,653441,29115,Y,69215,Y,90815,Y,158032,Y,6,0.6552
"사황|||사마달, 일주향",사황,"사마달, 일주향",프로무림,2021-02,59,1843113,40631,Y,122543,Y,241953,Y,429080,Y,10,0.3863
사황마존|||와룡강,사황마존,와룡강,프로무림,2021-02,59,1563937,17350,Y,69068,Y,159608,Y,303195,Y,5,0.649
"사황불사령|||사마달, 일주향",사황불사령,"사마달, 일주향",프로무림,2021-02,59,3121659,99031,Y,248222,Y,418841,Y,730491,Y,10,0.3314
산타|||설봉,산타,설봉,프로무림,2021-02,33,336600,4500,Y,49300,Y,86100,Y,98100,Y,5,0.4241
살검록|||홍파,살검록,홍파,프로무림,2021-02,44,115927,461,Y,6847,Y,18384,Y,30267,Y,6,0.335
삼대|||이원호,삼대,이원호,프로무림,2021-02,42,158214,2200,Y,6700,Y,6700,Y,14300,Y,1,1.0
삼랑소|||천중행,삼랑소,천중행,프로무림,2021-02,56,528043,12810,Y,36432,Y,81649,Y,169130,Y,6,0.4002
삼류자객|||몽월,삼류자객,몽월,프로무림,2021-02,53,1175786,4500,Y,12200,Y,50600,Y,308700,Y,4,0.7075
삼인조|||박재학,삼인조,박재학,프로무림,2021-02,25,254580,8250,Y,8250,Y,18750,Y,33450,Y,3,0.5022
삼절지존1|||와룡강,삼절지존1,와룡강,프로무림,2021-02,60,3598509,49836,Y,143044,Y,303788,Y,757508,Y,7,0.4654
삼절지존2|||와룡강,삼절지존2,와룡강,프로무림,2021-02,59,417342,19130,Y,23810,Y,55440,Y,105700,Y,5,0.4842
삼절지존3|||와룡강,삼절지존3,와룡강,프로무림,2021-02,59,373692,14520,Y,20390,Y,51120,Y,98050,Y,5,0.488
삼절지존4|||와룡강,삼절지존4,와룡강,프로무림,2021-02,60,543732,19530,Y,27230,Y,71560,Y,142390,Y,6,0.3507
상문령|||홍파,상문령,홍파,프로무림,2021-02,52,233503,4227,Y,19920,Y,31817,Y,59402,Y,7,0.3448
새비어 매니저|||김종휘,새비어 매니저,김종휘,프로무림,2021-02,14,34453,500,Y,5000,Y,5600,Y,7400,Y,2,0.9189
색황|||제갈천,색황,제갈천,프로무림,2021-02,59,875498,25905,Y,52925,Y,101250,Y,208084,Y,5,0.4373
색황귀환|||청산,색황귀환,청산,프로무림,2021-02,60,1637090,32896,Y,89188,Y,284539,Y,509881,Y,10,0.2595
생사금고|||몽월,생사금고,몽월,프로무림,2021-02,58,1996631,17300,Y,55800,Y,498100,Y,1000000,Y,4,0.7312
생사대작|||사마달,생사대작,사마달,프로무림,2021-02,59,361494,7866,Y,14826,Y,32269,Y,72707,Y,8,0.6379
생사번천|||사마달,생사번천,사마달,프로무림,2021-02,59,647553,11387,Y,26113,Y,63944,Y,129493,Y,7,0.2961
생사신|||몽월,생사신,몽월,프로무림,2021-02,59,10494528,27000,Y,36000,Y,87300,Y,130500,Y,4,0.4759
생사지존|||강태산,생사지존,강태산,프로무림,2021-02,55,144038,1779,Y,8089,Y,21961,Y,40701,Y,7,0.5211
생존자|||이원호,생존자,이원호,프로무림,2021-02,54,744806,18000,Y,50100,Y,70000,Y,133300,Y,7,0.6527
섀도우비스트|||김재한,섀도우비스트,김재한,프로무림,2021-02,16,63423,567,Y,3717,Y,3717,Y,17087,Y,3,0.7456
선검|||유재무,선검,유재무,포텐|프로무림,2021-02,59,16223311,25778,Y,201602,Y,482622,Y,1107072,Y,12,0.2629
선검 완|||유재무,선검 완,유재무,프로무림,2021-02,59,3009760,9440,Y,21100,Y,95263,Y,311527,Y,6,0.4305
선자불래|||사마달,선자불래,사마달,프로무림,2021-02,55,148222,1062,Y,6672,Y,16736,Y,37908,Y,7,0.4497
성수탕마기|||서효원,성수탕마기,서효원,프로무림,2021-02,58,1402801,60529,Y,91756,Y,150724,Y,312466,Y,9,0.2722
소|||강태산,소,강태산,프로무림,2021-02,45,229506,8546,Y,27949,Y,44380,Y,80476,Y,6,0.6002
소뢰아|||강태산,소뢰아,강태산,프로무림,2021-02,60,4538191,81441,Y,472546,Y,867109,Y,1672155,Y,15,0.6225
소림삼십칠방|||몽월,소림삼십칠방,몽월,프로무림,2021-02,53,1582665,14200,Y,25000,Y,406800,Y,845100,Y,5,0.8895
소마무적|||강태산,소마무적,강태산,프로무림,2021-02,53,219581,1069,Y,15223,Y,23073,Y,35873,Y,5,0.4016
소마전기|||강태산,소마전기,강태산,프로무림,2021-02,55,214257,4032,Y,19183,Y,29766,Y,55286,Y,9,0.3037
소설 속 악당으로 살아가는 법|||강산(江山),소설 속 악당으로 살아가는 법,강산(江山),포텐,2021-02,26,1157365,44520,Y,356232,Y,599045,Y,915405,Y,12,0.3703
소야전기|||사마달,소야전기,사마달,프로무림,2021-02,59,478467,7696,Y,18188,Y,48696,Y,121473,Y,10,0.3338
소천무쌍|||가람검,소천무쌍,가람검,프로무림,2021-02,58,2416917,80550,Y,160378,Y,326332,Y,655528,Y,7,0.2356
수라마군|||설봉,수라마군,설봉,프로무림,2021-02,32,211701,9600,Y,38400,Y,54400,Y,80200,Y,7,0.3591
수라문|||강태산,수라문,강태산,프로무림,2021-02,58,329060,642,Y,7015,Y,19094,Y,91525,Y,7,0.8306
수심|||권천,수심,권천,프로무림,2021-02,48,85885,5229,Y,7642,Y,12230,Y,23065,Y,4,0.6124
수적왕|||권용찬,수적왕,권용찬,프로무림,2021-02,29,218120,15680,Y,38080,Y,50680,Y,88725,Y,2,0.8331
숭산|||서효원,숭산,서효원,프로무림,2021-02,57,504077,21502,Y,43476,Y,87276,Y,147752,Y,9,0.5666
슈퍼스타 누구도 막을 수 없어|||구라천재,슈퍼스타 누구도 막을 수 없어,구라천재,포텐,2021-02,60,20969973,536541,Y,806142,Y,1089307,Y,2029017,Y,15,0.2049
스타 러버즈|||깃털펜,스타 러버즈,깃털펜,프로무림,2021-02,41,404429,2700,Y,49230,Y,78030,Y,175130,Y,10,0.2969
스톰 블레이드|||진현,스톰 블레이드,진현,프로무림,2021-02,54,464452,16481,Y,36177,Y,81553,Y,152946,Y,7,0.6793
스페셜 직업2|||홍정태,스페셜 직업2,홍정태,프로무림,2021-02,4,2100,350,Y,1330,Y,1330,Y,2100,Y,1,1.0
슬레이어|||정우식,슬레이어,정우식,프로무림,2021-02,28,90549,1700,Y,12200,Y,17600,Y,24800,Y,4,0.4476
시간의 틈 사라진 검|||도진,시간의 틈 사라진 검,도진,포텐,2021-02,47,354281,6720,Y,9240,Y,9240,Y,16877,Y,2,0.6682
시검서생|||가람검,시검서생,가람검,프로무림,2021-02,56,989314,11858,Y,38570,Y,103278,Y,165928,Y,7,0.3649
시스템 오류로 에이스 등극|||글상사,시스템 오류로 에이스 등극,글상사,포텐,2021-02,19,3597251,359117,Y,1458967,Y,2791226,Y,3555463,Y,13,0.2542
식사하고 가세요|||인기영,식사하고 가세요,인기영,포텐,2021-02,59,788906764,5410080,Y,23648494,Y,91314022,Y,169399755,Y,8,0.5251
신|||강태산,신,강태산,프로무림,2021-02,59,978167,20215,Y,39436,Y,133764,Y,249447,Y,10,0.4799
신기무제|||홍파,신기무제,홍파,프로무림,2021-02,56,196323,5578,Y,14264,Y,39570,Y,57898,Y,7,0.5283
신독보강호|||검궁인,신독보강호,검궁인,프로무림,2021-02,59,616290,13769,Y,43077,Y,83233,Y,151359,Y,10,0.222
신룡전설|||가람검,신룡전설,가람검,프로무림,2021-02,51,574860,11571,Y,38801,Y,89558,Y,182980,Y,6,0.5386
신마겁|||사마달,신마겁,사마달,프로무림,2021-02,59,583201,9830,Y,24431,Y,70891,Y,122954,Y,9,0.3753
신무의 전설|||강태산,신무의 전설,강태산,프로무림,2021-02,43,85120,3360,Y,4830,Y,13090,Y,29960,Y,1,1.0
신비대형|||내가위,신비대형,내가위,프로무림,2021-02,55,163082,1676,Y,6680,Y,18515,Y,31277,Y,5,0.5247
신의 제국|||이원호,신의 제국,이원호,프로무림,2021-02,27,128700,900,Y,3900,Y,25800,Y,54600,Y,5,0.4396
신의 조각|||송재일,신의 조각,송재일,포텐,2021-02,57,3465328,190547,Y,343044,Y,482112,Y,1153511,Y,14,0.2834
신전을 털어라|||형상준,신전을 털어라,형상준,프로무림,2021-02,43,273320,13450,Y,31900,Y,58457,Y,92049,Y,5,0.4654
신출귀몰|||강태산,신출귀몰,강태산,프로무림,2021-02,59,489786,12275,Y,39694,Y,75184,Y,131663,Y,4,0.8289
신품무제|||제갈천,신품무제,제갈천,프로무림,2021-02,59,1038031,13785,Y,47298,Y,125136,Y,242269,Y,7,0.2696
신풍귀도|||사마달,신풍귀도,사마달,프로무림,2021-02,59,825632,11591,Y,30613,Y,92085,Y,157114,Y,11,0.2292
신풍낙영|||사마달,신풍낙영,사마달,프로무림,2021-02,58,467087,6837,Y,35660,Y,54783,Y,102684,Y,8,0.3068
신흥재벌|||박재학,신흥재벌,박재학,포텐,2021-02,59,6229547,132915,Y,508870,Y,985671,Y,1975056,Y,20,0.2744
실명 시리즈전 작|||서효원,실명 시리즈전 작,서효원,프로무림,2021-02,43,583278,9100,Y,100,Y,100,Y,68100,Y,1,1.0
실명대협|||서효원,실명대협,서효원,프로무림,2021-02,59,1579468,19180,Y,68480,Y,144580,Y,330720,Y,11,0.4158
실명마제|||서효원,실명마제,서효원,프로무림,2021-02,60,1627553,25200,Y,64800,Y,75900,Y,231054,Y,12,0.3178
실명천하|||서효원,실명천하,서효원,프로무림,2021-02,60,5395603,138515,Y,347415,Y,545215,Y,1098595,Y,14,0.2414
실버문|||사이딘,실버문,사이딘,프로무림,2021-02,14,265629,16660,Y,30625,Y,65905,Y,79135,Y,1,1.0
십검애사|||설봉,십검애사,설봉,프로무림,2021-02,36,622909,41600,Y,57000,Y,123300,Y,179900,Y,6,0.2668
십교종사|||천중행,십교종사,천중행,프로무림,2021-02,59,927719,22288,Y,59124,Y,126204,Y,227358,Y,9,0.3667
십궁지대|||청운하,십궁지대,청운하,프로무림,2021-02,58,267535,6031,Y,10680,Y,23808,Y,51068,Y,5,0.4541
"십대천왕|||사마달, 일주향",십대천왕,"사마달, 일주향",프로무림,2021-02,60,2884636,75711,Y,150844,Y,346119,Y,627285,Y,11,0.4175
"십대천왕|||일주향, 사마달",십대천왕,"일주향, 사마달",프로무림,2021-02,59,1755653,37945,Y,92807,Y,230736,Y,405658,Y,11,0.3986
십매어황|||청운하,십매어황,청운하,프로무림,2021-02,57,395467,10861,Y,32975,Y,51937,Y,70086,Y,8,0.4738
"십방천사|||사마달, 상관월",십방천사,"사마달, 상관월",프로무림,2021-02,59,996760,11878,Y,60155,Y,136400,Y,252410,Y,10,0.465
십왕독보|||와룡강,십왕독보,와룡강,프로무림,2021-02,59,9830812,143340,Y,384666,Y,871469,Y,2164549,Y,9,0.2119
십왕책|||천중행,십왕책,천중행,프로무림,2021-02,58,597483,11867,Y,28699,Y,78469,Y,163691,Y,7,0.2737
십전무판자|||검궁인,십전무판자,검궁인,프로무림,2021-02,59,708725,8226,Y,37550,Y,83816,Y,156159,Y,11,0.4095
"십전서생|||검궁인, 사마달",십전서생,"검궁인, 사마달",프로무림,2021-02,59,1656854,32145,Y,99405,Y,225458,Y,364316,Y,10,0.2928
"십절무록|||검궁인, 사마달",십절무록,"검궁인, 사마달",프로무림,2021-02,60,1023750,12885,Y,69058,Y,133219,Y,250413,Y,10,0.3639
십정천하|||검궁인,십정천하,검궁인,프로무림,2021-02,59,486049,1342,Y,29987,Y,68082,Y,113339,Y,11,0.3811
쌍룡몽|||사마달,쌍룡몽,사마달,프로무림,2021-02,52,139257,1890,Y,6582,Y,15309,Y,27961,Y,5,0.4281
썬더버드|||박재학,썬더버드,박재학,프로무림,2021-02,59,1209272,11340,Y,64170,Y,144600,Y,246121,Y,8,0.3726
아렌|||사이딘,아렌,사이딘,프로무림,2021-02,24,464936,33565,Y,33565,Y,101185,Y,141855,Y,1,1.0
아빠의 게임|||정현우,아빠의 게임,정현우,포텐,2021-02,60,34794196,783989,Y,1184412,Y,4162603,Y,11101680,Y,14,0.7404
아이리스|||박성호,아이리스,박성호,프로무림,2021-02,47,980084,7000,Y,28000,Y,117250,Y,248850,Y,5,0.6681
아카식 마스터|||무영,아카식 마스터,무영,프로무림,2021-02,41,175808,8884,Y,21187,Y,39332,Y,57270,Y,5,0.3851
아크리안|||김민,아크리안,김민,프로무림,2021-02,31,65046,2863,Y,6708,Y,10634,Y,15291,Y,2,0.7315
아티팩트|||박재학,아티팩트,박재학,프로무림,2021-02,59,1658621,47127,Y,83802,Y,223498,Y,419873,Y,9,0.4695
악마와 계약한 프로게이머|||한리,악마와 계약한 프로게이머,한리,포텐,2021-02,59,5917905,166516,Y,569721,Y,1907355,Y,2543282,Y,12,0.7389
악불기행|||강태산,악불기행,강태산,프로무림,2021-02,35,53219,343,Y,4728,Y,6958,Y,14026,Y,6,0.3966
악인무적|||권천,악인무적,권천,프로무림,2021-02,34,33079,434,Y,5610,Y,8699,Y,11830,Y,5,0.5177
악중협|||청산,악중협,청산,프로무림,2021-02,54,484055,7490,Y,25785,Y,65147,Y,101202,Y,6,0.6723
안하무인|||강태산,안하무인,강태산,포텐|프로무림,2021-02,60,4465107,96200,Y,213040,Y,418040,Y,1054740,Y,11,0.4769
알바트로스|||박재학,알바트로스,박재학,프로무림,2021-02,60,2382002,60910,Y,166292,Y,292927,Y,500179,Y,8,0.4395
암왕불패不|||이유성,암왕불패不,이유성,프로무림,2021-02,30,90110,1645,Y,4818,Y,12702,Y,25096,Y,5,0.3319
암천명조|||설봉,암천명조,설봉,프로무림,2021-02,41,374519,6400,Y,19900,Y,61500,Y,104400,Y,3,0.5211
암흑 제국의 패리어드|||이수영,암흑 제국의 패리어드,이수영,프로무림,2021-02,19,147233,7840,Y,16307,Y,16307,Y,26107,Y,4,0.3243
애검몽|||강태산,애검몽,강태산,프로무림,2021-02,59,802240,10634,Y,48229,Y,141075,Y,255929,Y,10,0.4029
애검몽 본 오뢰를 잊었나요|||강태산,애검몽 본 오뢰를 잊었나요,강태산,프로무림,2021-02,47,150850,7910,Y,16520,Y,24010,Y,40460,Y,1,1.0
야랑|||강태산,야랑,강태산,프로무림,2021-02,60,4693349,51315,Y,411690,Y,691606,Y,1364445,Y,12,0.5144
야망검|||강태산,야망검,강태산,프로무림,2021-02,31,111869,20580,Y,38220,Y,45598,Y,51128,Y,5,0.9255
야망검|||서효원,야망검,서효원,프로무림,2021-02,56,514230,10775,Y,19775,Y,23575,Y,91614,Y,6,0.4353
야망시대|||강태산,야망시대,강태산,프로무림,2021-02,60,903586,37174,Y,79546,Y,155227,Y,316549,Y,16,0.2846
야망시대 화|||강태산,야망시대 화,강태산,프로무림,2021-02,48,92380,4540,Y,9290,Y,15660,Y,24850,Y,2,0.6282
야망의 눈동자|||강산(江山),야망의 눈동자,강산(江山),포텐,2021-02,44,641424,-4844,Y,35336,Y,116816,Y,170995,Y,1,1.0341
야수곡|||검궁인,야수곡,검궁인,프로무림,2021-02,56,212612,6297,Y,14151,Y,32198,Y,59119,Y,6,0.3789
야월|||사마달,야월,사마달,프로무림,2021-02,60,423620,1976,Y,14563,Y,32397,Y,81108,Y,7,0.3914
야접몽|||사마달,야접몽,사마달,프로무림,2021-02,58,347943,3455,Y,22045,Y,78759,Y,116815,Y,9,0.3239
약속|||이원호,약속,이원호,프로무림,2021-02,50,360853,2100,Y,20900,Y,44600,Y,77200,Y,1,1.0
양과 늑대의 요람|||어두운글,양과 늑대의 요람,어두운글,포텐,2021-02,59,63991776,182747,Y,793399,Y,1778882,Y,3654259,Y,9,0.4999
양과 늑대의 요람 완|||어두운글,양과 늑대의 요람 완,어두운글,포텐,2021-02,52,1322439,1764,Y,20916,Y,46305,Y,67557,Y,4,0.7274
양의검법|||몽월,양의검법,몽월,프로무림,2021-02,57,3956148,900,Y,22200,Y,268700,Y,379500,Y,5,0.5618
어쌔신 나이트|||홍정태,어쌔신 나이트,홍정태,프로무림,2021-02,23,52863,1929,Y,1929,Y,6969,Y,13969,Y,4,0.3608
언어의 주인이란|||정보석,언어의 주인이란,정보석,포텐,2021-02,59,318947453,516752,Y,939944,Y,19081572,Y,36988379,Y,1,1.0
에필로그 못다 쓴 이야기|||와룡강,에필로그 못다 쓴 이야기,와룡강,프로무림,2021-02,59,2709790,42000,Y,101710,Y,253040,Y,579940,Y,2,0.7564
에필로그1|||서효원,에필로그1,서효원,프로무림,2021-02,40,117000,900,Y,10800,Y,12600,Y,29000,Y,2,0.9931
"여의서생|||사마달, 일주향",여의서생,"사마달, 일주향",프로무림,2021-02,59,3449729,81753,Y,201061,Y,417089,Y,745488,Y,10,0.3975
여의후|||사마달,여의후,사마달,프로무림,2021-02,59,1035193,13192,Y,83958,Y,167852,Y,293540,Y,10,0.3075
역발산|||사마달,역발산,사마달,프로무림,2021-02,55,113308,3715,Y,7135,Y,12498,Y,34422,Y,5,0.5988
역적의 꿈|||비류수,역적의 꿈,비류수,프로무림,2021-02,59,4341033,84089,Y,252263,Y,499153,Y,1019300,Y,7,0.5915
역적조련사 조선을 바꾸다|||Lucubro,역적조련사 조선을 바꾸다,Lucubro,포텐,2021-02,60,21067994,156731,Y,625984,Y,1295887,Y,2125882,Y,12,0.726
역천귀|||동윤,역천귀,동윤,포텐,2021-02,59,7910136,4235,Y,34651,Y,71975,Y,117811,Y,7,0.7812
역천록|||검궁인,역천록,검궁인,프로무림,2021-02,57,369186,9638,Y,32060,Y,58005,Y,91492,Y,8,0.3778
연|||강태산,연,강태산,프로무림,2021-02,55,302954,16939,Y,29980,Y,46074,Y,90970,Y,6,0.554
연정무한|||와룡강,연정무한,와룡강,프로무림,2021-02,59,3394198,75780,Y,184950,Y,414660,Y,692160,Y,13,0.3437
열정시대|||이원호,열정시대,이원호,프로무림,2021-02,44,279177,4800,Y,4800,Y,4800,Y,32100,Y,4,0.7477
영세일무존|||내가위,영세일무존,내가위,프로무림,2021-02,58,214096,6859,Y,19146,Y,30635,Y,42118,Y,5,0.3307
영세제일인|||청운하,영세제일인,청운하,프로무림,2021-02,58,389425,8691,Y,24397,Y,36513,Y,83295,Y,10,0.2859
영웅산맥|||일주향,영웅산맥,일주향,프로무림,2021-02,58,454219,16520,Y,39081,Y,65097,Y,132367,Y,7,0.4952
영웅은 쉬고 싶다|||만선,영웅은 쉬고 싶다,만선,포텐,2021-02,59,1040532,3080,Y,19880,Y,38570,Y,131628,Y,1,1.0
영웅의 도시|||이원호,영웅의 도시,이원호,프로무림,2021-02,52,3564486,83700,Y,157800,Y,282600,Y,624050,Y,9,0.7788
영웅호가행|||검궁인,영웅호가행,검궁인,프로무림,2021-02,59,1575706,20032,Y,87949,Y,153106,Y,388936,Y,12,0.2444
오렌다의 제국|||권우현,오렌다의 제국,권우현,프로무림,2021-02,54,476433,17202,Y,38628,Y,83638,Y,161867,Y,9,0.3922
옥수무정|||서효원,옥수무정,서효원,프로무림,2021-02,57,815810,40935,Y,58035,Y,72435,Y,145169,Y,6,0.4762
올바른 방패 사용법|||준준,올바른 방패 사용법,준준,포텐,2021-02,57,3080902,157224,Y,215892,Y,425262,Y,731127,Y,15,0.2623
옴팡진 놈|||정성민,옴팡진 놈,정성민,프로무림,2021-02,57,1876124,6160,Y,89096,Y,208103,Y,294952,Y,7,0.2907
와룡강 도서전|||와룡강,와룡강 도서전,와룡강,프로무림,2021-02,30,1789136,18200,Y,102060,Y,120260,Y,396060,Y,1,1.0
와룡등천|||동윤,와룡등천,동윤,프로무림,2021-02,46,561758,14300,Y,14300,Y,36800,Y,116800,Y,4,0.5351
와룡성수|||청산,와룡성수,청산,프로무림,2021-02,59,1039836,9880,Y,26029,Y,80328,Y,176488,Y,4,0.5585
와일드 문|||나한,와일드 문,나한,프로무림,2021-02,46,764803,16056,Y,157425,Y,253423,Y,348091,Y,7,0.6493
왕도|||검궁인,왕도,검궁인,프로무림,2021-02,60,515050,10217,Y,25571,Y,47349,Y,112147,Y,10,0.4681
왕의 투구|||한세,왕의 투구,한세,프로무림,2021-02,47,299061,10206,Y,39375,Y,69665,Y,84442,Y,5,0.4512
왕중왕|||일주향,왕중왕,일주향,프로무림,2021-02,57,361712,3600,Y,10006,Y,32816,Y,83617,Y,7,0.2798
요마겁|||강태산,요마겁,강태산,프로무림,2021-02,55,492569,23376,Y,36084,Y,75388,Y,149134,Y,10,0.3553
요절복통|||강태산,요절복통,강태산,프로무림,2021-02,51,187730,4887,Y,6459,Y,8555,Y,20785,Y,8,0.4209
용검전기|||방수윤,용검전기,방수윤,프로무림,2021-02,40,771370,33250,Y,85750,Y,147000,Y,176750,Y,3,0.9406
용과 파수꾼 달과 숲|||마테,용과 파수꾼 달과 숲,마테,프로무림,2021-02,35,19411,1816,Y,2829,Y,4780,Y,7268,Y,3,0.7647
용권|||송재일,용권,송재일,포텐,2021-02,59,235001890,2667686,Y,26454816,Y,74799856,Y,132251494,Y,24,0.4841
용등사해|||강태산,용등사해,강태산,프로무림,2021-02,45,98111,2110,Y,5353,Y,10652,Y,17670,Y,4,0.5963
용병불패|||청산,용병불패,청산,프로무림,2021-02,59,5708505,116205,Y,489383,Y,1002770,Y,2204009,Y,13,0.4645
용병왕 루크|||현자림,용병왕 루크,현자림,프로무림,2021-02,56,528871,16875,Y,49567,Y,84504,Y,139214,Y,7,0.6222
"용비봉무|||검궁인, 사마달",용비봉무,"검궁인, 사마달",프로무림,2021-02,60,901272,22649,Y,86796,Y,137339,Y,217908,Y,10,0.4385
용사무적|||만선,용사무적,만선,프로무림,2021-02,36,266583,-2160,Y,32376,Y,40876,Y,43358,Y,4,0.5683
용신의 후예|||김현각,용신의 후예,김현각,포텐,2021-02,46,463765,6148,Y,43138,Y,49403,Y,86042,Y,12,0.589
용영검왕|||사마달,용영검왕,사마달,프로무림,2021-02,57,193514,1120,Y,3640,Y,13160,Y,41930,Y,3,0.5459
용영검왕龍|||사마달,용영검왕龍,사마달,프로무림,2021-02,59,997831,11269,Y,48318,Y,121615,Y,233333,Y,7,0.2945
용왕의 아들이 되었다|||비비다,용왕의 아들이 되었다,비비다,포텐,2021-02,60,2504532,183998,Y,569017,Y,862344,Y,1227159,Y,15,0.4276
용왕쟁패|||사마달,용왕쟁패,사마달,프로무림,2021-02,59,647876,6734,Y,57153,Y,103416,Y,194035,Y,8,0.2706
용존|||사마달,용존,사마달,프로무림,2021-02,59,663613,20941,Y,53023,Y,104991,Y,160521,Y,9,0.4225
용천무|||사마달,용천무,사마달,프로무림,2021-02,59,721235,16011,Y,48389,Y,109549,Y,182034,Y,13,0.3408
용천풍|||일주향,용천풍,일주향,프로무림,2021-02,59,1595239,53603,Y,127686,Y,232528,Y,413512,Y,9,0.271
용천향|||천중행,용천향,천중행,프로무림,2021-02,60,325047,3930,Y,20440,Y,66065,Y,100204,Y,8,0.334
용투야|||천중행,용투야,천중행,프로무림,2021-02,59,486717,3844,Y,26519,Y,57987,Y,96139,Y,7,0.4602
용혈명|||사마달,용혈명,사마달,프로무림,2021-02,59,516868,7350,Y,21597,Y,57223,Y,100071,Y,10,0.3569
용황호|||김능하,용황호,김능하,프로무림,2021-02,55,431682,1338,Y,4439,Y,16003,Y,78776,Y,8,0.5961
운명이 전설로 이끌다|||홍정태,운명이 전설로 이끌다,홍정태,프로무림,2021-02,46,162345,1015,Y,13215,Y,17548,Y,38283,Y,3,0.49
운중월|||홍파,운중월,홍파,프로무림,2021-02,44,110509,3026,Y,11416,Y,19289,Y,22520,Y,6,0.3185
"웅풍독패존|||검궁인, 사마달",웅풍독패존,"검궁인, 사마달",프로무림,2021-02,59,1653751,45824,Y,95192,Y,187643,Y,343798,Y,9,0.3844
월영마|||강태산,월영마,강태산,프로무림,2021-02,54,200194,8587,Y,18389,Y,20052,Y,46069,Y,6,0.5926
웰컴 투 메모리|||북홀릭,웰컴 투 메모리,북홀릭,포텐,2021-02,59,2585362,45839,Y,134920,Y,420119,Y,720211,Y,16,0.2717
위 할건데 불만이세요|||중용도,위 할건데 불만이세요,중용도,포텐,2021-02,26,1305557,162204,Y,351129,Y,547384,Y,760698,Y,7,0.5081
위소보|||전용,위소보,전용,프로무림,2021-02,14,21686,2667,Y,3299,Y,7383,Y,7453,Y,5,0.3287
위풍당당 스토리|||박시원,위풍당당 스토리,박시원,포텐,2021-02,59,617453,26285,Y,59185,Y,92393,Y,165262,Y,12,0.3647
유건|||춤추는 그림자,유건,춤추는 그림자,포텐,2021-02,20,2807130,261370,Y,714160,Y,1802510,Y,2822231,Y,14,0.3404
유건 완|||춤추는 그림자,유건 완,춤추는 그림자,포텐,2021-02,11,661450,54040,Y,213360,Y,425430,Y,661450,Y,10,0.4321
유라시아의 꿈|||이원호,유라시아의 꿈,이원호,프로무림,2021-02,42,519300,3000,Y,36000,Y,93000,Y,147000,Y,2,0.8776
유랑소|||사마달,유랑소,사마달,프로무림,2021-02,59,632295,20400,Y,40257,Y,74302,Y,139964,Y,7,0.485
유산 받아 레벨 업|||북홀릭,유산 받아 레벨 업,북홀릭,포텐,2021-02,58,3211522,83021,Y,262829,Y,550387,Y,1094377,Y,15,0.2936
유산 받아 레벨 업 완|||북홀릭,유산 받아 레벨 업 완,북홀릭,포텐,2021-02,38,386464,1800,Y,14400,Y,114440,Y,139190,Y,6,0.4138
유체이탈 망나니|||부가티베이론,유체이탈 망나니,부가티베이론,포텐,2021-02,2,2601,2541,Y,2601,Y,2601,Y,2601,Y,3,0.8962
유희|||정우식,유희,정우식,프로무림,2021-02,46,359384,15600,Y,19300,Y,36700,Y,114600,Y,5,0.3482
은룡전기|||예로나,은룡전기,예로나,포텐,2021-02,57,1545786,30037,Y,59122,Y,104671,Y,147686,Y,6,0.4545
음양마검사|||진현,음양마검사,진현,프로무림,2021-02,59,448467,7993,Y,42971,Y,69662,Y,121301,Y,8,0.6726
의|||사마달,의,사마달,프로무림,2021-02,41,80850,560,Y,3080,Y,6510,Y,7140,Y,2,0.5294
이매전사|||청산,이매전사,청산,프로무림,2021-02,49,289008,8190,Y,27820,Y,44928,Y,73320,Y,6,0.4554
이제 검을 묻으리|||서효원,이제 검을 묻으리,서효원,프로무림,2021-02,43,214800,5500,Y,8200,Y,10000,Y,19900,Y,2,0.9497
이혼 후 재벌 각성|||강산(江山),이혼 후 재벌 각성,강산(江山),포텐,2021-02,60,39297917,1368500,Y,2506680,Y,3201520,Y,3836000,Y,5,0.3536
익스트림 프로젝트 제로1|||정우식,익스트림 프로젝트 제로1,정우식,프로무림,2021-02,7,20385,6000,Y,6000,Y,6000,Y,6000,Y,1,1.0
인간 자체가 강함|||박신우,인간 자체가 강함,박신우,포텐,2021-02,59,45395921,3775825,Y,17061344,Y,24624896,Y,27607226,Y,16,0.5956
일검혈|||서효원,일검혈,서효원,프로무림,2021-02,52,311763,24741,Y,26541,Y,35441,Y,76331,Y,7,0.4512
일구이언 이부지자|||이문혁,일구이언 이부지자,이문혁,프로무림,2021-02,37,359333,15395,Y,50507,Y,74304,Y,135201,Y,6,0.7093
일궁추혼|||사마달,일궁추혼,사마달,프로무림,2021-02,58,366231,9104,Y,21086,Y,49788,Y,108703,Y,8,0.3091
일로무정|||내가위,일로무정,내가위,프로무림,2021-02,54,165094,2852,Y,11847,Y,27192,Y,44264,Y,5,0.6911
일수탈명흑백조|||천중행,일수탈명흑백조,천중행,프로무림,2021-02,60,304456,11937,Y,21447,Y,35314,Y,60724,Y,7,0.36
잃은 것과 얻은 것4|||사마달,잃은 것과 얻은 것4,사마달,프로무림,2021-02,11,11760,1890,Y,1890,Y,1890,Y,3640,Y,1,1.0
임모탈|||박재학,임모탈,박재학,프로무림,2021-02,49,232835,8610,Y,14190,Y,21183,Y,51283,Y,5,0.4327
자객 무|||서효원,자객 무,서효원,프로무림,2021-02,58,1131455,37001,Y,53201,Y,94901,Y,264401,Y,9,0.5872
자객도|||검궁인,자객도,검궁인,프로무림,2021-02,58,350119,4410,Y,26395,Y,56032,Y,114888,Y,11,0.3028
자본주의가 낳은 괴물 헌터|||쌈마이,자본주의가 낳은 괴물 헌터,쌈마이,포텐,2021-02,60,8969463,55083,Y,283199,Y,520189,Y,1264353,Y,17,0.3232
자본주의가 낳은 괴물 헌터 완|||쌈마이,자본주의가 낳은 괴물 헌터 완,쌈마이,포텐,2021-02,57,996051,12873,Y,19040,Y,46655,Y,261919,Y,10,0.3677
작곡가 최현일|||투뮤,작곡가 최현일,투뮤,포텐,2021-02,58,1522595,65980,Y,182352,Y,487168,Y,894435,Y,12,0.2807
장왕곤|||천중행,장왕곤,천중행,프로무림,2021-02,59,795843,8685,Y,108752,Y,157122,Y,235750,Y,6,0.4326
재벌 3세 탑 프로듀서 되다|||팔월오일,재벌 3세 탑 프로듀서 되다,팔월오일,포텐,2021-02,59,6731269,72500,Y,391261,Y,827075,Y,1225593,Y,10,0.2432
재벌가 막둥이는 만능천재|||백범,재벌가 막둥이는 만능천재,백범,포텐,2021-02,55,107159428,-8120,Y,-8120,Y,288702,Y,21138417,Y,12,0.3549
재벌가 장남은 가치를 본다|||유재무,재벌가 장남은 가치를 본다,유재무,포텐,2021-02,60,259188148,10822142,Y,22387181,Y,55777879,Y,75947397,Y,16,0.2098
재벌가 차남은 먼치킨|||말리브해적,재벌가 차남은 먼치킨,말리브해적,포텐,2021-02,60,96471789,1128490,Y,9426387,Y,12959443,Y,17773001,Y,14,0.2823
재벌생활기록부|||백범(白凡),재벌생활기록부,백범(白凡),포텐,2021-02,58,103918866,38278519,Y,53933028,Y,62413821,Y,74494271,Y,16,0.3062
재벌이 돈을 숨김|||절세초인,재벌이 돈을 숨김,절세초인,프로무림,2021-02,4,78964,14175,Y,78904,Y,78964,Y,78964,Y,8,0.445
쟁패천하|||강태산,쟁패천하,강태산,프로무림,2021-02,40,103450,2520,Y,5056,Y,16799,Y,25619,Y,7,0.2951
쟈이칸|||김하준,쟈이칸,김하준,프로무림,2021-02,45,194992,6608,Y,16543,Y,33561,Y,46180,Y,6,0.4864
적색마|||백우영,적색마,백우영,프로무림,2021-02,56,187238,4995,Y,10215,Y,18582,Y,34459,Y,6,0.4205
적혈룡|||강태산,적혈룡,강태산,프로무림,2021-02,59,451594,21148,Y,53817,Y,81599,Y,138286,Y,8,0.3341
전국무조|||천중행,전국무조,천중행,프로무림,2021-02,59,568754,17635,Y,42343,Y,79149,Y,139893,Y,7,0.3072
전귀야행|||강태산,전귀야행,강태산,프로무림,2021-02,46,91579,570,Y,2710,Y,9431,Y,17067,Y,6,0.4996
전능의 팔찌|||김현석,전능의 팔찌,김현석,프로무림,2021-02,60,91114705,1439600,Y,4461260,Y,9142260,Y,25534880,Y,10,0.5687
전사몽|||강태산,전사몽,강태산,프로무림,2021-02,59,668876,17003,Y,40445,Y,104966,Y,199161,Y,9,0.6443
전설신검|||와룡강,전설신검,와룡강,프로무림,2021-02,59,54490291,1416800,Y,6587610,Y,12780990,Y,21473410,Y,8,0.3832
전장의 군주|||박시원,전장의 군주,박시원,포텐,2021-02,59,7291454,247355,Y,640930,Y,985018,Y,1664305,Y,17,0.2169
절검도|||검궁인,절검도,검궁인,프로무림,2021-02,58,466026,5173,Y,20233,Y,62598,Y,113028,Y,9,0.2732
"절대검 절정도|||서효원, 이광주",절대검 절정도,"서효원, 이광주",프로무림,2021-02,55,461943,3171,Y,25621,Y,26521,Y,86452,Y,6,0.4108
절대검로|||사마달,절대검로,사마달,프로무림,2021-02,59,291290,9163,Y,27030,Y,38306,Y,74004,Y,8,0.5708
절대검종|||사마달,절대검종,사마달,프로무림,2021-02,59,600674,9117,Y,34308,Y,92561,Y,149112,Y,9,0.3691
절대검호|||서효원,절대검호,서효원,프로무림,2021-02,57,756188,20277,Y,39489,Y,62889,Y,169990,Y,8,0.3392
절대고수|||와룡강,절대고수,와룡강,프로무림,2021-02,60,9690872,108957,Y,383630,Y,983515,Y,2397315,Y,12,0.4246
절대마조|||천중행,절대마조,천중행,프로무림,2021-02,59,305155,4499,Y,14011,Y,27600,Y,57254,Y,7,0.5121
절대무가|||검궁인,절대무가,검궁인,프로무림,2021-02,58,596018,12071,Y,39642,Y,66920,Y,151461,Y,12,0.2246
절대무존|||사마달,절대무존,사마달,프로무림,2021-02,59,880630,25000,Y,83569,Y,139976,Y,241108,Y,10,0.3152
절대무후|||서효원,절대무후,서효원,프로무림,2021-02,59,872040,35135,Y,55171,Y,87671,Y,185928,Y,10,0.2702
절대자류|||서효원,절대자류,서효원,프로무림,2021-02,59,683526,9779,Y,20279,Y,40279,Y,114595,Y,9,0.4702
"절대종사|||검궁인, 사마달",절대종사,"검궁인, 사마달",프로무림,2021-02,59,2232246,43706,Y,139868,Y,278585,Y,532014,Y,12,0.2702
절세마중협|||서효원,절세마중협,서효원,프로무림,2021-02,59,1146564,10838,Y,35812,Y,570112,Y,656327,Y,9,0.8241
"절세제일인|||사마달, 고월",절세제일인,"사마달, 고월",프로무림,2021-02,59,1594937,27414,Y,92229,Y,178419,Y,324933,Y,10,0.3883
절정검도|||서효원,절정검도,서효원,프로무림,2021-02,56,583204,15210,Y,44210,Y,69410,Y,131044,Y,7,0.362
절정검호|||홍파,절정검호,홍파,프로무림,2021-02,49,113865,5818,Y,9887,Y,23476,Y,30594,Y,7,0.4722
절정세가|||서효원,절정세가,서효원,프로무림,2021-02,59,1011123,27434,Y,63890,Y,79790,Y,257836,Y,7,0.4345
점창파|||형상준,점창파,형상준,프로무림,2021-02,60,1516911,43912,Y,139594,Y,272573,Y,423820,Y,9,0.4655
정마협|||검궁인,정마협,검궁인,프로무림,2021-02,59,506251,4511,Y,27669,Y,53346,Y,110153,Y,9,0.3741
"정사제황부|||검궁인, 사마달",정사제황부,"검궁인, 사마달",프로무림,2021-02,60,1153711,11578,Y,47723,Y,150698,Y,283420,Y,10,0.2915
정자부터 레벨 업|||범탈,정자부터 레벨 업,범탈,포텐,2021-02,60,4705687,302490,Y,625494,Y,1041476,Y,2099616,Y,17,0.341
제 장|||사마달,제 장,사마달,프로무림,2021-02,40,100730,5600,Y,8820,Y,18830,Y,28490,Y,1,1.0
제 장 결전의 날4|||사마달,제 장 결전의 날4,사마달,프로무림,2021-02,51,222950,10010,Y,16380,Y,46620,Y,106330,Y,2,0.6149
제 장 대신 를|||사마달,제 장 대신 를,사마달,프로무림,2021-02,37,68110,630,Y,2520,Y,4480,Y,13090,Y,2,0.6257
제 장 또 다른 전설의 시작4|||사마달,제 장 또 다른 전설의 시작4,사마달,프로무림,2021-02,51,167090,4270,Y,8260,Y,28910,Y,42280,Y,2,0.5066
제 장 비검낙마落|||서효원,제 장 비검낙마落,서효원,프로무림,2021-02,36,106900,8700,Y,13200,Y,17700,Y,24000,Y,1,1.0
제 장 영웅은 돌아오지 않았다|||서효원,제 장 영웅은 돌아오지 않았다,서효원,프로무림,2021-02,40,202700,5400,Y,17700,Y,19500,Y,29300,Y,2,0.8498
제 장 위대한 탄생4|||사마달,제 장 위대한 탄생4,사마달,프로무림,2021-02,33,52920,840,Y,4620,Y,11830,Y,29120,Y,1,1.0
제 장 의|||사마달,제 장 의,사마달,프로무림,2021-02,59,321930,3500,Y,15050,Y,26880,Y,56700,Y,2,0.5111
제 장 의 날이 밝다3|||사마달,제 장 의 날이 밝다3,사마달,프로무림,2021-02,18,72590,1470,Y,1470,Y,6720,Y,19320,Y,1,1.0
제 장 의 봄|||사마달,제 장 의 봄,사마달,프로무림,2021-02,20,37380,2940,Y,2940,Y,4900,Y,13370,Y,1,1.0
제 장 잡반의 품으로|||매설헌,제 장 잡반의 품으로,매설헌,프로무림,2021-02,21,37240,1890,Y,3780,Y,5040,Y,16380,Y,2,0.8462
제 장 주인 없는|||사마달,제 장 주인 없는,사마달,프로무림,2021-02,42,99960,1610,Y,2450,Y,15470,Y,27370,Y,2,0.6215
제 장 중원십지의 영웅들|||서효원,제 장 중원십지의 영웅들,서효원,프로무림,2021-02,56,493100,9900,Y,16200,Y,36000,Y,78700,Y,2,0.7205
제 장 진정한 승리자2|||사마달,제 장 진정한 승리자2,사마달,프로무림,2021-02,27,61740,3150,Y,4340,Y,7000,Y,17570,Y,1,1.0
제132장 진남2|||설봉,제132장 진남2,설봉,프로무림,2021-02,48,448000,11400,Y,25500,Y,150300,Y,179300,Y,1,1.0
제140장 이오자|||설봉,제140장 이오자,설봉,프로무림,2021-02,39,258600,5000,Y,11200,Y,108300,Y,125000,Y,1,1.0
제161장 니|||설봉,제161장 니,설봉,프로무림,2021-02,56,8761600,22400,Y,272000,Y,1267200,Y,2720000,Y,1,1.0
제25장 신풍|||사마달,제25장 신풍,사마달,프로무림,2021-02,38,64190,3570,Y,5460,Y,6720,Y,18130,Y,2,0.5135
제25장 오행마기|||사마달,제25장 오행마기,사마달,프로무림,2021-02,37,83370,2870,Y,4760,Y,10850,Y,18060,Y,2,0.593
제26장 튀어|||사마달,제26장 튀어,사마달,프로무림,2021-02,6,2730,70,Y,210,Y,490,Y,490,Y,1,1.0
제27장 대척살5|||사마달,제27장 대척살5,사마달,프로무림,2021-02,16,27860,140,Y,140,Y,3990,Y,3990,Y,1,1.0
제28장 밤의 열기 속으로1|||사마달,제28장 밤의 열기 속으로1,사마달,프로무림,2021-02,7,6580,490,Y,560,Y,1190,Y,3920,Y,1,1.0
제28장 일검혈일검한3|||서효원,제28장 일검혈일검한3,서효원,프로무림,2021-02,42,108100,1800,Y,4500,Y,9900,Y,16400,Y,2,0.9878
제29장 천하대은인2|||서효원,제29장 천하대은인2,서효원,프로무림,2021-02,49,199100,200,Y,200,Y,7400,Y,25400,Y,2,0.9921
제29장 한 명의 신랑과 세 명의 신부2|||서효원,제29장 한 명의 신랑과 세 명의 신부2,서효원,프로무림,2021-02,44,124000,900,Y,3600,Y,3600,Y,10800,Y,1,1.0
제30장|||사마달,제30장,사마달,프로무림,2021-02,20,17710,2730,Y,3570,Y,4970,Y,4970,Y,1,1.0
제30장 결자해지|||사마달,제30장 결자해지,사마달,프로무림,2021-02,50,130130,4480,Y,6930,Y,16310,Y,28280,Y,2,0.802
제30장 악인의 말로2|||사마달,제30장 악인의 말로2,사마달,프로무림,2021-02,57,257670,210,Y,14070,Y,26320,Y,68880,Y,1,1.0
제30장 흙에 살리다|||와룡강,제30장 흙에 살리다,와룡강,프로무림,2021-02,56,139360,1680,Y,5110,Y,11900,Y,37870,Y,1,1.0
제31장 오오 신이시어3|||서효원,제31장 오오 신이시어3,서효원,프로무림,2021-02,36,95100,900,Y,900,Y,1800,Y,6300,Y,1,1.0
제31장 의|||와룡강,제31장 의,와룡강,프로무림,2021-02,55,110620,980,Y,3780,Y,9820,Y,23520,Y,1,1.0
제31장 풍운지|||서효원,제31장 풍운지,서효원,프로무림,2021-02,36,123000,2700,Y,5400,Y,5400,Y,13200,Y,2,0.8864
제33장 반전3|||천중행,제33장 반전3,천중행,프로무림,2021-02,56,238420,20790,Y,45640,Y,50190,Y,64680,Y,2,0.6861
제33장 유성流 네가 이겼다2|||서효원,제33장 유성流 네가 이겼다2,서효원,프로무림,2021-02,49,220900,900,Y,8100,Y,8100,Y,33700,Y,2,0.7745
제33장 처절한 종막2|||와룡강,제33장 처절한 종막2,와룡강,프로무림,2021-02,59,609160,9240,Y,31150,Y,57260,Y,128460,Y,1,1.0
제35장 검 그리고 영웅|||서효원,제35장 검 그리고 영웅,서효원,프로무림,2021-02,31,91900,3600,Y,3600,Y,3600,Y,13500,Y,1,1.0
제35장 붕정구만리의 장2|||서효원,제35장 붕정구만리의 장2,서효원,프로무림,2021-02,42,131200,100,Y,1000,Y,6400,Y,12000,Y,2,0.975
제35장 영웅은 말이 없고2|||서효원,제35장 영웅은 말이 없고2,서효원,프로무림,2021-02,35,90600,900,Y,900,Y,900,Y,3600,Y,1,1.0
제36장 너 다 가져라1|||사마달,제36장 너 다 가져라1,사마달,프로무림,2021-02,20,24150,700,Y,3080,Y,3080,Y,8120,Y,1,1.0
제36장 천하의 아들|||서효원,제36장 천하의 아들,서효원,프로무림,2021-02,37,157800,2700,Y,2700,Y,3600,Y,12700,Y,2,0.9213
제37장 아아 창룡별부|||와룡강,제37장 아아 창룡별부,와룡강,프로무림,2021-02,59,556100,2520,Y,24850,Y,43200,Y,95600,Y,1,1.0
제37장 은 다시 떠오른다2|||사마달,제37장 은 다시 떠오른다2,사마달,프로무림,2021-02,32,50750,1260,Y,2100,Y,2730,Y,11340,Y,1,1.0
제38장 그리고 검만이 알고 있다|||서효원,제38장 그리고 검만이 알고 있다,서효원,프로무림,2021-02,32,80800,900,Y,3600,Y,3600,Y,12900,Y,2,0.8372
제40장 의|||와룡강,제40장 의,와룡강,프로무림,2021-02,59,566660,3220,Y,22960,Y,59360,Y,124760,Y,1,1.0
제41장 잃은 것과 얻은 것2|||청산,제41장 잃은 것과 얻은 것2,청산,프로무림,2021-02,59,890680,24360,Y,87080,Y,152530,Y,291550,Y,3,0.473
제42장 원흉수악2|||설봉,제42장 원흉수악2,설봉,프로무림,2021-02,8,15400,2100,Y,2400,Y,2400,Y,11800,Y,1,1.0
제46장|||와룡강,제46장,와룡강,프로무림,2021-02,57,537550,6370,Y,10430,Y,27250,Y,65350,Y,2,0.8125
제48장 역사는 바뀌지 않는다2|||강태산,제48장 역사는 바뀌지 않는다2,강태산,프로무림,2021-02,53,124450,3570,Y,9590,Y,9730,Y,28770,Y,2,0.6886
제50장 자객의 숙명|||청산,제50장 자객의 숙명,청산,프로무림,2021-02,26,92610,1260,Y,3780,Y,15120,Y,35280,Y,1,1.0
제51장 사필귀정|||와룡강,제51장 사필귀정,와룡강,프로무림,2021-02,59,665310,5250,Y,20370,Y,53910,Y,126810,Y,1,1.0
제58장 하늘을 대신해서3|||강태산,제58장 하늘을 대신해서3,강태산,프로무림,2021-02,59,342370,6930,Y,26810,Y,40110,Y,101640,Y,2,0.5131
제59장 최후의 승부3|||청산,제59장 최후의 승부3,청산,프로무림,2021-02,28,63630,3150,Y,8890,Y,17150,Y,27790,Y,2,0.9521
제60장 새로운 시작|||청산,제60장 새로운 시작,청산,프로무림,2021-02,31,135030,3920,Y,7070,Y,25410,Y,54040,Y,2,0.8744
제60장 전설은 지고 사람만 남는다|||청산,제60장 전설은 지고 사람만 남는다,청산,프로무림,2021-02,39,859460,20160,Y,45710,Y,113610,Y,353290,Y,3,0.8433
제63장 브야트의 최후|||박재학,제63장 브야트의 최후,박재학,프로무림,2021-02,37,129850,2660,Y,4270,Y,9870,Y,20930,Y,2,0.6388
제72장 풍운의 종식1|||와룡강,제72장 풍운의 종식1,와룡강,프로무림,2021-02,59,972280,3290,Y,31500,Y,84830,Y,230030,Y,1,1.0
제76장 부서진 금패령|||서효원,제76장 부서진 금패령,서효원,프로무림,2021-02,14,40400,2300,Y,2300,Y,2300,Y,3100,Y,1,1.0
제80장 끝나지 않은 전설2|||와룡강,제80장 끝나지 않은 전설2,와룡강,프로무림,2021-02,59,1622550,16730,Y,42280,Y,180630,Y,348430,Y,1,1.0
제81장 밝혀진 진실4|||청산,제81장 밝혀진 진실4,청산,프로무림,2021-02,49,789180,16940,Y,32340,Y,153650,Y,222460,Y,3,0.8103
제국의 꿈|||강동호,제국의 꿈,강동호,포텐,2021-02,60,27986948,980621,Y,3939404,Y,7039860,Y,11482352,Y,17,0.1928
제로 디멘션|||정우식,제로 디멘션,정우식,포텐,2021-02,10,10298,2100,Y,6510,Y,8810,Y,9510,Y,3,0.4837
제삼십사장 성니 한 사람의|||천중행,제삼십사장 성니 한 사람의,천중행,프로무림,2021-02,39,104370,140,Y,16590,Y,20160,Y,43820,Y,2,0.8898
제왕성|||서효원,제왕성,서효원,프로무림,2021-02,59,2695212,39152,Y,87152,Y,202352,Y,703471,Y,9,0.4442
제장 무너진 죽음의 하늘2|||청산,제장 무너진 죽음의 하늘2,청산,프로무림,2021-02,59,3375750,130270,Y,568190,Y,917630,Y,1392300,Y,2,0.5139
제천금왕|||강필,제천금왕,강필,포텐,2021-02,59,2133739,114240,Y,246323,Y,383908,Y,581161,Y,7,0.454
조선혁명군주|||Lucubro,조선혁명군주,Lucubro,포텐,2021-02,60,7600683,362210,Y,909362,Y,1443204,Y,2407138,Y,16,0.3877
조폭사|||이원호,조폭사,이원호,프로무림,2021-02,58,273504,400,Y,4700,Y,20400,Y,50300,Y,1,1.0
조화공자|||검궁인,조화공자,검궁인,프로무림,2021-02,58,344245,7713,Y,15396,Y,39561,Y,78234,Y,9,0.3183
졸부 집 망나니|||백범(白凡),졸부 집 망나니,백범(白凡),포텐,2021-02,47,57376081,7891849,Y,14132210,Y,18661363,Y,30392468,Y,20,0.2242
졸부 집 망나니 외|||백범(白凡),졸부 집 망나니 외,백범(白凡),포텐,2021-02,29,63210,22820,Y,38430,Y,42490,Y,45990,Y,2,0.9756
종결 이루지 못한 복수 그리고 추억의 장|||청산,종결 이루지 못한 복수 그리고 추억의 장,청산,프로무림,2021-02,21,155540,1260,Y,7840,Y,10500,Y,10780,Y,1,1.0
종결의 장 아직 끝나지 않은 행보2|||청산,종결의 장 아직 끝나지 않은 행보2,청산,프로무림,2021-02,35,110880,3780,Y,5460,Y,7630,Y,31220,Y,2,0.9283
종장 이별과 충격|||청산,종장 이별과 충격,청산,프로무림,2021-02,39,159740,2870,Y,4130,Y,9170,Y,57400,Y,3,0.511
종장 화려한 여정旅의 끝2|||와룡강,종장 화려한 여정旅의 끝2,와룡강,프로무림,2021-02,56,181880,1470,Y,3430,Y,11980,Y,32580,Y,1,1.0
종횡만리|||검궁인,종횡만리,검궁인,프로무림,2021-02,59,408609,1837,Y,12614,Y,33873,Y,69690,Y,8,0.3918
"종횡무진|||별도, 용대운",종횡무진,"별도, 용대운",프로무림,2021-02,51,870012,18503,Y,63590,Y,124801,Y,247415,Y,7,0.7588
주식의 신|||유재무,주식의 신,유재무,포텐,2021-02,60,77394385,2162060,Y,5692565,Y,10572699,Y,18903771,Y,20,0.3147
주식의 신 완|||유재무,주식의 신 완,유재무,포텐,2021-02,59,28643519,447706,Y,1006943,Y,2654869,Y,5544826,Y,9,0.5905
주인공의 수호기사가 되었다|||삼십춘기,주인공의 수호기사가 되었다,삼십춘기,포텐,2021-02,58,7229329,190716,Y,685102,Y,2106289,Y,3486221,Y,20,0.2548
죽음으로부터 돌아온 자 카운트리더|||지성문,죽음으로부터 돌아온 자 카운트리더,지성문,포텐,2021-02,60,39507621,1363790,Y,3365990,Y,13587629,Y,23394121,Y,7,0.5902
중심요요 내 마음 둘 곳 없네|||설봉,중심요요 내 마음 둘 곳 없네,설봉,프로무림,2021-02,24,151600,6400,Y,6400,Y,19200,Y,26400,Y,2,0.9697
중원낭인|||서효원,중원낭인,서효원,프로무림,2021-02,58,809241,18557,Y,47857,Y,77057,Y,186722,Y,7,0.3358
중원대천사|||사마달,중원대천사,사마달,프로무림,2021-02,58,793425,26758,Y,68986,Y,153477,Y,244608,Y,9,0.2711
중원무도|||서효원,중원무도,서효원,프로무림,2021-02,58,841285,16895,Y,24095,Y,95495,Y,217161,Y,6,0.5445
중원무정|||서효원,중원무정,서효원,프로무림,2021-02,56,768628,12259,Y,19459,Y,21259,Y,173843,Y,6,0.7453
중원영웅사|||내가위,중원영웅사,내가위,프로무림,2021-02,52,141051,3058,Y,7806,Y,14825,Y,27417,Y,5,0.4743
중원정벌|||청산,중원정벌,청산,프로무림,2021-02,59,1356832,37467,Y,72217,Y,149582,Y,289622,Y,6,0.4568
지배의 법칙|||민서,지배의 법칙,민서,프로무림,2021-02,58,459946,14487,Y,36496,Y,91257,Y,158835,Y,8,0.7007
지옥도|||몽월,지옥도,몽월,프로무림,2021-02,41,175922,14400,Y,14400,Y,17100,Y,20700,Y,3,0.7391
지옥제일검|||서효원,지옥제일검,서효원,프로무림,2021-02,53,568487,4161,Y,10461,Y,10461,Y,96964,Y,6,0.5626
지옥천하|||홍파,지옥천하,홍파,프로무림,2021-02,52,168157,1849,Y,7609,Y,11785,Y,25334,Y,8,0.4241
지옥파천황|||청산,지옥파천황,청산,프로무림,2021-02,57,787492,29062,Y,65289,Y,113576,Y,205406,Y,5,0.5548
지존공식|||라이먼,지존공식,라이먼,프로무림,2021-02,37,136539,1521,Y,5411,Y,20824,Y,35522,Y,5,0.641
지존독보|||와룡강,지존독보,와룡강,프로무림,2021-02,60,11196174,145315,Y,440063,Y,1094673,Y,2644037,Y,10,0.2083
지존등극|||사마달,지존등극,사마달,프로무림,2021-02,60,1310143,24960,Y,71254,Y,153997,Y,351502,Y,9,0.2927
지존무쌍|||별도,지존무쌍,별도,프로무림,2021-02,49,1407489,22400,Y,56000,Y,159670,Y,208143,Y,7,0.6242
지존수 대 지존수3|||서효원,지존수 대 지존수3,서효원,프로무림,2021-02,44,106400,100,Y,2800,Y,8200,Y,14500,Y,2,0.9931
지크|||김하준,지크,김하준,프로무림,2021-02,59,3217637,74566,Y,161597,Y,381135,Y,877258,Y,10,0.4626
진조무쌍|||가람검,진조무쌍,가람검,프로무림,2021-02,59,1576820,5670,Y,30200,Y,77660,Y,215490,Y,5,0.3645
진짜 사나이|||조건상,진짜 사나이,조건상,프로무림,2021-02,59,4988770,37125,Y,74250,Y,114475,Y,195890,Y,2,0.9389
진천뇌협|||동윤,진천뇌협,동윤,프로무림,2021-02,57,1019341,10800,Y,27000,Y,84060,Y,193010,Y,7,0.272
질풍권|||별도,질풍권,별도,프로무림,2021-02,55,1106013,27045,Y,68415,Y,131436,Y,281166,Y,10,0.4332
질풍마검사|||인기영,질풍마검사,인기영,프로무림,2021-02,59,1563951,17150,Y,62230,Y,151140,Y,266120,Y,10,0.5321
질풍의 류|||현자림,질풍의 류,현자림,프로무림,2021-02,43,113307,7572,Y,14160,Y,33641,Y,53961,Y,3,0.4705
차원기업 고구려|||박시원,차원기업 고구려,박시원,포텐,2021-02,57,344904,6244,Y,43682,Y,69547,Y,108180,Y,13,0.2964
"창궁무영|||사마달, 여래향",창궁무영,"사마달, 여래향",프로무림,2021-02,59,1005051,17688,Y,65612,Y,183896,Y,333801,Y,10,0.3587
창궁무적검|||서효원,창궁무적검,서효원,프로무림,2021-02,59,3490084,58300,Y,85300,Y,111900,Y,575340,Y,13,0.2819
창궁비연|||서효원,창궁비연,서효원,프로무림,2021-02,56,494109,9063,Y,23463,Y,45363,Y,111909,Y,6,0.4927
창귀|||별도,창귀,별도,프로무림,2021-02,50,3056788,67391,Y,180259,Y,817578,Y,1000484,Y,8,0.4271
창업의 신|||정현우,창업의 신,정현우,프로무림,2021-02,57,653484,21430,Y,58930,Y,80490,Y,190560,Y,16,0.2332
창천신영|||사마달,창천신영,사마달,프로무림,2021-02,59,670516,8018,Y,37489,Y,84153,Y,157360,Y,9,0.2881
"천|||사마달, 일주향",천,"사마달, 일주향",프로무림,2021-02,60,1762681,31843,Y,109391,Y,199343,Y,396442,Y,9,0.4036
천강천하|||김하준,천강천하,김하준,프로무림,2021-02,48,140124,3969,Y,15682,Y,21874,Y,34408,Y,8,0.2813
천검|||박현수,천검,박현수,프로무림,2021-02,57,1452740,8480,Y,84071,Y,262011,Y,483356,Y,11,0.2546
천검록|||사마달,천검록,사마달,프로무림,2021-02,58,501477,15264,Y,27902,Y,47891,Y,113821,Y,9,0.3185
천괴|||한성수,천괴,한성수,프로무림,2021-02,58,560478,8316,Y,48546,Y,85275,Y,120525,Y,7,0.5523
천궁혈|||사마달,천궁혈,사마달,프로무림,2021-02,58,595563,11749,Y,38086,Y,88475,Y,154357,Y,9,0.294
천년검혼|||서효원,천년검혼,서효원,프로무림,2021-02,59,854694,23733,Y,68733,Y,81633,Y,168539,Y,7,0.4184
천년대하|||강태산,천년대하,강태산,프로무림,2021-02,59,501660,22122,Y,44731,Y,73889,Y,113744,Y,8,0.2843
천년마제|||서효원,천년마제,서효원,프로무림,2021-02,58,550966,5954,Y,14408,Y,28808,Y,112178,Y,7,0.313
천년마종|||검궁인,천년마종,검궁인,프로무림,2021-02,59,1171308,25260,Y,107110,Y,215667,Y,342513,Y,11,0.3879
천년만에 귀환한 대마검사|||자리,천년만에 귀환한 대마검사,자리,포텐,2021-02,59,65409036,1048292,Y,15516337,Y,25348184,Y,42865288,Y,2,0.996
천년백첩랑|||사마달,천년백첩랑,사마달,프로무림,2021-02,60,854954,9011,Y,37253,Y,79029,Y,173603,Y,10,0.2927
천년세가|||서효원,천년세가,서효원,프로무림,2021-02,57,781811,47879,Y,65333,Y,67133,Y,158873,Y,6,0.6091
천년야망|||서효원,천년야망,서효원,프로무림,2021-02,59,3815769,58244,Y,153044,Y,268844,Y,901558,Y,9,0.4717
천년전쟁|||박시원,천년전쟁,박시원,포텐,2021-02,59,3791341,96896,Y,278749,Y,557983,Y,947278,Y,16,0.2606
천도|||사마달,천도,사마달,프로무림,2021-02,60,965450,28625,Y,86405,Y,164101,Y,258224,Y,9,0.4706
천룡파황보|||와룡강,천룡파황보,와룡강,프로무림,2021-02,60,23583527,370409,Y,1123674,Y,2764074,Y,5948574,Y,12,0.3445
천리무애|||검궁인,천리무애,검궁인,프로무림,2021-02,58,433093,15787,Y,39577,Y,74079,Y,125017,Y,10,0.3634
천리무영|||사마달,천리무영,사마달,프로무림,2021-02,60,636799,2265,Y,38612,Y,103945,Y,181593,Y,11,0.3507
천마 재벌집 아들로 환생|||방탄리무진,천마 재벌집 아들로 환생,방탄리무진,포텐,2021-02,23,451904,278330,Y,482025,Y,508922,Y,504652,Y,9,0.6023
천마강림|||청산,천마강림,청산,포텐,2021-02,59,9602599,266532,Y,752492,Y,1087897,Y,2638825,Y,18,0.3966
천마겁|||천중행,천마겁,천중행,프로무림,2021-02,58,976412,15400,Y,20090,Y,95620,Y,217692,Y,3,0.5865
천마대|||강태산,천마대,강태산,프로무림,2021-02,59,2676092,51300,Y,198082,Y,379571,Y,689068,Y,12,0.3271
천마무|||와룡강,천마무,와룡강,프로무림,2021-02,60,7046787,83765,Y,277221,Y,695798,Y,1590298,Y,10,0.245
천마봉|||몽월,천마봉,몽월,프로무림,2021-02,49,1620552,5400,Y,6300,Y,300000,Y,906700,Y,4,0.865
천마삼|||서효원,천마삼,서효원,프로무림,2021-02,56,514201,9719,Y,15200,Y,18800,Y,85605,Y,7,0.5035
"천마서생|||사마달, 일주향",천마서생,"사마달, 일주향",프로무림,2021-02,59,5731799,107383,Y,537695,Y,931843,Y,1469905,Y,11,0.2429
"천마성|||검궁인, 사마달",천마성,"검궁인, 사마달",프로무림,2021-02,59,2039326,37440,Y,114659,Y,216210,Y,414084,Y,12,0.3228
천마옥|||홍파,천마옥,홍파,프로무림,2021-02,45,80347,1538,Y,3386,Y,10593,Y,16888,Y,1,1.0
천마해|||사마달,천마해,사마달,프로무림,2021-02,59,991380,11479,Y,63318,Y,141624,Y,230752,Y,10,0.3608
천명|||검궁인,천명,검궁인,프로무림,2021-02,59,455850,4920,Y,20212,Y,62196,Y,121353,Y,12,0.3669
천무등룡방|||서효원,천무등룡방,서효원,프로무림,2021-02,58,1733487,52911,Y,67565,Y,87965,Y,236441,Y,10,0.434
"천무혈하록|||검궁인, 사마달",천무혈하록,"검궁인, 사마달",프로무림,2021-02,59,1026097,8766,Y,87555,Y,161076,Y,246308,Y,10,0.3759
천방지축|||강태산,천방지축,강태산,프로무림,2021-02,59,820006,30278,Y,58272,Y,109530,Y,230709,Y,10,0.4597
천방지축 난리법석1|||강태산,천방지축 난리법석1,강태산,프로무림,2021-02,32,46977,4410,Y,6210,Y,10113,Y,20002,Y,5,0.6393
"천붕기협전|||검궁인, 사마달",천붕기협전,"검궁인, 사마달",프로무림,2021-02,59,857636,14563,Y,41796,Y,105844,Y,207738,Y,11,0.2685
천선문|||형상준,천선문,형상준,프로무림,2021-02,59,1245498,28167,Y,77774,Y,164600,Y,313781,Y,9,0.2864
천세무림기보|||와룡강,천세무림기보,와룡강,프로무림,2021-02,41,946112,65000,Y,157500,Y,275000,Y,390000,Y,1,1.0
천수검왕|||사마달,천수검왕,사마달,프로무림,2021-02,59,813633,12247,Y,57652,Y,109791,Y,187260,Y,10,0.2434
천수검왕 제37장 천수검왕3|||사마달,천수검왕 제37장 천수검왕3,사마달,프로무림,2021-02,33,49070,1890,Y,2660,Y,4970,Y,10290,Y,1,1.0
천심기|||검궁인,천심기,검궁인,프로무림,2021-02,59,668153,14347,Y,35399,Y,70429,Y,143481,Y,11,0.3227
천애광정기|||서효원,천애광정기,서효원,프로무림,2021-02,53,391479,14227,Y,18727,Y,29027,Y,65927,Y,6,0.5298
천애기정록|||서효원,천애기정록,서효원,프로무림,2021-02,59,934809,18019,Y,32119,Y,44719,Y,165055,Y,10,0.4545
천애비검|||설봉,천애비검,설봉,프로무림,2021-02,49,1803916,28800,Y,132000,Y,193840,Y,369280,Y,6,0.6153
천애폭풍기|||서효원,천애폭풍기,서효원,프로무림,2021-02,57,640055,18579,Y,55479,Y,69879,Y,126669,Y,8,0.3207
천왕무|||나한,천왕무,나한,프로무림,2021-02,57,3504676,80131,Y,530827,Y,793942,Y,1214426,Y,8,0.4389
천왕문|||서효원,천왕문,서효원,프로무림,2021-02,59,3259160,57422,Y,104522,Y,243022,Y,849696,Y,10,0.4563
"천외기환전|||검궁인, 사마달",천외기환전,"검궁인, 사마달",프로무림,2021-02,59,1330047,35493,Y,91546,Y,181329,Y,365901,Y,11,0.297
천외유천|||현성,천외유천,현성,프로무림,2021-02,59,1440741,58707,Y,168825,Y,268286,Y,345369,Y,10,0.4025
천외천|||서효원,천외천,서효원,프로무림,2021-02,58,1414037,9577,Y,36877,Y,59845,Y,246229,Y,8,0.3313
천의역근참수기|||광무,천의역근참수기,광무,프로무림,2021-02,53,301955,6299,Y,23039,Y,52535,Y,76226,Y,7,0.3847
천인혈무록|||검궁인,천인혈무록,검궁인,프로무림,2021-02,59,325698,3724,Y,17171,Y,42880,Y,84293,Y,10,0.2436
천재가문|||청산,천재가문,청산,프로무림,2021-02,59,2674477,107452,Y,219902,Y,337695,Y,542015,Y,6,0.4164
"천지인왕패천겁|||검궁인, 사마달",천지인왕패천겁,"검궁인, 사마달",프로무림,2021-02,60,837023,6889,Y,55753,Y,99766,Y,172389,Y,9,0.4338
천지쟁패|||사마달,천지쟁패,사마달,프로무림,2021-02,56,322227,4547,Y,19531,Y,48607,Y,84061,Y,8,0.4007
천추공자|||청산,천추공자,청산,프로무림,2021-02,59,1453248,29012,Y,133365,Y,275168,Y,460932,Y,8,0.355
"천풍기협|||사마달, 일주향",천풍기협,"사마달, 일주향",프로무림,2021-02,60,2272029,60119,Y,192404,Y,347740,Y,543662,Y,9,0.256
천하군림가|||최성균,천하군림가,최성균,프로무림,2021-02,50,177118,810,Y,9552,Y,26342,Y,39222,Y,6,0.2616
천하대란|||방수윤,천하대란,방수윤,프로무림,2021-02,31,170102,4067,Y,17451,Y,27237,Y,62804,Y,3,0.7523
천하무식 유아독존|||별도,천하무식 유아독존,별도,프로무림,2021-02,39,144608,3204,Y,7186,Y,31903,Y,52037,Y,5,0.5016
"천혈마도|||사마달, 고월",천혈마도,"사마달, 고월",프로무림,2021-02,59,839505,13403,Y,74442,Y,144021,Y,242304,Y,10,0.5442
천화신전|||검궁인,천화신전,검궁인,프로무림,2021-02,59,944034,7329,Y,42006,Y,125979,Y,212506,Y,11,0.3577
천환정검로|||서효원,천환정검로,서효원,프로무림,2021-02,59,1613340,35008,Y,69763,Y,91863,Y,323903,Y,8,0.4292
철가풍운|||사마달,철가풍운,사마달,프로무림,2021-02,60,256284,4422,Y,19946,Y,36897,Y,74619,Y,9,0.5576
철검무정|||검궁인,철검무정,검궁인,프로무림,2021-02,27,71053,1485,Y,9150,Y,20491,Y,26091,Y,3,0.5902
철검무정|||서효원,철검무정,서효원,프로무림,2021-02,57,571388,20319,Y,35046,Y,57276,Y,163186,Y,5,0.3814
철검무정|||홍파,철검무정,홍파,프로무림,2021-02,54,146032,5840,Y,12703,Y,18728,Y,32843,Y,5,0.4519
철검패도|||사마달,철검패도,사마달,프로무림,2021-02,59,301453,7124,Y,20403,Y,43034,Y,65590,Y,9,0.3183
철담추혼|||사마달,철담추혼,사마달,프로무림,2021-02,55,146700,417,Y,8290,Y,17399,Y,33604,Y,7,0.6289
철립|||서효원,철립,서효원,프로무림,2021-02,59,724568,14522,Y,23249,Y,53249,Y,110849,Y,8,0.318
철면피|||강태산,철면피,강태산,프로무림,2021-02,52,226340,5596,Y,34028,Y,42119,Y,65043,Y,7,0.5166
철인검왕|||강태산,철인검왕,강태산,프로무림,2021-02,59,210525,3524,Y,14460,Y,25531,Y,59419,Y,8,0.4948
철정무한|||강태산,철정무한,강태산,프로무림,2021-02,55,257062,8827,Y,11127,Y,27416,Y,58556,Y,8,0.2377
철중쟁쟁|||권용찬,철중쟁쟁,권용찬,프로무림,2021-02,47,1030729,4480,Y,87500,Y,130074,Y,197414,Y,2,0.7262
철혈기인|||와룡강,철혈기인,와룡강,프로무림,2021-02,60,7106892,108502,Y,336269,Y,670122,Y,1511111,Y,9,0.3631
철혈뇌격|||강태산,철혈뇌격,강태산,프로무림,2021-02,55,374302,15330,Y,21142,Y,63814,Y,91622,Y,8,0.5042
철혈마혼|||홍파,철혈마혼,홍파,프로무림,2021-02,59,323903,4774,Y,30807,Y,44695,Y,70598,Y,8,0.5267
"철혈세가|||서효원, 이광주",철혈세가,"서효원, 이광주",프로무림,2021-02,59,1123396,44889,Y,62289,Y,84789,Y,218655,Y,9,0.3424
철혈의 제왕1|||정우식,철혈의 제왕1,정우식,프로무림,2021-02,45,249276,14369,Y,31974,Y,69487,Y,114072,Y,3,0.9527
철혈의 제왕2|||정우식,철혈의 제왕2,정우식,프로무림,2021-02,29,43820,1800,Y,2700,Y,3600,Y,8730,Y,2,0.9278
철혈의 제왕3|||정우식,철혈의 제왕3,정우식,프로무림,2021-02,22,36260,900,Y,1800,Y,1800,Y,4500,Y,1,1.0
"철화접|||검궁인, 백강",철화접,"검궁인, 백강",프로무림,2021-02,56,235059,2989,Y,20973,Y,56083,Y,71745,Y,7,0.3903
청룡사|||일주향,청룡사,일주향,프로무림,2021-02,54,337679,5400,Y,14723,Y,32468,Y,78699,Y,5,0.4536
청성지검|||송재일,청성지검,송재일,포텐,2021-02,59,32256947,659191,Y,1852985,Y,3980182,Y,7915332,Y,22,0.3571
청운몽|||내가위,청운몽,내가위,프로무림,2021-02,49,90475,295,Y,5883,Y,12422,Y,20015,Y,5,0.5372
체술무적 로이안|||김형석,체술무적 로이안,김형석,프로무림,2021-02,39,223994,5110,Y,7000,Y,12670,Y,62951,Y,8,0.5337
초월인간|||정우식,초월인간,정우식,프로무림,2021-02,53,268806,15610,Y,36054,Y,54377,Y,94322,Y,6,0.3166
초월자 어빈|||인기영,초월자 어빈,인기영,포텐|프로무림,2021-02,39,143701,2240,Y,7910,Y,9800,Y,11060,Y,4,0.5127
초인대형|||사마달,초인대형,사마달,프로무림,2021-02,59,736288,16637,Y,71460,Y,126664,Y,207131,Y,10,0.2726
초혼무 난세의 서 편|||와룡강,초혼무 난세의 서 편,와룡강,프로무림,2021-02,50,240740,1800,Y,6840,Y,36540,Y,64140,Y,3,0.8559
초혼무 새로운 신화 편|||와룡강,초혼무 새로운 신화 편,와룡강,프로무림,2021-02,60,1729206,17924,Y,53727,Y,142205,Y,357129,Y,5,0.9064
초혼무 전설의 부활 편|||와룡강,초혼무 전설의 부활 편,와룡강,프로무림,2021-02,43,90790,1440,Y,2880,Y,9090,Y,19590,Y,3,0.6386
초혼무 초혼의 사자 편|||와룡강,초혼무 초혼의 사자 편,와룡강,프로무림,2021-02,43,111970,900,Y,4140,Y,12870,Y,30770,Y,3,0.7225
최후의 강자|||강태산,최후의 강자,강태산,프로무림,2021-02,50,180390,2520,Y,13860,Y,17640,Y,32760,Y,1,1.0
최후의 비무3|||서효원,최후의 비무3,서효원,프로무림,2021-02,38,120400,1800,Y,7200,Y,7200,Y,19400,Y,2,0.9742
추야우색혼검|||사마달,추야우색혼검,사마달,프로무림,2021-02,59,496558,3457,Y,14344,Y,42532,Y,106889,Y,11,0.4244
추혼귀사|||사마달,추혼귀사,사마달,프로무림,2021-02,59,438834,4344,Y,15137,Y,37822,Y,71254,Y,9,0.416
취적취무|||설봉,취적취무,설봉,프로무림,2021-02,55,3047708,41080,Y,204340,Y,368620,Y,757140,Y,5,0.4987
층 탈출|||을해,층 탈출,을해,프로무림,2021-02,56,330909,14620,Y,22320,Y,31120,Y,78860,Y,1,1.0
칠기무제|||천중행,칠기무제,천중행,프로무림,2021-02,59,723147,11920,Y,37680,Y,69250,Y,176440,Y,5,0.3388
칠뢰진천|||강태산,칠뢰진천,강태산,프로무림,2021-02,46,185178,267,Y,3745,Y,13572,Y,31585,Y,5,0.3707
칠색무|||광무,칠색무,광무,프로무림,2021-02,46,76447,3173,Y,5330,Y,14844,Y,26500,Y,5,0.4755
카레인|||강동호,카레인,강동호,포텐,2021-02,59,14116018,581408,Y,1760487,Y,2991772,Y,5024469,Y,16,0.1705
카리시안|||예로나,카리시안,예로나,포텐,2021-02,58,1557973,12152,Y,41818,Y,131250,Y,221725,Y,5,0.4963
칼텐버그의 영주|||서림,칼텐버그의 영주,서림,프로무림,2021-02,33,83171,6550,Y,14786,Y,21086,Y,31426,Y,6,0.2606
쾌도난마|||와룡강,쾌도난마,와룡강,프로무림,2021-02,44,251696,3021,Y,5751,Y,12111,Y,29623,Y,4,0.5695
크라스니 눈물이 내리는 숲|||남수아,크라스니 눈물이 내리는 숲,남수아,프로무림,2021-02,5,6587,567,Y,4067,Y,4697,Y,5327,Y,2,0.8936
킬 더 엠페러|||트릭스터,킬 더 엠페러,트릭스터,포텐,2021-02,60,177142961,820104,Y,28415308,Y,35440324,Y,46326507,Y,1,1.0
킹 엘리온|||한세,킹 엘리온,한세,프로무림,2021-02,59,3938444,86807,Y,266959,Y,449734,Y,953835,Y,10,0.3813
타격의 신|||말리브 해적,타격의 신,말리브 해적,포텐,2021-02,59,1075951,36750,Y,97440,Y,152460,Y,226970,Y,6,0.446
타격의 신|||말리브해적,타격의 신,말리브해적,포텐,2021-02,60,4489519,66360,Y,212015,Y,509701,Y,1114495,Y,13,0.2807
타격의 신 완|||말리브 해적,타격의 신 완,말리브 해적,포텐,2021-02,55,3396386,5075,Y,9205,Y,11095,Y,60635,Y,7,0.4618
타워 디펜서 방어중|||리벨스톤,타워 디펜서 방어중,리벨스톤,포텐,2021-02,53,543815,22372,Y,69804,Y,183204,Y,258594,Y,1,1.0
타이거맨|||정우식,타이거맨,정우식,프로무림,2021-02,57,514372,12956,Y,55847,Y,106598,Y,188086,Y,5,0.7951
태산북두|||강태산,태산북두,강태산,프로무림,2021-02,56,195624,17656,Y,22309,Y,40967,Y,63672,Y,7,0.4617
태양천자|||천중행,태양천자,천중행,프로무림,2021-02,59,772651,8757,Y,51240,Y,105949,Y,171053,Y,9,0.4014
테러리스트|||이원호,테러리스트,이원호,프로무림,2021-02,58,1318608,15300,Y,48000,Y,110700,Y,245600,Y,8,0.4764
투로|||별도,투로,별도,프로무림,2021-02,47,279471,4617,Y,11504,Y,30908,Y,53064,Y,5,0.4199
투왕|||별도,투왕,별도,프로무림,2021-02,45,89702,3197,Y,7143,Y,13280,Y,22191,Y,7,0.3248
파계|||권용찬,파계,권용찬,프로무림,2021-02,54,1401890,7560,Y,22470,Y,56098,Y,376824,Y,3,0.8203
파문제자|||한성수,파문제자,한성수,프로무림,2021-02,53,380556,5157,Y,12564,Y,47977,Y,88808,Y,6,0.2562
파우|||사마달,파우,사마달,프로무림,2021-02,57,321575,15776,Y,34813,Y,58476,Y,86542,Y,9,0.3419
파천마흔|||나한,파천마흔,나한,프로무림,2021-02,50,1156297,15498,Y,77112,Y,167566,Y,341969,Y,9,0.3406
팔왕난|||강태산,팔왕난,강태산,프로무림,2021-02,59,417537,10804,Y,49057,Y,79893,Y,127667,Y,9,0.3487
팔왕예조|||천중행,팔왕예조,천중행,프로무림,2021-02,58,509213,9745,Y,25270,Y,56466,Y,96656,Y,7,0.3553
팔조신검|||사마달,팔조신검,사마달,프로무림,2021-02,58,604015,8903,Y,50226,Y,102957,Y,155754,Y,8,0.2928
팔천황|||사마달,팔천황,사마달,프로무림,2021-02,60,869004,12759,Y,57916,Y,97108,Y,165171,Y,9,0.3013
패군|||설봉,패군,설봉,프로무림,2021-02,54,2582713,72800,Y,386460,Y,601560,Y,699160,Y,5,0.4106
패왕독보|||와룡강,패왕독보,와룡강,프로무림,2021-02,60,2222870,51560,Y,78350,Y,212716,Y,458796,Y,7,0.2691
패왕독보1|||와룡강,패왕독보1,와룡강,프로무림,2021-02,60,3099134,49174,Y,115086,Y,319501,Y,616222,Y,6,0.6877
패왕독보2|||와룡강,패왕독보2,와룡강,프로무림,2021-02,60,460961,20330,Y,26540,Y,57740,Y,125370,Y,5,0.4023
패왕독보3|||와룡강,패왕독보3,와룡강,프로무림,2021-02,58,404648,17250,Y,20940,Y,52140,Y,101070,Y,5,0.3991
패왕마검사|||인기영,패왕마검사,인기영,프로무림,2021-02,60,1186211,25130,Y,65030,Y,107681,Y,228661,Y,9,0.6453
패왕무정|||사마달,패왕무정,사마달,프로무림,2021-02,56,227013,10091,Y,15074,Y,30701,Y,64422,Y,9,0.522
패왕전설|||청산,패왕전설,청산,프로무림,2021-02,59,1617798,31959,Y,91203,Y,197661,Y,365489,Y,7,0.4725
패황|||별도,패황,별도,프로무림,2021-02,17,10066,210,Y,770,Y,1890,Y,2310,Y,1,1.0
평화로운 먼치킨 영지|||인기영,평화로운 먼치킨 영지,인기영,포텐,2021-02,60,24547823,714767,Y,1763706,Y,2945741,Y,5957180,Y,21,0.3126
폭풍무림|||청운하,폭풍무림,청운하,프로무림,2021-02,60,418255,3647,Y,15970,Y,38627,Y,78032,Y,8,0.3651
폭풍야|||강태산,폭풍야,강태산,프로무림,2021-02,59,1124939,39776,Y,90094,Y,169822,Y,335902,Y,10,0.3238
폭풍의 제황|||박시원,폭풍의 제황,박시원,포텐,2021-02,51,464369,12726,Y,27235,Y,65021,Y,147613,Y,15,0.3794
폭풍천마|||일주향,폭풍천마,일주향,프로무림,2021-02,60,1018875,35587,Y,68341,Y,144089,Y,258141,Y,11,0.3476
폼생폼사|||강태산,폼생폼사,강태산,프로무림,2021-02,51,158392,1323,Y,15749,Y,27910,Y,45470,Y,6,0.5196
표절도|||풍혼,표절도,풍혼,프로무림,2021-02,59,625225,4752,Y,30738,Y,84971,Y,169868,Y,8,0.3828
풀백이 축구를 너무 잘함|||김군0619,풀백이 축구를 너무 잘함,김군0619,포텐,2021-02,60,474948232,16223507,Y,39518725,Y,97606407,Y,199184563,Y,12,0.3147
"풍|||사마달, 일주향",풍,"사마달, 일주향",프로무림,2021-02,60,2910970,65866,Y,193870,Y,415657,Y,778482,Y,9,0.3208
풍류자객|||청산,풍류자객,청산,프로무림,2021-02,60,888599,12271,Y,56145,Y,120751,Y,226797,Y,7,0.2818
풍륜|||사마달,풍륜,사마달,프로무림,2021-02,58,483468,8360,Y,19821,Y,63719,Y,95386,Y,9,0.37
풍마조|||사마달,풍마조,사마달,프로무림,2021-02,55,250588,1945,Y,7968,Y,19485,Y,42715,Y,9,0.3795
풍수영웅전|||박영창,풍수영웅전,박영창,프로무림,2021-02,30,39284,630,Y,2880,Y,6255,Y,12523,Y,4,0.4815
풍야혈천록|||사마달,풍야혈천록,사마달,프로무림,2021-02,60,648265,15206,Y,27217,Y,47811,Y,109082,Y,8,0.4498
풍운대업|||서효원,풍운대업,서효원,프로무림,2021-02,58,854156,20496,Y,24723,Y,33423,Y,146228,Y,8,0.5835
풍운도도|||이유성,풍운도도,이유성,프로무림,2021-02,36,150489,2805,Y,10049,Y,25295,Y,40908,Y,8,0.3166
풍운아|||이원호,풍운아,이원호,프로무림,2021-02,59,5033447,81600,Y,262500,Y,505500,Y,952800,Y,8,0.7179
풍운영웅|||서효원,풍운영웅,서효원,프로무림,2021-02,58,1284430,40580,Y,78561,Y,131261,Y,310801,Y,9,0.3987
풍운전설|||청산,풍운전설,청산,프로무림,2021-02,59,826898,25410,Y,62532,Y,126929,Y,194264,Y,7,0.5517
풍운천하|||사마달,풍운천하,사마달,프로무림,2021-02,59,953847,17063,Y,84133,Y,138108,Y,221990,Y,10,0.3122
풍운협1|||강태산,풍운협1,강태산,프로무림,2021-02,57,172020,3780,Y,13856,Y,25062,Y,46644,Y,4,0.7399
풍운협2|||강태산,풍운협2,강태산,프로무림,2021-02,39,61784,3780,Y,8120,Y,11900,Y,16940,Y,2,0.8554
풍운협3|||강태산,풍운협3,강태산,프로무림,2021-02,42,76484,2520,Y,5040,Y,9450,Y,13230,Y,3,0.7143
풍진만리|||검궁인,풍진만리,검궁인,프로무림,2021-02,59,654954,12199,Y,45878,Y,81825,Y,153800,Y,11,0.3922
프로젝트 고구려|||정우식,프로젝트 고구려,정우식,프로무림,2021-02,59,1775937,37200,Y,129300,Y,266990,Y,459290,Y,12,0.4126
프리맨|||박재학,프리맨,박재학,프로무림,2021-02,59,2557381,44052,Y,136504,Y,267148,Y,567375,Y,9,0.6295
플라이 미 투 더 문|||이수영,플라이 미 투 더 문,이수영,프로무림,2021-02,39,383828,6160,Y,28952,Y,52052,Y,98252,Y,4,0.5078
피 끓는 산하|||정우식,피 끓는 산하,정우식,프로무림,2021-02,55,996942,25043,Y,86769,Y,205287,Y,352851,Y,10,0.4803
필살검주|||서효원,필살검주,서효원,프로무림,2021-02,56,666220,5694,Y,19794,Y,69694,Y,136247,Y,7,0.3501
하늘에서 내리는 카드|||허풍선,하늘에서 내리는 카드,허풍선,프로무림,2021-02,59,3453202,47850,Y,173350,Y,341520,Y,642770,Y,16,0.2411
하오대문|||나한,하오대문,나한,프로무림,2021-02,57,3905632,89573,Y,324163,Y,819532,Y,1415143,Y,10,0.5144
학사 김필도|||한세,학사 김필도,한세,프로무림,2021-02,56,702752,19845,Y,48132,Y,83223,Y,174069,Y,6,0.5342
한월|||사마달,한월,사마달,프로무림,2021-02,59,692900,9330,Y,29988,Y,71112,Y,166414,Y,9,0.2634
할증인간|||이원호,할증인간,이원호,프로무림,2021-02,49,264229,6900,Y,15600,Y,37500,Y,61200,Y,7,0.5882
항룡유|||현성,항룡유,현성,프로무림,2021-02,56,321327,11300,Y,18529,Y,56184,Y,80468,Y,7,0.6672
해왕|||사마달,해왕,사마달,프로무림,2021-02,59,337797,5099,Y,26119,Y,51554,Y,83077,Y,9,0.5407
핵무기도 만들어 드릴까요|||북홀릭,핵무기도 만들어 드릴까요,북홀릭,포텐,2021-02,60,880995894,33830042,Y,121855217,Y,322744234,Y,514447824,Y,13,0.2491
핵재벌 개망나니|||방탄리무진,핵재벌 개망나니,방탄리무진,포텐,2021-02,13,500619,120996,Y,462164,Y,508632,Y,506252,Y,14,0.3554
핵재벌 개망나니 완|||방탄리무진,핵재벌 개망나니 완,방탄리무진,포텐,2021-02,3,26530,17738,Y,26530,Y,26530,Y,26530,Y,3,0.3799
핵재벌이 돈을 숨김|||방탄리무진,핵재벌이 돈을 숨김,방탄리무진,포텐,2021-02,10,416720,205968,Y,376278,Y,422270,Y,422270,Y,6,0.2995
행운Luck|||박재학,행운Luck,박재학,프로무림,2021-02,59,2096851,53255,Y,137452,Y,271940,Y,432616,Y,9,0.4263
허리케인Hurricane|||박재학,허리케인Hurricane,박재학,프로무림,2021-02,59,5114049,179707,Y,348325,Y,581524,Y,1015753,Y,10,0.5399
헌드레드 헤븐|||이경영,헌드레드 헤븐,이경영,포텐,2021-02,58,4133516,180520,Y,328749,Y,582129,Y,939229,Y,10,0.4224
헌터 공작가 망나니 되다|||만금,헌터 공작가 망나니 되다,만금,포텐,2021-02,47,28335001,698740,Y,1317463,Y,5632523,Y,10908210,Y,11,0.5996
헌터의 신석기|||백범(白凡),헌터의 신석기,백범(白凡),포텐,2021-02,58,4331601,889186,Y,1223583,Y,1416724,Y,2002643,Y,10,0.283
현대영웅전|||인기영,현대영웅전,인기영,포텐|프로무림,2021-02,57,502672,16395,Y,39286,Y,68641,Y,98471,Y,6,0.482
혈금마번|||사마달,혈금마번,사마달,프로무림,2021-02,60,989716,12050,Y,59754,Y,112810,Y,227180,Y,9,0.3558
혈란의 종식 다시 무협으로2|||서효원,혈란의 종식 다시 무협으로2,서효원,프로무림,2021-02,48,170700,2500,Y,22000,Y,29200,Y,60300,Y,2,0.7114
혈루|||검궁인,혈루,검궁인,프로무림,2021-02,55,127843,3436,Y,6864,Y,17215,Y,28308,Y,5,0.5644
혈루몽1|||강태산,혈루몽1,강태산,프로무림,2021-02,59,242622,4780,Y,16994,Y,33329,Y,80297,Y,5,0.4978
혈루몽2|||강태산,혈루몽2,강태산,프로무림,2021-02,56,109804,1260,Y,7560,Y,15050,Y,29470,Y,2,0.9786
혈루몽3|||강태산,혈루몽3,강태산,프로무림,2021-02,58,163323,630,Y,10990,Y,24290,Y,41230,Y,5,0.6537
혈류|||검궁인,혈류,검궁인,프로무림,2021-02,59,564525,1612,Y,27511,Y,57267,Y,111701,Y,9,0.2724
혈륜공자|||검궁인,혈륜공자,검궁인,프로무림,2021-02,59,865452,31727,Y,71680,Y,137326,Y,233516,Y,11,0.2878
혈무연|||와룡강,혈무연,와룡강,프로무림,2021-02,60,1853565,35410,Y,121509,Y,264957,Y,499921,Y,11,0.2732
혈신|||강태산,혈신,강태산,프로무림,2021-02,59,579236,6542,Y,48594,Y,114142,Y,185485,Y,10,0.6363
혈야|||강태산,혈야,강태산,프로무림,2021-02,50,205237,5947,Y,9824,Y,34654,Y,50224,Y,6,0.4181
혈왕파|||사마달,혈왕파,사마달,프로무림,2021-02,59,575127,8193,Y,24352,Y,64708,Y,131301,Y,10,0.2749
"혈우성풍|||검궁인, 사마달",혈우성풍,"검궁인, 사마달",프로무림,2021-02,59,1517293,21639,Y,88473,Y,167052,Y,312404,Y,12,0.3505
혈접미랑|||내가위,혈접미랑,내가위,프로무림,2021-02,55,127890,2054,Y,4315,Y,16881,Y,34313,Y,5,0.3664
혈존무적|||김하준,혈존무적,김하준,프로무림,2021-02,46,162171,2700,Y,10414,Y,21000,Y,39458,Y,6,0.246
혈천비마|||사마달,혈천비마,사마달,프로무림,2021-02,59,1075331,12361,Y,54522,Y,138117,Y,234906,Y,10,0.3993
혈탑|||서효원,혈탑,서효원,프로무림,2021-02,57,1229736,32786,Y,46286,Y,47186,Y,190391,Y,9,0.5856
협기만장|||강태산,협기만장,강태산,프로무림,2021-02,48,111150,744,Y,8126,Y,15600,Y,26538,Y,7,0.512
호|||강태산,호,강태산,프로무림,2021-02,57,216605,10232,Y,18379,Y,32800,Y,47931,Y,6,0.441
호걸선풍|||강태산,호걸선풍,강태산,프로무림,2021-02,55,232802,8418,Y,21053,Y,27290,Y,53193,Y,9,0.4343
호위무사|||초우,호위무사,초우,프로무림,2021-02,54,12626633,416797,Y,1023868,Y,1890294,Y,4150934,Y,10,0.2831
호화대협|||강태산,호화대협,강태산,프로무림,2021-02,59,665368,12113,Y,38703,Y,64035,Y,146826,Y,10,0.3692
혼비백산|||강태산,혼비백산,강태산,프로무림,2021-02,54,269871,5250,Y,12320,Y,17290,Y,43120,Y,6,0.3247
화령의 제왕|||정우식,화령의 제왕,정우식,프로무림,2021-02,52,493439,40203,Y,120336,Y,159580,Y,214711,Y,4,0.4919
화룡비천록|||사마달,화룡비천록,사마달,프로무림,2021-02,59,691010,13916,Y,32650,Y,85238,Y,166981,Y,10,0.4847
화룡의 신화|||사마달,화룡의 신화,사마달,프로무림,2021-02,58,330859,10224,Y,28492,Y,54343,Y,102966,Y,9,0.3792
화신|||강태산,화신,강태산,프로무림,2021-02,57,294408,9877,Y,24017,Y,49249,Y,71588,Y,8,0.6207
화왕세기|||강태산,화왕세기,강태산,프로무림,2021-02,60,1092361,35015,Y,81346,Y,148835,Y,299238,Y,9,0.4491
화왕세기 본 천하는 불탄다|||강태산,화왕세기 본 천하는 불탄다,강태산,프로무림,2021-02,51,127540,6510,Y,11130,Y,21070,Y,33040,Y,1,1.0
화형령주|||서효원,화형령주,서효원,프로무림,2021-02,58,795014,36652,Y,66434,Y,69134,Y,150824,Y,8,0.2936
환골탈태1|||와룡강,환골탈태1,와룡강,프로무림,2021-02,60,10678799,92245,Y,320042,Y,809445,Y,2062865,Y,7,0.4572
환골탈태2|||와룡강,환골탈태2,와룡강,프로무림,2021-02,60,645740,11590,Y,18720,Y,46900,Y,123030,Y,5,0.4525
환골탈태3|||와룡강,환골탈태3,와룡강,프로무림,2021-02,60,527030,10060,Y,19620,Y,50130,Y,112130,Y,5,0.4691
환골탈태4|||와룡강,환골탈태4,와룡강,프로무림,2021-02,60,420070,10330,Y,17100,Y,44570,Y,118270,Y,5,0.5521
환골탈태5|||와룡강,환골탈태5,와룡강,프로무림,2021-02,60,583040,14040,Y,30610,Y,64560,Y,138860,Y,6,0.3524
환골탈태6|||와룡강,환골탈태6,와룡강,프로무림,2021-02,60,403800,5930,Y,15930,Y,39980,Y,95080,Y,5,0.4401
환골탈태7|||와룡강,환골탈태7,와룡강,프로무림,2021-02,60,402600,5930,Y,17460,Y,39800,Y,96600,Y,5,0.4517
환골탈태8|||와룡강,환골탈태8,와룡강,프로무림,2021-02,60,1434704,20870,Y,35910,Y,108870,Y,302470,Y,6,0.477
환락도보행|||이광주,환락도보행,이광주,프로무림,2021-02,2,9730,9100,Y,9730,Y,9730,Y,9730,Y,1,1.0
환락살수|||검궁인,환락살수,검궁인,프로무림,2021-02,60,555712,12520,Y,39148,Y,83336,Y,169767,Y,10,0.2539
환상비도|||사마달,환상비도,사마달,프로무림,2021-02,60,508476,1742,Y,16337,Y,54777,Y,112488,Y,10,0.318
환생무적|||눈매,환생무적,눈매,포텐,2021-02,59,95712006,4076905,Y,7374718,Y,17452397,Y,36767138,Y,14,0.6199
환희밀공|||설봉,환희밀공,설봉,프로무림,2021-02,50,644670,24400,Y,55100,Y,85900,Y,207600,Y,4,0.6474
활의 마법사|||마구니,활의 마법사,마구니,프로무림,2021-02,40,124928,7442,Y,10343,Y,15152,Y,37383,Y,7,0.4232
황|||천중행,황,천중행,프로무림,2021-02,59,1037354,24113,Y,75633,Y,156380,Y,278558,Y,7,0.4125
황금백수|||나한,황금백수,나한,프로무림,2021-02,59,25932717,751588,Y,2992445,Y,5157379,Y,9168539,Y,9,0.3828
황금수|||나한,황금수,나한,프로무림,2021-02,59,10814705,154120,Y,892753,Y,2004981,Y,3603755,Y,9,0.537
황금신수|||나한,황금신수,나한,프로무림,2021-02,55,10251957,272510,Y,1082004,Y,2079177,Y,2987191,Y,9,0.5849
황금제국|||이원호,황금제국,이원호,프로무림,2021-02,57,774150,12000,Y,69000,Y,106500,Y,196500,Y,3,0.8092
황성고검|||천중행,황성고검,천중행,프로무림,2021-02,58,313707,4382,Y,24295,Y,41823,Y,72861,Y,8,0.3247
황정허무검|||황정검,황정허무검,황정검,프로무림,2021-02,41,1381937,23072,Y,98490,Y,201994,Y,360535,Y,7,0.4112
황제의 꿈|||이원호,황제의 꿈,이원호,프로무림,2021-02,57,2904500,72000,Y,207000,Y,321000,Y,474000,Y,4,0.9051
황혼야우|||청운하,황혼야우,청운하,프로무림,2021-02,57,256843,2606,Y,9852,Y,28639,Y,59940,Y,8,0.5618
황혼의 문명|||라이먼,황혼의 문명,라이먼,프로무림,2021-02,58,837899,21376,Y,49248,Y,144051,Y,336684,Y,9,0.5139
황홀한 연애|||화연궁,황홀한 연애,화연궁,프로무림,2021-02,7,38520,1800,Y,6300,Y,29520,Y,31320,Y,3,0.7471
회귀했더니 개쩔더라|||쌈마이,회귀했더니 개쩔더라,쌈마이,포텐,2021-02,51,353251,13510,Y,43918,Y,55258,Y,117992,Y,2,0.9968
회귀했더니 쩔더라|||쌈마이,회귀했더니 쩔더라,쌈마이,포텐,2021-02,57,2057909,7560,Y,15684,Y,15804,Y,931310,Y,12,0.4775
효종|||강동호,효종,강동호,포텐,2021-02,60,51818825,864296,Y,4087770,Y,9368248,Y,18548724,Y,20,0.3188
휘파람|||이원호,휘파람,이원호,프로무림,2021-02,53,839021,17700,Y,44400,Y,76200,Y,133800,Y,5,0.583
흑도대종사|||서효원,흑도대종사,서효원,프로무림,2021-02,59,721539,18060,Y,43014,Y,82914,Y,190369,Y,10,0.3935
흑도전사|||임이모,흑도전사,임이모,프로무림,2021-02,39,219400,13496,Y,30149,Y,66045,Y,77945,Y,6,0.4598
흑랑전기|||사마달,흑랑전기,사마달,프로무림,2021-02,55,199771,6630,Y,8292,Y,29934,Y,57449,Y,7,0.2898
흑막의 신|||조건상,흑막의 신,조건상,프로무림,2021-02,39,757510,45340,Y,59050,Y,152780,Y,338490,Y,4,0.5868
흑백강호|||와룡강,흑백강호,와룡강,프로무림,2021-02,59,2003596,22750,Y,82250,Y,154750,Y,332250,Y,12,0.4086
흑사월|||청운하,흑사월,청운하,프로무림,2021-02,57,275887,2938,Y,16455,Y,31561,Y,64361,Y,9,0.3328
흑야|||강태산,흑야,강태산,프로무림,2021-02,58,318285,2491,Y,23699,Y,34696,Y,61277,Y,9,0.378
흑야|||이원호,흑야,이원호,프로무림,2021-02,32,165519,9000,Y,27900,Y,32400,Y,61200,Y,5,0.3235
흑염마도|||김현각,흑염마도,김현각,프로무림,2021-02,59,1909723,29090,Y,90184,Y,209808,Y,337313,Y,14,0.419
흑천룡|||사마달,흑천룡,사마달,프로무림,2021-02,59,1085946,31060,Y,76616,Y,176309,Y,325108,Y,10,0.3141
흑첨향|||천중행,흑첨향,천중행,프로무림,2021-02,60,572778,9660,Y,43325,Y,65949,Y,116273,Y,8,0.467
흑풍령|||사마달,흑풍령,사마달,프로무림,2021-02,59,1761805,45281,Y,143226,Y,307688,Y,500430,Y,10,0.262
흙수저 회귀로 재벌되다|||커피와함께,흙수저 회귀로 재벌되다,커피와함께,포텐,2021-02,60,52748796,1333312,Y,6162216,Y,8889891,Y,13433024,Y,18,0.2992
히어로|||이원호,히어로,이원호,프로무림,2021-02,47,178984,5200,Y,15800,Y,35300,Y,44500,Y,1,1.0
六 친구여 그대는 진정한 무림의 태양이다|||사마달,六 친구여 그대는 진정한 무림의 태양이다,사마달,프로무림,2021-02,56,260540,5600,Y,10080,Y,21280,Y,39270,Y,2,0.8503
1422만 포인트로 환생하기|||호드,1422만 포인트로 환생하기,호드,포텐,2021-03,35,355360,24550,Y,40150,Y,56300,Y,199662,Y,6,0.411
16장 미르 사라지다4|||임영태,16장 미르 사라지다4,임영태,프로무림,2021-03,51,153650,840,Y,5810,Y,11900,Y,28210,Y,1,1.0
34 마성의 최후3|||서효원,34 마성의 최후3,서효원,프로무림,2021-03,28,91200,1800,Y,4500,Y,12600,Y,15300,Y,1,1.0
34 제국의 아침5|||비류수,34 제국의 아침5,비류수,프로무림,2021-03,8,45600,9600,Y,9600,Y,9600,Y,10500,Y,1,1.0
52 최후의 결전2|||동윤,52 최후의 결전2,동윤,프로무림,2021-03,11,57600,300,Y,3400,Y,3400,Y,3400,Y,1,1.0
걸황무적|||송재일,걸황무적,송재일,포텐,2021-03,58,103704346,2432534,Y,23958701,Y,37164697,Y,59419450,Y,3,0.9658
검은 달 그림자|||사이딘,검은 달 그림자,사이딘,프로무림,2021-03,22,403775,13230,Y,35280,Y,61740,Y,91140,Y,1,1.0
고향으로|||강태산,고향으로,강태산,프로무림,2021-03,46,100520,140,Y,2380,Y,9030,Y,20790,Y,1,1.0
그렇군요|||송재일,그렇군요,송재일,포텐,2021-03,3,210,70,Y,140,Y,140,Y,140,Y,1,1.0
김석산 파이브|||지미신,김석산 파이브,지미신,프로무림,2021-03,8,29934,3000,Y,3000,Y,6000,Y,9000,Y,3,0.3333
나 혼자만 올마스터|||성덕聲悳,나 혼자만 올마스터,성덕聲悳,포텐,2021-03,44,206738,9730,Y,24990,Y,21490,Y,88402,Y,5,0.5603
남자가 무슨 눈물을 쪽팔리게시리 쯔쯔쯔|||송재일,남자가 무슨 눈물을 쪽팔리게시리 쯔쯔쯔,송재일,포텐,2021-03,3,210,70,Y,140,Y,140,Y,140,Y,1,1.0
낭인신화|||아도인,낭인신화,아도인,프로무림,2021-03,42,69819,630,Y,3780,Y,8693,Y,17445,Y,6,0.2889
너의 스탯이 보여|||월운,너의 스탯이 보여,월운,포텐,2021-03,4,507150,211302,Y,486990,Y,507150,Y,507150,Y,2,0.5834
노가다 마스터|||깃털펜,노가다 마스터,깃털펜,프로무림,2021-03,11,11660,8200,Y,7200,Y,7200,Y,9900,Y,3,0.8586
놀랍군요|||송재일,놀랍군요,송재일,포텐,2021-03,3,210,70,Y,140,Y,140,Y,140,Y,1,1.0
뇌정혈雷2|||강태산,뇌정혈雷2,강태산,프로무림,2021-03,48,81442,2945,Y,9105,Y,16460,Y,23950,Y,8,0.263
뇌정혈雷3|||강태산,뇌정혈雷3,강태산,프로무림,2021-03,45,67782,1260,Y,8050,Y,14280,Y,21140,Y,6,0.3543
뇌정혈雷4|||강태산,뇌정혈雷4,강태산,프로무림,2021-03,50,164888,2450,Y,8680,Y,32340,Y,51590,Y,8,0.3175
대가집 망나니|||백범(白帆),대가집 망나니,백범(白帆),포텐,2021-03,28,5417753,35840,Y,758310,Y,2307784,Y,3708449,Y,11,0.2439
더 크리처|||임경배,더 크리처,임경배,프로무림,2021-03,6,51520,8960,Y,17920,Y,17920,Y,51520,Y,1,1.0
더 티처HE EACHER|||가람검,더 티처HE EACHER,가람검,프로무림,2021-03,17,45756,5390,Y,6020,Y,7910,Y,15470,Y,4,0.733
던전 마제스티|||박제후,던전 마제스티,박제후,프로무림,2021-03,16,373260,82900,Y,150800,Y,176600,Y,236600,Y,10,0.1775
독왕유고 화|||설봉,독왕유고 화,설봉,프로무림,2021-03,7,6200,700,Y,1300,Y,1300,Y,2100,Y,1,1.0
돈 주면 힐 해준다|||환수림,돈 주면 힐 해준다,환수림,포텐,2021-03,58,16673650,2332437,Y,8161775,Y,10348272,Y,11417603,Y,26,0.4691
돌아갈 길|||사마달,돌아갈 길,사마달,프로무림,2021-03,42,104860,840,Y,2870,Y,12950,Y,22610,Y,2,0.808
랑3|||강태산,랑3,강태산,프로무림,2021-03,41,61858,630,Y,2520,Y,5180,Y,7700,Y,3,0.3455
리리아|||인기영,리리아,인기영,프로무림,2021-03,27,76540,630,Y,4130,Y,6650,Y,10430,Y,3,0.6376
망자 사냥꾼|||지완,망자 사냥꾼,지완,프로무림,2021-03,5,15300,900,Y,900,Y,900,Y,900,Y,1,1.0
모르겠다 지금 이 심정을|||송재일,모르겠다 지금 이 심정을,송재일,포텐,2021-03,3,210,70,Y,140,Y,140,Y,140,Y,1,1.0
무림변화|||송재일,무림변화,송재일,포텐,2021-03,3,210,70,Y,140,Y,140,Y,140,Y,1,1.0
백미혈|||몽월,백미혈,몽월,프로무림,2021-03,49,451045,100,Y,92800,Y,98200,Y,135300,Y,4,0.7502
버킨|||라이먼,버킨,라이먼,프로무림,2021-03,27,85978,3862,Y,10174,Y,30691,Y,36119,Y,2,0.5969
불굴|||이원호,불굴,이원호,프로무림,2021-03,15,48990,1800,Y,5400,Y,5400,Y,10800,Y,1,1.0
블럭 월드 제국14|||로드폴드,블럭 월드 제국14,로드폴드,프로무림,2021-03,7,5000,200,Y,800,Y,800,Y,800,Y,1,1.0
삼혈목1|||강태산,삼혈목1,강태산,프로무림,2021-03,33,30479,388,Y,3470,Y,4575,Y,7321,Y,3,0.7231
삼혈목3|||강태산,삼혈목3,강태산,프로무림,2021-03,41,82891,1890,Y,1890,Y,3780,Y,7000,Y,3,0.81
소공자 가출사건|||지미신,소공자 가출사건,지미신,포텐,2021-03,20,90442,4032,Y,6272,Y,30982,Y,46732,Y,5,0.6741
소림철불|||종린,소림철불,종린,프로무림,2021-03,30,44770,770,Y,2041,Y,5821,Y,9331,Y,5,0.3526
신독보강호 삽화판|||검궁인,신독보강호 삽화판,검궁인,프로무림,2021-03,49,92357,630,Y,4094,Y,6479,Y,16938,Y,4,0.5207
신들의 전쟁|||정우식,신들의 전쟁,정우식,프로무림,2021-03,11,44460,5700,Y,5700,Y,8700,Y,12600,Y,2,0.7619
신마열|||강태산,신마열,강태산,프로무림,2021-03,53,295457,3558,Y,29364,Y,48147,Y,79229,Y,9,0.4506
십일 장 절대선 절대악2|||사마달,십일 장 절대선 절대악2,사마달,프로무림,2021-03,7,2520,140,Y,140,Y,210,Y,210,Y,1,1.0
암흑제왕|||아도인,암흑제왕,아도인,프로무림,2021-03,45,107995,1960,Y,5107,Y,10075,Y,18225,Y,4,0.3956
야수의 제왕|||무영,야수의 제왕,무영,프로무림,2021-03,38,176516,789,Y,3152,Y,20742,Y,30002,Y,4,0.72
영웅부활|||인기영,영웅부활,인기영,프로무림,2021-03,45,179263,1260,Y,3780,Y,8890,Y,22120,Y,4,0.5696
오후에 시간 좀 비워 둬라|||송재일,오후에 시간 좀 비워 둬라,송재일,포텐,2021-03,3,210,70,Y,140,Y,140,Y,140,Y,1,1.0
옥면호리|||강태산,옥면호리,강태산,프로무림,2021-03,39,109093,1487,Y,5685,Y,15911,Y,38600,Y,6,0.2583
용병왕 칼리|||박재학,용병왕 칼리,박재학,프로무림,2021-03,56,966254,2700,Y,45120,Y,65800,Y,94760,Y,7,0.5426
위드카일러|||가람검,위드카일러,가람검,프로무림,2021-03,50,339178,6156,Y,38027,Y,72530,Y,106921,Y,8,0.4936
으 음|||송재일,으 음,송재일,포텐,2021-03,3,210,70,Y,140,Y,140,Y,140,Y,1,1.0
음 그냥 그렇다는 말일|||송재일,음 그냥 그렇다는 말일,송재일,포텐,2021-03,3,210,70,Y,140,Y,140,Y,140,Y,1,1.0
일로제검|||유청림,일로제검,유청림,프로무림,2021-03,29,43899,1182,Y,2178,Y,6308,Y,9094,Y,3,0.7159
적룡왕|||김형석,적룡왕,김형석,프로무림,2021-03,19,110887,9450,Y,12950,Y,16100,Y,35910,Y,3,0.5614
절대쌍웅|||군옥당,절대쌍웅,군옥당,프로무림,2021-03,40,80804,427,Y,5060,Y,9979,Y,18920,Y,6,0.2775
정의구현으로 레벨 업|||휴헤,정의구현으로 레벨 업,휴헤,포텐,2021-03,58,44084048,660285,Y,4180972,Y,5173129,Y,6031233,Y,6,0.9211
제 장 끝에서 다시 시작으로3|||사마달,제 장 끝에서 다시 시작으로3,사마달,프로무림,2021-03,24,39480,1260,Y,5670,Y,5670,Y,7560,Y,1,1.0
제 장 모든 것의 끝2|||사마달,제 장 모든 것의 끝2,사마달,프로무림,2021-03,21,23030,420,Y,420,Y,1330,Y,4340,Y,1,1.0
제 장 봉 문|||사마달,제 장 봉 문,사마달,프로무림,2021-03,32,44590,1890,Y,3150,Y,6930,Y,13510,Y,2,0.9326
제 장 피 피 피|||사마달,제 장 피 피 피,사마달,프로무림,2021-03,31,32690,1120,Y,4690,Y,10430,Y,14910,Y,1,1.0
제28장 죽음 뒤에 남는 것|||사마달,제28장 죽음 뒤에 남는 것,사마달,프로무림,2021-03,13,7770,840,Y,840,Y,1960,Y,1960,Y,1,1.0
제30장 끝난 뒤에 남은 것은 아무것도 없다|||사마달,제30장 끝난 뒤에 남은 것은 아무것도 없다,사마달,프로무림,2021-03,42,68950,1890,Y,6300,Y,11340,Y,18900,Y,1,1.0
제31장 도검창천후|||사마달,제31장 도검창천후,사마달,프로무림,2021-03,47,88481,1890,Y,2520,Y,6300,Y,17640,Y,2,0.9286
제31장 최후의 여정|||서효원,제31장 최후의 여정,서효원,프로무림,2021-03,36,105100,3600,Y,3600,Y,9000,Y,14400,Y,1,1.0
제35장 검을 그대 가슴에2|||서효원,제35장 검을 그대 가슴에2,서효원,프로무림,2021-03,35,126600,2700,Y,5400,Y,8100,Y,11700,Y,1,1.0
제35장 숭산이여 말하지 말라|||서효원,제35장 숭산이여 말하지 말라,서효원,프로무림,2021-03,36,108500,2700,Y,8100,Y,11700,Y,21600,Y,1,1.0
제36장 천애폭풍의 종장|||서효원,제36장 천애폭풍의 종장,서효원,프로무림,2021-03,42,191800,3600,Y,9900,Y,18900,Y,33500,Y,2,0.7254
제45장 천하제일검5|||설봉,제45장 천하제일검5,설봉,프로무림,2021-03,22,102700,2400,Y,5900,Y,6500,Y,15400,Y,1,1.0
제56장 가화불여야화향不|||설봉,제56장 가화불여야화향不,설봉,프로무림,2021-03,29,590200,19200,Y,21000,Y,27400,Y,93900,Y,2,0.886
제72장 유마흔 나와|||강태산,제72장 유마흔 나와,강태산,프로무림,2021-03,57,231140,140,Y,7140,Y,20720,Y,68950,Y,2,0.6274
제장 그리고|||사마달,제장 그리고,사마달,프로무림,2021-03,46,112840,1890,Y,4690,Y,12530,Y,17570,Y,2,0.8606
제장 만남|||사마달,제장 만남,사마달,프로무림,2021-03,50,128450,1890,Y,4340,Y,12390,Y,13650,Y,2,0.9231
졸부 집 망나니|||백범(白帆),졸부 집 망나니,백범(白帆),포텐,2021-03,58,38461846,679218,Y,1289786,Y,4363494,Y,7689190,Y,8,0.4218
종장 되살아난 기억|||청산,종장 되살아난 기억,청산,프로무림,2021-03,38,144480,5040,Y,8820,Y,21420,Y,43610,Y,2,0.8812
청춘 대한민국|||이원호,청춘 대한민국,이원호,프로무림,2021-03,50,246748,8000,Y,11600,Y,21300,Y,56600,Y,6,0.424
초우 도서전|||초우,초우 도서전,초우,프로무림,2021-03,3,204120,68040,Y,68040,Y,68040,Y,68040,Y,1,1.0
초인전쟁|||진현,초인전쟁,진현,프로무림,2021-03,43,214355,11368,Y,52285,Y,60358,Y,73422,Y,6,0.6023
초혼무|||와룡강,초혼무,와룡강,프로무림,2021-03,7,130320,15120,Y,15120,Y,15120,Y,22320,Y,1,1.0
추경록|||종린,추경록,종린,프로무림,2021-03,13,10478,840,Y,840,Y,840,Y,1343,Y,2,0.6255
카사노바 플레이어|||신사J,카사노바 플레이어,신사J,프로무림,2021-03,6,22900,4100,Y,4800,Y,4800,Y,17100,Y,2,0.9064
포황룡|||아도인,포황룡,아도인,프로무림,2021-03,43,88188,770,Y,6765,Y,14220,Y,24311,Y,6,0.406
폭풍전야暴 암룡편|||선규,폭풍전야暴 암룡편,선규,프로무림,2021-03,31,34213,592,Y,1849,Y,5802,Y,9947,Y,4,0.6122
혈신 본 이젠 정리하자|||강태산,혈신 본 이젠 정리하자,강태산,프로무림,2021-03,13,13580,420,Y,420,Y,4270,Y,4270,Y,1,1.0
혈야등|||청운하,혈야등,청운하,프로무림,2021-03,46,134236,5110,Y,8330,Y,9455,Y,18135,Y,5,0.4516
혈풍천하|||권용찬,혈풍천하,권용찬,프로무림,2021-03,24,21000,700,Y,2100,Y,2800,Y,3500,Y,1,1.0
호협천추|||강태산,호협천추,강태산,프로무림,2021-03,32,124120,70,Y,5320,Y,13545,Y,20895,Y,6,0.258
흑마법사 행보관되다|||성덕聲德,흑마법사 행보관되다,성덕聲德,프로무림,2021-03,2,4100,3200,Y,3200,Y,3200,Y,3200,Y,1,1.0
흑야|||종린,흑야,종린,프로무림,2021-03,13,8063,210,Y,210,Y,373,Y,1003,Y,2,0.7906
34 대지의 일 인|||서효원,34 대지의 일 인,서효원,프로무림,2021-04,40,130800,900,Y,1800,Y,9000,Y,25300,Y,2,0.8538
간웅|||조건상,간웅,조건상,프로무림,2021-04,15,545930,1400,Y,21490,Y,63980,Y,63980,Y,1,1.0
드래곤 엔터테인먼트|||지미신,드래곤 엔터테인먼트,지미신,프로무림,2021-04,17,75064,800,Y,14600,Y,31600,Y,48100,Y,6,0.6071
라인 온 더 뱀파이어|||편린,라인 온 더 뱀파이어,편린,프로무림,2021-04,6,13055,2100,Y,4200,Y,4200,Y,4200,Y,2,0.5
랑2|||강태산,랑2,강태산,프로무림,2021-04,32,36260,630,Y,1890,Y,3150,Y,5040,Y,1,1.0
마녀의 전설|||백상준,마녀의 전설,백상준,프로무림,2021-04,3,4970,2450,Y,2450,Y,2450,Y,2450,Y,1,1.0
무림천하|||김형석,무림천하,김형석,프로무림,2021-04,11,28028,4480,Y,4480,Y,6370,Y,7630,Y,3,0.5872
무원|||매설헌,무원,매설헌,프로무림,2021-04,10,11667,630,Y,1260,Y,1260,Y,1260,Y,1,1.0
복싱 가이드|||비수,복싱 가이드,비수,프로무림,2021-04,12,43324,900,Y,1800,Y,1800,Y,16200,Y,3,0.5556
스폰서 재벌 암살사건|||정현웅,스폰서 재벌 암살사건,정현웅,프로무림,2021-04,7,28160,4000,Y,4000,Y,8800,Y,12800,Y,2,0.6875
"십대천왕|||사마달,일주향",십대천왕,"사마달,일주향",프로무림,2021-04,2,17100,10800,Y,10800,Y,10800,Y,10800,Y,1,1.0
아머드 쓰론|||먼스타,아머드 쓰론,먼스타,포텐,2021-04,16,70150,2900,Y,9870,Y,9970,Y,9970,Y,3,0.7623
암왕|||장경,암왕,장경,프로무림,2021-04,1,8960,8960,Y,8960,Y,8960,Y,8960,Y,1,1.0
제 장 그들의 미래3|||사마달,제 장 그들의 미래3,사마달,프로무림,2021-04,25,27440,1890,Y,3780,Y,3780,Y,5670,Y,1,1.0
제 장 다시 찾은 소림 날아간 독수리5|||사마달,제 장 다시 찾은 소림 날아간 독수리5,사마달,프로무림,2021-04,38,57540,1960,Y,3220,Y,5110,Y,6440,Y,2,0.6848
제 장 떠나버린 겨울새4|||사마달,제 장 떠나버린 겨울새4,사마달,프로무림,2021-04,26,59080,5110,Y,8890,Y,8890,Y,10710,Y,1,1.0
제27장 멈추지 않는 流의 하늘3|||사마달,제27장 멈추지 않는 流의 하늘3,사마달,프로무림,2021-04,48,109270,6790,Y,11830,Y,17920,Y,24850,Y,2,0.7099
제33장 최후의 마전3|||서효원,제33장 최후의 마전3,서효원,프로무림,2021-04,44,133100,1800,Y,3600,Y,7200,Y,21000,Y,2,0.6429
제36장 무림에서 가장 강한 자2|||서효원,제36장 무림에서 가장 강한 자2,서효원,프로무림,2021-04,42,173300,1800,Y,1800,Y,6300,Y,23500,Y,2,0.5787
제59장 고금 최강의 절3|||청산,제59장 고금 최강의 절3,청산,프로무림,2021-04,17,35350,630,Y,5040,Y,10710,Y,16380,Y,1,1.0
제97장 세계여행3|||박재학,제97장 세계여행3,박재학,프로무림,2021-04,51,711620,6650,Y,17850,Y,37450,Y,97160,Y,3,0.4906
창천비도|||구세,창천비도,구세,프로무림,2021-04,37,154015,4791,Y,13751,Y,53744,Y,82423,Y,5,0.6837
천봉종왕기|||설봉,천봉종왕기,설봉,프로무림,2021-04,31,236625,11400,Y,11400,Y,25500,Y,48800,Y,3,0.8525
치우의 탈|||글도깨비,치우의 탈,글도깨비,프로무림,2021-04,29,151323,9300,Y,13500,Y,17200,Y,17200,Y,3,0.5756
쿠베린|||이수영,쿠베린,이수영,프로무림,2021-04,12,151624,5292,Y,29792,Y,29792,Y,29792,Y,2,0.5263
타락공자|||청산,타락공자,청산,프로무림,2021-04,12,177891,45360,Y,56700,Y,74620,Y,128380,Y,1,1.0
32 마도 최후의 날2|||서효원,32 마도 최후의 날2,서효원,프로무림,2021-05,38,86300,2700,Y,2700,Y,3600,Y,9600,Y,2,0.9375
경찰청 그 꼴통|||백범(白帆),경찰청 그 꼴통,백범(白帆),포텐,2021-05,56,42732670,441098,Y,19208422,Y,28412252,Y,35349313,Y,2,0.9875
능력 믿고 막 간다2|||반취객,능력 믿고 막 간다2,반취객,포텐,2021-05,3,4410,630,Y,630,Y,630,Y,630,Y,1,1.0
능력 믿고 막 간다3|||반취객,능력 믿고 막 간다3,반취객,포텐,2021-05,2,3570,630,Y,630,Y,630,Y,630,Y,1,1.0
능력 믿고 막 간다4|||반취객,능력 믿고 막 간다4,반취객,포텐,2021-05,2,3150,630,Y,630,Y,630,Y,630,Y,1,1.0
능력 믿고 막 간다5|||반취객,능력 믿고 막 간다5,반취객,포텐,2021-05,2,3150,630,Y,630,Y,630,Y,630,Y,1,1.0
능력 믿고 막 간다6|||반취객,능력 믿고 막 간다6,반취객,포텐,2021-05,2,3360,840,Y,840,Y,840,Y,840,Y,1,1.0
마왕군 전입을 명 받았습니다|||하늘곰,마왕군 전입을 명 받았습니다,하늘곰,포텐,2021-05,57,114609602,3102765,Y,26701760,Y,42022951,Y,56489427,Y,10,0.4846
마왕으로 산다|||하늘곰,마왕으로 산다,하늘곰,포텐,2021-05,56,26200783,2069117,Y,6188489,Y,10175607,Y,16543758,Y,6,0.9697
붉은 나비 혈접인 중|||사마달,붉은 나비 혈접인 중,사마달,프로무림,2021-05,23,24521,2115,Y,5880,Y,6321,Y,7752,Y,3,0.7237
블랙 라벨|||전남규,블랙 라벨,전남규,포텐,2021-05,57,67795916,38220,Y,13932672,Y,21119654,Y,30200479,Y,15,0.8086
삼절지존|||와룡강,삼절지존,와룡강,프로무림,2021-05,12,291060,26460,Y,26460,Y,26460,Y,51660,Y,1,1.0
스토킹마스터Stalking Master|||이유성,스토킹마스터Stalking Master,이유성,프로무림,2021-05,6,3209,137,Y,137,Y,310,Y,526,Y,1,1.0
악마의 귀환|||김무열,악마의 귀환,김무열,프로무림,2021-05,5,1802,500,Y,700,Y,700,Y,800,Y,1,1.0
전생검신|||구로수번,전생검신,구로수번,포텐,2021-05,56,1514477622,12908878,Y,62678504,Y,176510299,Y,384296182,Y,10,0.6714
제52장 의|||와룡강,제52장 의,와룡강,프로무림,2021-05,39,294530,630,Y,3030,Y,27530,Y,87530,Y,1,1.0
진정한 절대자들|||천중행,진정한 절대자들,천중행,프로무림,2021-05,17,22610,210,Y,980,Y,1260,Y,3990,Y,1,1.0
천방지축 난리법석3|||강태산,천방지축 난리법석3,강태산,프로무림,2021-05,33,62778,1260,Y,5355,Y,10017,Y,12747,Y,5,0.4448
최종진화소년|||지미신,최종진화소년,지미신,프로무림,2021-05,6,20434,7000,Y,7000,Y,7000,Y,7000,Y,2,0.5
추혈객|||설봉,추혈객,설봉,프로무림,2021-05,40,349047,3200,Y,5900,Y,24700,Y,53600,Y,4,0.7761
핵재벌 개망나니2|||방탄리무진,핵재벌 개망나니2,방탄리무진,포텐,2021-05,1,700,700,Y,700,Y,700,Y,700,Y,1,1.0
핵재벌 개망나니3|||방탄리무진,핵재벌 개망나니3,방탄리무진,포텐,2021-05,1,700,700,Y,700,Y,700,Y,700,Y,1,1.0
힘 마스터|||강철민,힘 마스터,강철민,포텐,2021-05,57,137025753,1555594,Y,7542018,Y,20005470,Y,54622474,Y,17,0.3964
Baseball Country|||김군0619,Baseball Country,김군0619,포텐,2021-06,54,1798482,21780,Y,96935,Y,308095,Y,617266,Y,5,0.4922
검마전기 그라인더|||남수아,검마전기 그라인더,남수아,프로무림,2021-06,2,4130,3500,Y,3500,Y,3500,Y,3500,Y,1,1.0
대가집 망나니|||백범,대가집 망나니,백범,포텐,2021-06,33,2366599,260100,Y,398190,Y,476400,Y,586455,Y,1,1.0
대한민국 절대 재벌|||백범,대한민국 절대 재벌,백범,포텐,2021-06,55,27735734,2519160,Y,4971171,Y,7515857,Y,12023728,Y,9,0.4003
대협 무식칸|||조광윤,대협 무식칸,조광윤,프로무림,2021-06,9,14684,356,Y,356,Y,356,Y,5864,Y,3,0.4297
더 게이트|||백범(白帆),더 게이트,백범(白帆),포텐,2021-06,23,592869,225940,Y,325980,Y,419898,Y,611886,Y,1,1.0
매지컬 써전|||백범(白帆),매지컬 써전,백범(白帆),포텐,2021-06,55,7731338,1110070,Y,2229847,Y,3027368,Y,4225420,Y,1,1.0
미스터 프레지던트|||박천웅,미스터 프레지던트,박천웅,포텐,2021-06,23,160813,30195,Y,43725,Y,101155,Y,114721,Y,3,0.5768
바늘꽃 연가|||정현웅,바늘꽃 연가,정현웅,프로무림,2021-06,5,18384,6000,Y,6000,Y,12000,Y,12000,Y,1,1.0
백병쟁투|||백범(白帆),백병쟁투,백범(白帆),포텐,2021-06,17,192286,64300,Y,76730,Y,82340,Y,151398,Y,1,1.0
소설 속 악당으로 살아가는 법|||백범,소설 속 악당으로 살아가는 법,백범,포텐,2021-06,22,660750,195200,Y,562612,Y,591982,Y,627292,Y,1,1.0
아웃 오브 프레임|||최진호,아웃 오브 프레임,최진호,포텐,2021-06,11,11014,1330,Y,1330,Y,1330,Y,1400,Y,2,0.95
야망의 눈동자|||강산,야망의 눈동자,강산,포텐,2021-06,12,-34127,-3600,Y,-3600,Y,-9595,Y,-14600,Y,0,0
야훼의 날개 프롤로그|||이혜웅,야훼의 날개 프롤로그,이혜웅,프로무림,2021-06,1,280,280,Y,280,Y,280,Y,280,Y,1,1.0
여명천하黎|||사마달,여명천하黎,사마달,프로무림,2021-06,18,26390,1610,Y,2310,Y,3640,Y,7770,Y,1,1.0
재벌생활기록부|||백범(白帆),재벌생활기록부,백범(白帆),포텐,2021-06,55,121320451,952080,Y,23385136,Y,50151623,Y,64929901,Y,11,0.5071
졸부 집 망나니|||백범,졸부 집 망나니,백범,포텐,2021-06,56,13253601,190500,Y,461335,Y,571555,Y,916075,Y,1,1.0
지상 최고의 축구|||김군0619,지상 최고의 축구,김군0619,포텐,2021-06,56,12858933,161425,Y,1645206,Y,3601256,Y,6212307,Y,9,0.4363
천년대공|||김형석,천년대공,김형석,프로무림,2021-06,21,83489,630,Y,5390,Y,8890,Y,28700,Y,4,0.7805
천방지축 난리법석2|||강태산,천방지축 난리법석2,강태산,프로무림,2021-06,10,10458,2205,Y,2835,Y,4347,Y,6237,Y,3,0.4444
헌터의 신석기|||백범,헌터의 신석기,백범,포텐,2021-06,51,2259957,503150,Y,1083790,Y,1267270,Y,1562713,Y,1,1.0
헌터의 신석기|||빅스마일,헌터의 신석기,빅스마일,포텐,2021-06,1,225330,225330,Y,225330,Y,225330,Y,225330,Y,1,1.0
귀환무관|||범탈,귀환무관,범탈,포텐,2021-07,54,14132681,81200,Y,3468488,Y,4202897,Y,6645505,Y,6,0.8734
깜빵에서 재벌까지|||베이스,깜빵에서 재벌까지,베이스,포텐,2021-07,54,166683518,774400,Y,36670460,Y,59211526,Y,82039118,Y,1,1.0
나 혼자 독식|||백범,나 혼자 독식,백범,포텐,2021-07,43,3629935,177720,Y,793715,Y,1257638,Y,1886362,Y,6,0.645
듀얼 세이버|||이형석,듀얼 세이버,이형석,포텐,2021-07,42,450421,2450,Y,4200,Y,52920,Y,157880,Y,13,0.2931
벽력무진2|||강태산,벽력무진2,강태산,프로무림,2021-07,11,19715,3150,Y,8050,Y,10500,Y,14675,Y,3,0.6344
불안한 정사|||강태산,불안한 정사,강태산,프로무림,2021-07,1,60,60,Y,60,Y,60,Y,60,Y,1,1.0
전설이 돼라|||조건상,전설이 돼라,조건상,프로무림,2021-07,9,134120,6930,Y,6930,Y,8820,Y,8820,Y,1,1.0
좀비로드|||정우식,좀비로드,정우식,프로무림,2021-07,2,4300,1800,Y,1800,Y,1800,Y,1800,Y,1,1.0
주인공 먹는 엑스트라|||인기영,주인공 먹는 엑스트라,인기영,포텐,2021-07,54,10176318,44434,Y,7066176,Y,8047106,Y,8753872,Y,8,0.9703
킬리만자로의 마법종합학교|||지미신,킬리만자로의 마법종합학교,지미신,포텐,2021-07,19,56579,4340,Y,8540,Y,17990,Y,22470,Y,2,0.8006
헌터의 신석기|||백범(白帆),헌터의 신석기,백범(白帆),포텐,2021-07,54,6371566,364532,Y,1478064,Y,2059439,Y,3120599,Y,10,0.3873
Ability Hunter|||다미로,Ability Hunter,다미로,프로무림,2021-08,2,2730,2100,Y,2100,Y,2100,Y,2100,Y,1,1.0
공상안테나 잉여음표1|||초연,공상안테나 잉여음표1,초연,프로무림,2021-08,6,8120,70,Y,70,Y,70,Y,210,Y,1,1.0
꿈꾸는 스타 메이커|||뤼케시온,꿈꾸는 스타 메이커,뤼케시온,포텐,2021-08,53,7289989,136738,Y,570776,Y,2692403,Y,4066816,Y,2,0.9664
듀얼 레전드|||이형석,듀얼 레전드,이형석,포텐,2021-08,49,536873,7140,Y,51030,Y,109025,Y,205829,Y,14,0.2972
마루타의 칼|||정현웅,마루타의 칼,정현웅,프로무림,2021-08,17,146050,10350,Y,20700,Y,20700,Y,27600,Y,2,0.75
전직 랭커는 템빨로 레벨 업|||갈드,전직 랭커는 템빨로 레벨 업,갈드,포텐,2021-08,53,38995513,100940,Y,9978669,Y,13196674,Y,15879998,Y,2,0.9936
제29장 최후의 심판|||사마달,제29장 최후의 심판,사마달,프로무림,2021-08,5,3710,210,Y,840,Y,840,Y,1050,Y,1,1.0
제30장 마야여|||서효원,제30장 마야여,서효원,프로무림,2021-08,36,96000,900,Y,3600,Y,20500,Y,31300,Y,2,0.9201
"제38장 모든 것은 끊었다 그러나|||서효원, 이광주",제38장 모든 것은 끊었다 그러나,"서효원, 이광주",프로무림,2021-08,39,108900,6300,Y,6300,Y,9000,Y,11700,Y,1,1.0
철혈의 제왕6|||정우식,철혈의 제왕6,정우식,프로무림,2021-08,22,55560,900,Y,5300,Y,6200,Y,8900,Y,3,0.5056
폭주상인|||배성만,폭주상인,배성만,프로무림,2021-08,2,15680,2450,Y,2450,Y,2450,Y,15680,Y,1,1.0
가리봉 마왕족발|||디케이,가리봉 마왕족발,디케이,포텐,2021-09,49,7069015,2116,Y,3290197,Y,4639287,Y,6134414,Y,4,0.886
라이오스의 불량기사|||지미신,라이오스의 불량기사,지미신,프로무림,2021-09,1,3500,3500,Y,3500,Y,3500,Y,3500,Y,1,1.0
마스터의 정체2|||홍정태,마스터의 정체2,홍정태,프로무림,2021-09,12,17798,70,Y,1820,Y,1820,Y,1820,Y,1,1.0
매지컬 써전|||백범,매지컬 써전,백범,포텐,2021-09,38,1650175,106293,Y,427278,Y,697988,Y,1105180,Y,1,1.0
소설 속 악당으로 살아가는 법|||백범(白帆),소설 속 악당으로 살아가는 법,백범(白帆),포텐,2021-09,10,34366,7700,Y,8195,Y,11440,Y,23761,Y,1,1.0
용사는 조용히 살고 싶다|||Curtain Call,용사는 조용히 살고 싶다,Curtain Call,포텐,2021-09,52,7173009,840,Y,289403,Y,4137225,Y,5879599,Y,1,1.0
재벌가 막둥이는 만능천재|||백범(白帆),재벌가 막둥이는 만능천재,백범(白帆),포텐,2021-09,52,52756028,2141711,Y,17389655,Y,28321457,Y,36154404,Y,1,1.0
제50장 투천세가의 부활|||청산,제50장 투천세가의 부활,청산,프로무림,2021-09,3,3500,1330,Y,1330,Y,1330,Y,3500,Y,1,1.0
화룡넬|||헤이세드,화룡넬,헤이세드,프로무림,2021-09,2,400,246,Y,246,Y,246,Y,400,Y,1,1.0
38장 천년제일검|||서효원,38장 천년제일검,서효원,프로무림,2021-10,19,43700,2300,Y,3300,Y,9500,Y,12000,Y,1,1.0
간웅|||백범(白凡),간웅,백범(白凡),포텐,2021-10,26,4859619,613791,Y,1213334,Y,3404927,Y,4095024,Y,10,0.2646
간웅|||백범(白帆),간웅,백범(白帆),포텐,2021-10,32,5853883,185515,Y,2231943,Y,4482947,Y,5255653,Y,1,1.0
군왕성 화|||서효원,군왕성 화,서효원,프로무림,2021-10,17,30200,1600,Y,12100,Y,13200,Y,13800,Y,1,1.0
너희가 정령을 아느냐|||철백,너희가 정령을 아느냐,철백,포텐,2021-10,51,16365203,275100,Y,678356,Y,4843975,Y,7860005,Y,24,0.2131
레벨원|||박천웅,레벨원,박천웅,포텐,2021-10,9,59696,1260,Y,1260,Y,1260,Y,1260,Y,1,1.0
레벨원|||하늘곰,레벨원,하늘곰,포텐,2021-10,1,3150,3150,Y,3150,Y,3150,Y,3150,Y,1,1.0
무적문주|||눈매,무적문주,눈매,포텐,2021-10,51,44615229,135590,Y,2684216,Y,4983540,Y,10109285,Y,18,0.3563
양과 늑대의 요람|||,양과 늑대의 요람,,포텐,2021-10,49,10230355,118292,Y,224027,Y,1261899,Y,4833967,Y,1,1.0
정사일통의 날|||서효원,정사일통의 날,서효원,프로무림,2021-10,23,48900,1500,Y,4200,Y,21800,Y,21800,Y,1,1.0
제37장 십육만마령六|||서효원,제37장 십육만마령六,서효원,프로무림,2021-10,27,59700,800,Y,4000,Y,7100,Y,27700,Y,1,1.0
제장 천외천으로2|||서효원,제장 천외천으로2,서효원,프로무림,2021-10,39,219600,11900,Y,127100,Y,129600,Y,142500,Y,1,1.0
철혈의 제왕4|||정우식,철혈의 제왕4,정우식,프로무림,2021-10,18,28060,4400,Y,4400,Y,4400,Y,12230,Y,3,0.6623
철혈의 제왕5|||정우식,철혈의 제왕5,정우식,프로무림,2021-10,16,24730,4400,Y,4400,Y,4400,Y,10430,Y,3,0.604
카르세아린|||임경배,카르세아린,임경배,프로무림,2021-10,1,20160,20160,Y,20160,Y,20160,Y,20160,Y,1,1.0
환골탈태|||와룡강,환골탈태,와룡강,프로무림,2021-10,23,1161900,28000,Y,28000,Y,28000,Y,28000,Y,1,1.0
Baseball Country 완|||김군0619,Baseball Country 완,김군0619,포텐,2021-11,26,690665,182686,Y,223454,Y,242855,Y,267621,Y,6,0.6897
게임 속 빌런의 여동생이 되었다|||열살,게임 속 빌런의 여동생이 되었다,열살,포텐,2021-11,50,22071263,1248049,Y,4046887,Y,5510261,Y,14120638,Y,2,0.7082
내 명중률|||연암,내 명중률,연암,포텐,2021-11,50,13009399,9170,Y,136430,Y,251951,Y,709771,Y,8,0.4459
레전드|||이형석,레전드,이형석,포텐,2021-11,50,3034619,5460,Y,88522,Y,716061,Y,1206355,Y,19,0.1713
리얼 킹 후기|||가프,리얼 킹 후기,가프,프로무림,2021-11,6,17384,210,Y,210,Y,210,Y,490,Y,1,1.0
망겜의 고인물로 살아남기|||휴헤,망겜의 고인물로 살아남기,휴헤,포텐,2021-11,46,2148422,128,Y,117388,Y,491820,Y,1516358,Y,3,0.8539
무영 이계를 훔치다|||눈매,무영 이계를 훔치다,눈매,포텐,2021-11,49,1966873,2870,Y,14420,Y,103606,Y,626488,Y,16,0.2978
블러드 투 다크 문|||사야,블러드 투 다크 문,사야,포텐,2021-11,25,706566,11620,Y,54625,Y,396692,Y,621127,Y,12,0.7079
삼혈목2|||강태산,삼혈목2,강태산,프로무림,2021-11,3,1890,630,Y,630,Y,630,Y,630,Y,1,1.0
생존게임|||박천웅,생존게임,박천웅,포텐,2021-11,12,91942,3654,Y,9324,Y,16884,Y,16884,Y,1,1.0
신필천하|||눈매,신필천하,눈매,포텐,2021-11,51,10598067,21420,Y,166810,Y,1742060,Y,3980624,Y,16,0.2961
"여덟 마리의 말이 이끄는 칠향목차였다|||서효원, 이광주",여덟 마리의 말이 이끄는 칠향목차였다,"서효원, 이광주",프로무림,2021-11,13,12950,910,Y,910,Y,910,Y,910,Y,1,1.0
월야환담 채월야|||홍정훈,월야환담 채월야,홍정훈,프로무림,2021-11,1,4200,4200,Y,4200,Y,4200,Y,4200,Y,1,1.0
제34장 운명의 장2|||서효원,제34장 운명의 장2,서효원,프로무림,2021-11,18,28700,2600,Y,2800,Y,5600,Y,5600,Y,1,1.0
제35장 그리고 그들은|||서효원,제35장 그리고 그들은,서효원,프로무림,2021-11,19,28000,1700,Y,4100,Y,4100,Y,8000,Y,1,1.0
지상 최고의 축구 완|||김군0619,지상 최고의 축구 완,김군0619,포텐,2021-11,50,3667763,205506,Y,293650,Y,677574,Y,1070930,Y,6,0.35
참 마스터|||눈매,참 마스터,눈매,포텐,2021-11,42,985192,6720,Y,19740,Y,45989,Y,720534,Y,16,0.51
코리아연방 프로젝트|||김영수,코리아연방 프로젝트,김영수,프로무림,2021-11,13,43300,400,Y,14400,Y,14700,Y,28800,Y,3,0.4861
가면의 레온|||눈매,가면의 레온,눈매,포텐,2021-12,46,1795448,70,Y,20300,Y,414096,Y,1033320,Y,17,0.3401
가면의 마존|||눈매,가면의 마존,눈매,포텐,2021-12,48,3175760,70,Y,67697,Y,779803,Y,1519618,Y,18,0.4346
나한대협|||와룡강,나한대협,와룡강,프로무림,2021-12,2,31500,15750,Y,15750,Y,15750,Y,15750,Y,1,1.0
능력 믿고 막 간다29|||반취객,능력 믿고 막 간다29,반취객,포텐,2021-12,8,29751,1275,Y,1275,Y,1275,Y,7575,Y,2,0.8317
무림 드래곤|||예로나,무림 드래곤,예로나,포텐,2021-12,50,29450173,401072,Y,1685210,Y,4595165,Y,6607134,Y,8,0.7838
스카우트|||예로나,스카우트,예로나,포텐,2021-12,50,16598667,384650,Y,673545,Y,1489595,Y,3448498,Y,11,0.6661
의|||서효원,의,서효원,프로무림,2021-12,17,34200,300,Y,3600,Y,6800,Y,9000,Y,1,1.0
임파서블 흥신소|||홍정태,임파서블 흥신소,홍정태,프로무림,2021-12,31,177585,8960,Y,8960,Y,20160,Y,34143,Y,3,0.7217
제31장 천하제일인 탄생3|||서효원,제31장 천하제일인 탄생3,서효원,프로무림,2021-12,19,47100,800,Y,1500,Y,14100,Y,18400,Y,1,1.0
제60장 천왕의 혼2|||서효원,제60장 천왕의 혼2,서효원,프로무림,2021-12,28,112500,700,Y,16400,Y,35500,Y,47100,Y,1,1.0
태평천하|||갈라전(曷懶甸),태평천하,갈라전(曷懶甸),프로무림,2021-12,10,9100,700,Y,700,Y,1400,Y,2800,Y,3,0.5
풍운기협|||예로나,풍운기협,예로나,포텐,2021-12,49,12692253,52570,Y,145180,Y,537676,Y,1638532,Y,7,0.3849
경찰청 그 꼴통|||백범,경찰청 그 꼴통,백범,포텐,2022-01,48,38195120,53830,Y,2537360,Y,5613986,Y,10155744,Y,17,0.2911
마법 배운 재벌집 늦둥이|||서오,마법 배운 재벌집 늦둥이,서오,포텐,2022-01,48,127908956,5166523,Y,7935486,Y,47611018,Y,72499548,Y,1,1.0
역적의 꿈 두만강을 넘어1|||비류수,역적의 꿈 두만강을 넘어1,비류수,프로무림,2022-01,2,200,100,Y,100,Y,100,Y,100,Y,1,1.0
역적의 꿈 두만강을 넘어3|||비류수,역적의 꿈 두만강을 넘어3,비류수,프로무림,2022-01,2,200,100,Y,100,Y,100,Y,100,Y,1,1.0
역적의 꿈 두만강을 넘어4|||비류수,역적의 꿈 두만강을 넘어4,비류수,프로무림,2022-01,2,200,100,Y,100,Y,100,Y,100,Y,1,1.0
역적의 꿈 두만강을 넘어5|||비류수,역적의 꿈 두만강을 넘어5,비류수,프로무림,2022-01,2,200,100,Y,100,Y,100,Y,100,Y,1,1.0
역적의 꿈 두만강을 넘어6|||비류수,역적의 꿈 두만강을 넘어6,비류수,프로무림,2022-01,2,200,100,Y,100,Y,100,Y,100,Y,1,1.0
역적의 꿈 발해산업1|||비류수,역적의 꿈 발해산업1,비류수,프로무림,2022-01,2,200,100,Y,100,Y,100,Y,100,Y,1,1.0
역적의 꿈 발해산업2|||비류수,역적의 꿈 발해산업2,비류수,프로무림,2022-01,2,200,100,Y,100,Y,100,Y,100,Y,1,1.0
역적의 꿈 발해산업3|||비류수,역적의 꿈 발해산업3,비류수,프로무림,2022-01,2,200,100,Y,100,Y,100,Y,100,Y,1,1.0
역적의 꿈 발해산업4|||비류수,역적의 꿈 발해산업4,비류수,프로무림,2022-01,2,200,100,Y,100,Y,100,Y,100,Y,1,1.0
역적의 꿈 발해산업5|||비류수,역적의 꿈 발해산업5,비류수,프로무림,2022-01,2,200,100,Y,100,Y,100,Y,100,Y,1,1.0
역적의 꿈 발해산업6|||비류수,역적의 꿈 발해산업6,비류수,프로무림,2022-01,2,200,100,Y,100,Y,100,Y,100,Y,1,1.0
역적의 꿈 발해산업7|||비류수,역적의 꿈 발해산업7,비류수,프로무림,2022-01,2,200,100,Y,100,Y,100,Y,100,Y,1,1.0
역적의 꿈 밤의 패자1|||비류수,역적의 꿈 밤의 패자1,비류수,프로무림,2022-01,2,200,100,Y,100,Y,100,Y,100,Y,1,1.0
역적의 꿈 밤의 패자2|||비류수,역적의 꿈 밤의 패자2,비류수,프로무림,2022-01,2,200,100,Y,100,Y,100,Y,100,Y,1,1.0
역적의 꿈 밤의 패자3|||비류수,역적의 꿈 밤의 패자3,비류수,프로무림,2022-01,2,200,100,Y,100,Y,100,Y,100,Y,1,1.0
역적의 꿈 배후1|||비류수,역적의 꿈 배후1,비류수,프로무림,2022-01,2,200,100,Y,100,Y,100,Y,100,Y,1,1.0
역적의 꿈 배후2|||비류수,역적의 꿈 배후2,비류수,프로무림,2022-01,2,200,100,Y,100,Y,100,Y,100,Y,1,1.0
역적의 꿈 배후3|||비류수,역적의 꿈 배후3,비류수,프로무림,2022-01,2,200,100,Y,100,Y,100,Y,100,Y,1,1.0
역적의 꿈 배후4|||비류수,역적의 꿈 배후4,비류수,프로무림,2022-01,2,200,100,Y,100,Y,100,Y,100,Y,1,1.0
역적의 꿈 배후5|||비류수,역적의 꿈 배후5,비류수,프로무림,2022-01,2,200,100,Y,100,Y,100,Y,100,Y,1,1.0
역적의 꿈 배후6|||비류수,역적의 꿈 배후6,비류수,프로무림,2022-01,2,200,100,Y,100,Y,100,Y,100,Y,1,1.0
역적의 꿈 특급킬러6|||비류수,역적의 꿈 특급킬러6,비류수,프로무림,2022-01,2,200,100,Y,100,Y,100,Y,100,Y,1,1.0
역적의 꿈 피바람1|||비류수,역적의 꿈 피바람1,비류수,프로무림,2022-01,2,200,100,Y,100,Y,100,Y,100,Y,1,1.0
역적의 꿈 피바람2|||비류수,역적의 꿈 피바람2,비류수,프로무림,2022-01,2,200,100,Y,100,Y,100,Y,100,Y,1,1.0
역적의 꿈 피바람3|||비류수,역적의 꿈 피바람3,비류수,프로무림,2022-01,2,200,100,Y,100,Y,100,Y,100,Y,1,1.0
역적의 꿈 피바람4|||비류수,역적의 꿈 피바람4,비류수,프로무림,2022-01,2,200,100,Y,100,Y,100,Y,100,Y,1,1.0
역적의 꿈 피바람5|||비류수,역적의 꿈 피바람5,비류수,프로무림,2022-01,2,200,100,Y,100,Y,100,Y,100,Y,1,1.0
역적의 꿈 피바람6|||비류수,역적의 꿈 피바람6,비류수,프로무림,2022-01,2,200,100,Y,100,Y,100,Y,100,Y,1,1.0
역적의 꿈 피바람7|||비류수,역적의 꿈 피바람7,비류수,프로무림,2022-01,2,200,100,Y,100,Y,100,Y,100,Y,1,1.0
영웅은 죽어서 말한다2|||서효원,영웅은 죽어서 말한다2,서효원,프로무림,2022-01,9,12800,2000,Y,2000,Y,4100,Y,7400,Y,1,1.0
간웅|||백범,간웅,백범,포텐,2022-02,19,3593217,164556,Y,371196,Y,589764,Y,1891465,Y,7,0.4047
너무 잘 아는 게임에 소환됐다|||지피노,너무 잘 아는 게임에 소환됐다,지피노,포텐,2022-02,35,2704875,46678,Y,2295122,Y,2520619,Y,2605880,Y,1,1.0
이혼 후 재벌 각성|||백범,이혼 후 재벌 각성,백범,포텐,2022-02,48,73488926,7494379,Y,21271681,Y,26742676,Y,41938666,Y,9,0.7183
전설급 영웅은 아카데미 우등생|||예로나,전설급 영웅은 아카데미 우등생,예로나,포텐,2022-02,47,1081092198,44698045,Y,82205404,Y,140660038,Y,238729548,Y,1,1.0
제 장 사 대 일|||사마달,제 장 사 대 일,사마달,프로무림,2022-02,12,11550,2450,Y,5180,Y,5530,Y,6230,Y,1,1.0
제이천마|||와룡강,제이천마,와룡강,프로무림,2022-02,47,67123630,617500,Y,1683000,Y,4172520,Y,11578040,Y,2,0.5176
회귀한 아포칼립스의 폭군|||이형석,회귀한 아포칼립스의 폭군,이형석,포텐,2022-02,48,152770163,315140,Y,12820081,Y,16022242,Y,20499101,Y,2,0.9846
1위 할건데 불만이세요|||중용도,1위 할건데 불만이세요,중용도,포텐,2022-03,12,332696,168840,Y,205688,Y,263256,Y,308056,Y,4,0.599
도둑 고양이|||한동솔,도둑 고양이,한동솔,프로무림,2022-03,1,70,70,Y,70,Y,70,Y,70,Y,1,1.0
마교육제|||송재일,마교육제,송재일,포텐,2022-03,46,57931032,61435,Y,3131046,Y,15139590,Y,41991761,Y,22,0.3282
블랙 라벨 외|||전남규,블랙 라벨 외,전남규,포텐,2022-03,46,11165508,65136,Y,1973619,Y,5169404,Y,7900398,Y,16,0.2999
재벌가 첫째아들|||하늘곰,재벌가 첫째아들,하늘곰,포텐,2022-03,47,79988099,996465,Y,23512886,Y,31062775,Y,41354525,Y,1,1.0
차 대|||정우식,차 대,정우식,프로무림,2022-03,2,10800,5400,Y,5400,Y,5400,Y,5400,Y,1,1.0
코스모스|||인기영,코스모스,인기영,프로무림,2022-03,19,43942,630,Y,630,Y,5868,Y,13437,Y,5,0.5814
풍운의 그 끝은|||서효원,풍운의 그 끝은,서효원,프로무림,2022-03,9,7900,3000,Y,3200,Y,4500,Y,4600,Y,1,1.0
화이트 크로우|||눈매,화이트 크로우,눈매,포텐,2022-03,24,144157,5680,Y,12680,Y,26960,Y,52465,Y,10,0.2187
마인드 뮤직|||얼끼,마인드 뮤직,얼끼,포텐|프로무림,2022-04,46,3092430,517020,Y,758660,Y,1320215,Y,1789777,Y,11,0.5059
상담 클리닉|||얼끼,상담 클리닉,얼끼,포텐|프로무림,2022-04,45,2050109,54740,Y,213850,Y,584040,Y,930113,Y,11,0.3925
이 요리사는 계속 회귀합니다|||인기영,이 요리사는 계속 회귀합니다,인기영,포텐,2022-04,45,28161166,446517,Y,12967199,Y,17229594,Y,20924997,Y,1,1.0
차원을 넘나들며 재벌 되기|||백범,차원을 넘나들며 재벌 되기,백범,포텐,2022-04,46,17179727,556570,Y,1274126,Y,4830347,Y,9805138,Y,17,0.3063
화산대도|||송재일,화산대도,송재일,포텐,2022-04,46,133415940,228294,Y,15301605,Y,28252819,Y,45259058,Y,1,1.0
환생혈마|||파인블루,환생혈마,파인블루,포텐,2022-04,45,752559,630,Y,12460,Y,274707,Y,437051,Y,7,0.3787
33 무너진 군림천하탑|||서효원,33 무너진 군림천하탑,서효원,프로무림,2022-05,12,15300,100,Y,3100,Y,3500,Y,7200,Y,1,1.0
37 검중제일검3|||서효원,37 검중제일검3,서효원,프로무림,2022-05,6,15700,3900,Y,11500,Y,11500,Y,12300,Y,1,1.0
괴담수집가 회장님|||턱선,괴담수집가 회장님,턱선,포텐,2022-05,44,17233583,251916,Y,3629003,Y,5860412,Y,8801658,Y,4,0.9847
보수적이라며 팬티는 왜 벗어|||미도파,보수적이라며 팬티는 왜 벗어,미도파,포텐|프로무림,2022-05,45,1658085,61810,Y,262396,Y,461748,Y,889541,Y,13,0.3001
아버지가 남긴 USB|||외도정사,아버지가 남긴 USB,외도정사,포텐|프로무림,2022-05,45,9602716,536620,Y,1025589,Y,1908493,Y,3302277,Y,12,0.5923
여대생 길들이기|||O링,여대생 길들이기,O링,포텐|프로무림,2022-05,44,4740270,468860,Y,997717,Y,1793624,Y,2794387,Y,13,0.4412
여사친의 스마트폰|||용병애쉬,여사친의 스마트폰,용병애쉬,포텐|프로무림,2022-05,44,5078992,306950,Y,759283,Y,1474807,Y,3109471,Y,13,0.4861
판듀라스|||박성호,판듀라스,박성호,프로무림,2022-05,8,30484,6300,Y,6300,Y,6300,Y,11550,Y,2,0.5455
늙은 경비에게 조교당하는 스튜어디스의 이야기|||푸른산붉은꽃,늙은 경비에게 조교당하는 스튜어디스의 이야기,푸른산붉은꽃,프로무림,2022-06,43,10071419,362460,Y,1003395,Y,2466662,Y,4788166,Y,13,0.363
마왕이 나노머신을 숨김|||갈드,마왕이 나노머신을 숨김,갈드,포텐,2022-06,43,8068266,910,Y,306675,Y,3685796,Y,5612074,Y,3,0.9516
무능 귀족 여체 하렘|||외도정사,무능 귀족 여체 하렘,외도정사,프로무림,2022-06,43,1112658,33460,Y,165270,Y,389449,Y,565532,Y,12,0.4878
사립루레인학원 윤리선생|||지미신,사립루레인학원 윤리선생,지미신,프로무림,2022-06,1,12000,12000,Y,12000,Y,12000,Y,12000,Y,1,1.0
서큐버스 하렘|||외도정사,서큐버스 하렘,외도정사,프로무림,2022-06,40,828921,19460,Y,96390,Y,238021,Y,462425,Y,10,0.4694
야설로 보는 그리스 로마 신화|||외도정사,야설로 보는 그리스 로마 신화,외도정사,프로무림,2022-06,42,2709530,190960,Y,429894,Y,761681,Y,1431103,Y,13,0.3562
염왕귀환|||강태산,염왕귀환,강태산,포텐,2022-06,44,6921725,1202523,Y,2197649,Y,3233398,Y,4934338,Y,2,0.9894
창조의 정령술사|||전현성,창조의 정령술사,전현성,프로무림,2022-06,6,17978,2940,Y,2940,Y,6440,Y,10388,Y,2,0.6631
초월자는 분식집을 합니다|||제이ST,초월자는 분식집을 합니다,제이ST,포텐,2022-06,44,13102814,133956,Y,3518242,Y,4940566,Y,6682358,Y,1,1.0
친구 엄마와 친구 먹기|||미도파,친구 엄마와 친구 먹기,미도파,프로무림,2022-06,44,180589184,4687270,Y,13111659,Y,33720974,Y,55490219,Y,13,0.3237
타락 부부|||미도파,타락 부부,미도파,프로무림,2022-06,44,11231771,24850,Y,651893,Y,2629923,Y,5347345,Y,14,0.3383
타락의 검은 실|||용병애쉬,타락의 검은 실,용병애쉬,프로무림,2022-06,43,4229365,181300,Y,514129,Y,1382471,Y,2230741,Y,13,0.4005
파공검제|||눈매,파공검제,눈매,포텐,2022-06,44,545988249,5036940,Y,34818589,Y,60596195,Y,179911467,Y,1,1.0
귀축기담|||외도정사,귀축기담,외도정사,프로무림,2022-07,41,557988,14770,Y,43820,Y,142919,Y,271854,Y,12,0.463
무법자|||이원호,무법자,이원호,프로무림,2022-07,33,279975,13116,Y,69116,Y,72743,Y,119979,Y,1,1.0
미친 재능의 막내공자님|||작두콩,미친 재능의 막내공자님,작두콩,포텐,2022-07,42,7563963,16030,Y,269455,Y,437060,Y,4968417,Y,1,1.0
반역|||이원호,반역,이원호,프로무림,2022-07,30,182114,108,Y,6916,Y,19553,Y,53426,Y,1,1.0
불사|||이원호,불사,이원호,프로무림,2022-07,4,10728,4105,Y,8568,Y,10620,Y,10728,Y,1,1.0
외도전설 마법소녀 조교기|||외도정사,외도전설 마법소녀 조교기,외도정사,프로무림,2022-07,38,292708,4340,Y,32900,Y,81109,Y,157283,Y,10,0.4135
질풍시대|||이원호,질풍시대,이원호,프로무림,2022-07,39,672420,25824,Y,115745,Y,152333,Y,227478,Y,1,1.0
초인의 전설|||이원호,초인의 전설,이원호,프로무림,2022-07,35,397292,8532,Y,75759,Y,108331,Y,174794,Y,1,1.0
프로페셔널|||이원호,프로페셔널,이원호,프로무림,2022-07,38,810095,18648,Y,82793,Y,137685,Y,256626,Y,1,1.0
검끝에 걸린 물고기|||남수아,검끝에 걸린 물고기,남수아,프로무림,2022-08,1,7000,7000,Y,7000,Y,7000,Y,7000,Y,1,1.0
게임 속 기갑함대에 들어갔다|||환상개발자,게임 속 기갑함대에 들어갔다,환상개발자,포텐,2022-08,41,4889438,1899819,Y,2210798,Y,2712156,Y,3414600,Y,14,0.825
계백|||이원호,계백,이원호,프로무림,2022-08,4,1308,108,Y,308,Y,308,Y,308,Y,1,1.0
귀환 대마법사의 힐링 라이프|||나노제이,귀환 대마법사의 힐링 라이프,나노제이,포텐,2022-08,41,2811095,1082595,Y,2533760,Y,2656907,Y,2747433,Y,1,1.0
귀환무관|||,귀환무관,,포텐,2022-08,41,6903270,135428,Y,1974847,Y,2223307,Y,4943053,Y,7,0.5818
금수저 생활백서|||,금수저 생활백서,,포텐,2022-08,27,41400875,987392,Y,3866240,Y,23619775,Y,38350882,Y,6,0.4111
대물공자|||워드벤처,대물공자,워드벤처,프로무림,2022-08,41,3864114,138530,Y,241080,Y,343140,Y,3262146,Y,6,0.7705
도시의 남자|||이원호,도시의 남자,이원호,프로무림,2022-08,24,152519,11200,Y,19048,Y,33185,Y,59427,Y,1,1.0
"종횡무진|||용대운,별도",종횡무진,"용대운,별도",프로무림,2022-08,1,1890,1890,Y,1890,Y,1890,Y,1890,Y,1,1.0
챔피언|||이원호,챔피언,이원호,프로무림,2022-08,25,161312,20195,Y,42283,Y,56031,Y,79863,Y,1,1.0
천년만에 귀환한 대마검사|||,천년만에 귀환한 대마검사,,포텐,2022-08,41,5638355,163527,Y,1276190,Y,3474071,Y,4239427,Y,6,0.5092
태평천하|||갈라전,태평천하,갈라전,프로무림,2022-08,9,10556,700,Y,1400,Y,2100,Y,2800,Y,2,0.75
포영매|||설봉,포영매,설봉,프로무림,2022-08,13,70458,9600,Y,12800,Y,26240,Y,29854,Y,3,0.4502
TS 에로 게임 탈출기|||외도정사,TS 에로 게임 탈출기,외도정사,프로무림,2022-09,40,361219,3570,Y,28553,Y,73761,Y,130762,Y,11,0.4134
밤의 황|||이원호,밤의 황,이원호,프로무림,2022-09,23,145078,14429,Y,30089,Y,43002,Y,74786,Y,1,1.0
샷 오브 데스티니|||박성호,샷 오브 데스티니,박성호,프로무림,2022-09,5,24500,7000,Y,7000,Y,8750,Y,15750,Y,2,0.5556
섹스로 지배한다|||용병애쉬,섹스로 지배한다,용병애쉬,프로무림,2022-09,40,2812853,35560,Y,528742,Y,1032742,Y,1492063,Y,12,0.3777
오피스텔|||이원호,오피스텔,이원호,프로무림,2022-09,16,53930,8748,Y,10800,Y,20087,Y,20303,Y,1,1.0
차원을 넘나들며 재벌 되기|||,차원을 넘나들며 재벌 되기,,포텐,2022-09,40,18893964,150080,Y,1030414,Y,3780262,Y,8295372,Y,8,0.285
쾌락노예|||용병애쉬,쾌락노예,용병애쉬,프로무림,2022-09,40,2485376,13230,Y,138877,Y,437914,Y,1036071,Y,13,0.2709
패배용사 약골 용사의 에로 대모험|||외도정사,패배용사 약골 용사의 에로 대모험,외도정사,프로무림,2022-09,37,565459,770,Y,31290,Y,122230,Y,138967,Y,8,0.6611
풍운협|||강태산,풍운협,강태산,프로무림,2022-09,2,13230,6615,Y,6615,Y,6615,Y,13230,Y,1,1.0
Baseball Country|||사용금지,Baseball Country,사용금지,포텐,2022-10,1,70,70,Y,70,Y,70,Y,70,Y,1,1.0
ONE GAME|||김군0619,ONE GAME,김군0619,포텐,2022-10,40,50187458,237825,Y,1918167,Y,7293180,Y,16108372,Y,17,0.3243
SM클럽|||붉은산푸른꽃,SM클럽,붉은산푸른꽃,프로무림,2022-10,39,4267004,41090,Y,239680,Y,975493,Y,1671081,Y,10,0.3212
무인도 하렘 생활기|||외도정사,무인도 하렘 생활기,외도정사,프로무림,2022-10,39,990310,25060,Y,121905,Y,367752,Y,544229,Y,11,0.3113
색마님 안마하신다|||용병애쉬,색마님 안마하신다,용병애쉬,프로무림,2022-10,40,17090265,2427530,Y,4296796,Y,9734282,Y,11855916,Y,15,0.4467
탑 부수는 플레이어|||비비다,탑 부수는 플레이어,비비다,포텐,2022-10,38,1341908,28042,Y,766438,Y,968016,Y,1053404,Y,6,0.9747
하렘으로 세계정복|||용병애쉬,하렘으로 세계정복,용병애쉬,프로무림,2022-10,39,1606474,96950,Y,315043,Y,516490,Y,743186,Y,14,0.4009
M녀 조교|||키제이,M녀 조교,키제이,프로무림,2022-11,38,4353821,329000,Y,920934,Y,1826327,Y,2466544,Y,13,0.3959
나만의 마조 선생님|||순애의망나니,나만의 마조 선생님,순애의망나니,프로무림,2022-11,38,2107394,212590,Y,513207,Y,782544,Y,1306880,Y,13,0.4505
내가 알던 게임이 아니다|||오시안,내가 알던 게임이 아니다,오시안,프로무림,2022-11,38,4979447,421190,Y,1071573,Y,2570867,Y,3240761,Y,14,0.3395
마법 배운 재벌집 늦둥이 외|||서오,마법 배운 재벌집 늦둥이 외,서오,포텐,2022-11,39,28402938,1721602,Y,14123796,Y,17705951,Y,21180632,Y,16,0.1885
범죄자의 일상생활|||니가던진야설,범죄자의 일상생활,니가던진야설,프로무림,2022-11,38,1894509,630,Y,361513,Y,949277,Y,1248768,Y,14,0.3181
이노베이션|||남수아,이노베이션,남수아,프로무림,2022-11,1,2100,2100,Y,2100,Y,2100,Y,2100,Y,1,1.0
철혈기인 미|||와룡강,철혈기인 미,와룡강,프로무림,2022-11,1,11250,11250,Y,11250,Y,11250,Y,11250,Y,1,1.0
핵무기도 만들어 드릴까요 외|||북홀릭,핵무기도 만들어 드릴까요 외,북홀릭,포텐,2022-11,38,852533,151443,Y,253727,Y,293412,Y,449629,Y,1,1.0
경찰청 그 꼴통|||,경찰청 그 꼴통,,포텐,2022-12,37,14265386,2830422,Y,5874830,Y,7188224,Y,7883112,Y,7,0.3875
깜빵에서 재벌까지|||,깜빵에서 재벌까지,,포텐,2022-12,38,34938117,3423623,Y,12553479,Y,17284699,Y,21962751,Y,10,0.3893
나 혼자만 마인|||서초,나 혼자만 마인,서초,포텐,2022-12,28,511171,25690,Y,65672,Y,192171,Y,400078,Y,13,0.3926
누나를 길들이다|||LOCOLOCO,누나를 길들이다,LOCOLOCO,프로무림,2022-12,37,1231865,22190,Y,72240,Y,212358,Y,436275,Y,13,0.2097
아내와 나의 네토라|||총총k,아내와 나의 네토라,총총k,프로무림,2022-12,37,2025968,23730,Y,155820,Y,568304,Y,1013212,Y,12,0.331
어쩌다 근친|||미도파,어쩌다 근친,미도파,프로무림,2022-12,37,31901850,753550,Y,7239151,Y,13672187,Y,20539332,Y,11,0.3643
여친의 언니|||탐욕적인창작자,여친의 언니,탐욕적인창작자,프로무림,2022-12,34,719178,34090,Y,43820,Y,100303,Y,170148,Y,12,0.3867
역전세계의 금태양|||나물반찬,역전세계의 금태양,나물반찬,프로무림,2022-12,37,1448167,75810,Y,319620,Y,497420,Y,747069,Y,11,0.5176
일리언|||사이딘,일리언,사이딘,프로무림,2022-12,1,27930,27930,Y,27930,Y,27930,Y,27930,Y,1,1.0
절망하고 복종하라|||베노맨서,절망하고 복종하라,베노맨서,프로무림,2022-12,36,2325614,104020,Y,464870,Y,1053448,Y,1276479,Y,11,0.5466
줍고보니 괴담백서|||윤원,줍고보니 괴담백서,윤원,포텐,2022-12,20,94481,17399,Y,53027,Y,68021,Y,71902,Y,1,1.0
코드네임 사신|||준강,코드네임 사신,준강,포텐,2022-12,38,58271823,596863,Y,1552080,Y,9604333,Y,16420228,Y,13,0.366
파멸욕구의 마조녀는 타락하고 싶다|||붉은산푸른꽃,파멸욕구의 마조녀는 타락하고 싶다,붉은산푸른꽃,프로무림,2022-12,37,367899,2870,Y,29610,Y,81193,Y,147191,Y,7,0.3833
퐁퐁의 역습|||테서스,퐁퐁의 역습,테서스,프로무림,2022-12,24,274075,8820,Y,30520,Y,97188,Y,126840,Y,9,0.2942
핑거거너FingerGunner 미래|||에스제이(S.J),핑거거너FingerGunner 미래,에스제이(S.J),프로무림,2022-12,1,630,630,Y,630,Y,630,Y,630,Y,1,1.0
대망|||강동호,대망,강동호,포텐,2023-01,37,288729769,2901507,Y,14154373,Y,54791331,Y,157796257,Y,25,0.3136
매지컬 써전|||강산,매지컬 써전,강산,포텐,2023-01,12,46721429,6170752,Y,6170752,Y,13314133,Y,23106574,Y,1,1.0
무한존재|||묵룡,무한존재,묵룡,프로무림,2023-01,2,24500,2450,Y,24500,Y,24500,Y,24500,Y,1,1.0
성공시대|||강동호,성공시대,강동호,포텐,2023-01,37,200332856,2310007,Y,11867524,Y,38018140,Y,116303568,Y,24,0.2339
여후배의 최면|||탐욕적인창작자,여후배의 최면,탐욕적인창작자,프로무림,2023-01,36,564685,2940,Y,12089,Y,64316,Y,150796,Y,10,0.5427
이북 대망|||강동호,이북 대망,강동호,포텐,2023-01,7,5026215,2350788,Y,2896988,Y,4883268,Y,5026215,Y,1,1.0
총수 수를 읽는 남자|||준강,총수 수를 읽는 남자,준강,포텐,2023-01,20,6695794,165573,Y,665270,Y,2605344,Y,6554078,Y,6,0.5016
헬조선의 백수들이여 단결하라|||테서스,헬조선의 백수들이여 단결하라,테서스,프로무림,2023-01,23,73285,980,Y,3269,Y,14826,Y,22176,Y,6,0.584
SM클럽|||푸른산붉은꽃,SM클럽,푸른산붉은꽃,프로무림,2023-02,35,2375558,17920,Y,168000,Y,625721,Y,1389630,Y,6,0.4921
각성자 위탁관리인|||오시안,각성자 위탁관리인,오시안,프로무림,2023-02,35,5660680,608580,Y,950517,Y,1820997,Y,3243005,Y,10,0.4474
각인 예속의 사냥꾼|||오시안,각인 예속의 사냥꾼,오시안,프로무림,2023-02,35,6516452,520870,Y,843700,Y,1843449,Y,3810266,Y,10,0.5171
고려는 천조국이 되기로 하였습니다|||소라게,고려는 천조국이 되기로 하였습니다,소라게,포텐,2023-02,36,137435084,3425,Y,17340749,Y,45871311,Y,94209675,Y,4,0.951
내 몸은 무한재생|||광어,내 몸은 무한재생,광어,포텐,2023-02,35,8553646,95178,Y,1661256,Y,4596797,Y,5897727,Y,16,0.4193
데일리 히어로|||인기영,데일리 히어로,인기영,포텐,2023-02,34,3357960,11690,Y,156690,Y,335565,Y,1253718,Y,19,0.2107
리턴 레이드 헌터|||인기영,리턴 레이드 헌터,인기영,포텐,2023-02,36,11632745,50067,Y,532551,Y,1723115,Y,6626437,Y,23,0.3352
만렙요원 재벌이 되다|||준강,만렙요원 재벌이 되다,준강,포텐,2023-02,36,113726441,1092842,Y,13744260,Y,34156108,Y,53547442,Y,19,0.3904
미라클 테이머|||인기영,미라클 테이머,인기영,포텐,2023-02,36,8344702,39669,Y,490099,Y,1477298,Y,4410355,Y,23,0.304
스킬 복사로 꿀 빱니다|||김현준,스킬 복사로 꿀 빱니다,김현준,포텐,2023-02,36,133709582,389379,Y,16542579,Y,32849443,Y,59099245,Y,19,0.3214
아르디엔 전기|||인기영,아르디엔 전기,인기영,포텐,2023-02,35,6341595,30030,Y,382448,Y,691552,Y,2888992,Y,19,0.2194
얀데레에게 찍혔습니다|||LOCOLOCO,얀데레에게 찍혔습니다,LOCOLOCO,프로무림,2023-02,24,439432,5390,Y,6881,Y,9177,Y,31255,Y,5,0.6464
우연히 주운 외계시계로 인생역|||박재학,우연히 주운 외계시계로 인생역,박재학,포텐,2023-02,36,7868331,1203090,Y,2832550,Y,5212740,Y,5922564,Y,2,0.6765
플라스틱 먹고 살면 생활비 0원|||테서스,플라스틱 먹고 살면 생활비 0원,테서스,프로무림,2023-02,16,183616,6020,Y,7546,Y,7896,Y,8246,Y,4,0.9083
플레이 다이스|||선자은,플레이 다이스,선자은,포텐,2023-02,10,18772,4184,Y,4184,Y,10834,Y,10834,Y,2,0.6138
현대 강림 마스터|||인기영,현대 강림 마스터,인기영,포텐,2023-02,35,4872331,5180,Y,330213,Y,697071,Y,2126610,Y,22,0.1558
현대 귀환 마법사|||인기영,현대 귀환 마법사,인기영,포텐,2023-02,36,33760763,178280,Y,4964477,Y,10008766,Y,19800975,Y,25,0.2
호감 받고 성공 더|||인기영,호감 받고 성공 더,인기영,포텐,2023-02,36,18906160,99876,Y,3549462,Y,6507879,Y,10026470,Y,25,0.2651
S급 작가가 되었다|||워드벤처,S급 작가가 되었다,워드벤처,포텐,2023-03,28,101230,5670,Y,23380,Y,39760,Y,71441,Y,5,0.5946
내 딸은 천재화백|||택이아빠,내 딸은 천재화백,택이아빠,포텐,2023-03,35,11839653,126359,Y,3494022,Y,5665933,Y,8484591,Y,4,0.9336
내가 키운 용사가 나한테 집착한다|||그림,내가 키운 용사가 나한테 집착한다,그림,프로무림,2023-03,29,411776,9366,Y,43386,Y,92426,Y,211748,Y,9,0.6347
리라이프 에이전트|||강동호,리라이프 에이전트,강동호,포텐,2023-03,34,152314360,310970,Y,11871500,Y,19877467,Y,27173282,Y,2,0.9981
모성 애 용사|||키제이,모성 애 용사,키제이,프로무림,2023-03,34,927808,2520,Y,34930,Y,115920,Y,315602,Y,6,0.5657
창병이 돈을 밝힘|||백범(白帆),창병이 돈을 밝힘,백범(白帆),포텐,2023-03,30,12642156,45290,Y,2209550,Y,2479962,Y,7361011,Y,17,0.3263
화가 아빠 다시 살다|||킹묵,화가 아빠 다시 살다,킹묵,포텐,2023-03,35,90869818,2402,Y,17824018,Y,38121526,Y,63747438,Y,2,0.9977
게임 속 유닛|||찬동,게임 속 유닛,찬동,포텐,2023-04,33,2321464,161590,Y,576127,Y,1030922,Y,1547157,Y,4,0.824
모용세가 역대급 천재의 귀환|||독성(송재훈),모용세가 역대급 천재의 귀환,독성(송재훈),포텐,2023-04,34,9456888,259856,Y,536646,Y,2932562,Y,6239426,Y,16,0.2983
미제사건 전담팀|||인디고,미제사건 전담팀,인디고,포텐,2023-04,34,25173662,146594,Y,4787299,Y,8327267,Y,11844565,Y,2,0.997
악마의 경쟁회귀 시스템에 들어와 버렸다|||테서스,악마의 경쟁회귀 시스템에 들어와 버렸다,테서스,올나이트노벨|프로무림,2023-04,29,594295,700,Y,79660,Y,115150,Y,204952,Y,7,0.5342
연기를 너무 잘함|||승윤,연기를 너무 잘함,승윤,포텐,2023-04,30,1738009,1496,Y,2107,Y,4693,Y,1009604,Y,19,0.2328
제32장 다시 송풍단으로3|||사마달,제32장 다시 송풍단으로3,사마달,프로무림,2023-04,4,2310,420,Y,420,Y,420,Y,2310,Y,1,1.0
판타지섹스타|||손글씨,판타지섹스타,손글씨,올나이트노벨,2023-04,21,208476,15120,Y,75880,Y,82600,Y,134072,Y,2,0.7003
회귀로 나 혼자 독식|||쩡킴,회귀로 나 혼자 독식,쩡킴,포텐,2023-04,28,15076979,11415376,Y,11667462,Y,12710463,Y,13495742,Y,2,0.9979
고인물 무림에 가다|||갈드,고인물 무림에 가다,갈드,포텐,2023-05,33,8239061,350,Y,198618,Y,2485408,Y,3054349,Y,7,0.7557
골 때리는 엄마들|||미도파,골 때리는 엄마들,미도파,올나이트노벨,2023-05,33,12638843,489230,Y,1378540,Y,1802960,Y,5657489,Y,7,0.4125
능력 믿고 막 간다10|||반취객,능력 믿고 막 간다10,반취객,포텐,2023-05,2,1890,1260,Y,1890,Y,1890,Y,1890,Y,1,1.0
능력 믿고 막 간다11|||반취객,능력 믿고 막 간다11,반취객,포텐,2023-05,2,1890,1260,Y,1890,Y,1890,Y,1890,Y,1,1.0
능력 믿고 막 간다12|||반취객,능력 믿고 막 간다12,반취객,포텐,2023-05,2,1890,1260,Y,1890,Y,1890,Y,1890,Y,1,1.0
능력 믿고 막 간다13|||반취객,능력 믿고 막 간다13,반취객,포텐,2023-05,2,1890,1260,Y,1890,Y,1890,Y,1890,Y,1,1.0
능력 믿고 막 간다14|||반취객,능력 믿고 막 간다14,반취객,포텐,2023-05,2,1890,1260,Y,1890,Y,1890,Y,1890,Y,1,1.0
능력 믿고 막 간다15|||반취객,능력 믿고 막 간다15,반취객,포텐,2023-05,2,1260,630,Y,1260,Y,1260,Y,1260,Y,1,1.0
능력 믿고 막 간다16|||반취객,능력 믿고 막 간다16,반취객,포텐,2023-05,2,1260,630,Y,1260,Y,1260,Y,1260,Y,1,1.0
능력 믿고 막 간다17|||반취객,능력 믿고 막 간다17,반취객,포텐,2023-05,2,1260,630,Y,1260,Y,1260,Y,1260,Y,1,1.0
능력 믿고 막 간다18|||반취객,능력 믿고 막 간다18,반취객,포텐,2023-05,2,1050,420,Y,1050,Y,1050,Y,1050,Y,1,1.0
능력 믿고 막 간다7|||반취객,능력 믿고 막 간다7,반취객,포텐,2023-05,1,1890,1890,Y,1890,Y,1890,Y,1890,Y,1,1.0
능력 믿고 막 간다8|||반취객,능력 믿고 막 간다8,반취객,포텐,2023-05,1,1890,1890,Y,1890,Y,1890,Y,1890,Y,1,1.0
능력 믿고 막 간다9|||반취객,능력 믿고 막 간다9,반취객,포텐,2023-05,2,1890,1470,Y,1890,Y,1890,Y,1890,Y,1,1.0
대재앙의 플레이어|||이형석,대재앙의 플레이어,이형석,포텐,2023-05,32,5966243,95233,Y,836747,Y,1761967,Y,4180653,Y,22,0.3416
던전팜|||인기영,던전팜,인기영,포텐,2023-05,33,91755233,1365707,Y,39355070,Y,50896613,Y,67344642,Y,2,0.9897
똥녀 가고 여신 온다|||탄마,똥녀 가고 여신 온다,탄마,올나이트노벨|프로무림,2023-05,32,1859446,11270,Y,230650,Y,410620,Y,1102571,Y,10,0.4188
무림미녀전기|||탄마,무림미녀전기,탄마,올나이트노벨|프로무림,2023-05,33,7421405,7280,Y,347600,Y,798890,Y,4085386,Y,11,0.6321
스킬의 제왕|||이형석,스킬의 제왕,이형석,포텐,2023-05,33,17187577,99309,Y,1063626,Y,2997308,Y,12766168,Y,25,0.3115
코인 무한 능력으로 BJ 따먹기|||용병애쉬,코인 무한 능력으로 BJ 따먹기,용병애쉬,프로무림,2023-05,33,7689787,713650,Y,1781220,Y,2872100,Y,4774477,Y,11,0.5418
"폭풍전사|||뇌강, 이광주",폭풍전사,"뇌강, 이광주",프로무림,2023-05,1,2800,2800,Y,2800,Y,2800,Y,2800,Y,1,1.0
SSS급 블러드헌터|||백범,SSS급 블러드헌터,백범,포텐,2023-06,31,4882759,437010,Y,1144071,Y,3337729,Y,4240898,Y,20,0.2833
게임 속 정의로온 기사가 되었다|||이동열,게임 속 정의로온 기사가 되었다,이동열,포텐,2023-06,31,7635135,86997,Y,5363282,Y,6100503,Y,7218998,Y,2,0.9989
능력 믿고 막 간다19|||반취객,능력 믿고 막 간다19,반취객,포텐,2023-06,1,630,630,Y,630,Y,630,Y,630,Y,1,1.0
능력 믿고 막 간다20|||반취객,능력 믿고 막 간다20,반취객,포텐,2023-06,1,630,630,Y,630,Y,630,Y,630,Y,1,1.0
능력 믿고 막 간다21|||반취객,능력 믿고 막 간다21,반취객,포텐,2023-06,1,630,630,Y,630,Y,630,Y,630,Y,1,1.0
능력 믿고 막 간다22|||반취객,능력 믿고 막 간다22,반취객,포텐,2023-06,1,630,630,Y,630,Y,630,Y,630,Y,1,1.0
능력 믿고 막 간다23|||반취객,능력 믿고 막 간다23,반취객,포텐,2023-06,1,630,630,Y,630,Y,630,Y,630,Y,1,1.0
능력 믿고 막 간다24|||반취객,능력 믿고 막 간다24,반취객,포텐,2023-06,1,630,630,Y,630,Y,630,Y,630,Y,1,1.0
능력 믿고 막 간다25|||반취객,능력 믿고 막 간다25,반취객,포텐,2023-06,1,630,630,Y,630,Y,630,Y,630,Y,1,1.0
능력 믿고 막 간다26|||반취객,능력 믿고 막 간다26,반취객,포텐,2023-06,1,630,630,Y,630,Y,630,Y,630,Y,1,1.0
능력 믿고 막 간다27|||반취객,능력 믿고 막 간다27,반취객,포텐,2023-06,1,630,630,Y,630,Y,630,Y,630,Y,1,1.0
능력 믿고 막 간다28|||반취객,능력 믿고 막 간다28,반취객,포텐,2023-06,1,630,630,Y,630,Y,630,Y,630,Y,1,1.0
당가의 실험체가 되었다|||진시월,당가의 실험체가 되었다,진시월,포텐,2023-06,30,3948858,52521,Y,3178255,Y,3290768,Y,3452827,Y,2,0.9984
대기업 말단이 일을 잘함|||동면거북이,대기업 말단이 일을 잘함,동면거북이,포텐,2023-06,31,1032776597,2660,Y,45142061,Y,104579263,Y,245294624,Y,2,0.9987
독식하는 재벌 3세|||서오,독식하는 재벌 3세,서오,포텐,2023-06,32,325947816,27232644,Y,96666024,Y,147097522,Y,206826166,Y,2,0.9911
신체가 강화됨|||탄마,신체가 강화됨,탄마,올나이트노벨|프로무림,2023-06,32,11729581,43050,Y,1014300,Y,1431871,Y,2197512,Y,3,0.9528
야구를 못할 수가 없음|||삼십춘기,야구를 못할 수가 없음,삼십춘기,포텐,2023-06,32,7784728,336091,Y,991861,Y,3343532,Y,5384833,Y,13,0.3263
음공천하|||서호,음공천하,서호,포텐,2023-06,31,16677664,1657778,Y,10087476,Y,11839645,Y,13447520,Y,4,0.9725
재벌이 회귀했는데 뭔들 못하겠어|||흑곰작가,재벌이 회귀했는데 뭔들 못하겠어,흑곰작가,포텐,2023-06,32,48877560,3555866,Y,13137224,Y,26362474,Y,38374339,Y,11,0.4596
제장 최후의 대결2|||청산,제장 최후의 대결2,청산,프로무림,2023-06,1,700,700,Y,700,Y,700,Y,700,Y,1,1.0
e급부터 시작하는 대마법사|||연암,e급부터 시작하는 대마법사,연암,포텐,2023-07,10,4237236,173821,Y,173821,Y,847499,Y,1965786,Y,1,1.0
리턴 에이스|||,리턴 에이스,,포텐,2023-07,31,4183690,52187,Y,446559,Y,1301870,Y,2158186,Y,14,0.299
리턴 에이스|||흑곰작가,리턴 에이스,흑곰작가,포텐,2023-07,31,6781913,263806,Y,3077740,Y,3680108,Y,4272625,Y,19,0.3866
어서 와 마왕은 처음이지|||하늘곰,어서 와 마왕은 처음이지,하늘곰,포텐,2023-07,30,6060231,33927,Y,2917476,Y,3480555,Y,4068393,Y,4,0.9927
재벌집 막내 도련님은 악당입니다|||베이스,재벌집 막내 도련님은 악당입니다,베이스,포텐,2023-07,31,15728754,2315704,Y,5368166,Y,6529191,Y,8354056,Y,3,0.8385
귀환|||사마달,귀환,사마달,프로무림,2023-08,1,660,660,Y,660,Y,660,Y,660,Y,1,1.0
새벽의 오트|||달다,새벽의 오트,달다,프로무림,2023-08,5,30847,29050,Y,29190,Y,29191,Y,30217,Y,2,1.0
곤륜신기|||송재일,곤륜신기,송재일,포텐,2023-09,28,52652775,86048,Y,11468613,Y,19201027,Y,32936330,Y,2,0.99
내 몸은 무한재생|||라마현,내 몸은 무한재생,라마현,포텐,2023-09,27,4723031,621399,Y,1254375,Y,2488888,Y,3319474,Y,14,0.2811
불행을 보는 재벌집 손자|||유재무,불행을 보는 재벌집 손자,유재무,포텐,2023-09,29,173626473,7376814,Y,29766569,Y,74476126,Y,117398362,Y,18,0.3282
빙하기 아포칼립스의 회사원|||희나리T,빙하기 아포칼립스의 회사원,희나리T,포텐,2023-09,29,114727155,5592639,Y,24510570,Y,40737295,Y,55071481,Y,4,0.521
테니스 코트 위의 절대자|||김군0619,테니스 코트 위의 절대자,김군0619,포텐,2023-09,29,79563424,2043035,Y,14129969,Y,31331037,Y,56146657,Y,18,0.5418
게임 속 무기 소환사로 살아남기|||쩡킴,게임 속 무기 소환사로 살아남기,쩡킴,포텐,2023-10,27,5291343,1284983,Y,2530534,Y,3225830,Y,4055231,Y,12,0.9321
올바른 방패 사용|||준준,올바른 방패 사용,준준,포텐,2023-10,1,239868,239868,Y,239868,Y,239868,Y,239868,Y,1,1.0
이번 생도 검뿐이다|||벌꿀오소리,이번 생도 검뿐이다,벌꿀오소리,포텐,2023-10,28,3774542,130006,Y,1942037,Y,2358457,Y,2829195,Y,7,0.9299
절대자는 신혼이다|||글빌런,절대자는 신혼이다,글빌런,포텐,2023-10,28,3894306,111786,Y,2862479,Y,3123068,Y,3235752,Y,2,0.9949
9이닝 야구의 찬가|||김군0619,9이닝 야구의 찬가,김군0619,포텐,2023-11,27,3495087,112050,Y,510204,Y,1357731,Y,2552484,Y,9,0.2586
SSS급 블러드헌터|||,SSS급 블러드헌터,,포텐,2023-11,26,1990755,229516,Y,534638,Y,566400,Y,971646,Y,8,0.3394
곤륜마협|||,곤륜마협,,포텐,2023-11,22,1730539,44238,Y,702902,Y,1191959,Y,1438860,Y,2,0.9999
담천|||송재일,담천,송재일,포텐,2023-11,26,5709553,44571,Y,118545,Y,270266,Y,3688423,Y,14,0.3678
뽑기로 SSS급 군단 육성|||이세계사장,뽑기로 SSS급 군단 육성,이세계사장,포텐,2023-11,27,13382014,351273,Y,2132728,Y,2995753,Y,8860135,Y,19,0.4024
역대급 야구 천재의 탄생|||삼십춘기,역대급 야구 천재의 탄생,삼십춘기,포텐,2023-11,27,10539012,638394,Y,3642192,Y,4354622,Y,6207144,Y,19,0.2066
익스트림 블랙홀3|||정우식,익스트림 블랙홀3,정우식,프로무림,2023-11,1,600,600,Y,600,Y,600,Y,600,Y,1,1.0
자하검신|||초일,자하검신,초일,포텐,2023-11,26,2149924,50790,Y,497936,Y,1455297,Y,1846196,Y,18,0.4173
전설 속 검신의 재림|||김조선,전설 속 검신의 재림,김조선,포텐,2023-11,26,8116054,2894693,Y,4154110,Y,5234549,Y,6906648,Y,17,0.9171
튜토리얼로 EX급|||삼십춘기,튜토리얼로 EX급,삼십춘기,포텐,2023-11,26,1889297,99736,Y,604628,Y,737129,Y,1222579,Y,20,0.2808
환생혈마|||,환생혈마,,포텐,2023-11,19,492375,12927,Y,301417,Y,379884,Y,433492,Y,10,0.2325
담천 최종|||송재일,담천 최종,송재일,포텐,2023-12,25,2535202,74277,Y,318276,Y,1547450,Y,2040039,Y,15,0.5786
모용세가 역대급 천재의 귀환|||,모용세가 역대급 천재의 귀환,,포텐,2023-12,26,2726546,969367,Y,1104083,Y,1804688,Y,2343997,Y,15,0.4715
무림천재의 무림경영|||와룡강,무림천재의 무림경영,와룡강,포텐,2023-12,25,2924651,970618,Y,1773137,Y,2391783,Y,2585262,Y,2,0.9939
십전 내가 살겠다|||우각,십전 내가 살겠다,우각,프로무림,2023-12,1,2,2,Y,2,Y,2,Y,2,Y,1,1.0
카드빨로 축구 스타|||소구장,카드빨로 축구 스타,소구장,포텐,2023-12,26,19151084,40,Y,2928468,Y,6259782,Y,15206541,Y,24,0.1752
탑 부수는 플레이어|||,탑 부수는 플레이어,,포텐,2023-12,12,312215,26497,Y,166885,Y,228101,Y,242070,Y,3,0.816
걷기만 해도 조만장자|||하늘곰,걷기만 해도 조만장자,하늘곰,포텐,2024-01,25,15439560,336380,Y,5662642,Y,10431251,Y,13017076,Y,21,0.309
귀환자는 왕이 되기로 했다|||야우사,귀환자는 왕이 되기로 했다,야우사,포텐,2024-01,24,6167330,95433,Y,896665,Y,2200649,Y,4426837,Y,13,0.3624
극악 연쇄간살마로 회귀했다|||테서스,극악 연쇄간살마로 회귀했다,테서스,올나이트노벨|포텐,2024-01,24,792746,8694,Y,133281,Y,222717,Y,525279,Y,15,0.2531
성기가 발기되어 천하통일|||테서스,성기가 발기되어 천하통일,테서스,올나이트노벨|포텐,2024-01,24,1796270,37670,Y,303277,Y,473506,Y,1126772,Y,13,0.2886
창병이 돈을 밝힘|||,창병이 돈을 밝힘,,포텐,2024-01,5,57237,20410,Y,25002,Y,25002,Y,52349,Y,2,0.6101
창병이 돈을 밝힘|||백범,창병이 돈을 밝힘,백범,포텐,2024-01,17,155047,15282,Y,55222,Y,104688,Y,153105,Y,3,0.8251
판타지섹스타|||,판타지섹스타,,올나이트노벨,2024-01,5,85932,28728,Y,77868,Y,83916,Y,83916,Y,1,1.0
회사에서 자위하면 생기는 일|||미도파,회사에서 자위하면 생기는 일,미도파,올나이트노벨,2024-01,24,3377225,2520,Y,334935,Y,1324718,Y,2265267,Y,13,0.8478
1980 독식하는 재벌|||독성,1980 독식하는 재벌,독성,포텐,2024-02,24,9664066,854756,Y,3186613,Y,6583059,Y,8860874,Y,10,0.3609
Down he Universe|||하야노늘,Down he Universe,하야노늘,프로무림,2024-02,2,2835,2205,Y,2205,Y,2205,Y,2205,Y,1,1.0
구대마왕|||,구대마왕,,프로무림,2024-02,3,9796,2448,Y,2448,Y,6122,Y,9796,Y,1,1.0
로그아웃이 너무 어렵다|||이형석,로그아웃이 너무 어렵다,이형석,포텐,2024-02,23,60221052,614892,Y,26690380,Y,36044332,Y,49226798,Y,2,0.9911
어센딩 블레이드|||이형석,어센딩 블레이드,이형석,포텐,2024-02,24,3489139,51827,Y,215908,Y,886825,Y,2276754,Y,20,0.2605
역대급 포식능력자의 차|||이세계사장,역대급 포식능력자의 차,이세계사장,포텐,2024-02,24,9976188,34,Y,991366,Y,2547577,Y,7183806,Y,18,0.1947
위대한 존재의째 아들은 재벌로 산다|||박재학,위대한 존재의째 아들은 재벌로 산다,박재학,포텐,2024-02,24,3836870,469714,Y,1754695,Y,3026614,Y,3601848,Y,1,1.0
재벌생활기록부|||백범,재벌생활기록부,백범,포텐,2024-02,2,203272,145005,Y,145005,Y,145005,Y,203272,Y,1,1.0
헌터의 신석기|||조건상,헌터의 신석기,조건상,포텐,2024-02,2,1684,1239,Y,1239,Y,1239,Y,1684,Y,1,1.0
검은 머리 미국 대재벌|||흑곰작가,검은 머리 미국 대재벌,흑곰작가,포텐,2024-03,23,61444896,25109016,Y,40292006,Y,49738619,Y,56249002,Y,18,0.5549
기레기 탈출기 저널리스트|||윤준모,기레기 탈출기 저널리스트,윤준모,포텐,2024-03,21,171506,2079,Y,12593,Y,58439,Y,137268,Y,9,0.2503
다시 쓰는 필모그래피|||윤준모,다시 쓰는 필모그래피,윤준모,포텐,2024-03,22,2044957,199,Y,101725,Y,437388,Y,936324,Y,15,0.5697
물약이 자꾸 땡겨|||윤준모,물약이 자꾸 땡겨,윤준모,포텐,2024-03,22,292583,12826,Y,60535,Y,170385,Y,228559,Y,15,0.4096
신의 알바|||윤준모,신의 알바,윤준모,포텐,2024-03,22,379111,1033,Y,30347,Y,96409,Y,215965,Y,15,0.3259
예능의 신|||윤준모,예능의 신,윤준모,포텐,2024-03,22,2053497,8186,Y,111486,Y,981279,Y,1352700,Y,16,0.4588
용사 노릇이 지겨워서 마왕군에 들어갔더니 하루하루가 행복해서 인생 절반 손해봤다|||FlowerJhin,용사 노릇이 지겨워서 마왕군에 들어갔더니 하루하루가 행복해서 인생 절반 손해봤다,FlowerJhin,올나이트노벨|포텐,2024-03,21,551039,8127,Y,77878,Y,102672,Y,134326,Y,8,0.6294
이세계 차는 먼치킨 편집장으로 종횡무진합니다|||쉴드태클,이세계 차는 먼치킨 편집장으로 종횡무진합니다,쉴드태클,올나이트노벨,2024-03,22,251495,3591,Y,84486,Y,90730,Y,170754,Y,9,0.4214
일단 고등학생이 이계로 왔습니다만|||프로스트,일단 고등학생이 이계로 왔습니다만,프로스트,프로무림,2024-03,8,10444,75,Y,1781,Y,1862,Y,5569,Y,1,1.0
재벌이 회귀했는데 뭔들 못하겠어|||,재벌이 회귀했는데 뭔들 못하겠어,,포텐,2024-03,21,8537826,80316,Y,5744180,Y,6400349,Y,7589513,Y,9,0.6106
E급 탱커의 비상|||홀로선별,E급 탱커의 비상,홀로선별,포텐,2024-04,22,6439494,1291,Y,177919,Y,2839547,Y,3389036,Y,2,0.9961
다시 태어난 야구 천재|||소구장,다시 태어난 야구 천재,소구장,포텐,2024-04,22,35137975,1345,Y,4837830,Y,14526996,Y,25979858,Y,22,0.3182
법보다 주먹|||강산,법보다 주먹,강산,포텐,2024-04,22,81149980,51,Y,9512513,Y,25290231,Y,59375026,Y,17,0.655
화룡 가문의 천재가 돌아왔다|||만금,화룡 가문의 천재가 돌아왔다,만금,포텐,2024-04,18,1760912,6,Y,63614,Y,1647292,Y,1742397,Y,2,0.9968
EX급 절대반지를 얻었다|||김현준,EX급 절대반지를 얻었다,김현준,포텐,2024-05,21,139805650,3219134,Y,14027765,Y,45593604,Y,92916051,Y,18,0.2701
나태한 연기 천재|||빅피쉬,나태한 연기 천재,빅피쉬,포텐,2024-05,20,6157932,3859,Y,283878,Y,3145152,Y,4525356,Y,5,0.8075
내 딸은 얼굴 천재|||진혁,내 딸은 얼굴 천재,진혁,포텐,2024-05,20,2792796,135294,Y,441147,Y,1225939,Y,2228895,Y,16,0.4304
법보다 주먹 완|||조건상,법보다 주먹 완,조건상,포텐,2024-05,17,4354450,346035,Y,342390,Y,364162,Y,2287927,Y,4,0.7489
아이돌 공략법으로 데뷔합니다|||당근맛쿠키,아이돌 공략법으로 데뷔합니다,당근맛쿠키,포텐,2024-05,20,25646708,2828,Y,762951,Y,14087146,Y,18910042,Y,2,0.998
게임 속레벨이 되었다|||윤준모,게임 속레벨이 되었다,윤준모,포텐,2024-06,19,735198,7910,Y,21790,Y,27968,Y,647836,Y,7,0.8799
괴물투수|||윤준모,괴물투수,윤준모,포텐,2024-06,19,2080165,60316,Y,165797,Y,552182,Y,1699872,Y,18,0.2241
내가 매니지먼트다|||윤준모,내가 매니지먼트다,윤준모,포텐,2024-06,19,421285,45497,Y,94427,Y,192330,Y,264259,Y,12,0.285
마법사 소드마스터가 되다|||윤준모,마법사 소드마스터가 되다,윤준모,포텐,2024-06,19,2295755,51348,Y,74211,Y,110717,Y,1888747,Y,8,0.8948
배트 브래이커|||윤준모,배트 브래이커,윤준모,포텐,2024-06,19,1094576,74636,Y,260521,Y,411203,Y,846011,Y,13,0.2655
수를 읽는 남자 세상을 바꾸는 컨설턴트|||준강,수를 읽는 남자 세상을 바꾸는 컨설턴트,준강,포텐,2024-06,19,10447803,603076,Y,1996801,Y,4052082,Y,8904212,Y,22,0.2125
아이돌 매니저가 변태 사진사임|||탄마,아이돌 매니저가 변태 사진사임,탄마,올나이트노벨,2024-06,20,2643498,130013,Y,198620,Y,1348552,Y,2177578,Y,18,0.2324
야구를 못할 수가 없음|||,야구를 못할 수가 없음,,포텐,2024-06,18,429325,177312,Y,239415,Y,250199,Y,355162,Y,2,0.9531
잃을 게 없는 놈이 너무 세다|||윤준모,잃을 게 없는 놈이 너무 세다,윤준모,포텐,2024-06,19,1559631,122665,Y,224428,Y,283536,Y,1097422,Y,7,0.6333
회귀해서 천재 PD|||조도모,회귀해서 천재 PD,조도모,포텐,2024-06,20,41502838,466413,Y,13712830,Y,19765120,Y,30454556,Y,3,0.6567
게임 시스템으로 현실 대박|||강산,게임 시스템으로 현실 대박,강산,포텐,2024-07,18,3034925,291418,Y,600405,Y,2315196,Y,2798744,Y,16,0.243
그라운드 볼러|||윤준모,그라운드 볼러,윤준모,포텐,2024-07,18,851441,24883,Y,97562,Y,420939,Y,692598,Y,17,0.2228
김 대리는 벼락부자|||글고래,김 대리는 벼락부자,글고래,포텐,2024-07,18,51142220,813615,Y,41591698,Y,43239759,Y,48358568,Y,2,0.9892
깡촌 마을 키워서 힐링한다|||인기영,깡촌 마을 키워서 힐링한다,인기영,포텐,2024-07,19,32731886,614997,Y,12996895,Y,21555169,Y,26876866,Y,16,0.7581
소드마스터 플레이어|||라마현,소드마스터 플레이어,라마현,포텐,2024-07,18,1687302,29971,Y,161893,Y,500078,Y,1420521,Y,18,0.3795
신석기 오펜스 족장이 되었다|||강산,신석기 오펜스 족장이 되었다,강산,포텐,2024-07,18,2537946,122535,Y,238772,Y,1393500,Y,2113437,Y,18,0.3363
악당에서 재벌까지|||강산,악당에서 재벌까지,강산,포텐,2024-07,18,5760028,594316,Y,1403076,Y,4361713,Y,5422007,Y,18,0.4142
야구랑 연애를 잘함|||강산,야구랑 연애를 잘함,강산,포텐,2024-07,18,1767187,78058,Y,285622,Y,1029570,Y,1378774,Y,17,0.2735
역대급 빌런이 되었다|||강산,역대급 빌런이 되었다,강산,포텐,2024-07,19,2106787,78573,Y,336653,Y,1309726,Y,1741447,Y,18,0.3341
진짜 사나이|||강산,진짜 사나이,강산,포텐,2024-07,18,3319556,244553,Y,607060,Y,2051758,Y,3053974,Y,19,0.4352
최강의 타이탄 라이더|||강산,최강의 타이탄 라이더,강산,포텐,2024-07,18,582923,34241,Y,56220,Y,316805,Y,533385,Y,18,0.4301
출판으로 재벌 되기|||강산,출판으로 재벌 되기,강산,포텐,2024-07,18,1738088,40320,Y,309885,Y,1182571,Y,1612229,Y,18,0.393
금수저 투자백서|||,금수저 투자백서,,포텐,2024-08,17,168790872,1168050,Y,46923493,Y,72231970,Y,126399399,Y,3,0.9862
나 홀로 고인물 플레이어|||웹중,나 홀로 고인물 플레이어,웹중,포텐,2024-08,17,471011,4196,Y,42305,Y,163346,Y,290293,Y,13,0.2792
내 몸속에 던전이 있다|||웹중,내 몸속에 던전이 있다,웹중,포텐,2024-08,17,686808,14701,Y,32612,Y,150837,Y,304724,Y,14,0.2091
마법천재 마술방송|||라마현,마법천재 마술방송,라마현,포텐,2024-08,18,704508,113003,Y,132838,Y,390694,Y,620590,Y,18,0.4465
만렙 사냥꾼 회귀하다|||이형석,만렙 사냥꾼 회귀하다,이형석,포텐,2024-08,17,2569447,96923,Y,238752,Y,882437,Y,2133076,Y,15,0.5712
밀리 국민배우 정도현|||,밀리 국민배우 정도현,,포텐,2024-08,13,1283000,235000,Y,1040000,Y,1150000,Y,1279000,Y,1,1.0
밀리 신흥재벌|||박재학,밀리 신흥재벌,박재학,포텐,2024-08,15,796000,330000,Y,520000,Y,655000,Y,768000,Y,1,1.0
밀리 역대급 포식능력자의 차|||이세계사장,밀리 역대급 포식능력자의 차,이세계사장,포텐,2024-08,17,7464440,945000,Y,5345000,Y,6045000,Y,7315960,Y,1,1.0
밀리 재벌가 장남은 가치를 본다|||유재무,밀리 재벌가 장남은 가치를 본다,유재무,포텐,2024-08,17,16332640,3360000,Y,10640000,Y,12680000,Y,15830880,Y,1,1.0
밀리 재벌생활기록부|||,밀리 재벌생활기록부,,포텐,2024-08,12,13648240,6670000,Y,10130000,Y,11605000,Y,13648240,Y,1,1.0
밀리 풍운기협|||예로나,밀리 풍운기협,예로나,포텐,2024-08,17,2975760,525000,Y,2150000,Y,2405000,Y,2791440,Y,1,1.0
밀리 헌터의 신석기|||,밀리 헌터의 신석기,,포텐,2024-08,12,2769800,1185000,Y,2115000,Y,2460000,Y,2769800,Y,1,1.0
제천금왕|||,제천금왕,,포텐,2024-08,8,908745,636899,Y,862153,Y,884553,Y,886569,Y,4,0.7701
중력술사 아스께끼맨|||테서스,중력술사 아스께끼맨,테서스,올나이트노벨,2024-08,15,334520,5103,Y,169232,Y,291156,Y,329357,Y,12,0.3036
코인 게이트를 열었다|||용병애쉬,코인 게이트를 열었다,용병애쉬,올나이트노벨,2024-08,18,6325923,478883,Y,3185179,Y,4438034,Y,5653998,Y,18,0.387
나 혼자 쿨타임 제로|||소구장,나 혼자 쿨타임 제로,소구장,포텐,2024-09,17,2664380,66997,Y,217164,Y,833058,Y,2065983,Y,20,0.1653
마나통이 너무 커요|||찬동,마나통이 너무 커요,찬동,포텐,2024-09,17,5715190,508255,Y,570798,Y,1658545,Y,3951699,Y,17,0.4777
멸망한 세상에서 죽이고 뺏고 따먹는다|||재활훈련중,멸망한 세상에서 죽이고 뺏고 따먹는다,재활훈련중,올나이트노벨,2024-09,12,817793,114382,Y,312463,Y,521433,Y,817793,Y,16,0.2656
서큐버스 프로게이머|||스즈나,서큐버스 프로게이머,스즈나,올나이트노벨,2024-09,16,489594,32697,Y,61166,Y,212341,Y,434041,Y,12,0.3214
엘프의 진자|||스즈나,엘프의 진자,스즈나,올나이트노벨,2024-09,16,307423,3248,Y,33957,Y,125184,Y,260365,Y,13,0.3299
전생에 천마였던 드래곤|||홍우진,전생에 천마였던 드래곤,홍우진,포텐,2024-09,16,2004759,4853,Y,269312,Y,792743,Y,1674321,Y,22,0.3733
천하무적대총관 천신우|||대나무꽃,천하무적대총관 천신우,대나무꽃,포텐,2024-09,17,38996644,231912,Y,9424345,Y,16644716,Y,23910191,Y,4,0.8365
회귀한 북부의 전투 사령관|||찬동,회귀한 북부의 전투 사령관,찬동,포텐,2024-09,17,1027454,57218,Y,68240,Y,461660,Y,799262,Y,18,0.2581
곤륜패선|||윤신현,곤륜패선,윤신현,포텐,2024-10,16,19952710,7,Y,1154473,Y,3380730,Y,18224619,Y,19,0.5631
괴물 농사꾼|||웹중,괴물 농사꾼,웹중,포텐,2024-10,13,1479759,2112,Y,1361490,Y,1403443,Y,1473185,Y,2,0.9969
기술포인트 찍고 우주테크 탑니다|||시공전사,기술포인트 찍고 우주테크 탑니다,시공전사,포텐,2024-10,16,5659214,611604,Y,2477080,Y,4077932,Y,5534290,Y,6,0.5792
눈으로 보는 광고 천재|||킹묵,눈으로 보는 광고 천재,킹묵,포텐,2024-10,15,1684056,4,Y,177526,Y,522683,Y,1275963,Y,17,0.3982
링커|||킹메이커,링커,킹메이커,포텐,2024-10,16,1597475,31878,Y,189016,Y,626270,Y,1252153,Y,15,0.3477
몬스터 홀|||킹메이커,몬스터 홀,킹메이커,포텐,2024-10,16,4091079,47268,Y,414967,Y,1237898,Y,2772511,Y,16,0.2906
미식축구가 너무 쉬움|||김군0619,미식축구가 너무 쉬움,김군0619,포텐,2024-10,16,97276808,7738053,Y,25863649,Y,51384606,Y,82641289,Y,21,0.5179
불사검마|||소구장,불사검마,소구장,포텐,2024-10,15,25815525,76157,Y,8294744,Y,13487331,Y,22989826,Y,3,0.9871
알피지 시티RPG CIY|||킹메이커,알피지 시티RPG CIY,킹메이커,포텐,2024-10,15,557961,12216,Y,63706,Y,223492,Y,461668,Y,12,0.3729
천마대전|||강태산,천마대전,강태산,프로무림,2024-10,1,15680,15680,Y,15680,Y,15680,Y,15680,Y,1,1.0
천재 감독 망배우가 됨|||박커터,천재 감독 망배우가 됨,박커터,포텐,2024-10,16,2926414,2597,Y,1809022,Y,2198826,Y,2720817,Y,4,0.9515
하급 서기관의 회귀|||킹메이커,하급 서기관의 회귀,킹메이커,포텐,2024-10,16,3231859,10300,Y,256336,Y,957543,Y,2153834,Y,17,0.2407
1980 독식하는 재벌|||,1980 독식하는 재벌,,포텐,2024-11,14,2128591,847500,Y,1712928,Y,1966005,Y,2112482,Y,3,0.5212
노가다 김씨 자동사냥으로 꿀 빱니다|||쇼츠,노가다 김씨 자동사냥으로 꿀 빱니다,쇼츠,포텐,2024-11,15,90364702,3747253,Y,11752333,Y,31644343,Y,82572259,Y,19,0.4652
무엇이든 만들어 드립니다|||윤신현,무엇이든 만들어 드립니다,윤신현,포텐,2024-11,15,1280420,504,Y,235138,Y,677222,Y,1152572,Y,18,0.2656
밀리 달마묵장|||,밀리 달마묵장,,포텐,2024-11,14,3348400,395000,Y,2520000,Y,2845000,Y,3199920,Y,1,1.0
법보다 주먹|||,법보다 주먹,,포텐,2024-11,15,18270773,326300,Y,1331393,Y,3052670,Y,17605277,Y,13,0.4329
북두무맥|||,북두무맥,,프로무림,2024-11,14,1404040,75000,Y,885000,Y,1150600,Y,1358600,Y,2,0.9435
속으로|||쉐도우스,속으로,쉐도우스,올나이트노벨|포텐,2024-11,14,658925,6930,Y,52902,Y,291508,Y,593788,Y,15,0.21
야성의 전설|||원하,야성의 전설,원하,올나이트노벨,2024-11,15,48856669,2709134,Y,13618683,Y,33410802,Y,46067256,Y,18,0.3632
재벌세는 행복하고 싶다|||신랑,재벌세는 행복하고 싶다,신랑,포텐,2024-11,14,28602876,1225300,Y,18019225,Y,22463472,Y,27641589,Y,3,0.9461
재벌집 외동딸과 하룻밤을 보냈다|||희나리T,재벌집 외동딸과 하룻밤을 보냈다,희나리T,포텐,2024-11,15,180408421,9261759,Y,33096376,Y,78014231,Y,166056216,Y,19,0.312
천재 배우 이름을 얻다|||킹묵,천재 배우 이름을 얻다,킹묵,포텐,2024-11,14,38029855,4436,Y,19587721,Y,25672587,Y,35721941,Y,2,0.9994
환생했더니 정령군주|||윤신현,환생했더니 정령군주,윤신현,포텐,2024-11,15,7327302,45833,Y,832900,Y,3618970,Y,6465123,Y,19,0.2679
NR당한 암컷용사는 모자상간으로 복수한다|||파랑깨굴,NR당한 암컷용사는 모자상간으로 복수한다,파랑깨굴,올나이트노벨,2024-12,12,80376,8505,Y,34590,Y,35031,Y,74916,Y,6,0.4811
검은 머리 미국 대재벌|||,검은 머리 미국 대재벌,,포텐,2024-12,14,4098723,1878458,Y,1994579,Y,2412364,Y,3335731,Y,3,0.6058
단권 다시 태어난 야구 천재|||소구장,단권 다시 태어난 야구 천재,소구장,포텐,2024-12,13,9094480,1772957,Y,4457807,Y,6826075,Y,8650573,Y,17,0.2661
드레곤 레어에 조난당했다|||이우찬,드레곤 레어에 조난당했다,이우찬,포텐,2024-12,14,172290885,6161958,Y,30589914,Y,92818023,Y,162697272,Y,19,0.4277
성형무공 가슴 키워드림|||탄마,성형무공 가슴 키워드림,탄마,올나이트노벨|포텐,2024-12,14,10417921,1551896,Y,4623999,Y,7746452,Y,10156359,Y,21,0.316
신들의 전쟁 에필로그|||정우식,신들의 전쟁 에필로그,정우식,프로무림,2024-12,4,11376,6192,Y,7164,Y,11376,Y,11376,Y,1,1.0
야훼의 날개 아담전쟁편|||이혜웅,야훼의 날개 아담전쟁편,이혜웅,프로무림,2024-12,1,5670,5670,Y,5670,Y,5670,Y,5670,Y,1,1.0
어웨이큰 분노의 학살자|||테서스,어웨이큰 분노의 학살자,테서스,올나이트노벨,2024-12,14,1088109,97146,Y,557860,Y,892697,Y,1046590,Y,14,0.3081
일찐 친구엄마와 가족들을 따먹는다|||미도파,일찐 친구엄마와 가족들을 따먹는다,미도파,올나이트노벨,2024-12,13,3981249,208501,Y,2189687,Y,3045207,Y,3867874,Y,11,0.4369
회귀 후 몰빵투자로 재벌 되기|||와이번스,회귀 후 몰빵투자로 재벌 되기,와이번스,포텐,2024-12,14,36648189,2291677,Y,12065871,Y,23677228,Y,33865248,Y,8,0.4276
검풍연가 화|||사마달,검풍연가 화,사마달,프로무림,2025-01,1,180,180,Y,180,Y,180,Y,180,Y,1,1.0
광고수익 천재 배우 이름을 얻다|||킹묵,광고수익 천재 배우 이름을 얻다,킹묵,포텐,2025-01,11,74928,28360,Y,33122,Y,49717,Y,74928,Y,1,1.0
광고수익회귀로 나 혼자 독식|||,광고수익회귀로 나 혼자 독식,,포텐,2025-01,11,42944,41807,Y,42010,Y,42546,Y,42944,Y,1,1.0
남자의 길|||,남자의 길,,포텐,2025-01,1,34477,34477,Y,34477,Y,34477,Y,34477,Y,1,1.0
내 몬스터만 스탯|||쩡킴,내 몬스터만 스탯,쩡킴,포텐,2025-01,13,76152741,6845573,Y,42298144,Y,58036000,Y,75830707,Y,22,0.3241
대망|||,대망,,포텐,2025-01,1,295093,295093,Y,295093,Y,295093,Y,295093,Y,1,1.0
또다시 작가|||윤신현,또다시 작가,윤신현,포텐,2025-01,13,1621337,47184,Y,353864,Y,986560,Y,1611542,Y,15,0.2556
리라이프 에이전트|||,리라이프 에이전트,,포텐,2025-01,1,79977,79977,Y,79977,Y,79977,Y,79977,Y,1,1.0
무림영웅 때려칩니다|||탄마,무림영웅 때려칩니다,탄마,포텐,2025-01,13,2788524,47287,Y,803839,Y,1599568,Y,2781906,Y,23,0.2033
사용 금지|||사용금지,사용 금지,사용금지,포텐,2025-01,1,5809,5809,Y,5809,Y,5809,Y,5809,Y,1,1.0
서클 소드마스터|||강철민,서클 소드마스터,강철민,포텐,2025-01,13,34281717,1841578,Y,9554287,Y,21375977,Y,34061788,Y,19,0.387
성공시대|||,성공시대,,포텐,2025-01,1,155871,155871,Y,155871,Y,155871,Y,155871,Y,1,1.0
알피지 시티|||킹메이커,알피지 시티,킹메이커,포텐,2025-01,3,96997,2860,Y,2860,Y,2860,Y,96997,Y,3,0.8309
애널리스트|||,애널리스트,,올나이트노벨,2025-01,13,15898871,702846,Y,2943127,Y,7872574,Y,15103537,Y,11,0.5448
영웅은 쉬고 싶다타플|||만선,영웅은 쉬고 싶다타플,만선,포텐,2025-01,10,103759,16382,Y,55466,Y,93071,Y,103759,Y,14,0.6294
육식동물 좀비 레전드 아포칼립스|||원하,육식동물 좀비 레전드 아포칼립스,원하,올나이트노벨,2025-01,13,12401631,560493,Y,2070868,Y,9850038,Y,12392751,Y,18,0.4849
제국의 꿈|||,제국의 꿈,,포텐,2025-01,1,6183,6183,Y,6183,Y,6183,Y,6183,Y,1,1.0
카레인|||,카레인,,포텐,2025-01,1,1267,1267,Y,1267,Y,1267,Y,1267,Y,1,1.0
태양전기|||윤신현,태양전기,윤신현,포텐,2025-01,13,16860392,8352,Y,4194505,Y,11849111,Y,16832019,Y,18,0.5625
효종|||,효종,,포텐,2025-01,4,414305,54299,Y,54299,Y,148384,Y,414305,Y,2,0.9814
검신재림|||윤신현,검신재림,윤신현,포텐,2025-02,12,31559526,236196,Y,8948511,Y,22069929,Y,31559526,Y,18,0.3135
게임 시스템으로 현실 대박|||,게임 시스템으로 현실 대박,,포텐,2025-02,12,5880212,309576,Y,2004526,Y,5320953,Y,5880212,Y,14,0.5786
구독했더니 히트작이 쉽다|||두루치기,구독했더니 히트작이 쉽다,두루치기,포텐,2025-02,9,3955541,108448,Y,2160518,Y,3001716,Y,3955541,Y,5,0.8301
다프D A F|||윤신현,다프D A F,윤신현,포텐,2025-02,11,164542,5532,Y,98787,Y,133261,Y,164542,Y,13,0.3869
레전더Legend Maker|||윤신현,레전더Legend Maker,윤신현,포텐,2025-02,11,212839,10241,Y,76467,Y,168482,Y,212839,Y,15,0.2184
멸망한 세계의 유적 사냥꾼|||킹메이커,멸망한 세계의 유적 사냥꾼,킹메이커,포텐,2025-02,12,44837236,3747883,Y,16206847,Y,30073078,Y,44837236,Y,17,0.4203
블레이즈|||윤신현,블레이즈,윤신현,포텐,2025-02,10,25126,7308,Y,18584,Y,22718,Y,25126,Y,8,0.4313
섹스마스터가 되어 다 따먹기|||낙필,섹스마스터가 되어 다 따먹기,낙필,올나이트노벨,2025-02,11,5523081,96633,Y,3438928,Y,4848263,Y,5523081,Y,16,0.3264
시간의 마에스트로|||류화수,시간의 마에스트로,류화수,포텐,2025-02,6,189409,63168,Y,176360,Y,185096,Y,189409,Y,9,0.4139
신석기 오펜스 족장이 되었다|||,신석기 오펜스 족장이 되었다,,포텐,2025-02,12,1389158,55429,Y,1027698,Y,1211635,Y,1389158,Y,15,0.3078
신의 연기|||백락,신의 연기,백락,포텐,2025-02,10,160387,378,Y,49661,Y,157289,Y,160387,Y,12,0.3221
신풍기협|||윤신현,신풍기협,윤신현,포텐,2025-02,12,6106233,64682,Y,867200,Y,4408157,Y,6106233,Y,18,0.4417
악당에서 재벌까지|||흑곰작가,악당에서 재벌까지,흑곰작가,포텐,2025-02,11,4358854,242325,Y,3677549,Y,4134485,Y,4358854,Y,13,0.2564
야구랑 연애를 잘함|||,야구랑 연애를 잘함,,포텐,2025-02,11,1499681,99688,Y,873657,Y,1011287,Y,1499681,Y,16,0.239
역대급 빌런이 되었다|||,역대급 빌런이 되었다,,포텐,2025-02,11,2227726,166799,Y,1534267,Y,1746362,Y,2227726,Y,15,0.2477
재벌세는 총수가 되고 싶다|||독성,재벌세는 총수가 되고 싶다,독성,포텐,2025-02,12,9358006,1129438,Y,2185275,Y,4876783,Y,9358006,Y,18,0.3252
천마를 다운로드합니다|||이세계사장,천마를 다운로드합니다,이세계사장,포텐,2025-02,11,3262658,114914,Y,1806821,Y,2520808,Y,3262658,Y,10,0.9261
최강의 타이탄 라이더|||,최강의 타이탄 라이더,,포텐,2025-02,11,1126955,37093,Y,574204,Y,1028188,Y,1126955,Y,15,0.3159
출판으로 재벌되기|||,출판으로 재벌되기,,포텐,2025-02,11,2782325,120679,Y,1140031,Y,2529065,Y,2782325,Y,18,0.4879
다른 세계에서 주워왔습니다|||킹메이커,다른 세계에서 주워왔습니다,킹메이커,포텐,2025-03,11,24290644,1200158,Y,4127937,Y,12463391,Y,,N,,
비제이가 너무 강함|||김조선,비제이가 너무 강함,김조선,포텐,2025-03,10,2063397,31393,Y,1698070,Y,1869416,Y,,N,,
성노예 코딩 어플|||쉐도우스,성노예 코딩 어플,쉐도우스,올나이트노벨|포텐,2025-03,10,2042797,48888,Y,183041,Y,1559052,Y,,N,,
순혈의 헌터|||류화수,순혈의 헌터,류화수,포텐,2025-03,9,328074,2240,Y,284062,Y,307890,Y,,N,,
아포칼립스의 유일한 플레이어|||쓰고또쓰고,아포칼립스의 유일한 플레이어,쓰고또쓰고,포텐,2025-03,11,1189182,45898,Y,279890,Y,831921,Y,,N,,
여섯 영혼의 노래 그리고 가수|||킹묵,여섯 영혼의 노래 그리고 가수,킹묵,포텐,2025-03,11,912058,24389,Y,211869,Y,509196,Y,,N,,
중세에서 상인으로 살아남기|||가죽갑옷,중세에서 상인으로 살아남기,가죽갑옷,올나이트노벨|포텐,2025-03,11,3367402,82346,Y,1085572,Y,2893573,Y,,N,,
현자귀환|||류화수,현자귀환,류화수,포텐,2025-03,9,471195,124880,Y,380786,Y,414134,Y,,N,,
현자귀환|||알렌,현자귀환,알렌,포텐,2025-03,5,187529,8960,Y,171849,Y,174089,Y,,N,,
가짜 던전으로 고향 살리기|||진시월,가짜 던전으로 고향 살리기,진시월,포텐,2025-04,9,1352932,459,Y,1241096,Y,1325483,Y,,N,,
골 때리는 여자 비제이들|||쉐도우스,골 때리는 여자 비제이들,쉐도우스,올나이트노벨|포텐,2025-04,9,603689,14742,Y,97062,Y,415143,Y,,N,,
군신 카라가스|||봉사,군신 카라가스,봉사,프로무림,2025-04,2,11200,2240,Y,11200,Y,11200,Y,,N,,
너의 옷이 보여|||킹묵,너의 옷이 보여,킹묵,포텐,2025-04,10,5236701,31669,Y,1158552,Y,3681117,Y,,N,,
단권 나 혼자 쿨타임 제로|||소구장,단권 나 혼자 쿨타임 제로,소구장,포텐,2025-04,9,5657563,252081,Y,926330,Y,3799449,Y,,N,,
단권 던전팜|||인기영,단권 던전팜,인기영,포텐,2025-04,9,4623702,1495960,Y,2399717,Y,4380492,Y,,N,,
단권 만렙 사냥꾼 회귀하다|||이형석,단권 만렙 사냥꾼 회귀하다,이형석,포텐,2025-04,9,1625719,192812,Y,1076391,Y,1573101,Y,,N,,
두목무적|||원하,두목무적,원하,올나이트노벨|포텐,2025-04,10,5510995,2268,Y,1834059,Y,3554584,Y,,N,,
망한 양식장을 물려받았다|||하늘곰,망한 양식장을 물려받았다,하늘곰,포텐,2025-04,10,37266025,5363152,Y,17413722,Y,30169376,Y,,N,,
미생법사|||엔트로,미생법사,엔트로,포텐,2025-04,5,161245,98238,Y,139607,Y,161245,Y,,N,,
복수하는 김에 재벌도 되겠습니다|||유재무,복수하는 김에 재벌도 되겠습니다,유재무,포텐,2025-04,9,80738009,11739748,Y,38558553,Y,60729419,Y,,N,,
스킬스|||류화수,스킬스,류화수,포텐,2025-04,4,56159,45291,Y,49824,Y,49824,Y,,N,,
스킬스 현대편|||류화수,스킬스 현대편,류화수,포텐,2025-04,4,67922,42244,Y,60549,Y,60549,Y,,N,,
시간여행자는 재벌 황제가 된다|||박재학,시간여행자는 재벌 황제가 된다,박재학,포텐,2025-04,10,1233086,754200,Y,1102899,Y,1207903,Y,,N,,
재벌생활기록부|||흑곰작가,재벌생활기록부,흑곰작가,포텐,2025-04,3,482545,37787,Y,37787,Y,233525,Y,,N,,
재벌집 장남은 가치를 본다|||유재무,재벌집 장남은 가치를 본다,유재무,포텐,2025-04,9,1196119,96001,Y,446061,Y,927275,Y,,N,,
창조의 재능|||찬동,창조의 재능,찬동,포텐,2025-04,9,879273,531600,Y,630838,Y,648066,Y,,N,,
초능력활용법|||탄마,초능력활용법,탄마,올나이트노벨|포텐,2025-04,10,7595767,1363074,Y,4025271,Y,6520298,Y,,N,,
클래스 소드 마스터 검의 구도자|||이형석,클래스 소드 마스터 검의 구도자,이형석,포텐,2025-04,9,6960359,391786,Y,1998358,Y,4534202,Y,,N,,
타플독식하는 재벌|||서오,타플독식하는 재벌,서오,포텐,2025-04,10,40729127,7182768,Y,28412884,Y,35061536,Y,,N,,
핵무기도 만들어 드림|||북홀릭,핵무기도 만들어 드림,북홀릭,포텐,2025-04,3,12092053,2343,Y,12092053,Y,12092053,Y,,N,,
E급 탱커의 비상|||류다,E급 탱커의 비상,류다,포텐,2025-05,9,1865727,8288,Y,1198401,Y,1724895,Y,,N,,
단권 깡촌 마을 키워서 힐링한다|||인기영,단권 깡촌 마을 키워서 힐링한다,인기영,포텐,2025-05,9,2641141,362343,Y,887226,Y,2300541,Y,,N,,
망한 세상에서 나 혼자 각성|||민작가,망한 세상에서 나 혼자 각성,민작가,포텐,2025-05,9,1986004,34374,Y,869714,Y,1463578,Y,,N,,
보스 몹이 너무 강함|||민작가,보스 몹이 너무 강함,민작가,포텐,2025-05,8,519348,11382,Y,280469,Y,386949,Y,,N,,
사이코패스 살인마는 살고 싶다|||민작가,사이코패스 살인마는 살고 싶다,민작가,포텐,2025-05,8,405427,784,Y,184927,Y,364045,Y,,N,,
아마란스|||우주(宇宙),아마란스,우주(宇宙),프로무림,2025-05,1,900,900,Y,900,Y,900,Y,,N,,
여자들이 집착하는 축구 선수가 되었다|||쓰고또쓰고,여자들이 집착하는 축구 선수가 되었다,쓰고또쓰고,포텐,2025-05,8,599518,50951,Y,366507,Y,573983,Y,,N,,
월드스타가 될 운명입니다|||마늘소금,월드스타가 될 운명입니다,마늘소금,포텐,2025-05,8,4038027,116650,Y,2571913,Y,3551148,Y,,N,,
티끌 모아 대박|||흑곰작가,티끌 모아 대박,흑곰작가,포텐,2025-05,9,625292,85699,Y,247237,Y,485259,Y,,N,,
티렌 티로|||이윤후,티렌 티로,이윤후,프로무림,2025-05,1,630,630,Y,630,Y,630,Y,,N,,
단권 곤륜패선|||윤신현,단권 곤륜패선,윤신현,포텐,2025-06,8,8946469,465069,Y,6818636,Y,8611181,Y,,N,,
단권 무엇이든 만들어 드립니다|||윤신현,단권 무엇이든 만들어 드립니다,윤신현,포텐,2025-06,8,952165,115554,Y,525722,Y,769692,Y,,N,,
단권 블레이즈Blaze|||윤신현,단권 블레이즈Blaze,윤신현,포텐,2025-06,6,89643,13230,Y,40867,Y,83532,Y,,N,,
단권 환생했더니 정령군주|||윤신현,단권 환생했더니 정령군주,윤신현,포텐,2025-06,8,5507676,733490,Y,3477017,Y,5095356,Y,,N,,
절대선협|||앤서,절대선협,앤서,포텐,2025-06,7,4519777,1263,Y,3086790,Y,4309586,Y,,N,,
혜정이의 야한 이야기|||파워레인젖,혜정이의 야한 이야기,파워레인젖,올나이트노벨|포텐,2025-06,7,370495,13958,Y,129824,Y,350309,Y,,N,,
MG핵무기도 만들어 드림|||북홀릭,MG핵무기도 만들어 드림,북홀릭,포텐,2025-07,6,14481057,2506275,Y,7008445,Y,14481057,Y,,N,,
광고수익핵무기도 만들어 드림|||북홀릭,광고수익핵무기도 만들어 드림,북홀릭,포텐,2025-07,6,84523,7955,Y,41303,Y,84523,Y,,N,,
나 혼자 독식|||조건상,나 혼자 독식,조건상,포텐,2025-07,2,106480,19694,Y,19694,Y,106480,Y,,N,,
네임드|||민작가,네임드,민작가,포텐,2025-07,6,162440,25172,Y,85634,Y,162440,Y,,N,,
네임드 플레이어|||민작가,네임드 플레이어,민작가,포텐,2025-07,5,124253,41640,Y,75340,Y,124253,Y,,N,,
다따먹점혈법|||탄마,다따먹점혈법,탄마,올나이트노벨,2025-07,7,7898385,438742,Y,4781311,Y,7749986,Y,,N,,
단권 다프D A F|||윤신현,단권 다프D A F,윤신현,포텐,2025-07,5,153109,38770,Y,63624,Y,153109,Y,,N,,
단권 또다시 작가|||윤신현,단권 또다시 작가,윤신현,포텐,2025-07,6,902863,364501,Y,414310,Y,902233,Y,,N,,
단권 레전더Legend Maker|||윤신현,단권 레전더Legend Maker,윤신현,포텐,2025-07,6,202475,16380,Y,92118,Y,202475,Y,,N,,
단권 신풍기협|||윤신현,단권 신풍기협,윤신현,포텐,2025-07,7,2887076,520914,Y,1601013,Y,2883926,Y,,N,,
모방에서 창조까지 하는 에이전트|||킹묵,모방에서 창조까지 하는 에이전트,킹묵,포텐,2025-07,7,623155,2781,Y,295905,Y,621454,Y,,N,,
스킬콜렉터|||킹메이커,스킬콜렉터,킹메이커,포텐,2025-07,7,1034596,24033,Y,88142,Y,1018986,Y,,N,,
재벌집 막내 도련님은 악당입니다|||,재벌집 막내 도련님은 악당입니다,,포텐,2025-07,6,2309451,693911,Y,1858959,Y,2309451,Y,,N,,
검혼기행|||촌공,검혼기행,촌공,포텐,2025-08,5,1830051,97398,Y,1559515,Y,1830051,Y,,N,,
단권 태양전기|||윤신현,단권 태양전기,윤신현,포텐,2025-08,6,5500143,282256,Y,3571481,Y,5500143,Y,,N,,
단권 파공검|||눈매,단권 파공검,눈매,포텐,2025-08,6,24614608,8070731,Y,16880940,Y,24614608,Y,,N,,
뱀파이어 해결사 장권우|||원하,뱀파이어 해결사 장권우,원하,올나이트노벨,2025-08,6,1644981,692917,Y,1488363,Y,1644981,Y,,N,,
서큐버스 리얼돌을 구입했다|||스즈나,서큐버스 리얼돌을 구입했다,스즈나,올나이트노벨|포텐,2025-08,5,573033,250768,Y,498646,Y,573033,Y,,N,,
아포칼립스에서 살아남기|||글라운,아포칼립스에서 살아남기,글라운,포텐,2025-08,5,1493111,823,Y,1433181,Y,1493111,Y,,N,,
전장의 중기병으로 사는 법|||글럼프,전장의 중기병으로 사는 법,글럼프,포텐,2025-08,6,80544566,3087488,Y,37556436,Y,80544566,Y,,N,,
철검무정|||장경,철검무정,장경,프로무림,2025-08,1,1400,1400,Y,1400,Y,1400,Y,,N,,
EX급 만능사제가 되었다|||김현준,EX급 만능사제가 되었다,김현준,포텐,2025-09,5,10728992,1502146,Y,6786082,Y,,N,,N,,
단권 검신재림|||윤신현,단권 검신재림,윤신현,포텐,2025-09,5,16629545,2072073,Y,10670066,Y,,N,,N,,
단권 국세청 망나니|||동면거북이,단권 국세청 망나니,동면거북이,포텐,2025-09,5,13134841,5525103,Y,10764045,Y,,N,,N,,
단권 노가다 김씨 자동사냥으로 꿀 빱니다|||쇼츠,단권 노가다 김씨 자동사냥으로 꿀 빱니다,쇼츠,포텐,2025-09,5,8252600,2328384,Y,6702542,Y,,N,,N,,
단권 여섯 영혼의 노래 그리고 가수|||킹묵,단권 여섯 영혼의 노래 그리고 가수,킹묵,포텐,2025-09,5,814635,314180,Y,674431,Y,,N,,N,,
단권클래스 소드 마스터 검의 구도자|||이형석,단권클래스 소드 마스터 검의 구도자,이형석,포텐,2025-09,5,4658599,657318,Y,3009135,Y,,N,,N,,
아 아이돌 그렇게 하는 거 아닌데|||김악개,아 아이돌 그렇게 하는 거 아닌데,김악개,포텐,2025-09,4,15585779,25839,Y,13924549,Y,,N,,N,,
야한 규칙으로 다 따먹음|||파워레인젖,야한 규칙으로 다 따먹음,파워레인젖,올나이트노벨,2025-09,5,2471486,150236,Y,1795908,Y,,N,,N,,
완전기억 소드마스터|||타리오,완전기억 소드마스터,타리오,포텐,2025-09,4,821062,25545,Y,756943,Y,,N,,N,,
천재 작가는 어플로 꿀 빱니다|||두루치기,천재 작가는 어플로 꿀 빱니다,두루치기,포텐,2025-09,4,911664,236674,Y,794270,Y,,N,,N,,
국립검은 머리 미국 대재벌|||흑곰작가,국립검은 머리 미국 대재벌,흑곰작가,포텐,2025-10,1,102400,102400,Y,102400,Y,,N,,N,,
국립재벌이 회귀했는데 뭔들 못하겠어|||흑곰작가,국립재벌이 회귀했는데 뭔들 못하겠어,흑곰작가,포텐,2025-10,1,115200,115200,Y,115200,Y,,N,,N,,
네안데르탈 각성차원의 지배자|||테서스,네안데르탈 각성차원의 지배자,테서스,올나이트노벨|포텐,2025-10,3,638878,323078,Y,638878,Y,,N,,N,,
단권서클 소드마스터|||강철민,단권서클 소드마스터,강철민,포텐,2025-10,4,7857416,1558998,Y,7772572,Y,,N,,N,,
생존게임 사용금지|||박천웅,생존게임 사용금지,박천웅,포텐,2025-10,1,2520,2520,Y,2520,Y,,N,,N,,
수라검|||윤신현,수라검,윤신현,포텐,2025-10,4,940943,36414,Y,875183,Y,,N,,N,,
야한 연극의 S 주인공이 되었다|||파워레인젖,야한 연극의 S 주인공이 되었다,파워레인젖,올나이트노벨|포텐,2025-10,3,62605,18674,Y,62605,Y,,N,,N,,
월라 용권|||송재일,월라 용권,송재일,포텐,2025-10,1,54395,54395,Y,54395,Y,,N,,N,,
위대한 가문의 망나니가 되다|||바나바다,위대한 가문의 망나니가 되다,바나바다,포텐,2025-10,3,705781,6,Y,705781,Y,,N,,N,,
천뢰검협|||윤신현,천뢰검협,윤신현,포텐,2025-10,4,2126480,285780,Y,2121740,Y,,N,,N,,
히어로 아카데미의 악당놈|||기갑공룡,히어로 아카데미의 악당놈,기갑공룡,올나이트노벨,2025-10,3,265789,198418,Y,265789,Y,,N,,N,,
게임 속 정의로운 기사가 되었다|||,게임 속 정의로운 기사가 되었다,,포텐,2025-11,2,141101,123751,Y,141101,Y,,N,,N,,
광고수익 아 아이돌 그렇게 하는 거 아닌데|||김악개,광고수익 아 아이돌 그렇게 하는 거 아닌데,김악개,포텐,2025-11,2,22400,13940,Y,22400,Y,,N,,N,,
단권 천하무적대총관 천신우|||대나무꽃,단권 천하무적대총관 천신우,대나무꽃,포텐,2025-11,3,727416,8996,Y,727416,Y,,N,,N,,
달인|||앤서,달인,앤서,포텐,2025-11,1,14204,14204,Y,14204,Y,,N,,N,,
당가의 실험체가 되었다|||,당가의 실험체가 되었다,,포텐,2025-11,2,84492,83862,Y,84492,Y,,N,,N,,
동탄 미시녀 어플|||쉐도우스,동탄 미시녀 어플,쉐도우스,올나이트노벨,2025-11,3,264135,147578,Y,264135,Y,,N,,N,,
무당귀환|||앤서,무당귀환,앤서,포텐,2025-11,3,521877,365260,Y,521877,Y,,N,,N,,
무림요정|||,무림요정,,포텐,2025-11,2,123712,64455,Y,123712,Y,,N,,N,,
삼국지 이신 창성|||원하,삼국지 이신 창성,원하,올나이트노벨,2025-11,3,1869649,1508805,Y,1869649,Y,,N,,N,,
스킬스 현대편|||유동우,스킬스 현대편,유동우,포텐,2025-11,2,504,441,Y,504,Y,,N,,N,,
시간여행자는 재벌 황제가 된다|||,시간여행자는 재벌 황제가 된다,,포텐,2025-11,3,195765,48039,Y,195765,Y,,N,,N,,
업어 키운 사매들|||앤서,업어 키운 사매들,앤서,포텐,2025-11,3,385341,303055,Y,385341,Y,,N,,N,,
연봉조 신입사원|||서오,연봉조 신입사원,서오,포텐,2025-11,2,32139212,11436210,Y,32139212,Y,,N,,N,,
와이프는 절대고수|||앤서,와이프는 절대고수,앤서,포텐,2025-11,2,7345,3905,Y,7345,Y,,N,,N,,
자하검신|||,자하검신,,포텐,2025-11,2,775790,586264,Y,775790,Y,,N,,N,,
재벌세는 총수가 되고 싶다|||,재벌세는 총수가 되고 싶다,,포텐,2025-11,2,330637,297535,Y,330637,Y,,N,,N,,
재벌집 망나니대독자|||앤서,재벌집 망나니대독자,앤서,포텐,2025-11,3,937467,627741,Y,937467,Y,,N,,N,,
재앙급 사냥개가 돌아왔다|||일황,재앙급 사냥개가 돌아왔다,일황,포텐,2025-11,2,969726,234468,Y,969726,Y,,N,,N,,
절대자는 신혼이다|||,절대자는 신혼이다,,포텐,2025-11,2,318424,312354,Y,318424,Y,,N,,N,,
주인공이 대물을 숨김|||망령Y,주인공이 대물을 숨김,망령Y,올나이트노벨,2025-11,3,3514131,2214127,Y,3514131,Y,,N,,N,,
천재 작가는 어플로 꿀 빱니다|||,천재 작가는 어플로 꿀 빱니다,,포텐,2025-11,1,86859,86859,Y,86859,Y,,N,,N,,
회귀 후 몰빵투자로 재벌 되기|||,회귀 후 몰빵투자로 재벌 되기,,포텐,2025-11,2,6314420,2952648,Y,6314420,Y,,N,,N,,
회귀해서 천재 PD|||,회귀해서 천재 PD,,포텐,2025-11,2,943713,681110,Y,943713,Y,,N,,N,,
고인물은 이계가 너무 쉽다|||JHK서랍,고인물은 이계가 너무 쉽다,JHK서랍,포텐,2025-12,2,184306,158686,Y,,N,,N,,N,,
단권 모방에서 창조까지 하는 에이전트|||킹묵,단권 모방에서 창조까지 하는 에이전트,킹묵,포텐,2025-12,2,496726,330466,Y,,N,,N,,N,,
더는 가르칠 게 없대서 하산했습니다|||비비다,더는 가르칠 게 없대서 하산했습니다,비비다,포텐,2025-12,1,831,831,Y,,N,,N,,N,,
마성의 도수치료사|||버푸,마성의 도수치료사,버푸,올나이트노벨,2025-12,2,1284466,1251356,Y,,N,,N,,N,,
마왕겁|||원하,마왕겁,원하,올나이트노벨,2025-12,2,1244624,1233614,Y,,N,,N,,N,,
무림누나 능욕게임|||탄마,무림누나 능욕게임,탄마,올나이트노벨,2025-12,2,57925,57855,Y,,N,,N,,N,,
야한 회사에서 대박남|||파워레인젖,야한 회사에서 대박남,파워레인젖,올나이트노벨,2025-12,2,191708,108475,Y,,N,,N,,N,,
학원 폭력물의 회귀 특전자|||원하,학원 폭력물의 회귀 특전자,원하,올나이트노벨,2025-12,2,489121,470291,Y,,N,,N,,N,,
정자왕은 탑 등반이 쉽다|||빨간홍차,정자왕은 탑 등반이 쉽다,빨간홍차,올나이트노벨,2026-01,1,77950,77950,Y,,N,,N,,N,,
