작품,작가,출판사,2021-01,2021-02,2021-03,2021-04,2021-05,2021-06,2021-07,2021-08,2021-09,2021-10,2021-11,2021-12,2022-01,2022-02,2022-03,2022-04,2022-05,2022-06,2022-07,2022-08,2022-09,2022-10,2022-11,2022-12,2023-01,2023-02,2023-03,2023-04,2023-05,2023-06,2023-07,2023-08,2023-09,2023-10,2023-11,2023-12,2024-01,2024-02,2024-03,2024-04,2024-05,2024-06,2024-07,2024-08,2024-09,2024-10,2024-11,2024-12,2025-01,2025-02,2025-03,2025-04,2025-05,2025-06,2025-07,2025-08,2025-09,2025-10,2025-11,2025-12,총합
전생검신,구로수번,포텐,0.0,0.0,0.0,0.0,12908878.0,12659186.0,37110440.0,33567247.0,38320472.0,41944076.0,31496242.0,31867731.0,42754681.0,35480927.0,34352948.0,31833354.0,30995001.0,40114002.0,45861584.0,31101247.0,26024338.0,34393391.0,37300403.0,48670361.0,43093698.0,37295026.0,34738849.0,29431286.0,26903910.0,26269376.0,29884907.0,27741749.0,25171555.0,23288405.0,23108855.0,25407879.0,26676444.0,24401230.0,22576912.0,22878272.0,24860648.0,22820030.0,24117259.0,23611454.0,21755641.0,20416901.0,21590149.0,19533315.0,20118963.0,15634182.0,16852343.0,17679616.0,17542646.0,18027425.0,18508878.0,16848781.0,16046992.0,15860824.0,19908197.0,15118516.0,1514477622.0
핵무기도 만들어 드릴까요,북홀릭,포텐,47139886.0,33830042.0,36776111.0,51249064.0,57059499.0,78215203.0,65614315.0,42126079.0,40215228.0,25734685.0,16156329.0,49567005.0,17904264.0,14951303.0,32841419.0,18707942.0,23259461.0,14566526.0,9103408.0,27588783.0,9854146.0,9839774.0,10318029.0,7961344.0,5733082.0,5156618.0,4365220.0,4385214.0,4160542.0,6484274.0,6241059.0,5227801.0,3732720.0,6293917.0,4652096.0,4218245.0,3515243.0,6087548.0,4952377.0,3348007.0,4092525.0,4710524.0,3130700.0,3677426.0,2765423.0,4031676.0,14300830.0,10577059.0,6970815.0,5274306.0,5975929.0,3428932.0,7189129.0,9032755.0,4646654.0,3250020.0,3265681.0,3806528.0,3114395.0,2034166.0,924409281.0
대기업 말단이 일을 잘함,동면거북이,포텐,0.0,0.0,0.0,0.0,0.0,0.0,0.0,0.0,0.0,0.0,0.0,0.0,0.0,0.0,0.0,0.0,0.0,0.0,0.0,0.0,0.0,0.0,0.0,0.0,0.0,0.0,0.0,0.0,0.0,2660.0,14590431.0,30548970.0,20054327.0,11448647.0,27934228.0,27769390.0,16829689.0,14519621.0,32351933.0,34253186.0,14991542.0,110850276.0,57935723.0,28378407.0,20090956.0,16392686.0,27328801.0,16972026.0,17211558.0,44574152.0,48792252.0,36419099.0,28379783.0,24510921.0,29446387.0,21136465.0,30186868.0,24423851.0,14769197.0,18801442.0,861895474.0
금수저 생활백서,강동호,포텐,40407093.0,33890296.0,30758576.0,31800461.0,36439653.0,28566537.0,49197275.0,35849060.0,25063870.0,35670789.0,21723309.0,29219818.0,23215556.0,25495018.0,22980541.0,19380891.0,20088186.0,17732042.0,8522828.0,8577291.0,5955700.0,5186707.0,5558292.0,3470696.0,3386672.0,3769860.0,4469882.0,3317514.0,3002578.0,7233425.0,12961463.0,3664497.0,4053991.0,4815562.0,5806234.0,4378659.0,5028888.0,5388909.0,5541327.0,4536865.0,8286686.0,8011649.0,8133423.0,8836133.0,13079225.0,10002079.0,6271346.0,8053342.0,5837544.0,4484712.0,4117878.0,5820355.0,7123081.0,4646643.0,4286463.0,3621262.0,2801546.0,2051781.0,1852014.0,2534442.0,765958415.0
전설급 영웅은 아카데미 우등생,예로나,포텐,0.0,0.0,0.0,0.0,0.0,0.0,0.0,0.0,0.0,0.0,0.0,0.0,0.0,44698045.0,24711138.0,12796221.0,17345225.0,10719190.0,30390219.0,14533981.0,16612681.0,15271378.0,10138407.0,19627997.0,21885066.0,14901576.0,26450415.0,23820883.0,13201718.0,9303444.0,9041758.0,20898849.0,9725801.0,31359910.0,18586590.0,13214502.0,15700255.0,11560351.0,8509950.0,9558379.0,13331920.0,7131663.0,8973679.0,21653911.0,9160975.0,7462861.0,8358523.0,11470937.0,41262551.0,17721474.0,22541486.0,11970021.0,12289554.0,10163871.0,10445010.0,9827972.0,6860678.0,10489207.0,5557725.0,5802985.0,727040932.0
국세청 망나니,동면거북이,포텐,17726255.0,20583309.0,17009461.0,9578013.0,23199069.0,26875445.0,20355852.0,17742162.0,14960322.0,13544981.0,13826344.0,10161960.0,48932314.0,36937079.0,17397926.0,10614464.0,19974983.0,16869708.0,12235566.0,9144115.0,7965489.0,13935303.0,5448408.0,3752311.0,4188232.0,5641459.0,3793793.0,6574598.0,4293255.0,4509273.0,5230240.0,6214495.0,4279552.0,4260482.0,3737132.0,5870095.0,4058085.0,3195521.0,1364650.0,2130919.0,1045678.0,813575.0,6831546.0,6872524.0,4331249.0,2591289.0,2766075.0,1787821.0,2400247.0,1861028.0,4328509.0,7809334.0,3362384.0,2516609.0,2865278.0,4359069.0,2008388.0,1560141.0,1081473.0,1263862.0,540568699.0
풀백이 축구를 너무 잘함,김군0619,포텐,13291819.0,16223507.0,13373332.0,9921886.0,20978263.0,18997085.0,18112334.0,17963514.0,15291899.0,15240289.0,17667923.0,16982833.0,18431698.0,13746747.0,19793374.0,16518938.0,10639211.0,11203898.0,11364952.0,11422974.0,10502432.0,10944692.0,10618764.0,12282640.0,8845968.0,6850831.0,6731030.0,7548407.0,6180091.0,5619749.0,4196448.0,6637863.0,8387337.0,10351865.0,6383551.0,5443713.0,4913667.0,5053005.0,4064214.0,2685173.0,2397763.0,2669937.0,1802665.0,3761451.0,1717149.0,2269554.0,1790505.0,1511040.0,1500260.0,1475947.0,1231438.0,1388151.0,2845871.0,2410430.0,1768973.0,1809562.0,1299439.0,1190986.0,832012.0,738194.0,487819243.0
곤륜마협,글별자리,포텐,10550653.0,9260725.0,8771110.0,8811457.0,7526758.0,7728888.0,10807126.0,9624073.0,9627480.0,13189592.0,5919464.0,19441496.0,7739770.0,9759197.0,4453335.0,4178325.0,6295369.0,8013647.0,8085470.0,3824225.0,18778994.0,6789690.0,7251958.0,7424729.0,10505506.0,7390298.0,18608041.0,13793036.0,10869634.0,10437400.0,9617989.0,6532133.0,5197455.0,4341949.0,12463912.0,5080352.0,23591964.0,14213059.0,12909363.0,6087639.0,13775431.0,8003998.0,5292797.0,4185315.0,4289956.0,3122316.0,1980729.0,2293172.0,6524285.0,3341822.0,2623612.0,2218299.0,2274954.0,1998546.0,2270689.0,1795705.0,1877558.0,2290259.0,1696668.0,2148425.0,459497797.0
파공검제,눈매,포텐,0.0,0.0,0.0,0.0,0.0,0.0,0.0,0.0,0.0,0.0,0.0,0.0,0.0,0.0,0.0,0.0,0.0,5036940.0,21625072.0,8156577.0,6305076.0,8684209.0,10788321.0,30055485.0,15675535.0,16014968.0,23507279.0,22697758.0,11364247.0,15457834.0,12094067.0,13369537.0,19164859.0,10430181.0,8007399.0,21146675.0,8421884.0,11273199.0,6575367.0,7168423.0,6324724.0,6324348.0,5660118.0,8251044.0,5594334.0,7802417.0,9746907.0,9284806.0,6178150.0,3646367.0,2977518.0,5033717.0,14379890.0,9132535.0,7913033.0,5804323.0,3374490.0,3650523.0,3691893.0,15912789.0,453704818.0
독식하는 재벌 3세,서오,포텐,0.0,0.0,0.0,0.0,0.0,0.0,0.0,0.0,0.0,0.0,0.0,0.0,0.0,0.0,0.0,0.0,0.0,0.0,0.0,0.0,0.0,0.0,0.0,0.0,0.0,0.0,0.0,0.0,0.0,27232644.0,52257877.0,17175503.0,11744260.0,26010141.0,12677097.0,11025241.0,12415833.0,8465374.0,7700791.0,12855458.0,7265947.0,7346783.0,5433510.0,7511509.0,4971173.0,7665363.0,10694116.0,6020851.0,5292244.0,2628371.0,3086287.0,1625783.0,1485420.0,1398090.0,9985255.0,18532267.0,5450866.0,11641006.0,4874956.0,3434431.0,325904447.0
언어의 주인이란,정보석,포텐,510752.0,516752.0,319946.0,103246.0,10120166.0,4195552.0,3825910.0,3341938.0,3941696.0,2507043.0,2296662.0,3188276.0,2631192.0,2323877.0,3824686.0,2766453.0,2503864.0,2761035.0,2675765.0,2563642.0,2724661.0,3149502.0,5107170.0,2144296.0,3412351.0,2360458.0,1740305.0,4980070.0,5400724.0,5725566.0,4681629.0,4239977.0,3631247.0,5774388.0,9507823.0,19330561.0,18279100.0,14238461.0,9574584.0,7987475.0,7542579.0,8898200.0,7787763.0,7788329.0,6554433.0,4804393.0,4555432.0,4751328.0,6366460.0,6091279.0,7470409.0,11759908.0,10089747.0,6387716.0,4521065.0,4308396.0,3367156.0,7227185.0,4555477.0,3601514.0,319337570.0
대망,강동호,포텐,0.0,0.0,0.0,0.0,0.0,0.0,0.0,0.0,0.0,0.0,0.0,0.0,0.0,0.0,0.0,0.0,0.0,0.0,0.0,0.0,0.0,0.0,0.0,0.0,2901507.0,6186610.0,5066256.0,6566548.0,9459490.0,24610920.0,26413121.0,15482819.0,11531228.0,21960843.0,15424570.0,12192345.0,9165826.0,9271536.0,7216692.0,5526943.0,6588274.0,6297653.0,4577336.0,6315837.0,6665736.0,4763419.0,4483167.0,4448790.0,6155690.0,4050287.0,4996479.0,6422686.0,4434880.0,4400580.0,4637777.0,5869079.0,3505449.0,4169178.0,3064461.0,3807393.0,288631405.0
용권,송재일,포텐,2090130.0,2667686.0,3400987.0,20386143.0,27004953.0,9954220.0,11385867.0,13630905.0,9584645.0,8173761.0,10706988.0,8360978.0,6994361.0,4641297.0,3343354.0,2430003.0,2873003.0,2965510.0,2653932.0,5627793.0,3891909.0,2269304.0,2233040.0,4898644.0,4432146.0,3561125.0,2376212.0,2903234.0,2392638.0,2708736.0,3051811.0,2394347.0,2076781.0,2048336.0,1984997.0,2074672.0,2792037.0,2296098.0,1070468.0,1552880.0,1888606.0,1717491.0,2231193.0,1351355.0,1153171.0,722537.0,699166.0,758891.0,895341.0,1670061.0,2017597.0,1226589.0,1268759.0,1133442.0,1218539.0,1063505.0,1185375.0,1137293.0,1039312.0,827866.0,237092020.0
식사하고 가세요,인기영,포텐,3250614.0,5410080.0,3315646.0,14922768.0,16369833.0,9963301.0,13997440.0,5889804.0,7890563.0,4435798.0,7492763.0,7240826.0,3617532.0,4583425.0,10166456.0,9340763.0,10859848.0,5371890.0,4871348.0,7026041.0,3227065.0,4706089.0,3362211.0,2967133.0,2013631.0,1593737.0,2040865.0,3093400.0,1207189.0,1017365.0,2517454.0,1971609.0,1479561.0,1392550.0,971922.0,814906.0,625397.0,1817607.0,1778955.0,922961.0,675163.0,572431.0,999419.0,502108.0,729118.0,688680.0,736879.0,881855.0,434725.0,598301.0,863646.0,926931.0,744954.0,769369.0,672473.0,624766.0,478858.0,1620215.0,696119.0,657388.0,210411744.0
재벌가 장남은 가치를 본다,유재무,포텐,11359411.0,10822142.0,8662275.0,2902764.0,2577711.0,23950228.0,6862759.0,4585514.0,3185760.0,3178303.0,2704270.0,2180629.0,4335042.0,2668198.0,6146459.0,14036444.0,4018506.0,1955363.0,7627903.0,12533919.0,4548186.0,2268200.0,1506590.0,1540912.0,1516369.0,2157598.0,5555516.0,3664918.0,1794502.0,1543719.0,2898915.0,4708005.0,2015636.0,1217836.0,2396650.0,3801892.0,1774932.0,1783678.0,1579039.0,2630334.0,2356832.0,985662.0,1089437.0,2319581.0,1479419.0,984392.0,1390705.0,1124225.0,1469917.0,918810.0,1159925.0,569912.0,719750.0,354762.0,911672.0,666098.0,407218.0,963345.0,1758812.0,705416.0,209532917.0
성공시대,강동호,포텐,0.0,0.0,0.0,0.0,0.0,0.0,0.0,0.0,0.0,0.0,0.0,0.0,0.0,0.0,0.0,0.0,0.0,0.0,0.0,0.0,0.0,0.0,0.0,0.0,2310007.0,2528973.0,7028544.0,8138663.0,4520038.0,13491915.0,13846277.0,21654129.0,10856635.0,15821168.0,8078283.0,8028936.0,4688655.0,5688091.0,3304913.0,3952429.0,5375859.0,4269178.0,3284676.0,2730751.0,3165025.0,3554555.0,3342598.0,3037510.0,3962082.0,2066414.0,2730044.0,4824354.0,3810529.0,3784461.0,2842045.0,3331977.0,2704103.0,2542086.0,1861528.0,3082206.0,200239637.0
재벌집 외동딸과 하룻밤을 보냈다,희나리T,포텐,0.0,0.0,0.0,0.0,0.0,0.0,0.0,0.0,0.0,0.0,0.0,0.0,0.0,0.0,0.0,0.0,0.0,0.0,0.0,0.0,0.0,0.0,0.0,0.0,0.0,0.0,0.0,0.0,0.0,0.0,0.0,0.0,0.0,0.0,0.0,0.0,0.0,0.0,0.0,0.0,0.0,0.0,0.0,0.0,0.0,0.0,9261759.0,8770165.0,15064452.0,12175962.0,15935353.0,16806540.0,19315662.0,19617613.0,10931338.0,20945541.0,8992178.0,8239653.0,8885990.0,5217189.0,180159395.0
불행을 보는 재벌집 손자,유재무,포텐,0.0,0.0,0.0,0.0,0.0,0.0,0.0,0.0,0.0,0.0,0.0,0.0,0.0,0.0,0.0,0.0,0.0,0.0,0.0,0.0,0.0,0.0,0.0,0.0,0.0,0.0,0.0,0.0,0.0,0.0,0.0,0.0,7376814.0,11681364.0,10708391.0,9731074.0,14571697.0,20406786.0,14925082.0,3834605.0,5080069.0,5713647.0,9613295.0,3755538.0,6223518.0,9707438.0,3054469.0,1735063.0,1685065.0,4331601.0,2954624.0,1388797.0,7223564.0,3595219.0,2701391.0,2186538.0,1677775.0,3491334.0,1575065.0,2223722.0,173153545.0
드레곤 레어에 조난당했다,이우찬,포텐,0.0,0.0,0.0,0.0,0.0,0.0,0.0,0.0,0.0,0.0,0.0,0.0,0.0,0.0,0.0,0.0,0.0,0.0,0.0,0.0,0.0,0.0,0.0,0.0,0.0,0.0,0.0,0.0,0.0,0.0,0.0,0.0,0.0,0.0,0.0,0.0,0.0,0.0,0.0,0.0,0.0,0.0,0.0,0.0,0.0,0.0,0.0,6161958.0,5776521.0,18651435.0,19967031.0,18323221.0,23937857.0,26035653.0,12654342.0,9267648.0,7109582.0,8881914.0,5930110.0,8392665.0,171089937.0
금수저 투자백서,관측불가,포텐,0.0,0.0,0.0,0.0,0.0,0.0,0.0,0.0,0.0,0.0,0.0,0.0,0.0,0.0,0.0,0.0,0.0,0.0,0.0,0.0,0.0,0.0,0.0,0.0,0.0,0.0,0.0,0.0,0.0,0.0,0.0,0.0,0.0,0.0,0.0,0.0,0.0,0.0,0.0,0.0,0.0,0.0,0.0,1168050.0,34162531.0,11592912.0,7510545.0,7817704.0,9980228.0,9742999.0,6646099.0,12435303.0,7911553.0,7032871.0,10398604.0,8795233.0,11229583.0,9003250.0,6424069.0,6939338.0,168790872.0
깜빵에서 재벌까지,베이스,포텐,0.0,0.0,0.0,0.0,0.0,0.0,774400.0,25623078.0,10272982.0,9775704.0,5564773.0,7200589.0,6463886.0,8915717.0,2386007.0,1293589.0,2805088.0,963305.0,708075.0,5233329.0,5886977.0,10836157.0,5928439.0,2416049.0,2324426.0,2591676.0,1493330.0,1121800.0,780768.0,1210049.0,1048079.0,1724544.0,1404420.0,969426.0,746707.0,1119176.0,1866962.0,1859904.0,2445337.0,1352923.0,2355190.0,1859286.0,1450244.0,1228144.0,3835461.0,3674406.0,1997015.0,1266519.0,1474769.0,1372663.0,1196675.0,930781.0,798066.0,759876.0,918844.0,698112.0,714037.0,1349250.0,910854.0,785655.0,166683518.0
리라이프 에이전트,강동호,포텐,0.0,0.0,0.0,0.0,0.0,0.0,0.0,0.0,0.0,0.0,0.0,0.0,0.0,0.0,0.0,0.0,0.0,0.0,0.0,0.0,0.0,0.0,0.0,0.0,0.0,0.0,310970.0,7472292.0,4088238.0,2299449.0,2345520.0,3360998.0,2090162.0,1908349.0,1527068.0,824282.0,443905.0,502049.0,5429955.0,5245650.0,22495457.0,8553228.0,4013452.0,3233324.0,6212489.0,7641006.0,6522217.0,8772683.0,3765280.0,3267470.0,2504943.0,3399155.0,3027663.0,2136955.0,10721489.0,9419965.0,2060847.0,2269070.0,1646852.0,2801928.0,152314360.0
킬 더 엠페러,트릭스터,포텐,980.0,820104.0,20846166.0,6749038.0,1934690.0,3233793.0,1856533.0,1422732.0,1217700.0,1040435.0,930827.0,934340.0,5340149.0,5324817.0,4340516.0,1945511.0,2167387.0,858419.0,1425454.0,10181530.0,23055913.0,5786899.0,2615322.0,1921404.0,1267141.0,3935453.0,1519690.0,658649.0,1184587.0,1745364.0,1207227.0,774945.0,1392031.0,2048353.0,1170258.0,1492992.0,1317413.0,353807.0,350854.0,603270.0,799329.0,511581.0,422160.0,284899.0,876010.0,294591.0,593935.0,794473.0,282278.0,362085.0,346804.0,8637169.0,3236148.0,992861.0,326367.0,190564.0,734114.0,1099037.0,374320.0,500390.0,148631808.0
EX급 절대반지를 얻었다,김현준,포텐,0.0,0.0,0.0,0.0,0.0,0.0,0.0,0.0,0.0,0.0,0.0,0.0,0.0,0.0,0.0,0.0,0.0,0.0,0.0,0.0,0.0,0.0,0.0,0.0,0.0,0.0,0.0,0.0,0.0,0.0,0.0,0.0,0.0,0.0,0.0,0.0,0.0,0.0,0.0,0.0,3219134.0,5767653.0,5040978.0,13773174.0,10112607.0,7680058.0,10406470.0,10405099.0,7067106.0,2680908.0,11180563.0,5582301.0,8889841.0,3697535.0,13113487.0,6426771.0,4082042.0,3295913.0,2513294.0,4597144.0,139532078.0
고려는 천조국이 되기로 하였습니다,소라게,포텐,0.0,0.0,0.0,0.0,0.0,0.0,0.0,0.0,0.0,0.0,0.0,0.0,0.0,0.0,0.0,0.0,0.0,0.0,0.0,0.0,0.0,0.0,0.0,0.0,0.0,3425.0,4013.0,17333311.0,14551385.0,6543108.0,7436069.0,11731521.0,18280658.0,7489754.0,4008224.0,2898708.0,3929499.0,1723502.0,4424438.0,1848980.0,2679361.0,3236609.0,2728035.0,5525389.0,2911480.0,2088354.0,2342035.0,1612642.0,2137127.0,928297.0,941496.0,842998.0,815115.0,631014.0,847451.0,953903.0,1415694.0,1168399.0,697867.0,699729.0,137409590.0
힘 마스터,강철민,포텐,0.0,0.0,0.0,0.0,1555594.0,2520171.0,3466253.0,4616210.0,4478467.0,3368775.0,3553962.0,7131981.0,6624019.0,8976647.0,5353417.0,2976978.0,4986802.0,2005192.0,5295789.0,6891861.0,2335784.0,3595046.0,4285590.0,1812889.0,1353410.0,6626133.0,3395125.0,5131000.0,2221456.0,2008171.0,1022395.0,1213974.0,1458497.0,1297724.0,1212356.0,875240.0,884514.0,2104272.0,721844.0,890239.0,1751935.0,683801.0,980934.0,1704988.0,1045047.0,884064.0,495448.0,1705880.0,798741.0,322265.0,893777.0,770466.0,602608.0,582677.0,1115300.0,1458661.0,894076.0,636537.0,516269.0,548534.0,136639785.0
화산대도,송재일,포텐,0.0,0.0,0.0,0.0,0.0,0.0,0.0,0.0,0.0,0.0,0.0,0.0,0.0,0.0,0.0,228294.0,10754912.0,4318399.0,4899661.0,3331036.0,4720517.0,3402219.0,2707903.0,2175625.0,4479346.0,2414808.0,1826338.0,1339651.0,5363463.0,1791925.0,728943.0,491502.0,780154.0,2561861.0,4552937.0,12973062.0,8017412.0,5647271.0,3541488.0,2130372.0,3905806.0,10075988.0,3624359.0,3985538.0,2251178.0,3517663.0,1602180.0,1018816.0,880937.0,962465.0,705582.0,603289.0,568950.0,639624.0,606699.0,577662.0,429248.0,589455.0,321234.0,1165368.0,133211140.0
마법 배운 재벌집 늦둥이,서오,포텐,0.0,0.0,0.0,0.0,0.0,0.0,0.0,0.0,0.0,0.0,0.0,0.0,5166523.0,2118542.0,650421.0,22303389.0,11225529.0,6146614.0,4399961.0,11135171.0,3151842.0,2309887.0,1639720.0,2251949.0,5627218.0,5958982.0,7204102.0,3216124.0,1184017.0,5171108.0,3233879.0,1611355.0,1561215.0,1208975.0,1062979.0,756140.0,1884684.0,967427.0,833006.0,568240.0,2212608.0,727662.0,411869.0,641198.0,1098421.0,539124.0,1345932.0,701710.0,649037.0,429500.0,414590.0,466420.0,516810.0,372986.0,344184.0,956710.0,478769.0,411908.0,276526.0,363993.0,127908956.0
무신 돌아오다,윤신현,포텐,15118953.0,8929798.0,6700649.0,4460093.0,6857423.0,2255607.0,2165716.0,1601548.0,1586419.0,1435001.0,1306557.0,4390131.0,20558984.0,4262980.0,1484984.0,1120858.0,991016.0,1737119.0,848719.0,1636074.0,1519796.0,2635827.0,876211.0,586946.0,927541.0,848349.0,1848829.0,1019104.0,1577087.0,605286.0,1095777.0,1015006.0,619783.0,525050.0,503892.0,623288.0,1030952.0,1017118.0,1591097.0,1193261.0,795568.0,611174.0,858481.0,736019.0,453523.0,551518.0,795551.0,656259.0,535479.0,1124249.0,1045654.0,643499.0,431985.0,872543.0,640133.0,1249768.0,212858.0,476863.0,1200560.0,523132.0,125523645.0
재벌생활기록부,백범(白帆),포텐,0.0,0.0,0.0,0.0,0.0,952080.0,19463485.0,2969571.0,10545782.0,8832192.0,7388513.0,2619773.0,2134489.0,2348540.0,1762614.0,3514347.0,2398515.0,3976625.0,3489715.0,2862993.0,1322201.0,1491123.0,2132055.0,2754107.0,1388075.0,1523622.0,1707726.0,1971650.0,802127.0,1057227.0,482104.0,828542.0,1145438.0,2350321.0,851751.0,951878.0,1233998.0,1028264.0,1041755.0,882395.0,1116315.0,923663.0,833214.0,889608.0,989001.0,720782.0,604324.0,1311610.0,2996065.0,2120346.0,2098763.0,1683917.0,1407761.0,1143969.0,126141.0,39800.0,41551.0,26410.0,6791.0,34827.0,121320451.0
만렙요원 재벌이 되다,준강,포텐,0.0,0.0,0.0,0.0,0.0,0.0,0.0,0.0,0.0,0.0,0.0,0.0,0.0,0.0,0.0,0.0,0.0,0.0,0.0,0.0,0.0,0.0,0.0,0.0,0.0,1092842.0,1274903.0,11376515.0,8735054.0,6037554.0,5639240.0,4632518.0,3282444.0,2905296.0,3481357.0,2498824.0,2590895.0,2864662.0,2567626.0,1974185.0,1634417.0,4247360.0,2181658.0,2235556.0,2273055.0,3340000.0,4568379.0,6624967.0,4500415.0,4632375.0,2560743.0,2507462.0,1618536.0,1250675.0,1347270.0,1215801.0,1791859.0,1567278.0,1319255.0,1314377.0,113685353.0
스킬 복사로 꿀 빱니다,김현준,포텐,0.0,0.0,0.0,0.0,0.0,0.0,0.0,0.0,0.0,0.0,0.0,0.0,0.0,0.0,0.0,0.0,0.0,0.0,0.0,0.0,0.0,0.0,0.0,0.0,0.0,389379.0,5816541.0,10336659.0,4228588.0,4668599.0,7409677.0,4509538.0,4536388.0,4330188.0,6327455.0,2893472.0,3652761.0,3184023.0,10481018.0,2338828.0,3463556.0,1292114.0,1265808.0,5956045.0,1679610.0,2157863.0,1422125.0,2064417.0,2268008.0,1016614.0,1559169.0,1985896.0,930893.0,941148.0,1402976.0,1256712.0,995111.0,1400252.0,763955.0,1817105.0,110742491.0
재벌생활기록부,백범(白凡),포텐,5481909.0,38278519.0,10560896.0,5093613.0,2723658.0,2446361.0,3310774.0,2392800.0,2290819.0,2576548.0,1842700.0,1709727.0,1267856.0,1297064.0,1074286.0,863736.0,1509393.0,566627.0,544368.0,620083.0,744756.0,562418.0,803836.0,778145.0,624329.0,1468251.0,690123.0,340004.0,401243.0,1048859.0,419777.0,677722.0,556824.0,790832.0,325867.0,629031.0,339841.0,331760.0,515169.0,256139.0,415296.0,1314939.0,416147.0,402586.0,353076.0,239384.0,315673.0,371406.0,697862.0,3800964.0,1205279.0,404207.0,217263.0,363970.0,88560.0,19680.0,4860.0,12720.0,240.0,0.0,109400775.0
빙하기 아포칼립스의 회사원,희나리T,포텐,0.0,0.0,0.0,0.0,0.0,0.0,0.0,0.0,0.0,0.0,0.0,0.0,0.0,0.0,0.0,0.0,0.0,0.0,0.0,0.0,0.0,0.0,0.0,0.0,0.0,0.0,0.0,0.0,0.0,0.0,0.0,0.0,5592639.0,4627710.0,14290221.0,8190104.0,4694302.0,3342319.0,1335101.0,1569037.0,1409035.0,4173421.0,1572692.0,4274900.0,4698210.0,3466550.0,2023898.0,7855400.0,7339699.0,6020344.0,4627644.0,2191448.0,2351515.0,1410547.0,1769578.0,2634131.0,1575581.0,2529693.0,1357787.0,1422345.0,108345851.0
걸황무적,송재일,포텐,0.0,0.0,2432534.0,14687107.0,6839060.0,5421790.0,4292997.0,3491209.0,6382410.0,2967049.0,6235661.0,2669561.0,2640162.0,1359910.0,1271379.0,766690.0,788317.0,2989470.0,5989161.0,4954978.0,3767172.0,1629143.0,1502636.0,725702.0,952458.0,793405.0,1158009.0,585492.0,494933.0,403689.0,416243.0,199488.0,600587.0,326834.0,2824901.0,1181011.0,789468.0,691030.0,470338.0,550292.0,215564.0,621504.0,777943.0,518191.0,296969.0,306609.0,537234.0,310484.0,361911.0,510965.0,377712.0,244772.0,166485.0,165554.0,596457.0,598061.0,154582.0,253317.0,221780.0,225976.0,103704346.0
미식축구가 너무 쉬움,김군0619,포텐,0.0,0.0,0.0,0.0,0.0,0.0,0.0,0.0,0.0,0.0,0.0,0.0,0.0,0.0,0.0,0.0,0.0,0.0,0.0,0.0,0.0,0.0,0.0,0.0,0.0,0.0,0.0,0.0,0.0,0.0,0.0,0.0,0.0,0.0,0.0,0.0,0.0,0.0,0.0,0.0,0.0,0.0,0.0,0.0,0.0,7738053.0,8988839.0,9136757.0,8664054.0,9402377.0,7454526.0,7611225.0,5710238.0,5371902.0,4547740.0,4194379.0,3821199.0,4822990.0,3966662.0,3641066.0,95072007.0
전능의 팔찌,김현석,프로무림,1441460.0,1439600.0,1445960.0,1575700.0,1045680.0,1415920.0,2219400.0,1773060.0,1798200.0,1851200.0,1180100.0,6522000.0,3268060.0,1342320.0,1745000.0,1984120.0,1566860.0,1592120.0,1537960.0,1315420.0,1285780.0,1201040.0,1281020.0,1941100.0,1596540.0,1910180.0,1610860.0,1253880.0,1417360.0,1124800.0,1252680.0,1317780.0,1275140.0,1829940.0,1487720.0,887860.0,1021836.0,705190.0,1420120.0,806000.0,976780.0,481440.0,669980.0,645460.0,545210.0,1281496.0,1461002.0,1123260.0,859307.0,818641.0,7450000.0,1210570.0,598540.0,905720.0,791970.0,2628258.0,1538880.0,1723040.0,925097.0,863648.0,92185265.0
던전팜,인기영,포텐,0.0,0.0,0.0,0.0,0.0,0.0,0.0,0.0,0.0,0.0,0.0,0.0,0.0,0.0,0.0,0.0,0.0,0.0,0.0,0.0,0.0,0.0,0.0,0.0,0.0,0.0,0.0,0.0,1365707.0,7462086.0,30527277.0,4758808.0,3979588.0,2803147.0,3982433.0,1984483.0,2584636.0,2203284.0,2289920.0,3403273.0,1152878.0,1123489.0,649380.0,705565.0,608380.0,473219.0,2285748.0,2837117.0,3000262.0,1868183.0,2074430.0,1192782.0,806460.0,1115271.0,1345387.0,1051532.0,680617.0,609870.0,423792.0,380909.0,91729913.0
마왕군 전입을 명 받았습니다,하늘곰,포텐,0.0,0.0,0.0,0.0,3102765.0,1402001.0,22196994.0,7752926.0,3758952.0,3809313.0,3766519.0,2149906.0,2500560.0,1758613.0,2190618.0,2100260.0,2572111.0,2115563.0,1163885.0,2385593.0,3282331.0,2527096.0,936496.0,1232653.0,1853728.0,1524128.0,1052742.0,474987.0,727565.0,1104017.0,972761.0,803551.0,698399.0,479921.0,554888.0,447355.0,492772.0,511647.0,464196.0,384343.0,562604.0,578185.0,466072.0,331909.0,351302.0,205936.0,367320.0,116502.0,262604.0,210162.0,305787.0,269842.0,297367.0,265070.0,209594.0,239129.0,235549.0,203045.0,122698.0,166619.0,91019451.0
화가 아빠 다시 살다,킹묵,포텐,0.0,0.0,0.0,0.0,0.0,0.0,0.0,0.0,0.0,0.0,0.0,0.0,0.0,0.0,0.0,0.0,0.0,0.0,0.0,0.0,0.0,0.0,0.0,0.0,0.0,0.0,2402.0,1226644.0,16594972.0,11977711.0,4496329.0,3823468.0,3680097.0,8430402.0,4011300.0,4244891.0,2086232.0,3172990.0,1035467.0,717490.0,1511002.0,2415621.0,4394097.0,1868334.0,1233581.0,617183.0,2288856.0,4038229.0,1170449.0,1133210.0,950815.0,709382.0,507058.0,326823.0,234042.0,405611.0,562280.0,211963.0,442245.0,217037.0,90738213.0
남자의 길,강동호,포텐,4836044.0,3446511.0,4954839.0,2932261.0,2347629.0,2480564.0,1652550.0,1702851.0,1413607.0,1409355.0,816109.0,945744.0,1090668.0,720322.0,728149.0,1565642.0,1031334.0,573604.0,467746.0,1123634.0,1098166.0,587006.0,548493.0,347121.0,1440444.0,2553465.0,1715229.0,3059682.0,3216867.0,2824023.0,2297153.0,1757237.0,1604383.0,1429925.0,1219564.0,1728949.0,1676990.0,1098920.0,1140597.0,1184232.0,1113243.0,1320014.0,1381866.0,1070093.0,1274409.0,3469074.0,1417405.0,944730.0,1091070.0,895695.0,847643.0,976802.0,1215942.0,886509.0,751673.0,675740.0,499657.0,670314.0,553542.0,721049.0,90544079.0
노가다 김씨 자동사냥으로 꿀 빱니다,쇼츠,포텐,0.0,0.0,0.0,0.0,0.0,0.0,0.0,0.0,0.0,0.0,0.0,0.0,0.0,0.0,0.0,0.0,0.0,0.0,0.0,0.0,0.0,0.0,0.0,0.0,0.0,0.0,0.0,0.0,0.0,0.0,0.0,0.0,0.0,0.0,0.0,0.0,0.0,0.0,0.0,0.0,0.0,0.0,0.0,0.0,0.0,0.0,3747253.0,4677499.0,3327581.0,7527308.0,6797412.0,5567290.0,8652376.0,12120707.0,15056992.0,6213158.0,3955100.0,4929583.0,4269558.0,3161228.0,90003045.0
친구 엄마와 친구 먹기,미도파,프로무림,0.0,0.0,0.0,0.0,0.0,0.0,0.0,0.0,0.0,0.0,0.0,0.0,0.0,0.0,0.0,0.0,0.0,4687270.0,2911708.0,5512681.0,6799924.0,7190990.0,6618401.0,5039462.0,4993262.0,3610425.0,2982057.0,2415272.0,2728767.0,2461308.0,1969107.0,1860106.0,1869736.0,1440635.0,1789259.0,1312526.0,1419996.0,1189175.0,1066307.0,921263.0,1269866.0,957698.0,924796.0,790896.0,895627.0,1015659.0,810395.0,721764.0,937737.0,615462.0,626132.0,716267.0,708427.0,590498.0,532860.0,998585.0,714003.0,594859.0,1011527.0,605194.0,88827889.0
재벌가 차남은 먼치킨,말리브해적,포텐,2515928.0,1128490.0,6581079.0,1716818.0,1058621.0,1092630.0,1381805.0,1213707.0,1537762.0,539105.0,437192.0,335048.0,750744.0,1233863.0,1989076.0,2929096.0,4133015.0,3459825.0,1308396.0,1181740.0,2360964.0,875189.0,868726.0,724334.0,1698879.0,2694117.0,5075227.0,972027.0,1070935.0,3462605.0,2361836.0,1630170.0,1062381.0,2811371.0,1167777.0,916495.0,777175.0,889364.0,442435.0,716482.0,1606346.0,1006769.0,1371996.0,3055557.0,1086657.0,1541266.0,1591407.0,875802.0,842102.0,839751.0,718999.0,344747.0,427599.0,710886.0,521998.0,668373.0,1120005.0,456714.0,490542.0,440649.0,88820594.0
법보다 주먹,강산,포텐,0.0,0.0,0.0,0.0,0.0,0.0,0.0,0.0,0.0,0.0,0.0,0.0,0.0,0.0,0.0,0.0,0.0,0.0,0.0,0.0,0.0,0.0,0.0,0.0,0.0,0.0,0.0,0.0,0.0,0.0,0.0,0.0,0.0,0.0,0.0,0.0,0.0,0.0,0.0,51.0,4991157.0,4521305.0,5717297.0,5444957.0,4615464.0,4056488.0,4308070.0,6804461.0,8018528.0,5356800.0,5540448.0,3409318.0,2808641.0,2713624.0,2479580.0,2297798.0,1734628.0,1574156.0,2379856.0,2281773.0,81054400.0
복수하는 김에 재벌도 되겠습니다,유재무,포텐,0.0,0.0,0.0,0.0,0.0,0.0,0.0,0.0,0.0,0.0,0.0,0.0,0.0,0.0,0.0,0.0,0.0,0.0,0.0,0.0,0.0,0.0,0.0,0.0,0.0,0.0,0.0,0.0,0.0,0.0,0.0,0.0,0.0,0.0,0.0,0.0,0.0,0.0,0.0,0.0,0.0,0.0,0.0,0.0,0.0,0.0,0.0,0.0,0.0,0.0,0.0,11739748.0,20434698.0,6384107.0,8695301.0,8163531.0,5312034.0,7892832.0,5735617.0,6380141.0,80738009.0
레벨 업 하는 식당,인기영,포텐,2082355.0,1740895.0,1507371.0,1187326.0,2402847.0,2666383.0,3549570.0,2474168.0,1940417.0,1305475.0,1653730.0,3274447.0,2132721.0,1080693.0,1534531.0,817191.0,5932762.0,4772579.0,5637859.0,3701505.0,1897731.0,1573623.0,644082.0,513783.0,523557.0,1370566.0,1541205.0,835543.0,1087641.0,827605.0,725469.0,769170.0,419979.0,1233933.0,1284409.0,870631.0,535901.0,764269.0,737942.0,1304972.0,846075.0,909492.0,419543.0,504041.0,502288.0,729354.0,395351.0,260225.0,684185.0,527400.0,456450.0,299688.0,244044.0,327675.0,392640.0,512374.0,365379.0,383393.0,251463.0,493435.0,80361331.0
환생무적,눈매,포텐,8057198.0,4076905.0,1739334.0,1558479.0,1132561.0,3326414.0,5618704.0,2376134.0,1609164.0,1344856.0,4816628.0,3322677.0,5845282.0,2394516.0,2106417.0,2073153.0,1781226.0,2115816.0,2211307.0,1039181.0,1029418.0,695630.0,645653.0,931279.0,803559.0,1120780.0,1131810.0,499252.0,490915.0,262496.0,330559.0,454933.0,605834.0,346695.0,748237.0,725971.0,568692.0,462160.0,462899.0,444541.0,659289.0,361642.0,1393248.0,699551.0,339142.0,205009.0,220325.0,286890.0,330231.0,155590.0,344727.0,290343.0,303909.0,563215.0,239920.0,245819.0,368426.0,435529.0,254384.0,1244707.0,80249161.0
재벌가 첫째아들,하늘곰,포텐,0.0,0.0,0.0,0.0,0.0,0.0,0.0,0.0,0.0,0.0,0.0,0.0,0.0,0.0,996465.0,15439384.0,7077037.0,3140032.0,2013640.0,2396217.0,1407812.0,1340882.0,1282129.0,2268481.0,2582686.0,1409760.0,2071903.0,2179213.0,4459428.0,7375179.0,7044701.0,1374059.0,1018661.0,366719.0,450264.0,686218.0,624832.0,379586.0,491359.0,323008.0,276489.0,493103.0,519698.0,1151576.0,891527.0,562552.0,806613.0,428032.0,493930.0,415778.0,893656.0,461179.0,322992.0,386771.0,254850.0,283522.0,263064.0,465410.0,130468.0,280514.0,79981379.0
주식의 신,유재무,포텐,2466120.0,2162060.0,2125161.0,1405344.0,1243501.0,2192111.0,1444522.0,830590.0,1699786.0,1491607.0,1497824.0,1641773.0,1169492.0,2364621.0,2739460.0,1774762.0,3820505.0,2737241.0,1975950.0,2100834.0,2201386.0,1390813.0,1304342.0,1288577.0,1632872.0,1463663.0,1665607.0,1299562.0,842043.0,856654.0,1223067.0,1232543.0,966351.0,577533.0,788375.0,1822911.0,898012.0,813105.0,761599.0,759824.0,913224.0,775640.0,705085.0,903714.0,1236815.0,940496.0,1029766.0,790633.0,1025446.0,663874.0,642831.0,431680.0,506087.0,328600.0,1888167.0,944275.0,1203402.0,940400.0,742904.0,531359.0,79816501.0
테니스 코트 위의 절대자,김군0619,포텐,0.0,0.0,0.0,0.0,0.0,0.0,0.0,0.0,0.0,0.0,0.0,0.0,0.0,0.0,0.0,0.0,0.0,0.0,0.0,0.0,0.0,0.0,0.0,0.0,0.0,0.0,0.0,0.0,0.0,0.0,0.0,0.0,2043035.0,6549886.0,5537048.0,6079791.0,6047768.0,5073509.0,4267509.0,4899146.0,3352695.0,4168476.0,3991735.0,4136059.0,3562151.0,4150381.0,2453867.0,2774735.0,1996214.0,1500429.0,1152651.0,927346.0,746836.0,736956.0,764611.0,575745.0,395878.0,572105.0,580687.0,468638.0,79505887.0
전장의 중기병으로 사는 법,글럼프,포텐,0.0,0.0,0.0,0.0,0.0,0.0,0.0,0.0,0.0,0.0,0.0,0.0,0.0,0.0,0.0,0.0,0.0,0.0,0.0,0.0,0.0,0.0,0.0,0.0,0.0,0.0,0.0,0.0,0.0,0.0,0.0,0.0,0.0,0.0,0.0,0.0,0.0,0.0,0.0,0.0,0.0,0.0,0.0,0.0,0.0,0.0,0.0,0.0,0.0,0.0,0.0,0.0,0.0,0.0,0.0,3087488.0,8747117.0,25721831.0,21870816.0,18887687.0,78314939.0
내 몬스터만 스탯,쩡킴,포텐,0.0,0.0,0.0,0.0,0.0,0.0,0.0,0.0,0.0,0.0,0.0,0.0,0.0,0.0,0.0,0.0,0.0,0.0,0.0,0.0,0.0,0.0,0.0,0.0,0.0,0.0,0.0,0.0,0.0,0.0,0.0,0.0,0.0,0.0,0.0,0.0,0.0,0.0,0.0,0.0,0.0,0.0,0.0,0.0,0.0,0.0,0.0,0.0,6845573.0,17710581.0,17741990.0,6538940.0,5726957.0,3471959.0,3183836.0,2527864.0,3609609.0,4292288.0,2733385.0,1447725.0,75830707.0
이혼 후 재벌 각성,백범,포텐,0.0,0.0,0.0,0.0,0.0,0.0,0.0,0.0,0.0,0.0,0.0,0.0,0.0,7494379.0,9375003.0,4402299.0,1782632.0,1197743.0,2490620.0,3393571.0,2118525.0,564487.0,4076480.0,3101023.0,1941904.0,1288626.0,1300060.0,1358592.0,756755.0,662609.0,837416.0,733472.0,512705.0,1025793.0,604869.0,786214.0,995361.0,1017654.0,745384.0,1084229.0,652516.0,1065214.0,607571.0,677393.0,1125129.0,3437711.0,1074302.0,904058.0,1311356.0,827138.0,973652.0,1057188.0,601252.0,821419.0,611634.0,574564.0,356252.0,336062.0,409855.0,313855.0,73386526.0
제이천마,와룡강,프로무림,0.0,0.0,0.0,0.0,0.0,0.0,0.0,0.0,0.0,0.0,0.0,0.0,0.0,617500.0,773800.0,291700.0,346400.0,362600.0,1780520.0,1414720.0,1368060.0,1331600.0,1474700.0,1080160.0,736280.0,11408420.0,9668420.0,4392300.0,1781820.0,1444800.0,1611900.0,1641120.0,1394780.0,1170400.0,2470060.0,1651400.0,1931240.0,1699792.0,1413300.0,764480.0,627807.0,491400.0,510200.0,563600.0,803000.0,442800.0,707700.0,530840.0,569211.0,437438.0,362210.0,355232.0,436440.0,180600.0,333511.0,532570.0,406320.0,949720.0,796486.0,1064273.0,67123630.0
재벌가 막둥이는 만능천재,백범,포텐,0.0,-8120.0,0.0,0.0,0.0,0.0,296822.0,768051.0,5367917.0,6191663.0,3223832.0,2762126.0,2536126.0,2268827.0,779855.0,607640.0,2260635.0,2113501.0,887257.0,922959.0,1369164.0,931232.0,1794214.0,2695917.0,1542037.0,1192135.0,2038220.0,483026.0,424219.0,495836.0,283918.0,493368.0,383577.0,543203.0,452734.0,379197.0,484875.0,409742.0,348722.0,304112.0,321012.0,310870.0,262553.0,322774.0,2836033.0,1373076.0,852056.0,846564.0,1044468.0,1935849.0,1305518.0,763906.0,601068.0,593338.0,320650.0,280261.0,356070.0,345856.0,730065.0,351816.0,63782342.0
졸부 집 망나니,백범(白凡),포텐,4958360.0,7891849.0,4639513.0,1600848.0,1239845.0,1759854.0,1529454.0,2063792.0,2377878.0,3021447.0,1668646.0,1471158.0,1128184.0,2623306.0,1779011.0,1831500.0,1576000.0,1055324.0,1869885.0,1039032.0,1186598.0,886195.0,939085.0,1390706.0,880589.0,756082.0,539205.0,838107.0,500082.0,1628685.0,747086.0,1038341.0,1050505.0,554099.0,818633.0,792466.0,315991.0,55200.0,22680.0,60480.0,18270.0,58030.0,24640.0,40600.0,13440.0,17920.0,11200.0,24640.0,0.0,0.0,0.0,0.0,0.0,0.0,0.0,0.0,0.0,0.0,0.0,0.0,62334441.0
검은 머리 미국 대재벌,흑곰작가,포텐,0.0,0.0,0.0,0.0,0.0,0.0,0.0,0.0,0.0,0.0,0.0,0.0,0.0,0.0,0.0,0.0,0.0,0.0,0.0,0.0,0.0,0.0,0.0,0.0,0.0,0.0,0.0,0.0,0.0,0.0,0.0,0.0,0.0,0.0,0.0,0.0,0.0,0.0,25109016.0,9662956.0,5520034.0,4030797.0,2515462.0,2900354.0,2277727.0,749507.0,686245.0,873568.0,1088215.0,835121.0,882083.0,465169.0,554607.0,403519.0,561762.0,450257.0,422050.0,456578.0,348433.0,366668.0,61160128.0
로그아웃이 너무 어렵다,이형석,포텐,0.0,0.0,0.0,0.0,0.0,0.0,0.0,0.0,0.0,0.0,0.0,0.0,0.0,0.0,0.0,0.0,0.0,0.0,0.0,0.0,0.0,0.0,0.0,0.0,0.0,0.0,0.0,0.0,0.0,0.0,0.0,0.0,0.0,0.0,0.0,0.0,0.0,614892.0,22493937.0,3581551.0,3402648.0,2948626.0,3002678.0,2860636.0,2736403.0,1937221.0,1527714.0,2154189.0,1966303.0,1461895.0,1725675.0,858227.0,1454346.0,910602.0,648504.0,803466.0,1009235.0,928110.0,757500.0,436694.0,60221052.0
코드네임 사신,준강,포텐,0.0,0.0,0.0,0.0,0.0,0.0,0.0,0.0,0.0,0.0,0.0,0.0,0.0,0.0,0.0,0.0,0.0,0.0,0.0,0.0,0.0,0.0,0.0,596863.0,589210.0,366007.0,1033336.0,5047409.0,1971508.0,1492305.0,1701465.0,1070192.0,950279.0,764295.0,837359.0,1333833.0,1197358.0,6630585.0,2807316.0,1163918.0,2405831.0,2684372.0,3780009.0,1748588.0,943714.0,1313363.0,1079287.0,1955745.0,1923429.0,1226117.0,1518826.0,1602956.0,849942.0,837975.0,486822.0,851310.0,1321510.0,890160.0,549795.0,748204.0,58271193.0
마교육제,송재일,포텐,0.0,0.0,0.0,0.0,0.0,0.0,0.0,0.0,0.0,0.0,0.0,0.0,0.0,0.0,61435.0,2016388.0,1053223.0,1981720.0,2059471.0,7967353.0,7507163.0,4876021.0,5972934.0,4580487.0,2679181.0,1236385.0,1792584.0,1097291.0,948922.0,647304.0,902962.0,247989.0,320339.0,597556.0,459763.0,562534.0,734843.0,409546.0,496772.0,255686.0,292511.0,437800.0,236487.0,301466.0,799203.0,341551.0,262357.0,257630.0,416137.0,755466.0,624726.0,179478.0,173029.0,190319.0,177318.0,223709.0,95718.0,320579.0,312060.0,67636.0,57931032.0
천년만에 귀환한 대마검사,자리,포텐,0.0,1048292.0,11890400.0,2577645.0,5118036.0,2253353.0,2460458.0,6012720.0,2006214.0,6482462.0,1715003.0,656285.0,644420.0,666323.0,559314.0,1900743.0,739256.0,509593.0,509669.0,954491.0,1236488.0,847271.0,502009.0,163637.0,86847.0,115904.0,105477.0,75026.0,179338.0,77412.0,94937.0,104877.0,77775.0,84826.0,651164.0,536569.0,143145.0,258143.0,163582.0,184247.0,130601.0,154599.0,189914.0,74934.0,155785.0,120370.0,4822.0,69321.0,149642.0,146927.0,161843.0,68532.0,120542.0,54464.0,70901.0,91463.0,60767.0,79628.0,40204.0,60974.0,56399584.0
전설신검,와룡강,프로무림,1779600.0,1416800.0,3427690.0,1743120.0,3069320.0,1796360.0,1327700.0,1762000.0,1731540.0,1070800.0,987100.0,1395360.0,1745620.0,1131200.0,1161400.0,909300.0,1157940.0,1011300.0,1202200.0,1151671.0,1087237.0,680430.0,1092520.0,914200.0,1026200.0,794964.0,747628.0,682380.0,795556.0,457156.0,454400.0,756050.0,450260.0,632320.0,623112.0,689480.0,588480.0,810217.0,735037.0,659044.0,693903.0,787782.0,624688.0,628176.0,708580.0,343188.0,543726.0,459324.0,490648.0,545167.0,632753.0,460760.0,602928.0,497348.0,541956.0,583188.0,284302.0,381700.0,294020.0,511062.0,56269891.0
재벌가 막둥이는 만능천재,백범(白帆),포텐,0.0,0.0,0.0,0.0,0.0,0.0,0.0,0.0,2141711.0,2413224.0,12834720.0,3045594.0,5862351.0,2023857.0,972207.0,3241713.0,1498554.0,806693.0,713023.0,600757.0,572730.0,693583.0,914739.0,589750.0,506131.0,398345.0,375469.0,329356.0,404499.0,335799.0,377761.0,264484.0,366418.0,514423.0,412432.0,777391.0,767259.0,863409.0,856767.0,686460.0,603789.0,514732.0,310100.0,341553.0,375118.0,429266.0,329303.0,313314.0,438834.0,224809.0,316093.0,232912.0,167110.0,113894.0,136427.0,160900.0,159049.0,131936.0,163809.0,131471.0,52756028.0
곤륜신기,송재일,포텐,0.0,0.0,0.0,0.0,0.0,0.0,0.0,0.0,0.0,0.0,0.0,0.0,0.0,0.0,0.0,0.0,0.0,0.0,0.0,0.0,0.0,0.0,0.0,0.0,0.0,0.0,0.0,0.0,0.0,0.0,0.0,0.0,86048.0,7326282.0,4056283.0,2505162.0,2633412.0,2593840.0,2337696.0,1938354.0,3265579.0,1924514.0,2235182.0,2033978.0,2398556.0,1646210.0,1622520.0,1448144.0,2041327.0,1303781.0,1714789.0,1556884.0,899299.0,885262.0,589423.0,873316.0,877350.0,549258.0,724598.0,585728.0,52652775.0
효종,강동호,포텐,756778.0,864296.0,1733958.0,1489516.0,2459160.0,1584930.0,1236388.0,4300188.0,1684046.0,959662.0,616621.0,924122.0,695837.0,394272.0,492716.0,1364679.0,679728.0,631805.0,523125.0,509406.0,494858.0,266218.0,428421.0,356051.0,794518.0,1206948.0,738363.0,411953.0,506340.0,701313.0,513924.0,845878.0,703768.0,586154.0,705488.0,460812.0,332583.0,413051.0,481019.0,399441.0,286906.0,513062.0,311185.0,347562.0,382325.0,2497919.0,3961709.0,1294883.0,996947.0,440019.0,620692.0,706885.0,593716.0,611154.0,708809.0,708066.0,754443.0,709055.0,420775.0,458380.0,52572826.0
김 대리는 벼락부자,글고래,포텐,0.0,0.0,0.0,0.0,0.0,0.0,0.0,0.0,0.0,0.0,0.0,0.0,0.0,0.0,0.0,0.0,0.0,0.0,0.0,0.0,0.0,0.0,0.0,0.0,0.0,0.0,0.0,0.0,0.0,0.0,0.0,0.0,0.0,0.0,0.0,0.0,0.0,0.0,0.0,0.0,0.0,0.0,813615.0,37022758.0,3755325.0,805195.0,483621.0,359245.0,1663466.0,869901.0,609474.0,684378.0,749178.0,542412.0,490705.0,537750.0,489392.0,488369.0,425055.0,352381.0,51142220.0
ONE GAME,김군0619,포텐,0.0,0.0,0.0,0.0,0.0,0.0,0.0,0.0,0.0,0.0,0.0,0.0,0.0,0.0,0.0,0.0,0.0,0.0,0.0,0.0,0.0,237825.0,390148.0,1290194.0,1398470.0,2798245.0,1178298.0,846782.0,2202962.0,1107718.0,1850796.0,1540865.0,1266069.0,1498347.0,1186152.0,2568030.0,1763344.0,1303026.0,1511059.0,1412641.0,1508832.0,1731311.0,776857.0,1624113.0,1711039.0,1519167.0,1259107.0,1815513.0,1902273.0,1171838.0,1167315.0,682314.0,932736.0,715388.0,554645.0,313733.0,1326179.0,749401.0,792893.0,505788.0,50111413.0
블랙 라벨,전남규,포텐,0.0,0.0,0.0,0.0,38220.0,11939923.0,1954529.0,2813632.0,1032212.0,3341138.0,967303.0,652594.0,586141.0,2297702.0,2900039.0,1677046.0,2706511.0,392647.0,1373420.0,1129999.0,3550894.0,660061.0,1276471.0,419018.0,622387.0,243324.0,333676.0,123639.0,125576.0,172557.0,117366.0,72765.0,80506.0,62214.0,103032.0,141392.0,339624.0,626950.0,479612.0,279475.0,624290.0,321468.0,188597.0,254971.0,254128.0,217117.0,317669.0,147101.0,240524.0,106880.0,123564.0,99709.0,156756.0,162922.0,112604.0,129087.0,113954.0,140093.0,152766.0,108872.0,49606667.0
재벌이 회귀했는데 뭔들 못하겠어,흑곰작가,포텐,0.0,0.0,0.0,0.0,0.0,0.0,0.0,0.0,0.0,0.0,0.0,0.0,0.0,0.0,0.0,0.0,0.0,0.0,0.0,0.0,0.0,0.0,0.0,0.0,0.0,0.0,0.0,0.0,0.0,3555866.0,4860029.0,4721329.0,4722627.0,3711622.0,4791001.0,5267355.0,2020332.0,1183770.0,1449767.0,1244934.0,845707.0,874777.0,543641.0,640303.0,876979.0,743683.0,611077.0,626831.0,761329.0,650285.0,823497.0,719725.0,430110.0,382715.0,309658.0,268130.0,270201.0,352847.0,289926.0,318279.0,48868332.0
야성의 전설,원하,올나이트노벨,0.0,0.0,0.0,0.0,0.0,0.0,0.0,0.0,0.0,0.0,0.0,0.0,0.0,0.0,0.0,0.0,0.0,0.0,0.0,0.0,0.0,0.0,0.0,0.0,0.0,0.0,0.0,0.0,0.0,0.0,0.0,0.0,0.0,0.0,0.0,0.0,0.0,0.0,0.0,0.0,0.0,0.0,0.0,0.0,0.0,0.0,2709134.0,2700180.0,8209369.0,7216049.0,5997630.0,6578440.0,3513367.0,2763362.0,1869884.0,1931942.0,1070303.0,1507596.0,1303979.0,1468094.0,48839329.0
권왕무적,초우,프로무림,1296654.0,1233117.0,891379.0,925215.0,1273659.0,1344156.0,6084549.0,2209371.0,1488058.0,1358018.0,800760.0,1089147.0,1185828.0,1293266.0,878197.0,452770.0,794738.0,703457.0,1297942.0,959835.0,836024.0,598412.0,738531.0,690986.0,1004170.0,955419.0,860238.0,1095509.0,784023.0,748980.0,911462.0,730841.0,980577.0,468831.0,607230.0,643534.0,699963.0,634182.0,785247.0,519552.0,456320.0,344990.0,445547.0,350705.0,551237.0,575930.0,912298.0,752796.0,725288.0,614278.0,20565.0,0.0,2835.0,24381.0,567.0,0.0,0.0,0.0,0.0,0.0,48631564.0
대한민국 절대 재벌,백범(白帆),포텐,961800.0,1296330.0,1293740.0,2222576.0,3678129.0,5862205.0,2091984.0,1854396.0,1477941.0,3474487.0,4727888.0,943476.0,590746.0,458411.0,557550.0,538115.0,542272.0,522851.0,223039.0,590833.0,246925.0,611929.0,252602.0,233493.0,233062.0,254193.0,325090.0,158563.0,214309.0,381545.0,80899.0,261650.0,182059.0,295861.0,260253.0,615409.0,683689.0,529459.0,372492.0,280174.0,462442.0,664893.0,385844.0,389717.0,204200.0,271096.0,148403.0,429307.0,313312.0,476437.0,595146.0,324930.0,338872.0,180389.0,115050.0,220868.0,117001.0,344384.0,262246.0,259872.0,46886834.0
귀환한 절대자는 역대급 헌터,김현각,포텐,507290.0,1155891.0,3801226.0,2335721.0,1232444.0,1515815.0,1348039.0,716136.0,1016089.0,727213.0,507702.0,641993.0,504185.0,700866.0,591511.0,408242.0,302504.0,453314.0,337700.0,3312741.0,2871755.0,1259531.0,1071409.0,802328.0,938200.0,924086.0,329017.0,265532.0,311394.0,492168.0,444417.0,670888.0,492078.0,307129.0,402011.0,362132.0,387950.0,401774.0,355317.0,519097.0,361684.0,248879.0,253682.0,204440.0,221342.0,230268.0,259518.0,3554633.0,1241747.0,431812.0,410787.0,315480.0,318731.0,546086.0,227260.0,138065.0,166202.0,201843.0,158763.0,149136.0,45365193.0
멸망한 세계의 유적 사냥꾼,킹메이커,포텐,0.0,0.0,0.0,0.0,0.0,0.0,0.0,0.0,0.0,0.0,0.0,0.0,0.0,0.0,0.0,0.0,0.0,0.0,0.0,0.0,0.0,0.0,0.0,0.0,0.0,0.0,0.0,0.0,0.0,0.0,0.0,0.0,0.0,0.0,0.0,0.0,0.0,0.0,0.0,0.0,0.0,0.0,0.0,0.0,0.0,0.0,0.0,0.0,0.0,3747883.0,5706715.0,6752249.0,5287535.0,5352399.0,3226297.0,3181107.0,4485218.0,2415063.0,1782734.0,2465032.0,44402232.0
흙수저 회귀로 재벌되다,커피와함께,포텐,1668613.0,1333312.0,1501623.0,3327281.0,1184470.0,947411.0,595794.0,695984.0,436956.0,921864.0,701537.0,809505.0,977287.0,367946.0,408561.0,577516.0,431389.0,266826.0,354878.0,606436.0,1597712.0,607068.0,334341.0,761799.0,1217710.0,613022.0,453242.0,314157.0,1122082.0,1586646.0,1205777.0,504877.0,625366.0,444971.0,369459.0,419469.0,458070.0,378137.0,378366.0,307679.0,432118.0,788162.0,363622.0,594778.0,442117.0,1865602.0,2176151.0,814909.0,434328.0,320351.0,543751.0,463511.0,492638.0,283570.0,253200.0,593392.0,484079.0,286755.0,235908.0,270782.0,43954863.0
경찰청 그 꼴통,백범(白帆),포텐,0.0,0.0,0.0,0.0,441098.0,12053495.0,6713829.0,3725713.0,1983021.0,3495096.0,1681520.0,2090770.0,1036937.0,555610.0,956274.0,615950.0,552783.0,206039.0,283968.0,136063.0,168685.0,170469.0,206553.0,107523.0,97563.0,76705.0,99581.0,185549.0,96388.0,89450.0,63871.0,127760.0,124690.0,146269.0,96581.0,195253.0,314109.0,213594.0,347617.0,217698.0,157098.0,112466.0,103254.0,165741.0,286902.0,167138.0,186127.0,149632.0,229023.0,205613.0,190802.0,121435.0,130036.0,130141.0,134024.0,166831.0,95222.0,118990.0,91046.0,117075.0,42732670.0
둔재무적,송재일,포텐,1124488.0,436714.0,281542.0,871395.0,1002276.0,1100610.0,1146238.0,1063668.0,930780.0,767127.0,841979.0,1098640.0,2043337.0,1208090.0,1204173.0,1232458.0,764969.0,1119521.0,1144324.0,1300136.0,1176779.0,632873.0,838196.0,1481794.0,900445.0,1120421.0,1035725.0,487287.0,221691.0,411749.0,436110.0,707732.0,512027.0,385226.0,539647.0,960075.0,591849.0,528376.0,317854.0,211416.0,553880.0,491552.0,2618699.0,471108.0,406788.0,372907.0,259710.0,309593.0,268579.0,308460.0,463391.0,256844.0,144755.0,149493.0,328218.0,193732.0,196630.0,146371.0,178193.0,140657.0,42439297.0
매지컬 써전,강산(江山),포텐,897617.0,2819420.0,1115275.0,5867402.0,1489707.0,3849414.0,915769.0,1004239.0,954632.0,1727459.0,921515.0,364487.0,420133.0,348632.0,442636.0,1238692.0,321986.0,218108.0,391560.0,516957.0,257613.0,211061.0,306177.0,184887.0,368852.0,429979.0,189193.0,217889.0,602886.0,225844.0,217298.0,156606.0,91509.0,116241.0,149395.0,158272.0,58021.0,83816.0,66054.0,90692.0,29343.0,111109.0,44618.0,67651.0,3056551.0,3315479.0,910630.0,399856.0,406871.0,299693.0,658567.0,358513.0,249060.0,440051.0,457480.0,663344.0,302788.0,253334.0,130607.0,266463.0,42429933.0
무림일기,와룡강,프로무림,707560.0,582960.0,578620.0,542115.0,920942.0,2003100.0,2572480.0,1948460.0,841340.0,791340.0,621800.0,553060.0,370800.0,430300.0,568100.0,496300.0,368700.0,434600.0,405500.0,479668.0,290884.0,386300.0,284184.0,211320.0,249284.0,3641696.0,2991780.0,1164300.0,1239626.0,881300.0,616300.0,971300.0,382090.0,579521.0,685002.0,566320.0,1320560.0,627265.0,560357.0,273027.0,402451.0,440364.0,307300.0,325600.0,399584.0,272932.0,365061.0,513188.0,727520.0,339381.0,405702.0,205376.0,349120.0,380028.0,279020.0,380440.0,268800.0,299320.0,463600.0,784020.0,42048968.0
회귀해서 천재 PD,조도모,포텐,0.0,0.0,0.0,0.0,0.0,0.0,0.0,0.0,0.0,0.0,0.0,0.0,0.0,0.0,0.0,0.0,0.0,0.0,0.0,0.0,0.0,0.0,0.0,0.0,0.0,0.0,0.0,0.0,0.0,0.0,0.0,0.0,0.0,0.0,0.0,0.0,0.0,0.0,0.0,0.0,0.0,466413.0,10786221.0,2460196.0,2582043.0,2010383.0,1459864.0,2904766.0,2143370.0,2028899.0,1252507.0,1347707.0,1012187.0,806907.0,1336396.0,1717086.0,1489172.0,4106692.0,937832.0,654137.0,41502778.0
금수저 생활백서,관측불가,포텐,0.0,0.0,0.0,0.0,0.0,0.0,0.0,0.0,0.0,0.0,0.0,0.0,0.0,0.0,0.0,0.0,0.0,0.0,0.0,987392.0,2417408.0,461440.0,210560.0,2609572.0,16933403.0,4314497.0,3359664.0,4892485.0,2152365.0,12096.0,0.0,0.0,0.0,0.0,0.0,0.0,0.0,0.0,0.0,0.0,0.0,0.0,0.0,0.0,397974.0,331906.0,93822.0,279684.0,477460.0,66009.0,144263.0,195782.0,155035.0,101596.0,102155.0,154597.0,252319.0,141114.0,84406.0,71871.0,41400875.0
죽음으로부터 돌아온 자 카운트리더,지성문,포텐,1753890.0,1363790.0,1043900.0,958300.0,7625599.0,996740.0,1599300.0,619960.0,5221000.0,1060880.0,527900.0,2069752.0,307000.0,2902397.0,2566960.0,1665210.0,1087720.0,154716.0,345019.0,155259.0,367777.0,78814.0,182157.0,152781.0,764493.0,898492.0,246456.0,311970.0,63759.0,47802.0,79498.0,101976.0,58951.0,45035.0,54367.0,211714.0,97509.0,74948.0,27491.0,31409.0,90032.0,189932.0,144722.0,164513.0,173139.0,135276.0,67198.0,225871.0,43185.0,99463.0,194158.0,318646.0,215646.0,339392.0,248924.0,345828.0,176678.0,72232.0,54020.0,38865.0,41260411.0
기사학교의 검술천재,비비다,포텐,0.0,168266.0,10783425.0,2065347.0,3763270.0,2740060.0,2336908.0,4568854.0,2361278.0,2620058.0,499562.0,308609.0,1030918.0,336014.0,593390.0,1053609.0,404117.0,207330.0,296927.0,199010.0,865945.0,393133.0,93755.0,195578.0,587689.0,385935.0,224078.0,63632.0,115499.0,78437.0,104860.0,87096.0,12299.0,102354.0,183231.0,86699.0,123917.0,55557.0,105992.0,76956.0,69722.0,52165.0,27632.0,32531.0,38973.0,1001.0,5667.0,13981.0,7910.0,49205.0,37526.0,13598.0,26106.0,3165.0,33833.0,74489.0,37739.0,38503.0,21273.0,31892.0,40896505.0
타플독식하는 재벌,서오,포텐,0.0,0.0,0.0,0.0,0.0,0.0,0.0,0.0,0.0,0.0,0.0,0.0,0.0,0.0,0.0,0.0,0.0,0.0,0.0,0.0,0.0,0.0,0.0,0.0,0.0,0.0,0.0,0.0,0.0,0.0,0.0,0.0,0.0,0.0,0.0,0.0,0.0,0.0,0.0,0.0,0.0,0.0,0.0,0.0,0.0,0.0,0.0,0.0,0.0,0.0,0.0,7182768.0,10352508.0,10877608.0,2784949.0,2468531.0,1395172.0,3931994.0,861285.0,633832.0,40488647.0
이혼 후 재벌 각성,강산(江山),포텐,127120.0,1368500.0,267330.0,870850.0,398580.0,186480.0,109780.0,147540.0,108900.0,109980.0,51630.0,94820.0,121610.0,1130777.0,11974519.0,2642455.0,1028466.0,1726318.0,1579547.0,1464513.0,667352.0,979964.0,628508.0,880460.0,386558.0,314077.0,208772.0,415223.0,636247.0,366604.0,206638.0,586756.0,516866.0,169376.0,162372.0,199045.0,216490.0,128410.0,157764.0,167541.0,154354.0,582236.0,189436.0,311793.0,193174.0,183713.0,82804.0,181113.0,102356.0,209037.0,865803.0,321009.0,206734.0,274367.0,272794.0,245671.0,229112.0,458609.0,492960.0,334844.0,39396657.0
대무사,철백,포텐,1190006.0,413618.0,386099.0,323572.0,1038251.0,992111.0,1104151.0,1115827.0,524443.0,634648.0,254056.0,240736.0,660931.0,708533.0,276395.0,208022.0,153776.0,1152077.0,448215.0,180216.0,110894.0,235969.0,1152580.0,5241703.0,1957032.0,1347973.0,1237524.0,1862080.0,686673.0,464261.0,615935.0,243957.0,228153.0,216399.0,547434.0,386818.0,124225.0,103389.0,127029.0,277807.0,667155.0,871565.0,372742.0,107084.0,140270.0,183529.0,88438.0,120327.0,326816.0,1061821.0,2495767.0,614377.0,266196.0,200182.0,733426.0,916897.0,174086.0,181801.0,86895.0,247846.0,39030738.0
천하무적대총관 천신우,대나무꽃,포텐,0.0,0.0,0.0,0.0,0.0,0.0,0.0,0.0,0.0,0.0,0.0,0.0,0.0,0.0,0.0,0.0,0.0,0.0,0.0,0.0,0.0,0.0,0.0,0.0,0.0,0.0,0.0,0.0,0.0,0.0,0.0,0.0,0.0,0.0,0.0,0.0,0.0,0.0,0.0,0.0,0.0,0.0,0.0,0.0,231912.0,7611414.0,1581019.0,3999867.0,2183102.0,1037402.0,1143664.0,1056436.0,1023240.0,923006.0,959624.0,2159505.0,1290222.0,5797205.0,4448224.0,3531132.0,38976974.0
졸부 집 망나니,백범(白帆),포텐,0.0,0.0,679218.0,453264.0,157304.0,869070.0,659306.0,1545332.0,1020414.0,841415.0,719739.0,202555.0,275991.0,265582.0,571796.0,264808.0,125852.0,343351.0,282441.0,564849.0,408903.0,276954.0,3189124.0,381832.0,1114301.0,531497.0,554341.0,963025.0,715148.0,542110.0,439350.0,758226.0,807539.0,816369.0,393690.0,381145.0,283115.0,254732.0,840361.0,644817.0,789575.0,692914.0,889320.0,1221523.0,1255712.0,991045.0,691957.0,780394.0,718800.0,557807.0,703277.0,847302.0,638281.0,652101.0,505202.0,414638.0,489218.0,619550.0,541063.0,323301.0,38461846.0
천재 배우 이름을 얻다,킹묵,포텐,0.0,0.0,0.0,0.0,0.0,0.0,0.0,0.0,0.0,0.0,0.0,0.0,0.0,0.0,0.0,0.0,0.0,0.0,0.0,0.0,0.0,0.0,0.0,0.0,0.0,0.0,0.0,0.0,0.0,0.0,0.0,0.0,0.0,0.0,0.0,0.0,0.0,0.0,0.0,0.0,0.0,0.0,0.0,0.0,0.0,0.0,4436.0,15541.0,19567744.0,2076466.0,1976282.0,2032118.0,1672556.0,1551159.0,999076.0,2090355.0,926639.0,2809569.0,659956.0,1647958.0,38029855.0
구천마신,윤신현,포텐,1826154.0,1620133.0,891723.0,845569.0,674508.0,744232.0,1020358.0,898639.0,896555.0,773988.0,1629854.0,1033138.0,1178850.0,999237.0,555593.0,422806.0,568106.0,313131.0,295561.0,518653.0,656801.0,282552.0,473194.0,2614745.0,1794886.0,454225.0,987638.0,528500.0,478952.0,562281.0,436177.0,288093.0,268080.0,120030.0,306453.0,503261.0,149606.0,254620.0,511023.0,530292.0,572537.0,597080.0,373359.0,328337.0,155801.0,124569.0,86277.0,143616.0,172694.0,510222.0,419557.0,637322.0,528811.0,649799.0,283591.0,604739.0,498422.0,283019.0,311309.0,374728.0,37563986.0
회귀한 아포칼립스의 폭군,이형석,포텐,0.0,0.0,0.0,0.0,0.0,0.0,0.0,0.0,0.0,0.0,0.0,0.0,0.0,315140.0,11325039.0,1179902.0,632758.0,1560040.0,1009363.0,823773.0,430398.0,1208042.0,588574.0,998292.0,427780.0,184718.0,157057.0,76398.0,134539.0,399252.0,228372.0,510064.0,347528.0,3635078.0,1905244.0,832039.0,805980.0,592919.0,855374.0,524947.0,419156.0,332117.0,216977.0,179515.0,114392.0,225512.0,113537.0,138864.0,942885.0,265753.0,152312.0,335682.0,184463.0,61075.0,1195368.0,255319.0,131521.0,147955.0,160895.0,111733.0,37373641.0
고독천년,와룡강,프로무림,680032.0,589143.0,564073.0,469658.0,571123.0,797582.0,701270.0,742146.0,680697.0,708388.0,661767.0,677775.0,594960.0,869083.0,564407.0,863396.0,500319.0,498776.0,828503.0,754190.0,665855.0,840751.0,632951.0,733233.0,702211.0,804846.0,814539.0,642278.0,565472.0,586036.0,603382.0,648723.0,644559.0,535584.0,429601.0,482707.0,460454.0,439840.0,678234.0,705777.0,805956.0,663487.0,627460.0,720966.0,691254.0,577216.0,624423.0,491791.0,632922.0,624129.0,662936.0,457910.0,466391.0,503074.0,445703.0,480052.0,436156.0,395784.0,488203.0,494939.0,37225073.0
망한 양식장을 물려받았다,하늘곰,포텐,0.0,0.0,0.0,0.0,0.0,0.0,0.0,0.0,0.0,0.0,0.0,0.0,0.0,0.0,0.0,0.0,0.0,0.0,0.0,0.0,0.0,0.0,0.0,0.0,0.0,0.0,0.0,0.0,0.0,0.0,0.0,0.0,0.0,0.0,0.0,0.0,0.0,0.0,0.0,0.0,0.0,0.0,0.0,0.0,0.0,0.0,0.0,0.0,0.0,0.0,0.0,5363152.0,4778135.0,7272435.0,5046411.0,5218977.0,2490266.0,2703475.0,2984090.0,1292222.0,37149163.0
회귀 후 몰빵투자로 재벌 되기,와이번스,포텐,0.0,0.0,0.0,0.0,0.0,0.0,0.0,0.0,0.0,0.0,0.0,0.0,0.0,0.0,0.0,0.0,0.0,0.0,0.0,0.0,0.0,0.0,0.0,0.0,0.0,0.0,0.0,0.0,0.0,0.0,0.0,0.0,0.0,0.0,0.0,0.0,0.0,0.0,0.0,0.0,0.0,0.0,0.0,0.0,0.0,0.0,0.0,2291677.0,5131951.0,4642243.0,4114500.0,4068819.0,3428038.0,3095255.0,2469732.0,1519907.0,2037810.0,603015.0,462301.0,2527854.0,36393102.0
인간 자체가 강함,박신우,포텐,1532464.0,3775825.0,9606765.0,3678754.0,2124866.0,2905051.0,2533635.0,1094165.0,691192.0,715900.0,94173.0,180709.0,206191.0,139489.0,229543.0,198172.0,553566.0,457055.0,378998.0,135728.0,184380.0,255131.0,497826.0,525801.0,193025.0,114767.0,107178.0,60282.0,41483.0,104568.0,241166.0,246930.0,143627.0,110647.0,81804.0,67807.0,90834.0,38761.0,19511.0,61230.0,28401.0,14212.0,26937.0,112161.0,12556.0,9675.0,39183.0,13242.0,47456.0,77104.0,102078.0,63290.0,145451.0,86197.0,49796.0,12139.0,1387.0,-7422.0,5331.0,2679.0,35260852.0
다시 태어난 야구 천재,소구장,포텐,0.0,0.0,0.0,0.0,0.0,0.0,0.0,0.0,0.0,0.0,0.0,0.0,0.0,0.0,0.0,0.0,0.0,0.0,0.0,0.0,0.0,0.0,0.0,0.0,0.0,0.0,0.0,0.0,0.0,0.0,0.0,0.0,0.0,0.0,0.0,0.0,0.0,0.0,0.0,1345.0,1551739.0,3284746.0,4580186.0,2445766.0,2663214.0,2591211.0,1373131.0,1173785.0,3011869.0,1590954.0,1575873.0,1162558.0,1222679.0,1310774.0,682933.0,898969.0,1316771.0,1131296.0,833509.0,586982.0,34990290.0
깜빵에서 재벌까지,관측불가,포텐,0.0,0.0,0.0,0.0,0.0,0.0,0.0,0.0,0.0,0.0,0.0,0.0,0.0,0.0,0.0,0.0,0.0,0.0,0.0,0.0,0.0,0.0,0.0,3423623.0,6155360.0,2974496.0,3331628.0,446067.0,953525.0,142973.0,2313957.0,741293.0,750984.0,679610.0,49235.0,43232.0,71590.0,111703.0,128292.0,150867.0,605528.0,40320.0,2016.0,2016.0,33600.0,216490.0,1879037.0,849453.0,2211472.0,1729713.0,1309897.0,577301.0,490780.0,300287.0,497354.0,502915.0,277047.0,206362.0,140759.0,373204.0,34713986.0
돌아온 요리고 고인물,빨간코트,포텐,2902167.0,3723387.0,2212573.0,2196479.0,2001242.0,1824190.0,1471289.0,1462603.0,1221297.0,1051811.0,731940.0,2200383.0,1140807.0,1041331.0,315395.0,596180.0,113260.0,100888.0,93531.0,352683.0,923653.0,347203.0,193795.0,473797.0,197124.0,197902.0,447200.0,953740.0,91836.0,58168.0,841618.0,51941.0,71557.0,79716.0,14590.0,152398.0,163984.0,5631.0,5988.0,2584.0,121477.0,17989.0,34077.0,29433.0,42059.0,52819.0,63870.0,48600.0,63653.0,98360.0,36719.0,190033.0,592364.0,472760.0,154775.0,131449.0,45641.0,73396.0,96144.0,16881.0,34410360.0
서클 소드마스터,강철민,포텐,0.0,0.0,0.0,0.0,0.0,0.0,0.0,0.0,0.0,0.0,0.0,0.0,0.0,0.0,0.0,0.0,0.0,0.0,0.0,0.0,0.0,0.0,0.0,0.0,0.0,0.0,0.0,0.0,0.0,0.0,0.0,0.0,0.0,0.0,0.0,0.0,0.0,0.0,0.0,0.0,0.0,0.0,0.0,0.0,0.0,0.0,0.0,0.0,1841578.0,1879964.0,5832745.0,3472358.0,4394214.0,3955118.0,6556476.0,2641310.0,1135598.0,1014072.0,540974.0,797381.0,34061788.0
현대 귀환 마법사,인기영,포텐,0.0,0.0,0.0,0.0,0.0,0.0,0.0,0.0,0.0,0.0,0.0,0.0,0.0,0.0,0.0,0.0,0.0,0.0,0.0,0.0,0.0,0.0,0.0,0.0,0.0,178280.0,1278356.0,3507841.0,2041296.0,1599011.0,1403982.0,2768183.0,827457.0,389973.0,1986357.0,2212540.0,1607699.0,952023.0,792551.0,382809.0,422124.0,358990.0,1258043.0,497111.0,365012.0,2734917.0,845802.0,520408.0,597480.0,462429.0,440180.0,391294.0,430334.0,458368.0,409853.0,380287.0,296976.0,337237.0,391069.0,219095.0,33745367.0
깡촌 마을 키워서 힐링한다,인기영,포텐,0.0,0.0,0.0,0.0,0.0,0.0,0.0,0.0,0.0,0.0,0.0,0.0,0.0,0.0,0.0,0.0,0.0,0.0,0.0,0.0,0.0,0.0,0.0,0.0,0.0,0.0,0.0,0.0,0.0,0.0,0.0,0.0,0.0,0.0,0.0,0.0,0.0,0.0,0.0,0.0,0.0,0.0,614997.0,988997.0,11392901.0,4946064.0,2289908.0,1322302.0,847150.0,603560.0,1739260.0,706337.0,458145.0,967245.0,1250631.0,1990224.0,944753.0,511964.0,538522.0,346380.0,32459340.0
연봉조 신입사원,서오,포텐,0.0,0.0,0.0,0.0,0.0,0.0,0.0,0.0,0.0,0.0,0.0,0.0,0.0,0.0,0.0,0.0,0.0,0.0,0.0,0.0,0.0,0.0,0.0,0.0,0.0,0.0,0.0,0.0,0.0,0.0,0.0,0.0,0.0,0.0,0.0,0.0,0.0,0.0,0.0,0.0,0.0,0.0,0.0,0.0,0.0,0.0,0.0,0.0,0.0,0.0,0.0,0.0,0.0,0.0,0.0,0.0,0.0,0.0,11436210.0,20703002.0,32139212.0
어쩌다 근친,미도파,프로무림,0.0,0.0,0.0,0.0,0.0,0.0,0.0,0.0,0.0,0.0,0.0,0.0,0.0,0.0,0.0,0.0,0.0,0.0,0.0,0.0,0.0,0.0,0.0,753550.0,2020060.0,4465541.0,2810279.0,2042773.0,1579984.0,1569194.0,1619872.0,1249170.0,763670.0,774460.0,890779.0,942621.0,980143.0,833003.0,577915.0,456284.0,402624.0,412625.0,343302.0,403549.0,316533.0,736194.0,627198.0,456483.0,386919.0,293987.0,402647.0,350339.0,411444.0,241916.0,241792.0,290502.0,156765.0,426777.0,328059.0,342897.0,31901850.0
던전에서 성자가 하는 일,CurtainCall,프로무림,2234599.0,2269664.0,1917998.0,1578292.0,1283472.0,1022562.0,828982.0,1024739.0,814566.0,718297.0,438917.0,506395.0,816098.0,432112.0,809505.0,614521.0,659267.0,552778.0,489136.0,511379.0,301271.0,306170.0,517725.0,208700.0,269656.0,356431.0,237699.0,451983.0,178061.0,161448.0,184648.0,204755.0,201147.0,309056.0,158720.0,249082.0,218357.0,472351.0,254442.0,114760.0,154508.0,231970.0,144140.0,251800.0,335570.0,1341324.0,325188.0,385876.0,705619.0,224732.0,405706.0,214385.0,417990.0,128998.0,345200.0,138390.0,248815.0,317315.0,226757.0,168916.0,31592940.0
검신재림,윤신현,포텐,0.0,0.0,0.0,0.0,0.0,0.0,0.0,0.0,0.0,0.0,0.0,0.0,0.0,0.0,0.0,0.0,0.0,0.0,0.0,0.0,0.0,0.0,0.0,0.0,0.0,0.0,0.0,0.0,0.0,0.0,0.0,0.0,0.0,0.0,0.0,0.0,0.0,0.0,0.0,0.0,0.0,0.0,0.0,0.0,0.0,0.0,0.0,0.0,0.0,236196.0,723726.0,7988589.0,5501678.0,5274928.0,2344812.0,3321628.0,1727625.0,2121652.0,1183294.0,986871.0,31410999.0
청성지검,송재일,포텐,1622622.0,659191.0,481429.0,712365.0,684018.0,742256.0,700923.0,545502.0,493700.0,803882.0,690726.0,435650.0,965690.0,860717.0,483747.0,527637.0,664082.0,400789.0,534050.0,724051.0,606325.0,217571.0,380631.0,505919.0,804511.0,1456171.0,1755939.0,469531.0,662846.0,279044.0,303422.0,172012.0,322233.0,339022.0,314043.0,689206.0,393743.0,560968.0,305071.0,249985.0,298029.0,252229.0,439223.0,277220.0,213165.0,373882.0,264749.0,243998.0,180535.0,256505.0,589703.0,335484.0,194590.0,298785.0,589352.0,198238.0,365435.0,116360.0,118672.0,146740.0,30274114.0
주식의 신 완,유재무,포텐,583420.0,447706.0,211274.0,347963.0,284417.0,649621.0,713888.0,327460.0,422212.0,149730.0,1222214.0,641004.0,127337.0,281180.0,229552.0,168728.0,484876.0,136277.0,568562.0,474100.0,89381.0,36650.0,108291.0,198604.0,333445.0,988803.0,1680753.0,304848.0,197962.0,285188.0,535391.0,397824.0,526497.0,366253.0,452204.0,276231.0,359819.0,88572.0,146917.0,266637.0,66647.0,774698.0,361550.0,114886.0,358365.0,304957.0,228597.0,171025.0,4916119.0,2575392.0,678978.0,391450.0,274839.0,644847.0,190221.0,116103.0,266740.0,276279.0,237892.0,165563.0,29226939.0
제국의 꿈,강동호,포텐,706516.0,980621.0,1537316.0,1421467.0,1490055.0,874297.0,736104.0,1585848.0,737916.0,892536.0,434944.0,313842.0,477406.0,330188.0,347506.0,326412.0,235704.0,304369.0,303600.0,533627.0,466052.0,156277.0,260673.0,306656.0,231952.0,310463.0,348192.0,314950.0,588289.0,354791.0,636083.0,445014.0,472013.0,475597.0,411505.0,490526.0,408746.0,318529.0,439960.0,388498.0,374418.0,250533.0,283279.0,243492.0,252847.0,1042907.0,432964.0,350850.0,344148.0,282320.0,345243.0,320462.0,225485.0,217284.0,219628.0,238726.0,228196.0,246805.0,184869.0,197901.0,28677397.0
재벌세는 행복하고 싶다,신랑,포텐,0.0,0.0,0.0,0.0,0.0,0.0,0.0,0.0,0.0,0.0,0.0,0.0,0.0,0.0,0.0,0.0,0.0,0.0,0.0,0.0,0.0,0.0,0.0,0.0,0.0,0.0,0.0,0.0,0.0,0.0,0.0,0.0,0.0,0.0,0.0,0.0,0.0,0.0,0.0,0.0,0.0,0.0,0.0,0.0,0.0,0.0,1225300.0,14383128.0,2410797.0,1994504.0,1433438.0,1016305.0,1077416.0,1433595.0,803550.0,848370.0,457855.0,557331.0,536190.0,425097.0,28602876.0
마법 배운 재벌집 늦둥이 외,서오,포텐,0.0,0.0,0.0,0.0,0.0,0.0,0.0,0.0,0.0,0.0,0.0,0.0,0.0,0.0,0.0,0.0,0.0,0.0,0.0,0.0,0.0,0.0,1721602.0,3313720.0,9088474.0,1755524.0,1228701.0,597930.0,755567.0,670122.0,812393.0,468848.0,547167.0,220584.0,160017.0,203576.0,466984.0,187095.0,211331.0,283468.0,246951.0,262357.0,258885.0,644977.0,346271.0,101970.0,202562.0,284817.0,227967.0,206920.0,209379.0,135704.0,161057.0,535733.0,271949.0,290757.0,207507.0,515878.0,471010.0,116624.0,28392378.0
이 요리사는 계속 회귀합니다,인기영,포텐,0.0,0.0,0.0,0.0,0.0,0.0,0.0,0.0,0.0,0.0,0.0,0.0,0.0,0.0,0.0,446517.0,10457198.0,2063484.0,2392592.0,1088435.0,781368.0,1686780.0,527735.0,270624.0,530186.0,189353.0,490725.0,283131.0,552390.0,136587.0,744563.0,861118.0,677809.0,132160.0,409807.0,149183.0,755462.0,238223.0,191399.0,79982.0,107424.0,201269.0,79022.0,36260.0,234258.0,170161.0,113638.0,152625.0,84785.0,100608.0,126730.0,34692.0,42465.0,67833.0,106542.0,116717.0,135935.0,39088.0,43935.0,30368.0,28161166.0
대한민국 절대 재벌,백범,포텐,0.0,0.0,0.0,0.0,0.0,2519160.0,1552301.0,899710.0,502401.0,1214598.0,827687.0,455455.0,956228.0,1477924.0,797458.0,372190.0,448616.0,205730.0,257795.0,155892.0,342723.0,193420.0,459567.0,413055.0,460197.0,283471.0,309082.0,338804.0,156441.0,315327.0,121595.0,68558.0,202840.0,95754.0,163931.0,148981.0,227844.0,243705.0,345611.0,149569.0,327797.0,141034.0,100494.0,86366.0,2728903.0,1197158.0,388136.0,598031.0,858951.0,569543.0,1263381.0,341834.0,154404.0,246113.0,273220.0,230150.0,210659.0,93672.0,177471.0,64797.0,27735734.0
황금백수,나한,프로무림,701706.0,751588.0,1512732.0,728125.0,597868.0,865795.0,701271.0,1003739.0,688607.0,595086.0,739015.0,577489.0,407224.0,333173.0,779472.0,1094684.0,789770.0,1042024.0,1815183.0,953651.0,484109.0,537355.0,392980.0,450240.0,355950.0,525546.0,740250.0,487298.0,217700.0,148001.0,215558.0,140651.0,321650.0,261800.0,140000.0,347053.0,349433.0,343000.0,581119.0,698663.0,774340.0,121100.0,178581.0,126472.0,43099.0,54390.0,76930.0,59171.0,33185.0,68250.0,22400.0,67403.0,69363.0,36960.0,100080.0,65240.0,92666.0,65131.0,106733.0,56371.0,26634423.0
헌터 공작가 망나니 되다,만금,포텐,6294701.0,698740.0,355656.0,263067.0,1807127.0,339850.0,2168083.0,218610.0,803670.0,528780.0,369649.0,915294.0,2439684.0,1295878.0,911647.0,673033.0,676369.0,530005.0,328941.0,503543.0,607936.0,314447.0,332191.0,425649.0,234185.0,387368.0,343136.0,93861.0,220018.0,222328.0,136409.0,100520.0,86783.0,129554.0,62805.0,53142.0,109781.0,64504.0,33510.0,98709.0,311632.0,65380.0,0.0,0.0,0.0,0.0,0.0,0.0,0.0,0.0,0.0,0.0,0.0,0.0,0.0,0.0,0.0,0.0,0.0,0.0,26556175.0
불사검마,소구장,포텐,0.0,0.0,0.0,0.0,0.0,0.0,0.0,0.0,0.0,0.0,0.0,0.0,0.0,0.0,0.0,0.0,0.0,0.0,0.0,0.0,0.0,0.0,0.0,0.0,0.0,0.0,0.0,0.0,0.0,0.0,0.0,0.0,0.0,0.0,0.0,0.0,0.0,0.0,0.0,0.0,0.0,0.0,0.0,0.0,0.0,76157.0,5688258.0,2530329.0,2192712.0,1431183.0,1568692.0,1522174.0,1640312.0,1616420.0,1478354.0,2125257.0,1119978.0,942567.0,1101096.0,782036.0,25815525.0
아빠의 게임,정현우,포텐,384313.0,783989.0,155889.0,244534.0,326955.0,598875.0,2052361.0,431520.0,172528.0,500562.0,2784602.0,2536895.0,512970.0,326770.0,269412.0,1418142.0,698570.0,296146.0,181803.0,253275.0,567280.0,513795.0,123318.0,149986.0,213029.0,211752.0,329906.0,435306.0,209970.0,435037.0,336331.0,228618.0,181622.0,307277.0,200570.0,179976.0,225772.0,250705.0,260170.0,224052.0,215522.0,206474.0,314003.0,239361.0,245956.0,217078.0,269006.0,170206.0,488989.0,242088.0,518925.0,515023.0,200784.0,459807.0,216344.0,159467.0,199585.0,202645.0,82646.0,96739.0,25775231.0
아이돌 공략법으로 데뷔합니다,당근맛쿠키,포텐,0.0,0.0,0.0,0.0,0.0,0.0,0.0,0.0,0.0,0.0,0.0,0.0,0.0,0.0,0.0,0.0,0.0,0.0,0.0,0.0,0.0,0.0,0.0,0.0,0.0,0.0,0.0,0.0,0.0,0.0,0.0,0.0,0.0,0.0,0.0,0.0,0.0,0.0,0.0,0.0,2828.0,10772.0,749351.0,874623.0,10924785.0,1524787.0,863573.0,841741.0,615711.0,795835.0,994886.0,711150.0,548577.0,557169.0,806216.0,721652.0,1728600.0,831101.0,815962.0,727389.0,25646708.0
마왕으로 산다,하늘곰,포텐,0.0,0.0,0.0,0.0,2069117.0,2108526.0,2010846.0,1576323.0,1228433.0,1182362.0,2295661.0,936204.0,597938.0,1058876.0,905823.0,573649.0,1622376.0,523663.0,591221.0,338085.0,742941.0,230329.0,255515.0,137693.0,112955.0,110188.0,163174.0,127389.0,83451.0,154419.0,532833.0,158846.0,149033.0,232356.0,123879.0,162845.0,154452.0,137798.0,90648.0,143876.0,110843.0,106683.0,82784.0,96128.0,175279.0,108780.0,97647.0,117780.0,75975.0,44987.0,98694.0,115133.0,26660.0,41103.0,50370.0,81308.0,70793.0,244750.0,42991.0,66458.0,25478869.0
미제사건 전담팀,인디고,포텐,0.0,0.0,0.0,0.0,0.0,0.0,0.0,0.0,0.0,0.0,0.0,0.0,0.0,0.0,0.0,0.0,0.0,0.0,0.0,0.0,0.0,0.0,0.0,0.0,0.0,0.0,0.0,146594.0,726156.0,3914549.0,1498674.0,958242.0,1083052.0,679816.0,626618.0,537723.0,754317.0,484715.0,434109.0,679675.0,579701.0,612513.0,417145.0,491927.0,648876.0,601265.0,627907.0,706103.0,584176.0,506998.0,318058.0,1638583.0,522327.0,723846.0,435461.0,509678.0,1447934.0,633699.0,326720.0,315545.0,25172702.0
단권 파공검,눈매,포텐,0.0,0.0,0.0,0.0,0.0,0.0,0.0,0.0,0.0,0.0,0.0,0.0,0.0,0.0,0.0,0.0,0.0,0.0,0.0,0.0,0.0,0.0,0.0,0.0,0.0,0.0,0.0,0.0,0.0,0.0,0.0,0.0,0.0,0.0,0.0,0.0,0.0,0.0,0.0,0.0,0.0,0.0,0.0,0.0,0.0,0.0,0.0,0.0,0.0,0.0,0.0,0.0,0.0,0.0,0.0,8070731.0,6512152.0,2298057.0,4761914.0,2658497.0,24301351.0
다른 세계에서 주워왔습니다,킹메이커,포텐,0.0,0.0,0.0,0.0,0.0,0.0,0.0,0.0,0.0,0.0,0.0,0.0,0.0,0.0,0.0,0.0,0.0,0.0,0.0,0.0,0.0,0.0,0.0,0.0,0.0,0.0,0.0,0.0,0.0,0.0,0.0,0.0,0.0,0.0,0.0,0.0,0.0,0.0,0.0,0.0,0.0,0.0,0.0,0.0,0.0,0.0,0.0,0.0,0.0,0.0,1200158.0,1380786.0,1546993.0,2270226.0,4350367.0,1714861.0,1173441.0,989426.0,3577610.0,5924412.0,24128280.0
천룡파황보,와룡강,프로무림,357697.0,370409.0,349162.0,404103.0,554600.0,494300.0,591500.0,585500.0,597000.0,330800.0,571700.0,529300.0,570200.0,553800.0,426100.0,487500.0,541000.0,532800.0,468700.0,550020.0,482400.0,420340.0,448460.0,478480.0,477200.0,653300.0,569400.0,636000.0,767876.0,420864.0,410300.0,515460.0,236590.0,278000.0,340572.0,311160.0,414448.0,361640.0,228591.0,390624.0,233800.0,275152.0,278156.0,284078.0,241742.0,228600.0,256703.0,236187.0,330174.0,352494.0,317476.0,198100.0,198124.0,226824.0,257720.0,262640.0,191830.0,232600.0,272366.0,349832.0,23932494.0
전직 랭커는 템빨로 레벨 업,갈드,포텐,0.0,0.0,0.0,0.0,0.0,0.0,0.0,100940.0,8382277.0,1495452.0,1335257.0,1562291.0,320457.0,1571641.0,206316.0,161397.0,57700.0,48540.0,637730.0,2358176.0,464185.0,247745.0,255168.0,112498.0,524539.0,251935.0,171012.0,189602.0,236850.0,66933.0,95882.0,56657.0,114041.0,71376.0,22335.0,33301.0,20016.0,104599.0,42528.0,31472.0,56587.0,35498.0,30686.0,53881.0,111728.0,301523.0,93030.0,100830.0,24621.0,57773.0,273384.0,251080.0,90986.0,77113.0,60268.0,109723.0,35594.0,61753.0,69260.0,17003.0,23263169.0
리턴 오브 에이스,예로나,포텐,518816.0,806841.0,761257.0,569658.0,565022.0,379486.0,180706.0,318003.0,98314.0,225342.0,127902.0,223851.0,212831.0,224877.0,1048960.0,1213591.0,562518.0,272823.0,217989.0,357216.0,357691.0,302772.0,323007.0,571482.0,486954.0,470055.0,840545.0,556353.0,449129.0,200366.0,290423.0,228755.0,284110.0,350771.0,339571.0,225300.0,300678.0,121902.0,381174.0,222715.0,380461.0,283256.0,186329.0,261491.0,356952.0,227915.0,307629.0,626084.0,278183.0,253267.0,267357.0,244172.0,223322.0,479333.0,219857.0,204336.0,240092.0,623698.0,335712.0,117201.0,22306403.0
게임 속 빌런의 여동생이 되었다,열살,포텐,0.0,0.0,0.0,0.0,0.0,0.0,0.0,0.0,0.0,0.0,1248049.0,1582771.0,1216067.0,857357.0,307048.0,298969.0,2229485.0,2160394.0,1420287.0,1421595.0,771803.0,606813.0,724222.0,767435.0,432248.0,251232.0,369336.0,291368.0,1155697.0,441787.0,528568.0,93010.0,111640.0,120880.0,99430.0,63223.0,89617.0,146103.0,61496.0,42116.0,180112.0,129315.0,78383.0,55944.0,291677.0,143616.0,60055.0,83896.0,98492.0,85810.0,30079.0,64776.0,12635.0,95452.0,50412.0,89023.0,74490.0,47619.0,365302.0,124129.0,22071263.0
달마묵장,와룡강,포텐,548060.0,834904.0,912768.0,417806.0,2403390.0,891270.0,568420.0,713610.0,745880.0,339400.0,343670.0,407090.0,275684.0,428908.0,629444.0,430600.0,233500.0,337174.0,320064.0,379388.0,208380.0,245416.0,304009.0,287106.0,284771.0,381686.0,330698.0,272552.0,369441.0,103720.0,149346.0,217979.0,228886.0,312590.0,258619.0,235073.0,116991.0,196116.0,159583.0,146504.0,96487.0,228028.0,147395.0,143806.0,370266.0,284005.0,266240.0,277625.0,237021.0,403009.0,161178.0,245059.0,168898.0,171355.0,146004.0,90599.0,68622.0,141777.0,152003.0,196002.0,20965875.0
기인천년,와룡강,프로무림,106600.0,84700.0,113942.0,326758.0,432400.0,168600.0,207280.0,119200.0,68960.0,78900.0,48000.0,80204.0,12300.0,123700.0,47900.0,66800.0,35600.0,86000.0,105955.0,46060.0,33748.0,43820.0,39708.0,28132.0,27416.0,3923676.0,3347716.0,1086260.0,1196240.0,716848.0,423044.0,433640.0,312816.0,392316.0,418280.0,547972.0,406800.0,216692.0,260376.0,189418.0,143656.0,192812.0,188138.0,126192.0,157820.0,176540.0,233932.0,148908.0,213568.0,111379.0,548037.0,279029.0,117817.0,128354.0,143901.0,112194.0,213369.0,166475.0,131712.0,240778.0,20179388.0
무적문주,눈매,포텐,0.0,0.0,0.0,0.0,0.0,0.0,0.0,0.0,0.0,135590.0,1400203.0,1148423.0,890540.0,478205.0,930579.0,444299.0,1120563.0,1141045.0,907015.0,665692.0,847131.0,329680.0,501561.0,1384926.0,587594.0,533968.0,879913.0,215576.0,165360.0,349361.0,232942.0,208308.0,177827.0,119604.0,192245.0,115793.0,83013.0,234752.0,244343.0,224679.0,222852.0,97527.0,136103.0,212377.0,80254.0,71097.0,205550.0,226730.0,130631.0,146132.0,100818.0,132576.0,212684.0,140008.0,77620.0,131479.0,119951.0,153219.0,59774.0,321878.0,19869990.0
곤륜패선,윤신현,포텐,0.0,0.0,0.0,0.0,0.0,0.0,0.0,0.0,0.0,0.0,0.0,0.0,0.0,0.0,0.0,0.0,0.0,0.0,0.0,0.0,0.0,0.0,0.0,0.0,0.0,0.0,0.0,0.0,0.0,0.0,0.0,0.0,0.0,0.0,0.0,0.0,0.0,0.0,0.0,0.0,0.0,0.0,0.0,0.0,0.0,7.0,419133.0,735333.0,850851.0,633740.0,741666.0,8146651.0,3236069.0,1365795.0,843087.0,697173.0,555114.0,737755.0,394218.0,422201.0,19778793.0
카드빨로 축구 스타,소구장,포텐,0.0,0.0,0.0,0.0,0.0,0.0,0.0,0.0,0.0,0.0,0.0,0.0,0.0,0.0,0.0,0.0,0.0,0.0,0.0,0.0,0.0,0.0,0.0,0.0,0.0,0.0,0.0,0.0,0.0,0.0,0.0,0.0,0.0,0.0,0.0,40.0,808142.0,2120286.0,1583977.0,880957.0,866380.0,1608692.0,3074629.0,1679988.0,762132.0,770056.0,1051262.0,472387.0,384245.0,604599.0,350934.0,237813.0,191368.0,350136.0,326426.0,202311.0,282718.0,274236.0,121550.0,144875.0,19150139.0
차원을 넘나들며 재벌 되기,관측불가,포텐,0.0,0.0,0.0,0.0,0.0,0.0,0.0,0.0,0.0,0.0,0.0,0.0,0.0,0.0,0.0,0.0,0.0,0.0,0.0,0.0,150080.0,82880.0,797454.0,1094744.0,471481.0,1183623.0,859252.0,506247.0,495217.0,2352622.0,204153.0,97619.0,153932.0,158368.0,61600.0,213919.0,148284.0,117017.0,225268.0,148295.0,40972.0,215182.0,88903.0,82483.0,65576.0,3883894.0,1217607.0,496518.0,346750.0,410170.0,554616.0,416713.0,189168.0,296095.0,209198.0,196094.0,165323.0,281153.0,163462.0,52032.0,18893964.0
호감 받고 성공 더,인기영,포텐,0.0,0.0,0.0,0.0,0.0,0.0,0.0,0.0,0.0,0.0,0.0,0.0,0.0,0.0,0.0,0.0,0.0,0.0,0.0,0.0,0.0,0.0,0.0,0.0,0.0,99876.0,2389476.0,1060110.0,791625.0,980285.0,1186507.0,1351879.0,551925.0,263487.0,401005.0,267846.0,682449.0,329090.0,415850.0,354075.0,238056.0,230197.0,169005.0,304626.0,141668.0,1677819.0,1369503.0,382423.0,300002.0,716744.0,238368.0,125268.0,152796.0,457674.0,366803.0,218538.0,218292.0,124292.0,111754.0,96047.0,18765360.0
대걸물,청산,프로무림,407705.0,284356.0,456135.0,391650.0,223930.0,318220.0,378241.0,571270.0,605920.0,558929.0,342181.0,328363.0,618335.0,470359.0,280278.0,317464.0,610806.0,1002372.0,776879.0,597841.0,421914.0,284779.0,379512.0,367241.0,344099.0,411005.0,148302.0,332973.0,103460.0,272568.0,502059.0,303772.0,363262.0,416968.0,209517.0,254198.0,123935.0,144455.0,208442.0,123772.0,213939.0,125250.0,181128.0,135002.0,314932.0,72150.0,75565.0,76139.0,277424.0,88725.0,91091.0,122486.0,79066.0,68859.0,132818.0,328353.0,146648.0,152257.0,216691.0,216731.0,18372721.0
법보다 주먹,관측불가,포텐,0.0,0.0,0.0,0.0,0.0,0.0,0.0,0.0,0.0,0.0,0.0,0.0,0.0,0.0,0.0,0.0,0.0,0.0,0.0,0.0,0.0,0.0,0.0,0.0,0.0,0.0,0.0,0.0,0.0,0.0,0.0,0.0,0.0,0.0,0.0,0.0,0.0,0.0,0.0,0.0,0.0,0.0,0.0,0.0,0.0,0.0,326300.0,700487.0,304606.0,197517.0,924051.0,599709.0,3766767.0,1088163.0,3414300.0,5386970.0,515283.0,381124.0,266814.0,397482.0,18269573.0
평화로운 먼치킨 영지,인기영,포텐,1098168.0,714767.0,489980.0,558959.0,471691.0,342281.0,368063.0,511145.0,359556.0,577538.0,437451.0,460432.0,665317.0,379117.0,403567.0,409422.0,981421.0,515947.0,241770.0,219739.0,209499.0,268774.0,278968.0,190958.0,212645.0,199310.0,249164.0,485693.0,404145.0,136004.0,192280.0,227023.0,187247.0,143045.0,130537.0,149064.0,211381.0,125736.0,120262.0,114362.0,67627.0,120419.0,83223.0,55842.0,116691.0,144619.0,95654.0,455620.0,1071567.0,237597.0,144034.0,168266.0,95673.0,104794.0,108613.0,115855.0,44917.0,56518.0,106526.0,62892.0,17899375.0
E급부터 시작하는 대마법사,연암,포텐,0.0,244797.0,197115.0,305312.0,431909.0,174251.0,2688138.0,1102441.0,680425.0,316303.0,148433.0,140514.0,171279.0,108960.0,919317.0,819673.0,161029.0,215560.0,170778.0,112189.0,265990.0,566772.0,1023812.0,296448.0,604019.0,494421.0,294305.0,147604.0,179049.0,153182.0,178714.0,53160.0,233015.0,159395.0,213122.0,111570.0,186554.0,194611.0,190044.0,151943.0,162974.0,111014.0,116694.0,117604.0,161411.0,173940.0,153670.0,99153.0,182102.0,42236.0,161769.0,113889.0,172044.0,143602.0,100897.0,138519.0,80181.0,124913.0,67866.0,66940.0,17297571.0
괴담수집가 회장님,턱선,포텐,0.0,0.0,0.0,0.0,0.0,0.0,0.0,0.0,0.0,0.0,0.0,0.0,0.0,0.0,0.0,0.0,251916.0,458651.0,2918436.0,825971.0,545055.0,860383.0,768390.0,215518.0,778591.0,729724.0,197201.0,251822.0,394612.0,315733.0,386055.0,248565.0,187473.0,736627.0,246207.0,192876.0,278167.0,255463.0,283141.0,336482.0,273155.0,413812.0,388455.0,558372.0,268697.0,270479.0,191249.0,230122.0,167784.0,252615.0,240570.0,74977.0,125714.0,165387.0,189345.0,125766.0,139211.0,266109.0,69689.0,159016.0,17233583.0
차원을 넘나들며 재벌 되기,백범,포텐,0.0,0.0,0.0,0.0,0.0,0.0,0.0,0.0,0.0,0.0,0.0,0.0,0.0,0.0,0.0,556570.0,384930.0,332626.0,700582.0,1261965.0,1593674.0,2197442.0,1212576.0,558052.0,391661.0,257800.0,357260.0,283017.0,247814.0,250558.0,116393.0,201853.0,185928.0,121906.0,285708.0,140301.0,392843.0,494009.0,218959.0,241276.0,327201.0,166486.0,248705.0,434006.0,206904.0,195372.0,354738.0,94123.0,253395.0,291467.0,240274.0,257844.0,142004.0,69553.0,78547.0,82010.0,128404.0,115697.0,295016.0,211648.0,17179097.0
스킬의 제왕,이형석,포텐,0.0,0.0,0.0,0.0,0.0,0.0,0.0,0.0,0.0,0.0,0.0,0.0,0.0,0.0,0.0,0.0,0.0,0.0,0.0,0.0,0.0,0.0,0.0,0.0,0.0,0.0,0.0,0.0,99309.0,361980.0,602337.0,324486.0,432532.0,1176664.0,632820.0,2217043.0,4123431.0,633888.0,1133790.0,1027888.0,280268.0,450076.0,225227.0,150928.0,337618.0,255375.0,181779.0,358969.0,224078.0,177789.0,345585.0,163810.0,225948.0,220761.0,172159.0,169340.0,122832.0,159335.0,112243.0,60149.0,17160437.0
대공자 가출하셨다,와이번스,포텐,1802509.0,1225783.0,1204399.0,420347.0,162122.0,326175.0,445806.0,570200.0,323515.0,133411.0,196884.0,130390.0,171871.0,285146.0,277623.0,228186.0,213305.0,247225.0,179950.0,797833.0,1338246.0,357676.0,254453.0,273731.0,187411.0,188895.0,259639.0,179774.0,89813.0,171525.0,125702.0,59149.0,181344.0,61099.0,77567.0,113492.0,92617.0,562920.0,102924.0,82163.0,790040.0,118615.0,76303.0,46729.0,58791.0,116907.0,184661.0,467012.0,81720.0,147830.0,156949.0,83255.0,166854.0,63709.0,58898.0,180886.0,100663.0,39064.0,24028.0,54470.0,17120204.0
색마님 안마하신다,용병애쉬,프로무림,0.0,0.0,0.0,0.0,0.0,0.0,0.0,0.0,0.0,0.0,0.0,0.0,0.0,0.0,0.0,0.0,0.0,0.0,0.0,0.0,0.0,2427530.0,985950.0,883316.0,2332713.0,1982528.0,1122245.0,483457.0,449839.0,303052.0,341077.0,218648.0,325561.0,360219.0,200641.0,292001.0,211490.0,200304.0,238151.0,117688.0,154538.0,184469.0,213416.0,278035.0,295219.0,222209.0,181385.0,349196.0,241206.0,133846.0,161155.0,157490.0,164639.0,130056.0,63322.0,124019.0,82434.0,122765.0,214945.0,139441.0,17090195.0
경찰청 그 꼴통,백범,포텐,0.0,0.0,0.0,0.0,0.0,0.0,0.0,0.0,0.0,0.0,0.0,0.0,53830.0,1581160.0,902370.0,2337160.0,650097.0,89369.0,488367.0,105513.0,1129077.0,1706742.0,626715.0,485344.0,162121.0,197462.0,103077.0,127620.0,90157.0,94300.0,77316.0,148180.0,319277.0,292125.0,479397.0,360516.0,319497.0,444655.0,198483.0,220354.0,244245.0,360780.0,207604.0,226785.0,221696.0,180850.0,108620.0,136071.0,163072.0,188685.0,145395.0,120778.0,89897.0,101952.0,99670.0,103980.0,130710.0,111601.0,98104.0,94005.0,16924781.0
태양전기,윤신현,포텐,0.0,0.0,0.0,0.0,0.0,0.0,0.0,0.0,0.0,0.0,0.0,0.0,0.0,0.0,0.0,0.0,0.0,0.0,0.0,0.0,0.0,0.0,0.0,0.0,0.0,0.0,0.0,0.0,0.0,0.0,0.0,0.0,0.0,0.0,0.0,0.0,0.0,0.0,0.0,0.0,0.0,0.0,0.0,0.0,0.0,0.0,0.0,0.0,8352.0,227416.0,3958737.0,4085344.0,1425927.0,2143335.0,1159967.0,895047.0,799127.0,1045625.0,590092.0,493050.0,16832019.0
돈 주면 힐 해준다,환수림,포텐,28175.0,0.0,2332437.0,5006113.0,823225.0,1229652.0,803057.0,153788.0,147048.0,89588.0,126103.0,346865.0,261955.0,97772.0,207116.0,88904.0,47360.0,76624.0,63679.0,17665.0,21243.0,70489.0,22633.0,90267.0,59989.0,81202.0,77530.0,101760.0,75117.0,68715.0,48759.0,76650.0,91594.0,106158.0,60043.0,61275.0,69176.0,71888.0,63217.0,69614.0,49310.0,69933.0,151509.0,80790.0,47200.0,69411.0,12217.0,410312.0,1418873.0,161005.0,176096.0,114442.0,70343.0,103414.0,54995.0,73702.0,29886.0,129674.0,78165.0,66103.0,16701825.0
음공천하,서호,포텐,0.0,0.0,0.0,0.0,0.0,0.0,0.0,0.0,0.0,0.0,0.0,0.0,0.0,0.0,0.0,0.0,0.0,0.0,0.0,0.0,0.0,0.0,0.0,0.0,0.0,0.0,0.0,0.0,0.0,1657778.0,6730378.0,1699320.0,857707.0,591998.0,302464.0,269712.0,244855.0,530174.0,198937.0,180116.0,184081.0,158867.0,153997.0,763745.0,583243.0,393032.0,311386.0,123302.0,114674.0,60350.0,69267.0,125266.0,23810.0,77282.0,71638.0,42827.0,37413.0,16441.0,47006.0,56598.0,16677664.0
스카우트,예로나,포텐,0.0,0.0,0.0,0.0,0.0,0.0,0.0,0.0,0.0,0.0,0.0,384650.0,177240.0,111655.0,197800.0,186560.0,431690.0,63415.0,1006271.0,533213.0,120705.0,110184.0,125115.0,174160.0,306231.0,99147.0,67369.0,140351.0,169198.0,249736.0,112021.0,631908.0,289168.0,561299.0,248776.0,63464.0,104641.0,215328.0,121290.0,178148.0,130210.0,135298.0,59240.0,171190.0,192330.0,153590.0,454258.0,2447525.0,2050243.0,609705.0,717249.0,485593.0,186754.0,239847.0,305584.0,205771.0,73163.0,324907.0,156483.0,178194.0,16457867.0
단권 검신재림,윤신현,포텐,0.0,0.0,0.0,0.0,0.0,0.0,0.0,0.0,0.0,0.0,0.0,0.0,0.0,0.0,0.0,0.0,0.0,0.0,0.0,0.0,0.0,0.0,0.0,0.0,0.0,0.0,0.0,0.0,0.0,0.0,0.0,0.0,0.0,0.0,0.0,0.0,0.0,0.0,0.0,0.0,0.0,0.0,0.0,0.0,0.0,0.0,0.0,0.0,0.0,0.0,0.0,0.0,0.0,0.0,0.0,0.0,2072073.0,5282629.0,3315364.0,5717625.0,16387691.0
너희가 정령을 아느냐,철백,포텐,0.0,0.0,0.0,0.0,0.0,0.0,0.0,0.0,0.0,275100.0,333956.0,69300.0,1472506.0,1357697.0,1335416.0,521896.0,617275.0,832922.0,425186.0,330223.0,288528.0,224495.0,312643.0,182962.0,165754.0,218639.0,108210.0,413513.0,344141.0,178121.0,117344.0,97113.0,83828.0,111328.0,129669.0,87961.0,98918.0,98997.0,123199.0,115556.0,240914.0,267539.0,214138.0,20759.0,36376.0,129441.0,80990.0,83026.0,218012.0,918533.0,1684024.0,537335.0,164435.0,301652.0,125842.0,23109.0,53353.0,72036.0,64263.0,57030.0,16365203.0
밀리 재벌가 장남은 가치를 본다,유재무,포텐,0.0,0.0,0.0,0.0,0.0,0.0,0.0,0.0,0.0,0.0,0.0,0.0,0.0,0.0,0.0,0.0,0.0,0.0,0.0,0.0,0.0,0.0,0.0,0.0,0.0,0.0,0.0,0.0,0.0,0.0,0.0,0.0,0.0,0.0,0.0,0.0,0.0,0.0,0.0,0.0,0.0,0.0,0.0,3360000.0,5980000.0,1300000.0,730000.0,675000.0,635000.0,665000.0,540000.0,495000.0,420000.0,892640.0,138240.0,92160.0,107520.0,25600.0,163840.0,112640.0,16332640.0
선검,유재무,프로무림,100708.0,25778.0,125124.0,50700.0,147820.0,80800.0,52400.0,27050.0,223040.0,165830.0,65800.0,52310.0,90420.0,149570.0,1000950.0,525190.0,101600.0,290273.0,1110895.0,453267.0,153565.0,228573.0,149294.0,197478.0,142358.0,215596.0,175307.0,62266.0,109188.0,42248.0,142127.0,134760.0,205581.0,35199.0,153565.0,99508.0,134497.0,150251.0,182472.0,153294.0,244480.0,77119.0,137972.0,3553628.0,1820234.0,245325.0,119578.0,149730.0,109450.0,99539.0,203333.0,132268.0,154598.0,146147.0,167977.0,304250.0,253326.0,224087.0,270906.0,136554.0,16257153.0
재벌집 막내 도련님은 악당입니다,베이스,포텐,0.0,0.0,0.0,0.0,0.0,0.0,0.0,0.0,0.0,0.0,0.0,0.0,0.0,0.0,0.0,0.0,0.0,0.0,0.0,0.0,0.0,0.0,0.0,0.0,0.0,0.0,0.0,0.0,0.0,0.0,2315704.0,2188051.0,864411.0,559354.0,293782.0,307889.0,322951.0,410423.0,362499.0,188759.0,261747.0,278486.0,272904.0,302582.0,409628.0,359476.0,548452.0,945733.0,585861.0,358098.0,467279.0,299983.0,319676.0,328652.0,838530.0,475406.0,202500.0,247814.0,213491.0,198263.0,15728384.0
아 아이돌 그렇게 하는 거 아닌데,김악개,포텐,0.0,0.0,0.0,0.0,0.0,0.0,0.0,0.0,0.0,0.0,0.0,0.0,0.0,0.0,0.0,0.0,0.0,0.0,0.0,0.0,0.0,0.0,0.0,0.0,0.0,0.0,0.0,0.0,0.0,0.0,0.0,0.0,0.0,0.0,0.0,0.0,0.0,0.0,0.0,0.0,0.0,0.0,0.0,0.0,0.0,0.0,0.0,0.0,0.0,0.0,0.0,0.0,0.0,0.0,0.0,0.0,25839.0,10934747.0,2963963.0,1661230.0,15585779.0
걷기만 해도 조만장자,하늘곰,포텐,0.0,0.0,0.0,0.0,0.0,0.0,0.0,0.0,0.0,0.0,0.0,0.0,0.0,0.0,0.0,0.0,0.0,0.0,0.0,0.0,0.0,0.0,0.0,0.0,0.0,0.0,0.0,0.0,0.0,0.0,0.0,0.0,0.0,0.0,0.0,0.0,336380.0,1272259.0,4054003.0,2116454.0,1392603.0,1259552.0,463627.0,346922.0,346452.0,768413.0,536044.0,124367.0,224390.0,147976.0,425212.0,342699.0,186802.0,237583.0,153531.0,93266.0,120249.0,297472.0,118680.0,68001.0,15432937.0
애널리스트,관측불가,올나이트노벨,0.0,0.0,0.0,0.0,0.0,0.0,0.0,0.0,0.0,0.0,0.0,0.0,0.0,0.0,0.0,0.0,0.0,0.0,0.0,0.0,0.0,0.0,0.0,0.0,0.0,0.0,0.0,0.0,0.0,0.0,0.0,0.0,0.0,0.0,0.0,0.0,0.0,0.0,0.0,0.0,0.0,0.0,0.0,0.0,0.0,0.0,0.0,0.0,702846.0,919430.0,1320851.0,1643362.0,1497016.0,1789069.0,1542595.0,1783941.0,856010.0,776688.0,1198713.0,1073016.0,15103537.0
회귀로 나 혼자 독식,쩡킴,포텐,0.0,0.0,0.0,0.0,0.0,0.0,0.0,0.0,0.0,0.0,0.0,0.0,0.0,0.0,0.0,0.0,0.0,0.0,0.0,0.0,0.0,0.0,0.0,0.0,0.0,0.0,0.0,11415376.0,108213.0,143873.0,107080.0,721635.0,214286.0,105457.0,295927.0,169912.0,95767.0,80640.0,37576.0,15795.0,152044.0,210122.0,53747.0,101439.0,1539.0,1562.0,37995.0,120781.0,109145.0,73327.0,38902.0,38607.0,37181.0,255204.0,333847.0,0.0,0.0,0.0,0.0,0.0,15076979.0
구자패왕,와룡강,프로무림,209910.0,241814.0,251970.0,221054.0,296841.0,231630.0,356533.0,348591.0,302513.0,205786.0,326409.0,308205.0,448050.0,311685.0,294554.0,276900.0,463029.0,284837.0,282949.0,293695.0,390588.0,308480.0,292412.0,354737.0,381069.0,248237.0,336644.0,247243.0,352360.0,219258.0,157900.0,239190.0,247088.0,143888.0,187650.0,172220.0,168446.0,249908.0,174918.0,254698.0,206664.0,170291.0,171652.0,188280.0,172456.0,139772.0,219402.0,213006.0,202388.0,144905.0,231502.0,157616.0,143576.0,180380.0,128298.0,204692.0,120007.0,139719.0,135934.0,202118.0,14556547.0
MG핵무기도 만들어 드림,북홀릭,포텐,0.0,0.0,0.0,0.0,0.0,0.0,0.0,0.0,0.0,0.0,0.0,0.0,0.0,0.0,0.0,0.0,0.0,0.0,0.0,0.0,0.0,0.0,0.0,0.0,0.0,0.0,0.0,0.0,0.0,0.0,0.0,0.0,0.0,0.0,0.0,0.0,0.0,0.0,0.0,0.0,0.0,0.0,0.0,0.0,0.0,0.0,0.0,0.0,0.0,0.0,0.0,0.0,0.0,0.0,2506275.0,1838981.0,2663189.0,2191616.0,4114652.0,1166344.0,14481057.0
카레인,강동호,포텐,285565.0,581408.0,698917.0,480162.0,536318.0,364070.0,330897.0,763749.0,331745.0,265178.0,161860.0,222771.0,287394.0,199967.0,139815.0,120299.0,102071.0,164663.0,111207.0,258744.0,273028.0,76168.0,124323.0,54056.0,127513.0,213004.0,175609.0,79652.0,213872.0,208550.0,208245.0,323080.0,119829.0,204098.0,164177.0,110750.0,229744.0,112434.0,136584.0,110637.0,239378.0,214344.0,60721.0,137643.0,88741.0,593154.0,1146038.0,310996.0,116447.0,291759.0,182591.0,207467.0,196524.0,217697.0,160971.0,124214.0,105583.0,101063.0,124423.0,109676.0,14401583.0
경찰청 그 꼴통,관측불가,포텐,0.0,0.0,0.0,0.0,0.0,0.0,0.0,0.0,0.0,0.0,0.0,0.0,0.0,0.0,0.0,0.0,0.0,0.0,0.0,0.0,0.0,0.0,0.0,2830422.0,1522512.0,1521896.0,72172.0,1175910.0,65312.0,199558.0,246307.0,108652.0,40768.0,48339.0,51264.0,34048.0,115388.0,43315.0,64838.0,46607.0,38768.0,102844.0,5281.0,40121.0,107529.0,311687.0,1288714.0,1838693.0,515100.0,176564.0,318805.0,222190.0,179132.0,249148.0,124678.0,232831.0,92822.0,90045.0,87437.0,55689.0,14265386.0
무림드래곤,예로나,포텐,0.0,0.0,0.0,0.0,0.0,0.0,0.0,0.0,0.0,0.0,0.0,401072.0,456815.0,827323.0,627448.0,803771.0,1478736.0,392510.0,404690.0,303467.0,281702.0,288044.0,341556.0,371322.0,237238.0,321303.0,228115.0,222225.0,154853.0,257707.0,194688.0,302954.0,285395.0,265812.0,142223.0,166890.0,161968.0,219789.0,189906.0,165985.0,196116.0,186935.0,83361.0,160575.0,134768.0,221195.0,195062.0,193017.0,152051.0,153663.0,216231.0,140667.0,178755.0,185989.0,103086.0,285730.0,222940.0,325429.0,166037.0,91637.0,14088751.0
낙방학사,형상준,프로무림,151868.0,125745.0,151165.0,197078.0,268469.0,130674.0,135794.0,77980.0,190877.0,94756.0,81292.0,69569.0,276551.0,161538.0,334267.0,416189.0,1532874.0,670012.0,380819.0,482752.0,289671.0,159760.0,92666.0,163763.0,167888.0,395482.0,129502.0,128835.0,186018.0,405385.0,725407.0,285167.0,151655.0,85354.0,224508.0,103715.0,147142.0,193093.0,341612.0,79237.0,71698.0,63589.0,39767.0,69067.0,26829.0,67375.0,157099.0,276129.0,30506.0,42274.0,429313.0,762773.0,81720.0,108654.0,107474.0,352320.0,156401.0,212259.0,132751.0,431669.0,14005796.0
밀리 재벌생활기록부,관측불가,포텐,0.0,0.0,0.0,0.0,0.0,0.0,0.0,0.0,0.0,0.0,0.0,0.0,0.0,0.0,0.0,0.0,0.0,0.0,0.0,0.0,0.0,0.0,0.0,0.0,0.0,0.0,0.0,0.0,0.0,0.0,0.0,0.0,0.0,0.0,0.0,0.0,0.0,0.0,0.0,0.0,0.0,0.0,0.0,6670000.0,2840000.0,620000.0,470000.0,465000.0,540000.0,290000.0,440000.0,530000.0,330000.0,391800.0,61440.0,0.0,0.0,0.0,0.0,0.0,13648240.0
슈퍼스타 누구도 막을 수 없어,구라천재,포텐,146830.0,536541.0,154475.0,115126.0,78454.0,130308.0,74403.0,167290.0,226002.0,112782.0,150335.0,92445.0,190856.0,684838.0,407880.0,117337.0,326250.0,490419.0,214044.0,245609.0,165001.0,236542.0,195727.0,146883.0,139679.0,339202.0,84246.0,79459.0,110330.0,452475.0,681213.0,508377.0,285067.0,138172.0,136649.0,173037.0,84838.0,137266.0,116319.0,74681.0,115248.0,343630.0,90340.0,45213.0,90279.0,85757.0,47198.0,60706.0,1803932.0,411031.0,261799.0,278766.0,175656.0,267122.0,110235.0,89304.0,92146.0,103213.0,89368.0,132845.0,13641175.0
뽑기로 SSS급 군단 육성,이세계사장,포텐,0.0,0.0,0.0,0.0,0.0,0.0,0.0,0.0,0.0,0.0,0.0,0.0,0.0,0.0,0.0,0.0,0.0,0.0,0.0,0.0,0.0,0.0,0.0,0.0,0.0,0.0,0.0,0.0,0.0,0.0,0.0,0.0,0.0,0.0,351273.0,735300.0,1046155.0,423609.0,216244.0,223172.0,477190.0,363812.0,869454.0,252437.0,2524500.0,1376989.0,324173.0,512704.0,289920.0,674579.0,442016.0,318310.0,230842.0,347612.0,481465.0,301520.0,182813.0,256723.0,49893.0,100716.0,13373421.0
초월자는 분식집을 합니다,제이ST,포텐,0.0,0.0,0.0,0.0,0.0,0.0,0.0,0.0,0.0,0.0,0.0,0.0,0.0,0.0,0.0,0.0,0.0,133956.0,345254.0,3039032.0,815894.0,285767.0,320663.0,123123.0,177430.0,859141.0,265759.0,172314.0,144025.0,110292.0,70669.0,95571.0,87462.0,41738.0,61350.0,129853.0,268494.0,396119.0,394833.0,680549.0,371920.0,620117.0,577616.0,419462.0,378134.0,370886.0,137194.0,238052.0,161305.0,54600.0,121530.0,90472.0,59261.0,65894.0,88549.0,54463.0,70266.0,21232.0,47679.0,134474.0,13102394.0
호위무사,초우,프로무림,474433.0,416797.0,371814.0,235257.0,317886.0,198409.0,350131.0,471148.0,501635.0,283567.0,315316.0,333534.0,355440.0,198725.0,298926.0,245076.0,190971.0,229998.0,275116.0,240488.0,269064.0,172068.0,215802.0,230859.0,440935.0,198795.0,288197.0,369319.0,326598.0,188839.0,203778.0,251034.0,206806.0,179206.0,145699.0,114504.0,197186.0,230020.0,228516.0,204181.0,163123.0,264285.0,233776.0,257822.0,181415.0,155193.0,245801.0,169298.0,208679.0,187929.0,45874.0,2268.0,3969.0,11025.0,4536.0,0.0,0.0,0.0,0.0,0.0,13101066.0
단권 국세청 망나니,동면거북이,포텐,0.0,0.0,0.0,0.0,0.0,0.0,0.0,0.0,0.0,0.0,0.0,0.0,0.0,0.0,0.0,0.0,0.0,0.0,0.0,0.0,0.0,0.0,0.0,0.0,0.0,0.0,0.0,0.0,0.0,0.0,0.0,0.0,0.0,0.0,0.0,0.0,0.0,0.0,0.0,0.0,0.0,0.0,0.0,0.0,0.0,0.0,0.0,0.0,0.0,0.0,0.0,0.0,0.0,0.0,0.0,0.0,5525103.0,3889388.0,1349554.0,2332996.0,13097041.0
귀환무관,범탈,포텐,0.0,0.0,0.0,0.0,0.0,0.0,81200.0,2660557.0,726731.0,406868.0,131285.0,196256.0,521581.0,121770.0,235994.0,788415.0,561926.0,212922.0,102000.0,1595695.0,1013460.0,800161.0,170121.0,115312.0,148768.0,95262.0,54261.0,90800.0,22390.0,32900.0,35716.0,29956.0,36070.0,3361.0,3023.0,44916.0,95360.0,69923.0,94158.0,66475.0,164168.0,180854.0,108689.0,104369.0,45295.0,46580.0,17430.0,35387.0,40283.0,69424.0,54220.0,6752.0,33279.0,29734.0,36633.0,135063.0,140049.0,68873.0,120994.0,90999.0,12894668.0
지상 최고의 축구,김군0619,포텐,0.0,0.0,0.0,0.0,0.0,161425.0,822327.0,661454.0,855948.0,498449.0,601653.0,529041.0,759178.0,186505.0,363750.0,420304.0,352273.0,217776.0,214967.0,136499.0,463140.0,202176.0,170988.0,123034.0,245864.0,339424.0,297508.0,250551.0,82309.0,120042.0,245884.0,284310.0,288961.0,112113.0,53345.0,113759.0,118359.0,302009.0,96389.0,138394.0,55594.0,148007.0,16631.0,141657.0,126679.0,119902.0,158805.0,175845.0,262687.0,76838.0,50106.0,95586.0,102600.0,42708.0,26333.0,146494.0,43242.0,29701.0,117563.0,91795.0,12858881.0
풍운기협,예로나,포텐,0.0,0.0,0.0,0.0,0.0,0.0,0.0,0.0,0.0,0.0,0.0,52570.0,50610.0,42000.0,71370.0,186680.0,134446.0,115938.0,89647.0,26647.0,32231.0,42750.0,793643.0,3717327.0,792434.0,272649.0,453483.0,245575.0,58184.0,138423.0,305791.0,540469.0,426183.0,898870.0,330730.0,118697.0,66242.0,105056.0,73198.0,66657.0,22170.0,20980.0,33273.0,37500.0,13645.0,89849.0,49670.0,210943.0,187648.0,189313.0,252310.0,105310.0,93601.0,48911.0,89629.0,83452.0,79938.0,297971.0,423516.0,114124.0,12692253.0
명성명운,송재일,포텐,360017.0,280841.0,124954.0,225827.0,324035.0,314275.0,452884.0,201900.0,355510.0,240995.0,284650.0,276662.0,1691665.0,1008240.0,338344.0,237320.0,169490.0,206388.0,468701.0,399351.0,463405.0,298461.0,201130.0,82634.0,132601.0,223197.0,214116.0,81206.0,150284.0,117317.0,91979.0,14836.0,62766.0,105891.0,65313.0,75276.0,123304.0,135578.0,40388.0,26967.0,44760.0,39202.0,73371.0,64298.0,31324.0,24120.0,402143.0,328383.0,266750.0,109975.0,101282.0,114630.0,35517.0,136462.0,54741.0,65963.0,31882.0,28896.0,13620.0,24225.0,12660242.0
창병이 돈을 밝힘,백범(白帆),포텐,0.0,0.0,0.0,0.0,0.0,0.0,0.0,0.0,0.0,0.0,0.0,0.0,0.0,0.0,0.0,0.0,0.0,0.0,0.0,0.0,0.0,0.0,0.0,0.0,0.0,0.0,45290.0,1736980.0,427280.0,128592.0,138040.0,3780.0,920565.0,1456559.0,899945.0,373984.0,578402.0,651594.0,351327.0,177988.0,140974.0,60111.0,42533.0,40291.0,18014.0,558893.0,96785.0,114714.0,2191996.0,1032391.0,191321.0,121886.0,111888.0,15921.0,0.0,0.0,0.0,0.0,5418.0,8694.0,12642156.0
골 때리는 엄마들,미도파,올나이트노벨,0.0,0.0,0.0,0.0,0.0,0.0,0.0,0.0,0.0,0.0,0.0,0.0,0.0,0.0,0.0,0.0,0.0,0.0,0.0,0.0,0.0,0.0,0.0,0.0,0.0,0.0,0.0,0.0,489230.0,568200.0,321110.0,178060.0,119060.0,127300.0,97536.0,1173799.0,992213.0,531147.0,609383.0,450451.0,691136.0,386628.0,394535.0,208470.0,215654.0,1175193.0,373189.0,442974.0,532555.0,496610.0,233054.0,254882.0,223763.0,159029.0,142625.0,248228.0,177930.0,224276.0,236251.0,163742.0,12638213.0
양과 늑대의 요람,어두운글,포텐,115612.0,182747.0,156800.0,453852.0,416416.0,203758.0,365309.0,321569.0,303517.0,347997.0,438340.0,328874.0,135080.0,196560.0,259796.0,228081.0,115228.0,99919.0,201147.0,479830.0,557429.0,437931.0,326572.0,342864.0,366478.0,412602.0,290553.0,263413.0,186898.0,212939.0,140048.0,163967.0,255480.0,193592.0,235281.0,125830.0,171134.0,111220.0,51271.0,100656.0,55144.0,244629.0,76024.0,124140.0,120298.0,70791.0,73096.0,114644.0,78931.0,93021.0,138143.0,132547.0,92360.0,92723.0,244993.0,94818.0,73185.0,79429.0,86036.0,182030.0,12563572.0
나는 재벌이다,박재학,포텐,210499.0,196177.0,195504.0,212306.0,342301.0,221450.0,165328.0,156863.0,199268.0,154601.0,138443.0,91443.0,38633.0,184524.0,713678.0,166664.0,398977.0,94276.0,123170.0,202107.0,119703.0,201805.0,109539.0,75314.0,689648.0,604726.0,619396.0,282921.0,348344.0,482442.0,91889.0,164984.0,70951.0,226086.0,202361.0,77829.0,37923.0,87247.0,135328.0,136326.0,97948.0,84556.0,123048.0,80530.0,902999.0,134516.0,185275.0,171939.0,348612.0,337077.0,230235.0,151760.0,50503.0,82799.0,73233.0,57686.0,69808.0,95864.0,194693.0,59192.0,12503247.0
육식동물 좀비 레전드 아포칼립스,원하,올나이트노벨,0.0,0.0,0.0,0.0,0.0,0.0,0.0,0.0,0.0,0.0,0.0,0.0,0.0,0.0,0.0,0.0,0.0,0.0,0.0,0.0,0.0,0.0,0.0,0.0,0.0,0.0,0.0,0.0,0.0,0.0,0.0,0.0,0.0,0.0,0.0,0.0,0.0,0.0,0.0,0.0,0.0,0.0,0.0,0.0,0.0,0.0,0.0,0.0,560493.0,614294.0,896081.0,5062438.0,1931306.0,785426.0,499027.0,412063.0,505894.0,354810.0,500254.0,270665.0,12392751.0
핵무기도 만들어 드림,북홀릭,포텐,0.0,0.0,0.0,0.0,0.0,0.0,0.0,0.0,0.0,0.0,0.0,0.0,0.0,0.0,0.0,0.0,0.0,0.0,0.0,0.0,0.0,0.0,0.0,0.0,0.0,0.0,0.0,0.0,0.0,0.0,0.0,0.0,0.0,0.0,0.0,0.0,0.0,0.0,0.0,0.0,0.0,0.0,0.0,0.0,0.0,0.0,0.0,0.0,0.0,0.0,0.0,2343.0,1197.0,12088513.0,0.0,0.0,0.0,0.0,0.0,0.0,12092053.0
내 딸은 천재화백,택이아빠,포텐,0.0,0.0,0.0,0.0,0.0,0.0,0.0,0.0,0.0,0.0,0.0,0.0,0.0,0.0,0.0,0.0,0.0,0.0,0.0,0.0,0.0,0.0,0.0,0.0,0.0,0.0,126359.0,249111.0,3118552.0,720045.0,988764.0,463102.0,752710.0,486556.0,386029.0,387376.0,270711.0,535276.0,144607.0,285678.0,495853.0,381660.0,288110.0,166939.0,143643.0,140820.0,79399.0,53886.0,129859.0,146680.0,283320.0,26909.0,34522.0,65773.0,58632.0,12171.0,29294.0,81675.0,202636.0,91242.0,11827899.0
리턴 레이드 헌터,인기영,포텐,0.0,0.0,0.0,0.0,0.0,0.0,0.0,0.0,0.0,0.0,0.0,0.0,0.0,0.0,0.0,0.0,0.0,0.0,0.0,0.0,0.0,0.0,0.0,0.0,0.0,50067.0,286450.0,196034.0,480814.0,329437.0,380313.0,2414115.0,358447.0,128685.0,869622.0,627495.0,504958.0,274991.0,238009.0,110286.0,104870.0,166597.0,122923.0,158412.0,123860.0,72809.0,73487.0,1736658.0,673251.0,151149.0,150298.0,70805.0,83083.0,142452.0,74743.0,108242.0,99141.0,80583.0,121012.0,68467.0,11632565.0
무적천년,와룡강,프로무림,160896.0,181248.0,119262.0,123200.0,159968.0,243200.0,316160.0,322560.0,160000.0,131200.0,236800.0,280320.0,185600.0,239040.0,140800.0,182400.0,281600.0,233600.0,284800.0,373760.0,183040.0,424960.0,271360.0,214400.0,282880.0,405120.0,276800.0,274752.0,237440.0,217856.0,182272.0,231284.0,160256.0,181427.0,137600.0,219038.0,189976.0,172032.0,185600.0,188800.0,194456.0,122856.0,92376.0,107455.0,105240.0,107056.0,109312.0,139400.0,150654.0,129256.0,143992.0,162226.0,168446.0,86656.0,98560.0,111680.0,74240.0,108436.0,54400.0,147200.0,11407204.0
지존독보,와룡강,프로무림,174836.0,145315.0,184292.0,110456.0,188899.0,196643.0,269068.0,296274.0,256901.0,228938.0,255486.0,230149.0,281616.0,212079.0,297832.0,299587.0,210863.0,186589.0,137998.0,245202.0,311748.0,229477.0,193840.0,176256.0,288483.0,211457.0,194283.0,193979.0,176997.0,158546.0,146044.0,145077.0,227510.0,164400.0,159883.0,172669.0,234786.0,186551.0,139787.0,203106.0,205428.0,130060.0,131116.0,162891.0,117024.0,157275.0,105259.0,221517.0,149884.0,163066.0,204572.0,205563.0,129553.0,115246.0,131938.0,202549.0,114255.0,95284.0,106886.0,194142.0,11367410.0
타락 부부,미도파,프로무림,0.0,0.0,0.0,0.0,0.0,0.0,0.0,0.0,0.0,0.0,0.0,0.0,0.0,0.0,0.0,0.0,0.0,24850.0,179410.0,447633.0,587482.0,758956.0,631592.0,491345.0,594025.0,512538.0,461712.0,360297.0,297505.0,268067.0,308176.0,290051.0,200941.0,285842.0,171089.0,167387.0,265623.0,160727.0,187387.0,179523.0,215175.0,158507.0,145839.0,269465.0,197690.0,245016.0,192837.0,163289.0,232877.0,128666.0,137727.0,212152.0,160212.0,140979.0,118852.0,79138.0,115038.0,108799.0,197762.0,175218.0,11227396.0
블랙 라벨 외,전남규,포텐,0.0,0.0,0.0,0.0,0.0,0.0,0.0,0.0,0.0,0.0,0.0,0.0,0.0,0.0,65136.0,748172.0,1160311.0,112965.0,1466722.0,1616098.0,683348.0,260164.0,909567.0,536244.0,155454.0,186217.0,507533.0,101432.0,305942.0,233957.0,56946.0,24640.0,50058.0,70126.0,165634.0,44618.0,19601.0,38901.0,44439.0,22400.0,102265.0,-4731.0,1323.0,26170.0,19209.0,24640.0,83492.0,111446.0,299350.0,93073.0,129502.0,97070.0,428327.0,59098.0,2445.0,79905.0,8361.0,6220.0,9702.0,2016.0,11165508.0
EX급 전생헌터,쥬시,포텐,1302497.0,340088.0,198996.0,4560825.0,877044.0,1093662.0,279286.0,157794.0,95074.0,52710.0,77756.0,275170.0,83930.0,16730.0,264918.0,116545.0,39155.0,66503.0,56324.0,6415.0,64920.0,44689.0,19599.0,18683.0,114307.0,78826.0,92996.0,46273.0,50938.0,14784.0,12306.0,1219.0,11445.0,26316.0,11649.0,35982.0,43636.0,39831.0,20847.0,-7423.0,11939.0,17490.0,23891.0,3070.0,3700.0,20858.0,15248.0,25416.0,8747.0,10825.0,21221.0,22659.0,17067.0,15936.0,34687.0,12450.0,17734.0,22755.0,6291.0,10932.0,11026161.0
황금수,나한,프로무림,159369.0,154120.0,365741.0,372892.0,541415.0,347902.0,222911.0,311321.0,349023.0,298860.0,301989.0,93029.0,244552.0,402787.0,289943.0,236369.0,128493.0,311799.0,442792.0,158831.0,120955.0,425880.0,172984.0,157430.0,1082004.0,284382.0,344540.0,277963.0,160650.0,54530.0,162190.0,300230.0,127610.0,148050.0,150045.0,96691.0,190682.0,54560.0,357229.0,150500.0,11970.0,3465.0,23499.0,21266.0,5355.0,25515.0,34266.0,39891.0,36981.0,21357.0,6174.0,24003.0,4221.0,5040.0,24948.0,77444.0,8249.0,14805.0,26712.0,5670.0,10974074.0
환골탈태1,와룡강,프로무림,107865.0,92245.0,114356.0,113441.0,135934.0,121511.0,231958.0,303497.0,235788.0,139211.0,168176.0,186075.0,220673.0,213230.0,232089.0,212764.0,215560.0,145105.0,222814.0,160122.0,216859.0,194499.0,144416.0,263789.0,223637.0,275654.0,252539.0,199244.0,146971.0,226112.0,150123.0,187488.0,157791.0,155062.0,206944.0,156999.0,170691.0,223433.0,178800.0,266714.0,135380.0,131099.0,263222.0,160773.0,181719.0,155768.0,121077.0,117577.0,238467.0,108533.0,79684.0,102650.0,136338.0,177184.0,111917.0,347406.0,169225.0,180736.0,94707.0,201523.0,10785164.0
신필천하,눈매,포텐,0.0,0.0,0.0,0.0,0.0,0.0,0.0,0.0,0.0,0.0,21420.0,75740.0,69650.0,235259.0,523944.0,816047.0,413801.0,458534.0,919957.0,212477.0,120618.0,113177.0,577868.0,413059.0,212519.0,416914.0,298141.0,248773.0,132604.0,144559.0,100516.0,70101.0,58164.0,33152.0,23340.0,38304.0,116589.0,56817.0,155283.0,70481.0,45215.0,25615.0,50778.0,98803.0,1112446.0,347033.0,104355.0,125705.0,125590.0,81811.0,147376.0,136116.0,135492.0,159722.0,156529.0,152795.0,100946.0,72559.0,50664.0,156709.0,10534067.0
EX급 만능사제가 되었다,김현준,포텐,0.0,0.0,0.0,0.0,0.0,0.0,0.0,0.0,0.0,0.0,0.0,0.0,0.0,0.0,0.0,0.0,0.0,0.0,0.0,0.0,0.0,0.0,0.0,0.0,0.0,0.0,0.0,0.0,0.0,0.0,0.0,0.0,0.0,0.0,0.0,0.0,0.0,0.0,0.0,0.0,0.0,0.0,0.0,0.0,0.0,0.0,0.0,0.0,0.0,0.0,0.0,0.0,0.0,0.0,0.0,0.0,1502146.0,920174.0,4363762.0,3735848.0,10521930.0
망겜의 마지막 플레이어,연암,포텐,1395051.0,1835445.0,527807.0,461023.0,267309.0,206304.0,290192.0,205856.0,202146.0,108080.0,138810.0,60200.0,198730.0,107970.0,180930.0,1039939.0,400802.0,126527.0,115718.0,136506.0,95270.0,121919.0,318459.0,84227.0,263010.0,278412.0,234565.0,83879.0,91177.0,51760.0,7194.0,7899.0,36740.0,35451.0,37204.0,27402.0,30471.0,111933.0,53232.0,32403.0,46592.0,42911.0,33746.0,41565.0,31436.0,9697.0,33873.0,21721.0,28544.0,37986.0,31825.0,39278.0,15186.0,12338.0,5961.0,15481.0,14317.0,30408.0,584.0,4421.0,10505822.0
생사신,몽월,프로무림,7200.0,27000.0,1800.0,7200.0,15300.0,7200.0,28800.0,11700.0,5400.0,900.0,9900.0,12600.0,2700.0,2700.0,3600.0,246000.0,3383900.0,2931700.0,1398200.0,144600.0,137500.0,7200.0,2700.0,19800.0,27000.0,34700.0,98370.0,38425.0,15615.0,38430.0,19390.0,36855.0,86289.0,21210.0,45710.0,98444.0,1095336.0,31124.0,13230.0,25200.0,15750.0,6580.0,1260.0,13510.0,5670.0,28770.0,44156.0,8224.0,1610.0,5040.0,3710.0,5110.0,7490.0,5040.0,147560.0,20160.0,13860.0,12880.0,12320.0,2100.0,10501728.0
수를 읽는 남자 세상을 바꾸는 컨설턴트,준강,포텐,0.0,0.0,0.0,0.0,0.0,0.0,0.0,0.0,0.0,0.0,0.0,0.0,0.0,0.0,0.0,0.0,0.0,0.0,0.0,0.0,0.0,0.0,0.0,0.0,0.0,0.0,0.0,0.0,0.0,0.0,0.0,0.0,0.0,0.0,0.0,0.0,0.0,0.0,0.0,0.0,0.0,603076.0,326981.0,1066744.0,776977.0,662933.0,615371.0,825710.0,900342.0,835924.0,762231.0,1129388.0,398535.0,104107.0,262068.0,349753.0,257273.0,349557.0,69493.0,151340.0,10447803.0
황금신수,나한,프로무림,181436.0,272510.0,464145.0,345349.0,255880.0,483034.0,258259.0,170804.0,231449.0,270576.0,111755.0,70966.0,52464.0,190077.0,444388.0,452463.0,418690.0,790707.0,686234.0,381723.0,235520.0,344155.0,238840.0,131985.0,93485.0,226100.0,55335.0,106274.0,55160.0,143010.0,70700.0,67760.0,228445.0,369229.0,140098.0,143220.0,142779.0,27930.0,322070.0,457953.0,185097.0,630.0,15435.0,1512.0,0.0,2835.0,14490.0,4095.0,23310.0,2835.0,16002.0,0.0,0.0,0.0,3465.0,9450.0,315.0,3150.0,2205.0,15610.0,10433393.0
대륙독보,와룡강,프로무림,169083.0,134106.0,194897.0,192812.0,214588.0,180475.0,228642.0,232558.0,245803.0,169773.0,181348.0,182036.0,257536.0,267074.0,403806.0,243371.0,270102.0,227101.0,145682.0,200402.0,293150.0,241806.0,144559.0,179905.0,160568.0,132730.0,179054.0,137071.0,202489.0,233521.0,169707.0,193775.0,143401.0,106354.0,108863.0,155399.0,192208.0,127518.0,173240.0,157363.0,186589.0,138415.0,209563.0,191144.0,131176.0,148758.0,119964.0,112498.0,110031.0,112171.0,119052.0,114413.0,99427.0,111850.0,101141.0,155874.0,98780.0,145910.0,121865.0,128352.0,10430849.0
녹림투왕,초우,프로무림,264792.0,334949.0,230612.0,276901.0,360258.0,224672.0,476531.0,329848.0,375068.0,369164.0,237493.0,190967.0,317102.0,146234.0,153559.0,164146.0,93240.0,163841.0,292941.0,192210.0,188007.0,172019.0,163066.0,227606.0,189914.0,220605.0,132660.0,384077.0,231628.0,165937.0,255487.0,158568.0,166297.0,131275.0,237597.0,187611.0,150999.0,197618.0,118518.0,118869.0,169779.0,86348.0,229901.0,168447.0,119993.0,147272.0,133943.0,162857.0,103713.0,88817.0,3168.0,0.0,0.0,0.0,0.0,0.0,0.0,0.0,0.0,0.0,10407124.0
북두무맥,와룡강,프로무림,176792.0,115241.0,142464.0,148190.0,211370.0,237910.0,189740.0,177560.0,228850.0,161190.0,181430.0,272278.0,242502.0,316870.0,282530.0,143070.0,145330.0,152539.0,205015.0,238396.0,195165.0,219623.0,195057.0,185708.0,246350.0,402681.0,288939.0,323051.0,258023.0,289632.0,198087.0,181874.0,162602.0,158429.0,191426.0,153725.0,148412.0,123119.0,151389.0,143149.0,158605.0,72286.0,82089.0,170032.0,151664.0,107271.0,64604.0,120048.0,164786.0,94541.0,163430.0,55994.0,105262.0,70000.0,45910.0,82974.0,80757.0,91629.0,70193.0,82780.0,10220563.0
주인공 먹는 엑스트라,인기영,포텐,0.0,0.0,0.0,0.0,0.0,0.0,44434.0,6167499.0,854243.0,565075.0,270028.0,145827.0,88770.0,107816.0,117135.0,62990.0,227947.0,102108.0,313456.0,136652.0,61760.0,75034.0,227834.0,43597.0,53852.0,26869.0,42371.0,-966.0,40298.0,32039.0,35785.0,40693.0,2896.0,8363.0,20092.0,3752.0,16912.0,24281.0,20299.0,745.0,7763.0,11442.0,11319.0,6955.0,12867.0,2930.0,23580.0,698.0,23248.0,10402.0,2953.0,1968.0,425.0,18493.0,-840.0,25752.0,3714.0,9699.0,18717.0,3747.0,10176318.0
군림몽,와룡강,프로무림,255555.0,200402.0,180624.0,147126.0,142529.0,161818.0,241580.0,263049.0,206076.0,249586.0,128892.0,142815.0,203281.0,199620.0,146159.0,242400.0,244453.0,294615.0,221943.0,200640.0,207337.0,276516.0,205191.0,152379.0,198463.0,198982.0,236580.0,249219.0,247492.0,205174.0,129222.0,252389.0,137132.0,240944.0,134204.0,138749.0,161350.0,121328.0,125190.0,175766.0,146981.0,67329.0,109112.0,159711.0,169832.0,150192.0,101343.0,126020.0,111276.0,84327.0,113534.0,116738.0,125511.0,141973.0,94920.0,97800.0,73560.0,79480.0,95750.0,91258.0,10123417.0
늙은 경비에게 조교당하는 스튜어디스의 이야기,푸른산붉은꽃,프로무림,0.0,0.0,0.0,0.0,0.0,0.0,0.0,0.0,0.0,0.0,0.0,0.0,0.0,0.0,0.0,0.0,0.0,362460.0,260344.0,380591.0,546431.0,566510.0,350326.0,339932.0,451699.0,580086.0,416253.0,252732.0,280802.0,279209.0,238738.0,260434.0,152139.0,167882.0,173686.0,132345.0,185780.0,107381.0,148330.0,150840.0,266488.0,292610.0,178496.0,128358.0,285271.0,150427.0,152256.0,115730.0,202263.0,118996.0,150603.0,182528.0,139861.0,65860.0,105940.0,220956.0,131219.0,148757.0,143375.0,106495.0,10071419.0
내 나이 90살에 회귀라니,커피와함께,프로무림,403330.0,386210.0,208631.0,254500.0,157270.0,217900.0,173970.0,118050.0,243110.0,222600.0,183265.0,187340.0,150500.0,213150.0,136730.0,229993.0,302580.0,104213.0,96644.0,173241.0,187738.0,355025.0,555086.0,160590.0,209512.0,146913.0,131102.0,86456.0,148592.0,273978.0,238363.0,226165.0,169735.0,109311.0,85717.0,128820.0,161389.0,83122.0,243973.0,117823.0,54309.0,75332.0,134841.0,104732.0,71890.0,137608.0,115483.0,72617.0,76415.0,80810.0,141375.0,129177.0,42608.0,90572.0,65999.0,241036.0,124366.0,93860.0,83352.0,141959.0,10060978.0
십왕독보,와룡강,프로무림,211702.0,143340.0,121257.0,120069.0,135761.0,141036.0,210006.0,245115.0,183525.0,228511.0,239452.0,217852.0,178625.0,164265.0,253318.0,364192.0,209541.0,142870.0,203417.0,196821.0,294141.0,276026.0,225912.0,163988.0,229436.0,185340.0,170746.0,176141.0,145598.0,158978.0,172647.0,174587.0,224635.0,143482.0,181705.0,124542.0,220848.0,194246.0,131567.0,88472.0,145564.0,173919.0,105857.0,134722.0,217842.0,120833.0,191385.0,85006.0,102601.0,217410.0,139419.0,148534.0,108061.0,127742.0,77895.0,170941.0,59941.0,92930.0,4150.0,0.0,10018464.0
천마강림,청산,포텐,411009.0,266532.0,256038.0,229922.0,159131.0,95998.0,80276.0,280505.0,237769.0,486066.0,136710.0,183610.0,226268.0,102040.0,96600.0,80535.0,131253.0,52813.0,105098.0,100408.0,99435.0,280027.0,332238.0,78337.0,71285.0,137990.0,151190.0,100102.0,89359.0,92727.0,115881.0,145272.0,56344.0,112142.0,71612.0,134115.0,149541.0,37726.0,65315.0,124315.0,156142.0,188080.0,101255.0,106322.0,45580.0,62962.0,49960.0,25600.0,90053.0,46228.0,309980.0,917732.0,305496.0,130241.0,494184.0,250089.0,145941.0,200504.0,110601.0,113124.0,10013608.0
역대급 야구 천재의 탄생,삼십춘기,포텐,0.0,0.0,0.0,0.0,0.0,0.0,0.0,0.0,0.0,0.0,0.0,0.0,0.0,0.0,0.0,0.0,0.0,0.0,0.0,0.0,0.0,0.0,0.0,0.0,0.0,0.0,0.0,0.0,0.0,0.0,0.0,0.0,0.0,0.0,99046.0,2097375.0,879123.0,360491.0,188012.0,163927.0,425365.0,733036.0,237538.0,149148.0,125788.0,181647.0,82119.0,59609.0,1735746.0,427767.0,277164.0,216913.0,206082.0,296195.0,194672.0,284624.0,174763.0,124471.0,111065.0,140498.0,9972184.0
역대급 포식능력자의 차,이세계사장,포텐,0.0,0.0,0.0,0.0,0.0,0.0,0.0,0.0,0.0,0.0,0.0,0.0,0.0,0.0,0.0,0.0,0.0,0.0,0.0,0.0,0.0,0.0,0.0,0.0,0.0,0.0,0.0,0.0,0.0,0.0,0.0,0.0,0.0,0.0,0.0,0.0,0.0,34.0,565651.0,425681.0,652701.0,513021.0,390489.0,380319.0,1652697.0,1593988.0,313521.0,385514.0,310190.0,256399.0,156098.0,248848.0,260742.0,157288.0,327004.0,200060.0,175008.0,423275.0,302062.0,273820.0,9964410.0
절대고수,와룡강,프로무림,193059.0,108957.0,101742.0,172931.0,134735.0,205030.0,260120.0,328760.0,299060.0,203190.0,175100.0,228330.0,179360.0,212260.0,201600.0,167580.0,192760.0,384300.0,208000.0,214660.0,184220.0,171360.0,130800.0,193830.0,272350.0,145554.0,183300.0,203020.0,191700.0,149130.0,183930.0,71230.0,142860.0,135420.0,266630.0,141130.0,164270.0,98900.0,121130.0,208710.0,186314.0,218046.0,61330.0,94512.0,119858.0,170680.0,84390.0,81900.0,145200.0,101030.0,94130.0,60788.0,91316.0,104190.0,95480.0,187230.0,145089.0,80060.0,50440.0,178340.0,9881331.0
달마삼검,황정검,프로무림,224900.0,300550.0,121750.0,101930.0,137630.0,107760.0,69750.0,100960.0,75000.0,47130.0,105030.0,90320.0,111280.0,153110.0,200480.0,81110.0,62400.0,49650.0,482989.0,1008680.0,273630.0,258670.0,159148.0,83306.0,128140.0,86360.0,125050.0,232760.0,521750.0,794030.0,573384.0,389668.0,502850.0,592570.0,627720.0,296482.0,100087.0,101740.0,62610.0,10298.0,4815.0,14080.0,9112.0,900.0,8098.0,7797.0,11870.0,23561.0,9338.0,24300.0,51686.0,33327.0,16020.0,18103.0,900.0,4167.0,2880.0,0.0,1800.0,900.0,9796316.0
구대마왕,몽월,프로무림,900.0,15300.0,100.0,1800.0,52400.0,3600.0,2099000.0,1223500.0,151500.0,3600.0,19800.0,80000.0,6300.0,900.0,49300.0,76800.0,13200.0,2700.0,183800.0,314400.0,16200.0,54000.0,1800.0,1898800.0,2990100.0,84600.0,32670.0,4550.0,13105.0,53860.0,77310.0,7560.0,9170.0,5670.0,6300.0,6020.0,18606.0,44436.0,8330.0,26390.0,1890.0,8330.0,4760.0,4270.0,10710.0,1260.0,0.0,8568.0,7182.0,5670.0,0.0,2520.0,1260.0,1260.0,7070.0,1260.0,7560.0,0.0,12600.0,5040.0,9749587.0
1980 독식하는 재벌,독성,포텐,0.0,0.0,0.0,0.0,0.0,0.0,0.0,0.0,0.0,0.0,0.0,0.0,0.0,0.0,0.0,0.0,0.0,0.0,0.0,0.0,0.0,0.0,0.0,0.0,0.0,0.0,0.0,0.0,0.0,0.0,0.0,0.0,0.0,0.0,0.0,0.0,0.0,854756.0,699668.0,1632189.0,829813.0,1326495.0,1240138.0,868633.0,533071.0,223766.0,237179.0,203462.0,211704.0,196951.0,70309.0,79396.0,33936.0,47516.0,66054.0,140100.0,61314.0,36970.0,38096.0,32147.0,9663663.0
모용세가 역대급 천재의 귀환,독성(송재훈),포텐,0.0,0.0,0.0,0.0,0.0,0.0,0.0,0.0,0.0,0.0,0.0,0.0,0.0,0.0,0.0,0.0,0.0,0.0,0.0,0.0,0.0,0.0,0.0,0.0,0.0,0.0,0.0,259856.0,102742.0,174048.0,509782.0,1031568.0,854566.0,682188.0,565889.0,640870.0,635375.0,459978.0,322564.0,342021.0,210554.0,175548.0,338490.0,190922.0,234915.0,105580.0,77376.0,84466.0,137380.0,233181.0,108616.0,116958.0,115879.0,102049.0,165763.0,126991.0,90416.0,94171.0,60404.0,105719.0,9456825.0
재벌세는 총수가 되고 싶다,독성,포텐,0.0,0.0,0.0,0.0,0.0,0.0,0.0,0.0,0.0,0.0,0.0,0.0,0.0,0.0,0.0,0.0,0.0,0.0,0.0,0.0,0.0,0.0,0.0,0.0,0.0,0.0,0.0,0.0,0.0,0.0,0.0,0.0,0.0,0.0,0.0,0.0,0.0,0.0,0.0,0.0,0.0,0.0,0.0,0.0,0.0,0.0,0.0,0.0,0.0,1129438.0,652133.0,403704.0,1408321.0,830471.0,452716.0,3077419.0,531453.0,265067.0,396913.0,199132.0,9346767.0
단권 다시 태어난 야구 천재,소구장,포텐,0.0,0.0,0.0,0.0,0.0,0.0,0.0,0.0,0.0,0.0,0.0,0.0,0.0,0.0,0.0,0.0,0.0,0.0,0.0,0.0,0.0,0.0,0.0,0.0,0.0,0.0,0.0,0.0,0.0,0.0,0.0,0.0,0.0,0.0,0.0,0.0,0.0,0.0,0.0,0.0,0.0,0.0,0.0,0.0,0.0,0.0,0.0,1772957.0,1550141.0,1134709.0,850650.0,1120993.0,396625.0,290493.0,277310.0,304142.0,366184.0,432327.0,154042.0,443907.0,9094480.0
졸부 집 망나니,백범,포텐,0.0,0.0,0.0,0.0,0.0,190500.0,195980.0,74855.0,44055.0,41580.0,24585.0,66385.0,79376.0,57475.0,43560.0,41360.0,56364.0,35500.0,20718.0,28696.0,30265.0,31083.0,11665.0,21558.0,5589.0,21434.0,24811.0,6829.0,36202.0,5032.0,25126.0,28427.0,30283.0,40642.0,51285.0,34977.0,95820.0,179939.0,62520.0,70148.0,121256.0,15189.0,23403.0,19910.0,26271.0,822808.0,75467.0,209455.0,694852.0,364395.0,161915.0,137754.0,198076.0,266483.0,108844.0,502175.0,122406.0,167719.0,349450.0,2727814.0,8930266.0
제161장 니,설봉,프로무림,124800.0,22400.0,227200.0,22400.0,176000.0,438400.0,380800.0,508800.0,272000.0,147200.0,96000.0,278400.0,150400.0,368000.0,44800.0,9600.0,134400.0,182400.0,348800.0,620800.0,144000.0,147200.0,380800.0,54400.0,41600.0,403200.0,217600.0,86400.0,182400.0,560000.0,182400.0,214400.0,19200.0,16000.0,70400.0,3200.0,3200.0,32000.0,0.0,51200.0,70400.0,19200.0,12800.0,41600.0,313600.0,12800.0,70400.0,0.0,0.0,6400.0,70400.0,35200.0,73600.0,35200.0,192000.0,124800.0,102400.0,44800.0,233600.0,64000.0,8886400.0
단권 곤륜패선,윤신현,포텐,0.0,0.0,0.0,0.0,0.0,0.0,0.0,0.0,0.0,0.0,0.0,0.0,0.0,0.0,0.0,0.0,0.0,0.0,0.0,0.0,0.0,0.0,0.0,0.0,0.0,0.0,0.0,0.0,0.0,0.0,0.0,0.0,0.0,0.0,0.0,0.0,0.0,0.0,0.0,0.0,0.0,0.0,0.0,0.0,0.0,0.0,0.0,0.0,0.0,0.0,0.0,0.0,0.0,465069.0,1442462.0,4911105.0,423634.0,692656.0,676255.0,275102.0,8886283.0
정의구현으로 레벨 업,휴헤,포텐,1190.0,0.0,660285.0,2402362.0,1118325.0,564505.0,247828.0,179824.0,415508.0,120392.0,186334.0,74753.0,18361.0,42756.0,406185.0,267800.0,53394.0,30055.0,186473.0,309893.0,117024.0,110483.0,122572.0,34733.0,203994.0,65814.0,61647.0,105197.0,24573.0,27360.0,33236.0,26684.0,80916.0,29907.0,14758.0,11613.0,465.0,14063.0,12284.0,2731.0,5361.0,10169.0,16900.0,4609.0,14453.0,11586.0,11192.0,7465.0,5049.0,5035.0,26800.0,45765.0,30134.0,47786.0,41711.0,17598.0,25258.0,18037.0,7756.0,13417.0,8752358.0
내 몸은 무한재생,광어,포텐,0.0,0.0,0.0,0.0,0.0,0.0,0.0,0.0,0.0,0.0,0.0,0.0,0.0,0.0,0.0,0.0,0.0,0.0,0.0,0.0,0.0,0.0,0.0,0.0,0.0,95178.0,373569.0,1192509.0,1287238.0,1059493.0,588810.0,369671.0,245523.0,261135.0,99229.0,163324.0,162048.0,255424.0,387040.0,175316.0,152057.0,102017.0,91145.0,107810.0,134701.0,141451.0,31258.0,117316.0,118593.0,111258.0,47030.0,124630.0,24328.0,51895.0,97588.0,56035.0,72404.0,72371.0,65126.0,119126.0,8553646.0
재벌이 회귀했는데 뭔들 못하겠어,관측불가,포텐,0.0,0.0,0.0,0.0,0.0,0.0,0.0,0.0,0.0,0.0,0.0,0.0,0.0,0.0,0.0,0.0,0.0,0.0,0.0,0.0,0.0,0.0,0.0,0.0,0.0,0.0,0.0,0.0,0.0,0.0,0.0,0.0,0.0,0.0,0.0,0.0,0.0,0.0,80316.0,1147448.0,4516416.0,487363.0,168806.0,0.0,67155.0,165578.0,73181.0,231398.0,223135.0,428717.0,82704.0,169287.0,60423.0,114003.0,35330.0,94732.0,70564.0,167094.0,40337.0,113839.0,8537826.0
미라클 테이머,인기영,포텐,0.0,0.0,0.0,0.0,0.0,0.0,0.0,0.0,0.0,0.0,0.0,0.0,0.0,0.0,0.0,0.0,0.0,0.0,0.0,0.0,0.0,0.0,0.0,0.0,0.0,39669.0,219133.0,231297.0,162760.0,282859.0,541580.0,788418.0,294271.0,245142.0,651909.0,608896.0,344421.0,238437.0,213663.0,187205.0,167341.0,154578.0,118339.0,112877.0,83590.0,54017.0,74166.0,1033188.0,368167.0,176602.0,150298.0,122553.0,57311.0,86231.0,105405.0,113907.0,59903.0,131529.0,47775.0,76769.0,8344206.0
고인물 무림에 가다,갈드,포텐,0.0,0.0,0.0,0.0,0.0,0.0,0.0,0.0,0.0,0.0,0.0,0.0,0.0,0.0,0.0,0.0,0.0,0.0,0.0,0.0,0.0,0.0,0.0,0.0,0.0,0.0,0.0,0.0,350.0,130864.0,67404.0,717637.0,1326044.0,243109.0,139372.0,164262.0,58094.0,82741.0,73736.0,50736.0,85090.0,37347.0,269090.0,1039745.0,327859.0,211859.0,174211.0,80904.0,541797.0,980905.0,484012.0,377561.0,142305.0,66440.0,36351.0,53033.0,53064.0,95033.0,72629.0,53737.0,8237321.0
단권 노가다 김씨 자동사냥으로 꿀 빱니다,쇼츠,포텐,0.0,0.0,0.0,0.0,0.0,0.0,0.0,0.0,0.0,0.0,0.0,0.0,0.0,0.0,0.0,0.0,0.0,0.0,0.0,0.0,0.0,0.0,0.0,0.0,0.0,0.0,0.0,0.0,0.0,0.0,0.0,0.0,0.0,0.0,0.0,0.0,0.0,0.0,0.0,0.0,0.0,0.0,0.0,0.0,0.0,0.0,0.0,0.0,0.0,0.0,0.0,0.0,0.0,0.0,0.0,0.0,2328384.0,1914289.0,2459869.0,1510314.0,8212856.0
전설 속 검신의 재림,김조선,포텐,0.0,0.0,0.0,0.0,0.0,0.0,0.0,0.0,0.0,0.0,0.0,0.0,0.0,0.0,0.0,0.0,0.0,0.0,0.0,0.0,0.0,0.0,0.0,0.0,0.0,0.0,0.0,0.0,0.0,0.0,0.0,0.0,0.0,0.0,2894693.0,1043487.0,215930.0,459022.0,270356.0,351061.0,273499.0,415524.0,155866.0,194985.0,297027.0,335198.0,147430.0,94330.0,230805.0,199009.0,101038.0,72775.0,76896.0,66128.0,60425.0,50990.0,19814.0,44244.0,32771.0,12751.0,8116054.0
나 홀로 마법사,북홀릭,포텐,465543.0,538400.0,412089.0,281061.0,175630.0,308091.0,277908.0,118560.0,133102.0,110490.0,98920.0,165966.0,103327.0,97973.0,159877.0,77230.0,180818.0,208170.0,668957.0,196643.0,79295.0,101105.0,73724.0,92115.0,60787.0,183142.0,37808.0,63205.0,64200.0,52251.0,176622.0,196403.0,69211.0,101864.0,39092.0,89654.0,27656.0,91916.0,64100.0,53620.0,50937.0,86791.0,57175.0,20358.0,275415.0,320022.0,115284.0,65782.0,65087.0,73415.0,119448.0,72905.0,26380.0,82840.0,48253.0,24897.0,19606.0,28818.0,15307.0,38448.0,8103693.0
마왕이 나노머신을 숨김,갈드,포텐,0.0,0.0,0.0,0.0,0.0,0.0,0.0,0.0,0.0,0.0,0.0,0.0,0.0,0.0,0.0,0.0,0.0,910.0,94296.0,211469.0,2566886.0,548569.0,263666.0,642878.0,668535.0,171037.0,179049.0,188814.0,75965.0,61545.0,42951.0,19887.0,31091.0,21553.0,29540.0,20241.0,36872.0,16889.0,23378.0,19072.0,12488.0,18107.0,9797.0,48848.0,103429.0,465785.0,134283.0,242950.0,35617.0,116066.0,185447.0,188979.0,120764.0,136852.0,74026.0,71522.0,81127.0,30291.0,9105.0,47690.0,8068266.0
역천귀,동윤,포텐,6314.0,4235.0,3760.0,26656.0,11151.0,20930.0,5243.0,9170.0,8680.0,14630.0,476.0,3850.0,9030.0,141079.0,382369.0,1190278.0,983089.0,996014.0,309764.0,578648.0,75845.0,95127.0,231347.0,403915.0,202119.0,258143.0,263631.0,64463.0,33619.0,253267.0,145340.0,100778.0,41671.0,50705.0,14204.0,8512.0,8392.0,24864.0,11519.0,31589.0,7893.0,46692.0,49053.0,27045.0,30669.0,18831.0,34546.0,18249.0,7533.0,39176.0,33907.0,312.0,3024.0,9178.0,22996.0,39957.0,2030.0,34888.0,4410.0,461645.0,7916450.0
우연히 주운 외계시계로 인생역,박재학,포텐,0.0,0.0,0.0,0.0,0.0,0.0,0.0,0.0,0.0,0.0,0.0,0.0,0.0,0.0,0.0,0.0,0.0,0.0,0.0,0.0,0.0,0.0,0.0,0.0,0.0,1203090.0,1266230.0,363230.0,1564194.0,357247.0,458749.0,110317.0,178370.0,122289.0,113348.0,93863.0,91637.0,91496.0,110216.0,55760.0,62591.0,73226.0,26777.0,52519.0,21886.0,49531.0,88525.0,243403.0,145311.0,78547.0,64446.0,76994.0,61155.0,45989.0,33366.0,227089.0,83273.0,98861.0,81215.0,73531.0,7868271.0
전장의 군주,박시원,포텐,557556.0,247355.0,209120.0,184455.0,90665.0,141875.0,111548.0,145923.0,125304.0,72494.0,62305.0,153165.0,120096.0,82940.0,43934.0,81185.0,132108.0,119505.0,55047.0,75686.0,121889.0,72147.0,83343.0,41964.0,128567.0,203419.0,91313.0,173012.0,87323.0,444951.0,447357.0,112037.0,73754.0,68376.0,60036.0,78103.0,76365.0,82030.0,99264.0,43351.0,66624.0,77116.0,46750.0,49295.0,39965.0,46365.0,93774.0,56475.0,131566.0,80613.0,122871.0,211394.0,278997.0,205279.0,181836.0,125056.0,105021.0,265226.0,164273.0,99647.0,7849010.0
야구를 못할 수가 없음,삼십춘기,포텐,0.0,0.0,0.0,0.0,0.0,0.0,0.0,0.0,0.0,0.0,0.0,0.0,0.0,0.0,0.0,0.0,0.0,0.0,0.0,0.0,0.0,0.0,0.0,0.0,0.0,0.0,0.0,0.0,0.0,336091.0,334601.0,321169.0,442396.0,996911.0,912364.0,765727.0,399468.0,302652.0,205951.0,160083.0,207420.0,310285.0,164532.0,180212.0,133906.0,84982.0,104182.0,174680.0,196348.0,88957.0,144570.0,118395.0,83033.0,123680.0,111886.0,89705.0,84447.0,65847.0,49373.0,89690.0,7783543.0
단권서클 소드마스터,강철민,포텐,0.0,0.0,0.0,0.0,0.0,0.0,0.0,0.0,0.0,0.0,0.0,0.0,0.0,0.0,0.0,0.0,0.0,0.0,0.0,0.0,0.0,0.0,0.0,0.0,0.0,0.0,0.0,0.0,0.0,0.0,0.0,0.0,0.0,0.0,0.0,0.0,0.0,0.0,0.0,0.0,0.0,0.0,0.0,0.0,0.0,0.0,0.0,0.0,0.0,0.0,0.0,0.0,0.0,0.0,0.0,0.0,0.0,1558998.0,3425796.0,2787778.0,7772572.0
주인공의 수호기사가 되었다,삼십춘기,포텐,528019.0,190716.0,321378.0,173008.0,436992.0,327572.0,656623.0,135434.0,276588.0,436145.0,104928.0,184049.0,242788.0,241160.0,141680.0,62700.0,418849.0,317478.0,194076.0,181786.0,103903.0,97022.0,54402.0,43709.0,52761.0,23246.0,17586.0,28701.0,21404.0,16254.0,6228.0,2387.0,2709.0,3730.0,11066.0,21513.0,43417.0,12111.0,15190.0,6510.0,8241.0,2783.0,6810.0,2043.0,17841.0,11200.0,3477.0,897217.0,286157.0,91363.0,44410.0,39640.0,44977.0,77167.0,33429.0,16754.0,11667.0,4023.0,0.0,2331.0,7757348.0
다따먹점혈법,탄마,올나이트노벨,0.0,0.0,0.0,0.0,0.0,0.0,0.0,0.0,0.0,0.0,0.0,0.0,0.0,0.0,0.0,0.0,0.0,0.0,0.0,0.0,0.0,0.0,0.0,0.0,0.0,0.0,0.0,0.0,0.0,0.0,0.0,0.0,0.0,0.0,0.0,0.0,0.0,0.0,0.0,0.0,0.0,0.0,0.0,0.0,0.0,0.0,0.0,0.0,0.0,0.0,0.0,0.0,0.0,0.0,438742.0,1874918.0,2467651.0,1451720.0,859501.0,657454.0,7749986.0
매지컬 써전,백범(白帆),포텐,0.0,0.0,0.0,0.0,0.0,1110070.0,825113.0,294664.0,346335.0,265864.0,185322.0,129602.0,178337.0,170010.0,228580.0,268977.0,222546.0,61851.0,255756.0,193043.0,270479.0,119953.0,224282.0,288293.0,275151.0,175643.0,168792.0,126176.0,165172.0,182306.0,81637.0,117763.0,76124.0,28177.0,70156.0,18723.0,26917.0,76229.0,74961.0,27892.0,-2911.0,41909.0,12361.0,23947.0,47723.0,74977.0,15747.0,7625.0,6374.0,10210.0,38475.0,4427.0,3782.0,3817.0,10332.0,3663.0,13893.0,1042.0,17312.0,65737.0,7731338.0
코인 무한 능력으로 BJ 따먹기,용병애쉬,프로무림,0.0,0.0,0.0,0.0,0.0,0.0,0.0,0.0,0.0,0.0,0.0,0.0,0.0,0.0,0.0,0.0,0.0,0.0,0.0,0.0,0.0,0.0,0.0,0.0,0.0,0.0,0.0,0.0,713650.0,535990.0,531580.0,343350.0,462560.0,284970.0,186676.0,476783.0,710276.0,205813.0,140127.0,182702.0,234009.0,60737.0,95193.0,108034.0,102753.0,272590.0,291504.0,267624.0,299325.0,139779.0,218842.0,106568.0,11243.0,31375.0,37285.0,80190.0,40276.0,92685.0,274334.0,136194.0,7675017.0
게임 속 정의로온 기사가 되었다,이동열,포텐,0.0,0.0,0.0,0.0,0.0,0.0,0.0,0.0,0.0,0.0,0.0,0.0,0.0,0.0,0.0,0.0,0.0,0.0,0.0,0.0,0.0,0.0,0.0,0.0,0.0,0.0,0.0,0.0,0.0,86997.0,4619426.0,656859.0,234892.0,210268.0,292061.0,110292.0,69776.0,179073.0,619057.0,84583.0,55714.0,68956.0,52780.0,13919.0,29813.0,14752.0,700.0,22018.0,3425.0,140.0,14295.0,4.0,65181.0,34524.0,36480.0,14117.0,17088.0,3674.0,25402.0,-1131.0,7635135.0
사신,설봉,프로무림,313600.0,137600.0,112000.0,278400.0,224640.0,89600.0,57600.0,92800.0,35200.0,316360.0,316800.0,141700.0,224640.0,96780.0,225780.0,44480.0,412940.0,864020.0,1172920.0,847420.0,758731.0,468326.0,253812.0,94160.0,-14400.0,0.0,0.0,0.0,0.0,0.0,0.0,0.0,0.0,0.0,0.0,2.0,0.0,0.0,0.0,0.0,0.0,0.0,0.0,0.0,0.0,0.0,0.0,0.0,0.0,0.0,0.0,0.0,0.0,0.0,0.0,0.0,0.0,0.0,0.0,0.0,7565911.0
미친 재능의 막내공자님,작두콩,포텐,0.0,0.0,0.0,0.0,0.0,0.0,0.0,0.0,0.0,0.0,0.0,0.0,0.0,0.0,0.0,0.0,0.0,0.0,16030.0,116064.0,137361.0,65926.0,83845.0,17834.0,16195.0,131191.0,284951.0,3415011.0,494463.0,189546.0,301070.0,212664.0,75448.0,51034.0,44100.0,216742.0,52986.0,51951.0,119362.0,152705.0,66316.0,23216.0,41060.0,175220.0,207444.0,49430.0,156118.0,54068.0,19098.0,47416.0,60805.0,40530.0,7816.0,80219.0,23621.0,40602.0,24899.0,21636.0,157175.0,20795.0,7563963.0
SSS급 천재,북홀릭,포텐,258813.0,166374.0,156931.0,243837.0,383053.0,253649.0,735655.0,163297.0,163359.0,145597.0,129944.0,142601.0,205654.0,134231.0,110290.0,123403.0,136662.0,174138.0,138402.0,142785.0,98679.0,88630.0,160567.0,129922.0,84428.0,118131.0,132930.0,100606.0,79107.0,136246.0,220226.0,214743.0,146727.0,74113.0,97545.0,62024.0,66478.0,116646.0,74309.0,76727.0,66648.0,69741.0,55132.0,87688.0,53460.0,48823.0,66652.0,61661.0,28708.0,61770.0,75476.0,22556.0,87298.0,81839.0,64992.0,67742.0,27413.0,52205.0,31616.0,29806.0,7528685.0
능력 믿고 막 간다,반취객,포텐,515510.0,303929.0,157689.0,323146.0,64459.0,236379.0,55580.0,148362.0,141378.0,129440.0,217939.0,186064.0,165530.0,265229.0,1318483.0,570894.0,296949.0,108516.0,126425.0,50794.0,177508.0,112084.0,35689.0,30703.0,217590.0,136587.0,77063.0,16394.0,77998.0,114221.0,67613.0,18288.0,68331.0,102737.0,24451.0,60224.0,9056.0,37118.0,89260.0,40152.0,73837.0,104771.0,38855.0,53209.0,9286.0,83222.0,52647.0,28336.0,31024.0,25543.0,25019.0,29106.0,0.0,10794.0,30660.0,13398.0,0.0,558.0,0.0,1764.0,7507791.0
밀리 역대급 포식능력자의 차,이세계사장,포텐,0.0,0.0,0.0,0.0,0.0,0.0,0.0,0.0,0.0,0.0,0.0,0.0,0.0,0.0,0.0,0.0,0.0,0.0,0.0,0.0,0.0,0.0,0.0,0.0,0.0,0.0,0.0,0.0,0.0,0.0,0.0,0.0,0.0,0.0,0.0,0.0,0.0,0.0,0.0,0.0,0.0,0.0,0.0,945000.0,3535000.0,865000.0,225000.0,265000.0,210000.0,220000.0,325000.0,215000.0,210000.0,290720.0,10240.0,40960.0,25600.0,30720.0,46080.0,5120.0,7464440.0
성형무공 가슴 키워드림,탄마,올나이트노벨,0.0,0.0,0.0,0.0,0.0,0.0,0.0,0.0,0.0,0.0,0.0,0.0,0.0,0.0,0.0,0.0,0.0,0.0,0.0,0.0,0.0,0.0,0.0,0.0,0.0,0.0,0.0,0.0,0.0,0.0,0.0,0.0,0.0,0.0,0.0,0.0,0.0,0.0,0.0,0.0,0.0,0.0,0.0,0.0,0.0,0.0,0.0,1551896.0,1870006.0,883016.0,590577.0,495722.0,371768.0,331346.0,270174.0,275578.0,320702.0,211343.0,165100.0,109377.0,7446605.0
꿈꾸는 스타 메이커,뤼케시온,포텐,0.0,0.0,0.0,0.0,0.0,0.0,0.0,136738.0,302203.0,131835.0,1938411.0,153241.0,29975.0,86174.0,388654.0,49065.0,497557.0,87375.0,265588.0,201876.0,196769.0,344184.0,485357.0,326959.0,155019.0,353972.0,88168.0,103619.0,104177.0,107103.0,24066.0,23197.0,31562.0,22330.0,21643.0,68861.0,27592.0,46749.0,10401.0,46973.0,29949.0,46016.0,36712.0,21233.0,28199.0,22366.0,13411.0,21699.0,35704.0,32369.0,31409.0,22753.0,24159.0,16638.0,13570.0,9554.0,10581.0,5400.0,9691.0,1183.0,7289989.0
환생했더니 정령군주,윤신현,포텐,0.0,0.0,0.0,0.0,0.0,0.0,0.0,0.0,0.0,0.0,0.0,0.0,0.0,0.0,0.0,0.0,0.0,0.0,0.0,0.0,0.0,0.0,0.0,0.0,0.0,0.0,0.0,0.0,0.0,0.0,0.0,0.0,0.0,0.0,0.0,0.0,0.0,0.0,0.0,0.0,0.0,0.0,0.0,0.0,0.0,0.0,45833.0,379030.0,408037.0,290239.0,924260.0,1571571.0,518019.0,329523.0,586540.0,789857.0,240479.0,381735.0,499374.0,311953.0,7276450.0
철혈기인,와룡강,프로무림,117629.0,108502.0,159932.0,67835.0,146944.0,125528.0,61381.0,144435.0,146451.0,173475.0,114136.0,138237.0,124255.0,148616.0,137643.0,165669.0,127038.0,105687.0,129036.0,126442.0,158479.0,114130.0,164734.0,160881.0,148320.0,136240.0,174059.0,129758.0,147337.0,128818.0,171504.0,120510.0,139175.0,114582.0,79523.0,104284.0,128418.0,149398.0,129784.0,64918.0,100918.0,94792.0,100477.0,112442.0,120597.0,86726.0,65628.0,76077.0,146883.0,169622.0,79199.0,121425.0,69604.0,69321.0,77679.0,133204.0,56881.0,100366.0,61807.0,143550.0,7220921.0
역적조련사 조선을 바꾸다,Lucubro,포텐,443800.0,156731.0,255371.0,213882.0,180833.0,253625.0,235445.0,246562.0,147368.0,105010.0,43516.0,98876.0,188663.0,49200.0,368527.0,244093.0,101850.0,60277.0,116705.0,260656.0,280033.0,137952.0,140372.0,166482.0,160860.0,228711.0,322365.0,114184.0,122664.0,157955.0,154011.0,87240.0,112765.0,99961.0,30375.0,45517.0,28791.0,41075.0,22931.0,30356.0,87881.0,71594.0,46973.0,52897.0,25496.0,38957.0,14314.0,52320.0,21577.0,25909.0,86847.0,29131.0,39859.0,87088.0,47091.0,72378.0,40539.0,10611.0,42456.0,35120.0,7184628.0
조선혁명군주,Lucubro,포텐,285309.0,362210.0,276486.0,270666.0,182515.0,191175.0,160152.0,193712.0,216798.0,130149.0,164451.0,131169.0,127655.0,195147.0,118631.0,216697.0,85234.0,113123.0,88862.0,142888.0,221145.0,133422.0,76492.0,38042.0,177683.0,98172.0,104356.0,103636.0,214288.0,79097.0,77488.0,88604.0,60197.0,98422.0,64309.0,95749.0,110074.0,105130.0,16874.0,59702.0,93706.0,142021.0,69550.0,76100.0,122404.0,127630.0,65641.0,42958.0,57025.0,35177.0,60293.0,73210.0,81097.0,82133.0,70840.0,36912.0,57417.0,92071.0,44126.0,75950.0,7182172.0
용사는 조용히 살고 싶다,Curtain Call,포텐,0.0,0.0,0.0,0.0,0.0,0.0,0.0,0.0,840.0,3150.0,285413.0,232496.0,3077976.0,537350.0,269211.0,441915.0,238296.0,169619.0,125734.0,497599.0,195561.0,252797.0,31609.0,13213.0,43798.0,19948.0,8243.0,22907.0,33531.0,3649.0,1289.0,210.0,70.0,5145.0,70.0,2195.0,224.0,2543.0,32137.0,3405.0,316.0,4754.0,1004.0,93.0,33377.0,163189.0,31984.0,70075.0,23645.0,24809.0,35116.0,77682.0,62582.0,63043.0,7135.0,4151.0,4070.0,8738.0,1953.0,3150.0,7173009.0
천마무,와룡강,프로무림,108225.0,83765.0,117511.0,75945.0,107350.0,121802.0,189425.0,169955.0,186504.0,174908.0,89452.0,107765.0,165916.0,141998.0,171315.0,110026.0,168726.0,139669.0,103824.0,105669.0,153876.0,129180.0,82381.0,160406.0,94651.0,142122.0,156093.0,146483.0,103842.0,137754.0,102760.0,152270.0,174954.0,108848.0,93825.0,113518.0,177976.0,161703.0,98818.0,102248.0,141217.0,124631.0,76297.0,111058.0,75196.0,83333.0,59640.0,69634.0,137407.0,96114.0,68816.0,39692.0,82914.0,127924.0,47549.0,249509.0,88598.0,73231.0,61719.0,101175.0,7149112.0
갤럭시the Galaxy 코르모토 행성의 이방인,박재학,프로무림,2115.0,4355.0,2115.0,1755.0,1701.0,3500.0,2385.0,2826.0,223980.0,183120.0,144625.0,203497.0,224845.0,157750.0,225715.0,149813.0,165925.0,178622.0,162341.0,233157.0,218218.0,156973.0,138127.0,139081.0,251242.0,145031.0,125763.0,95962.0,210219.0,130044.0,152478.0,269787.0,182885.0,150131.0,177339.0,122158.0,159809.0,10249.0,88182.0,118652.0,144613.0,60035.0,89626.0,83824.0,115624.0,107064.0,168787.0,86633.0,74089.0,52701.0,71906.0,48903.0,64024.0,74722.0,45488.0,202309.0,47900.0,77707.0,66574.0,92075.0,7091076.0
가리봉 마왕족발,디케이,포텐,0.0,0.0,0.0,0.0,0.0,0.0,0.0,0.0,2116.0,266322.0,3021759.0,606841.0,345758.0,396491.0,457566.0,310384.0,164665.0,233389.0,243931.0,85192.0,17522.0,124463.0,84851.0,147959.0,145847.0,64294.0,76325.0,13183.0,3643.0,11469.0,10960.0,10550.0,2599.0,13440.0,15435.0,13754.0,655.0,11700.0,560.0,1427.0,-2.0,70.0,0.0,764.0,23225.0,6080.0,68.0,5475.0,3843.0,63.0,849.0,980.0,0.0,0.0,498.0,1200.0,13681.0,92358.0,14805.0,8.0,7069015.0
클래스 소드 마스터 검의 구도자,이형석,포텐,0.0,0.0,0.0,0.0,0.0,0.0,0.0,0.0,0.0,0.0,0.0,0.0,0.0,0.0,0.0,0.0,0.0,0.0,0.0,0.0,0.0,0.0,0.0,0.0,0.0,0.0,0.0,0.0,0.0,0.0,0.0,0.0,0.0,0.0,0.0,0.0,0.0,0.0,0.0,0.0,0.0,0.0,0.0,0.0,0.0,0.0,0.0,0.0,0.0,0.0,0.0,391786.0,845703.0,760869.0,859364.0,1058798.0,617682.0,569775.0,1009921.0,846461.0,6960359.0
염왕귀환,강태산,포텐,0.0,0.0,0.0,0.0,0.0,0.0,0.0,0.0,0.0,0.0,0.0,0.0,0.0,0.0,0.0,0.0,0.0,1202523.0,717126.0,278000.0,566283.0,301077.0,168389.0,133634.0,397073.0,669198.0,176170.0,146535.0,178330.0,53040.0,60972.0,41208.0,1055.0,108448.0,39391.0,247935.0,65930.0,139737.0,58192.0,48370.0,31763.0,103162.0,90489.0,154951.0,119307.0,22777.0,45644.0,37987.0,68611.0,49182.0,58345.0,29439.0,9016.0,28777.0,25684.0,48505.0,19497.0,36759.0,20394.0,114560.0,6913465.0
귀환무관,관측불가,포텐,0.0,0.0,0.0,0.0,0.0,0.0,0.0,0.0,0.0,0.0,0.0,0.0,0.0,0.0,0.0,0.0,0.0,0.0,0.0,135428.0,177002.0,1662417.0,76204.0,60480.0,111776.0,572855.0,98366.0,1165100.0,776737.0,62028.0,44660.0,54322.0,672109.0,29120.0,15456.0,13440.0,8288.0,44128.0,15321.0,6272.0,4480.0,321846.0,159119.0,27207.0,13241.0,2870.0,17413.0,3500.0,4309.0,23941.0,25527.0,8744.0,23590.0,1360.0,4032.0,129640.0,165989.0,75122.0,66222.0,23609.0,6903270.0
리턴 에이스,흑곰작가,포텐,0.0,0.0,0.0,0.0,0.0,0.0,0.0,0.0,0.0,0.0,0.0,0.0,0.0,0.0,0.0,0.0,0.0,0.0,0.0,0.0,0.0,0.0,0.0,0.0,0.0,0.0,0.0,0.0,0.0,0.0,263806.0,2184358.0,629576.0,269402.0,185094.0,147872.0,82762.0,95310.0,92617.0,89134.0,111474.0,121220.0,114847.0,123144.0,199730.0,114436.0,229106.0,205904.0,215759.0,176232.0,237072.0,183539.0,104021.0,124000.0,107302.0,44176.0,43807.0,84343.0,71103.0,130224.0,6781370.0
총수 수를 읽는 남자,준강,포텐,0.0,0.0,0.0,0.0,0.0,0.0,0.0,0.0,0.0,0.0,0.0,0.0,0.0,0.0,0.0,0.0,0.0,0.0,0.0,0.0,0.0,0.0,0.0,0.0,165573.0,209356.0,290341.0,1019257.0,524079.0,396738.0,242185.0,1305564.0,1068374.0,712314.0,408887.0,211410.0,37177.0,30953.0,89150.0,-5049.0,0.0,-1886.0,-611.0,0.0,0.0,0.0,0.0,0.0,-1290.0,0.0,0.0,0.0,0.0,0.0,0.0,0.0,0.0,-6728.0,0.0,0.0,6695794.0
무당학사전,형상준,프로무림,48525.0,72150.0,64880.0,19145.0,211610.0,228620.0,58735.0,31880.0,236605.0,255376.0,49350.0,14140.0,38710.0,34636.0,37800.0,425600.0,480090.0,129235.0,36910.0,146225.0,154290.0,287700.0,121030.0,16175.0,5180.0,24640.0,150597.0,343019.0,327015.0,168714.0,65900.0,139720.0,78400.0,39648.0,9310.0,53060.0,44800.0,35695.0,40460.0,34266.0,13202.0,38010.0,24559.0,206889.0,82025.0,27160.0,20160.0,47584.0,48790.0,13510.0,191520.0,58240.0,230989.0,40880.0,13510.0,22470.0,11200.0,34018.0,368993.0,423769.0,6677319.0
각인 예속의 사냥꾼,오시안,프로무림,0.0,0.0,0.0,0.0,0.0,0.0,0.0,0.0,0.0,0.0,0.0,0.0,0.0,0.0,0.0,0.0,0.0,0.0,0.0,0.0,0.0,0.0,0.0,0.0,0.0,520870.0,225484.0,97346.0,451180.0,292292.0,256277.0,661269.0,391126.0,219527.0,105026.0,190099.0,399770.0,272650.0,198384.0,94601.0,141715.0,59143.0,56995.0,56874.0,2443.0,188380.0,154346.0,228921.0,344692.0,118081.0,231105.0,109744.0,40964.0,32844.0,90985.0,55428.0,17773.0,40100.0,102079.0,67939.0,6516452.0
신체가 강화됨,탄마,올나이트노벨,0.0,0.0,0.0,0.0,0.0,0.0,0.0,0.0,0.0,0.0,0.0,0.0,0.0,0.0,0.0,0.0,0.0,0.0,0.0,0.0,0.0,0.0,0.0,0.0,0.0,0.0,0.0,0.0,0.0,43050.0,667730.0,303520.0,138460.0,175860.0,103251.0,47107.0,21903.0,46659.0,53905.0,31591.0,11864.0,2142.0,8190.0,5683.0,730534.0,985828.0,512106.0,319333.0,395920.0,168196.0,293936.0,215796.0,115598.0,52640.0,156486.0,142989.0,122302.0,129505.0,260292.0,205331.0,6467707.0
신흥재벌,박재학,포텐,220641.0,132915.0,231723.0,144232.0,218719.0,168353.0,89729.0,214688.0,182119.0,183601.0,144623.0,117443.0,146911.0,152969.0,105597.0,76020.0,70737.0,113922.0,148983.0,95451.0,89086.0,169413.0,172231.0,102147.0,153402.0,134110.0,67591.0,95026.0,78803.0,99645.0,106530.0,73169.0,55863.0,106293.0,102787.0,100592.0,55706.0,114396.0,111852.0,94764.0,70771.0,94792.0,108207.0,107106.0,70305.0,50811.0,72260.0,27751.0,140018.0,84468.0,63146.0,93366.0,34568.0,23171.0,81129.0,80087.0,41060.0,37110.0,66532.0,60748.0,6450188.0
E급 탱커의 비상,홀로선별,포텐,0.0,0.0,0.0,0.0,0.0,0.0,0.0,0.0,0.0,0.0,0.0,0.0,0.0,0.0,0.0,0.0,0.0,0.0,0.0,0.0,0.0,0.0,0.0,0.0,0.0,0.0,0.0,0.0,0.0,0.0,0.0,0.0,0.0,0.0,0.0,0.0,0.0,0.0,0.0,1291.0,2127.0,174501.0,1899719.0,518388.0,243521.0,189309.0,128287.0,95389.0,71343.0,46296.0,18865.0,22031.0,831597.0,1326214.0,180244.0,121689.0,137333.0,226758.0,94850.0,49507.0,6379259.0
헌터의 신석기,백범(白帆),포텐,0.0,0.0,0.0,0.0,0.0,0.0,364532.0,74606.0,1038926.0,293328.0,117085.0,170962.0,201176.0,361330.0,110259.0,168118.0,131661.0,88616.0,41690.0,106118.0,58935.0,42494.0,38433.0,122566.0,70215.0,112568.0,41550.0,90088.0,37339.0,419445.0,217944.0,91872.0,60316.0,121407.0,47955.0,61721.0,37520.0,69174.0,91385.0,31128.0,23391.0,34083.0,55315.0,56612.0,33827.0,52173.0,58345.0,62157.0,85542.0,61848.0,115284.0,91354.0,40348.0,35045.0,185422.0,92838.0,41368.0,18346.0,46757.0,49049.0,6371566.0
아르디엔 전기,인기영,포텐,0.0,0.0,0.0,0.0,0.0,0.0,0.0,0.0,0.0,0.0,0.0,0.0,0.0,0.0,0.0,0.0,0.0,0.0,0.0,0.0,0.0,0.0,0.0,0.0,0.0,30030.0,192244.0,160174.0,153519.0,91158.0,64427.0,406184.0,29814.0,101978.0,600872.0,841426.0,217166.0,139028.0,28154.0,150062.0,51291.0,27019.0,29785.0,20577.0,23693.0,30907.0,767916.0,1077166.0,345239.0,147488.0,126540.0,90361.0,85001.0,118128.0,35961.0,34799.0,14927.0,9630.0,47249.0,51682.0,6341595.0
코인 게이트를 열었다,용병애쉬,올나이트노벨,0.0,0.0,0.0,0.0,0.0,0.0,0.0,0.0,0.0,0.0,0.0,0.0,0.0,0.0,0.0,0.0,0.0,0.0,0.0,0.0,0.0,0.0,0.0,0.0,0.0,0.0,0.0,0.0,0.0,0.0,0.0,0.0,0.0,0.0,0.0,0.0,0.0,0.0,0.0,0.0,0.0,0.0,0.0,478883.0,1138237.0,1568059.0,615113.0,175525.0,462217.0,407722.0,268433.0,296989.0,75763.0,92086.0,74971.0,359542.0,52073.0,68346.0,137847.0,44835.0,6316641.0
회귀 후 몰빵투자로 재벌 되기,관측불가,포텐,0.0,0.0,0.0,0.0,0.0,0.0,0.0,0.0,0.0,0.0,0.0,0.0,0.0,0.0,0.0,0.0,0.0,0.0,0.0,0.0,0.0,0.0,0.0,0.0,0.0,0.0,0.0,0.0,0.0,0.0,0.0,0.0,0.0,0.0,0.0,0.0,0.0,0.0,0.0,0.0,0.0,0.0,0.0,0.0,0.0,0.0,0.0,0.0,0.0,0.0,0.0,0.0,0.0,0.0,0.0,0.0,0.0,0.0,2952648.0,3361772.0,6314420.0
검신,청산,프로무림,78302.0,109991.0,96109.0,49215.0,107660.0,77525.0,145514.0,108346.0,104004.0,57752.0,180821.0,103530.0,71910.0,79975.0,156308.0,157323.0,136005.0,123522.0,72051.0,102511.0,102112.0,137697.0,70596.0,126366.0,164138.0,116863.0,64275.0,46621.0,86875.0,42879.0,63338.0,108329.0,111162.0,70830.0,63165.0,53097.0,81209.0,129409.0,107749.0,118372.0,56757.0,64858.0,99529.0,169734.0,113095.0,122450.0,177841.0,112917.0,262006.0,122430.0,342153.0,70566.0,118797.0,62226.0,53503.0,45946.0,30485.0,132368.0,39905.0,22604.0,6203626.0
귀환자는 왕이 되기로 했다,야우사,포텐,0.0,0.0,0.0,0.0,0.0,0.0,0.0,0.0,0.0,0.0,0.0,0.0,0.0,0.0,0.0,0.0,0.0,0.0,0.0,0.0,0.0,0.0,0.0,0.0,0.0,0.0,0.0,0.0,0.0,0.0,0.0,0.0,0.0,0.0,0.0,0.0,95433.0,353317.0,447915.0,345951.0,291721.0,666312.0,123150.0,243368.0,1073295.0,320333.0,258322.0,207720.0,525330.0,52440.0,104185.0,208010.0,113412.0,97459.0,26382.0,430496.0,17874.0,97068.0,34696.0,33141.0,6167330.0
나태한 연기 천재,빅피쉬,포텐,0.0,0.0,0.0,0.0,0.0,0.0,0.0,0.0,0.0,0.0,0.0,0.0,0.0,0.0,0.0,0.0,0.0,0.0,0.0,0.0,0.0,0.0,0.0,0.0,0.0,0.0,0.0,0.0,0.0,0.0,0.0,0.0,0.0,0.0,0.0,0.0,0.0,0.0,0.0,0.0,3859.0,71607.0,208412.0,2366341.0,340827.0,154106.0,258272.0,128419.0,64950.0,282748.0,219167.0,426648.0,199280.0,461753.0,19805.0,40516.0,18184.0,595250.0,223324.0,74464.0,6157932.0
MLB 메이저 리그,말리브의해적,포텐,88183.0,34960.0,148022.0,65410.0,109577.0,59553.0,41762.0,109180.0,291500.0,116310.0,133560.0,37770.0,78628.0,47100.0,124568.0,239142.0,60014.0,50980.0,66706.0,49379.0,41058.0,56296.0,71333.0,109655.0,91888.0,85069.0,132867.0,380618.0,84053.0,151250.0,178668.0,84005.0,128410.0,153326.0,114008.0,106185.0,79758.0,26546.0,62442.0,57638.0,52775.0,255821.0,139437.0,115558.0,71218.0,112181.0,89072.0,39122.0,62246.0,28312.0,35617.0,37503.0,95688.0,103146.0,96138.0,294515.0,192766.0,64090.0,60217.0,20056.0,6112855.0
신풍기협,윤신현,포텐,0.0,0.0,0.0,0.0,0.0,0.0,0.0,0.0,0.0,0.0,0.0,0.0,0.0,0.0,0.0,0.0,0.0,0.0,0.0,0.0,0.0,0.0,0.0,0.0,0.0,0.0,0.0,0.0,0.0,0.0,0.0,0.0,0.0,0.0,0.0,0.0,0.0,0.0,0.0,0.0,0.0,0.0,0.0,0.0,0.0,0.0,0.0,0.0,0.0,64682.0,209803.0,592715.0,545662.0,2466238.0,529057.0,558924.0,396875.0,313465.0,167312.0,232694.0,6077427.0
어서 와 마왕은 처음이지,하늘곰,포텐,0.0,0.0,0.0,0.0,0.0,0.0,0.0,0.0,0.0,0.0,0.0,0.0,0.0,0.0,0.0,0.0,0.0,0.0,0.0,0.0,0.0,0.0,0.0,0.0,0.0,0.0,0.0,0.0,0.0,0.0,33927.0,115306.0,2768243.0,182242.0,172711.0,208126.0,203237.0,172154.0,45788.0,62431.0,41824.0,62404.0,192474.0,72321.0,285037.0,122106.0,127728.0,138195.0,105108.0,113769.0,111750.0,148687.0,35398.0,71496.0,36657.0,96173.0,38993.0,212412.0,22761.0,60773.0,6060231.0
무자천서,강태산,포텐,126100.0,137120.0,94470.0,79510.0,80000.0,93810.0,64700.0,132400.0,37000.0,123200.0,83830.0,96435.0,120900.0,86100.0,93050.0,33100.0,81600.0,143400.0,71763.0,140460.0,113835.0,176899.0,191136.0,250845.0,514091.0,167889.0,231872.0,308816.0,198763.0,195440.0,85761.0,72330.0,38780.0,86478.0,24438.0,70920.0,87658.0,60355.0,44302.0,29370.0,68042.0,76016.0,23709.0,25860.0,41100.0,22774.0,29920.0,16250.0,24802.0,19726.0,8180.0,29020.0,33290.0,391660.0,128273.0,36200.0,19316.0,8110.0,42520.0,87250.0,6000944.0
대재앙의 플레이어,이형석,포텐,0.0,0.0,0.0,0.0,0.0,0.0,0.0,0.0,0.0,0.0,0.0,0.0,0.0,0.0,0.0,0.0,0.0,0.0,0.0,0.0,0.0,0.0,0.0,0.0,0.0,0.0,0.0,0.0,95233.0,460042.0,281472.0,74253.0,659853.0,191114.0,620795.0,184322.0,478615.0,445530.0,493189.0,196235.0,237343.0,130687.0,106455.0,102786.0,96379.0,151695.0,111962.0,15193.0,37599.0,81500.0,101868.0,53066.0,89823.0,26416.0,87788.0,91589.0,37484.0,84098.0,21601.0,120258.0,5966243.0
게임 시스템으로 현실 대박,관측불가,포텐,0.0,0.0,0.0,0.0,0.0,0.0,0.0,0.0,0.0,0.0,0.0,0.0,0.0,0.0,0.0,0.0,0.0,0.0,0.0,0.0,0.0,0.0,0.0,0.0,0.0,0.0,0.0,0.0,0.0,0.0,0.0,0.0,0.0,0.0,0.0,0.0,0.0,0.0,0.0,0.0,0.0,0.0,0.0,0.0,0.0,0.0,0.0,0.0,0.0,309576.0,1543460.0,151490.0,2248395.0,984016.0,84016.0,80912.0,69116.0,82247.0,75398.0,247225.0,5875851.0
간웅,백범(白帆),포텐,0.0,0.0,0.0,0.0,0.0,0.0,0.0,0.0,0.0,185515.0,193077.0,1853351.0,1562789.0,430100.0,258115.0,257746.0,139920.0,138208.0,62965.0,118032.0,55835.0,74857.0,154833.0,36673.0,45007.0,21928.0,49362.0,83524.0,49564.0,33620.0,52222.0,36766.0,0.0,-3785.0,-5063.0,0.0,0.0,-3515.0,-20505.0,-950.0,0.0,-203.0,0.0,0.0,0.0,-4413.0,0.0,0.0,0.0,0.0,0.0,0.0,0.0,0.0,0.0,-1285.0,0.0,-407.0,0.0,0.0,5853883.0
용병불패,청산,프로무림,106890.0,116205.0,115123.0,258055.0,311703.0,77063.0,124621.0,379666.0,258790.0,137830.0,69283.0,168770.0,186900.0,161840.0,148960.0,64771.0,100520.0,99845.0,85731.0,235175.0,81058.0,114856.0,60462.0,65848.0,91928.0,51125.0,42018.0,36222.0,28589.0,46337.0,15465.0,40805.0,43440.0,58654.0,43516.0,54710.0,99724.0,49696.0,50050.0,127392.0,65222.0,86285.0,100367.0,83997.0,69599.0,61250.0,65216.0,15538.0,17844.0,38619.0,43666.0,43778.0,137009.0,62097.0,70844.0,59793.0,106325.0,121095.0,72020.0,85195.0,5815395.0
대형설서린,설봉,프로무림,47200.0,51500.0,62000.0,123400.0,76300.0,28100.0,114300.0,324300.0,51200.0,34200.0,390900.0,280680.0,2700.0,6400.0,24100.0,9600.0,146400.0,585800.0,489600.0,89600.0,91700.0,14100.0,125900.0,21900.0,18700.0,9600.0,102400.0,80000.0,240000.0,508800.0,156000.0,188800.0,41600.0,61440.0,25600.0,43800.0,24400.0,3200.0,41100.0,28800.0,48640.0,19200.0,46500.0,200800.0,46300.0,0.0,46200.0,27100.0,68600.0,35200.0,55893.0,5000.0,96000.0,13440.0,3200.0,44800.0,40400.0,67210.0,108814.0,26658.0,5766075.0
악당에서 재벌까지,강산,포텐,0.0,0.0,0.0,0.0,0.0,0.0,0.0,0.0,0.0,0.0,0.0,0.0,0.0,0.0,0.0,0.0,0.0,0.0,0.0,0.0,0.0,0.0,0.0,0.0,0.0,0.0,0.0,0.0,0.0,0.0,0.0,0.0,0.0,0.0,0.0,0.0,0.0,0.0,0.0,0.0,0.0,0.0,594316.0,370788.0,437972.0,172213.0,2415316.0,371108.0,347229.0,62302.0,242857.0,298711.0,69818.0,39377.0,75164.0,82186.0,41769.0,41022.0,57476.0,40404.0,5760028.0
고구려 르네상스,Lucubro,포텐,132090.0,57548.0,401436.0,115150.0,322372.0,148972.0,93303.0,133485.0,93091.0,75509.0,100681.0,110796.0,36988.0,247074.0,593024.0,109965.0,237644.0,102457.0,133214.0,62594.0,54821.0,30393.0,180952.0,134331.0,197423.0,84828.0,75265.0,71419.0,30101.0,42345.0,28642.0,42285.0,30402.0,75689.0,42167.0,37077.0,54127.0,17656.0,12343.0,24660.0,20969.0,12899.0,7627.0,30989.0,35279.0,41922.0,2870.0,23149.0,23821.0,36187.0,49613.0,7192.0,251067.0,201773.0,44798.0,97687.0,77522.0,88539.0,43824.0,58135.0,5730181.0
담천,송재일,포텐,0.0,0.0,0.0,0.0,0.0,0.0,0.0,0.0,0.0,0.0,0.0,0.0,0.0,0.0,0.0,0.0,0.0,0.0,0.0,0.0,0.0,0.0,0.0,0.0,0.0,0.0,0.0,0.0,0.0,0.0,0.0,0.0,0.0,0.0,44571.0,52530.0,21444.0,67828.0,30801.0,53092.0,130115.0,173190.0,1914524.0,260532.0,434084.0,505712.0,232536.0,313631.0,251482.0,141705.0,172915.0,78405.0,107959.0,43407.0,73513.0,114038.0,36486.0,99254.0,112233.0,243566.0,5709553.0
마나통이 너무 커요,찬동,포텐,0.0,0.0,0.0,0.0,0.0,0.0,0.0,0.0,0.0,0.0,0.0,0.0,0.0,0.0,0.0,0.0,0.0,0.0,0.0,0.0,0.0,0.0,0.0,0.0,0.0,0.0,0.0,0.0,0.0,0.0,0.0,0.0,0.0,0.0,0.0,0.0,0.0,0.0,0.0,0.0,0.0,0.0,0.0,0.0,508255.0,36397.0,26146.0,11755.0,353385.0,722607.0,160922.0,83596.0,131102.0,1399433.0,230353.0,287748.0,542536.0,558313.0,457122.0,196220.0,5705890.0
각성자 위탁관리인,오시안,프로무림,0.0,0.0,0.0,0.0,0.0,0.0,0.0,0.0,0.0,0.0,0.0,0.0,0.0,0.0,0.0,0.0,0.0,0.0,0.0,0.0,0.0,0.0,0.0,0.0,0.0,608580.0,188377.0,153560.0,544994.0,195048.0,130438.0,301518.0,341446.0,274008.0,72716.0,51947.0,380373.0,177513.0,77117.0,115648.0,277717.0,41546.0,29393.0,60498.0,7496.0,127218.0,135994.0,62359.0,134653.0,225370.0,149038.0,77574.0,113292.0,100189.0,136330.0,155530.0,72049.0,36826.0,17151.0,87174.0,5660680.0
단권 나 혼자 쿨타임 제로,소구장,포텐,0.0,0.0,0.0,0.0,0.0,0.0,0.0,0.0,0.0,0.0,0.0,0.0,0.0,0.0,0.0,0.0,0.0,0.0,0.0,0.0,0.0,0.0,0.0,0.0,0.0,0.0,0.0,0.0,0.0,0.0,0.0,0.0,0.0,0.0,0.0,0.0,0.0,0.0,0.0,0.0,0.0,0.0,0.0,0.0,0.0,0.0,0.0,0.0,0.0,0.0,0.0,252081.0,196257.0,477992.0,1214457.0,504013.0,1154649.0,1437366.0,235084.0,185664.0,5657563.0
기술포인트 찍고 우주테크 탑니다,시공전사,포텐,0.0,0.0,0.0,0.0,0.0,0.0,0.0,0.0,0.0,0.0,0.0,0.0,0.0,0.0,0.0,0.0,0.0,0.0,0.0,0.0,0.0,0.0,0.0,0.0,0.0,0.0,0.0,0.0,0.0,0.0,0.0,0.0,0.0,0.0,0.0,0.0,0.0,0.0,0.0,0.0,0.0,0.0,0.0,0.0,0.0,611604.0,1010167.0,855309.0,485940.0,930687.0,184225.0,1026584.0,185511.0,61723.0,86931.0,59847.0,35762.0,41606.0,28504.0,50138.0,5654538.0
천년만에 귀환한 대마검사,관측불가,포텐,0.0,0.0,0.0,0.0,0.0,0.0,0.0,0.0,0.0,0.0,0.0,0.0,0.0,0.0,0.0,0.0,0.0,0.0,0.0,163527.0,867927.0,244736.0,1181782.0,788935.0,227164.0,33600.0,189862.0,137687.0,183698.0,157278.0,63231.0,257170.0,171384.0,46580.0,26432.0,8960.0,2240.0,28224.0,29030.0,63336.0,207438.0,79505.0,12950.0,22377.0,41551.0,42162.0,32807.0,22948.0,4002.0,8164.0,1360.0,10760.0,7106.0,22302.0,12341.0,8590.0,6300.0,151682.0,59005.0,12222.0,5638355.0
섹스마스터가 되어 다 따먹기,낙필,올나이트노벨,0.0,0.0,0.0,0.0,0.0,0.0,0.0,0.0,0.0,0.0,0.0,0.0,0.0,0.0,0.0,0.0,0.0,0.0,0.0,0.0,0.0,0.0,0.0,0.0,0.0,0.0,0.0,0.0,0.0,0.0,0.0,0.0,0.0,0.0,0.0,0.0,0.0,0.0,0.0,0.0,0.0,0.0,0.0,0.0,0.0,0.0,0.0,0.0,0.0,96633.0,862866.0,2479429.0,508533.0,598765.0,302037.0,274535.0,41329.0,140187.0,81194.0,137573.0,5523081.0
실명천하,서효원,프로무림,125500.0,138515.0,81800.0,127100.0,121900.0,47700.0,28200.0,78200.0,64890.0,60320.0,107020.0,120700.0,122250.0,161700.0,62600.0,129210.0,68500.0,64570.0,68761.0,94870.0,129382.0,92195.0,91305.0,83457.0,89747.0,95137.0,113100.0,96275.0,96020.0,83397.0,57520.0,73180.0,314583.0,197913.0,169980.0,178646.0,239863.0,69220.0,29186.0,49518.0,86600.0,18221.0,51766.0,32204.0,128685.0,76510.0,81186.0,28328.0,72196.0,62010.0,85233.0,120697.0,50794.0,49639.0,83487.0,59091.0,24910.0,61454.0,61585.0,61821.0,5520347.0
초능력활용법,탄마,올나이트노벨,0.0,0.0,0.0,0.0,0.0,0.0,0.0,0.0,0.0,0.0,0.0,0.0,0.0,0.0,0.0,0.0,0.0,0.0,0.0,0.0,0.0,0.0,0.0,0.0,0.0,0.0,0.0,0.0,0.0,0.0,0.0,0.0,0.0,0.0,0.0,0.0,0.0,0.0,0.0,0.0,0.0,0.0,0.0,0.0,0.0,0.0,0.0,0.0,0.0,0.0,0.0,1363074.0,296988.0,2109273.0,667057.0,355085.0,140365.0,222506.0,120289.0,220341.0,5494978.0
단권 환생했더니 정령군주,윤신현,포텐,0.0,0.0,0.0,0.0,0.0,0.0,0.0,0.0,0.0,0.0,0.0,0.0,0.0,0.0,0.0,0.0,0.0,0.0,0.0,0.0,0.0,0.0,0.0,0.0,0.0,0.0,0.0,0.0,0.0,0.0,0.0,0.0,0.0,0.0,0.0,0.0,0.0,0.0,0.0,0.0,0.0,0.0,0.0,0.0,0.0,0.0,0.0,0.0,0.0,0.0,0.0,0.0,0.0,733490.0,656833.0,2086694.0,34045.0,956932.0,627362.0,388765.0,5484121.0
단권 태양전기,윤신현,포텐,0.0,0.0,0.0,0.0,0.0,0.0,0.0,0.0,0.0,0.0,0.0,0.0,0.0,0.0,0.0,0.0,0.0,0.0,0.0,0.0,0.0,0.0,0.0,0.0,0.0,0.0,0.0,0.0,0.0,0.0,0.0,0.0,0.0,0.0,0.0,0.0,0.0,0.0,0.0,0.0,0.0,0.0,0.0,0.0,0.0,0.0,0.0,0.0,0.0,0.0,0.0,0.0,0.0,0.0,0.0,282256.0,2733328.0,555897.0,1461427.0,406209.0,5439117.0
대가집 망나니,백범(白帆),포텐,0.0,0.0,35840.0,550837.0,171633.0,219366.0,460439.0,869669.0,203781.0,187972.0,156502.0,118450.0,194586.0,539374.0,161257.0,60812.0,57620.0,63280.0,558359.0,77714.0,62796.0,108138.0,34840.0,44100.0,90865.0,92335.0,86353.0,167796.0,43037.0,0.0,0.0,0.0,0.0,0.0,0.0,0.0,2.0,0.0,0.0,0.0,0.0,0.0,0.0,0.0,0.0,0.0,0.0,0.0,0.0,0.0,0.0,0.0,0.0,0.0,0.0,0.0,0.0,0.0,0.0,0.0,5417753.0
도시의 주인,말리브해적,포텐,62706.0,58211.0,56263.0,81898.0,79769.0,70060.0,46746.0,20764.0,258952.0,60459.0,98295.0,41382.0,43752.0,182197.0,132870.0,116081.0,75062.0,35250.0,59022.0,87051.0,86721.0,79884.0,26702.0,70345.0,112712.0,86243.0,506123.0,91840.0,156312.0,75113.0,176533.0,106837.0,93056.0,36747.0,38698.0,106793.0,107628.0,75356.0,72281.0,88442.0,114366.0,60921.0,67165.0,80223.0,36196.0,98352.0,31667.0,32192.0,87943.0,76966.0,74455.0,51697.0,46179.0,100679.0,97000.0,114290.0,66075.0,72672.0,102844.0,113674.0,5386712.0
허리케인Hurricane,박재학,프로무림,213045.0,179707.0,104388.0,64230.0,85338.0,72719.0,75142.0,96039.0,71154.0,46383.0,60485.0,57721.0,102447.0,62028.0,101773.0,48867.0,61651.0,69846.0,80459.0,71004.0,66778.0,85420.0,82874.0,52631.0,88161.0,52997.0,119106.0,109379.0,116253.0,75641.0,59696.0,136780.0,98360.0,78994.0,72318.0,38132.0,273448.0,80970.0,56625.0,87537.0,70230.0,55292.0,45771.0,74846.0,57888.0,69884.0,58705.0,36436.0,101025.0,40462.0,29263.0,43085.0,145838.0,223592.0,132101.0,332894.0,64213.0,43512.0,66009.0,79522.0,5327094.0
게임 속 무기 소환사로 살아남기,쩡킴,포텐,0.0,0.0,0.0,0.0,0.0,0.0,0.0,0.0,0.0,0.0,0.0,0.0,0.0,0.0,0.0,0.0,0.0,0.0,0.0,0.0,0.0,0.0,0.0,0.0,0.0,0.0,0.0,0.0,0.0,0.0,0.0,0.0,0.0,1284983.0,993386.0,252165.0,338984.0,181220.0,175092.0,109266.0,165340.0,91390.0,94551.0,124226.0,244628.0,235346.0,76698.0,28783.0,133166.0,180273.0,76005.0,93944.0,67645.0,31902.0,8768.0,27304.0,21353.0,98648.0,120793.0,35484.0,5291343.0
나한대협羅1,와룡강,프로무림,85551.0,70090.0,60471.0,56742.0,74313.0,90278.0,133012.0,133560.0,109709.0,77586.0,142520.0,146871.0,96912.0,90176.0,136147.0,117098.0,104561.0,61467.0,109553.0,146415.0,121110.0,131253.0,96447.0,105739.0,129861.0,134359.0,100630.0,94395.0,66425.0,95549.0,59004.0,85750.0,102621.0,62495.0,85033.0,66148.0,121592.0,63199.0,134338.0,80225.0,67154.0,43425.0,89048.0,72109.0,71556.0,85457.0,100715.0,41978.0,60643.0,135497.0,82404.0,59932.0,73189.0,44719.0,56122.0,70420.0,44721.0,88472.0,0.0,2520.0,5269286.0
너의 옷이 보여,킹묵,포텐,0.0,0.0,0.0,0.0,0.0,0.0,0.0,0.0,0.0,0.0,0.0,0.0,0.0,0.0,0.0,0.0,0.0,0.0,0.0,0.0,0.0,0.0,0.0,0.0,0.0,0.0,0.0,0.0,0.0,0.0,0.0,0.0,0.0,0.0,0.0,0.0,0.0,0.0,0.0,0.0,0.0,0.0,0.0,0.0,0.0,0.0,0.0,0.0,0.0,0.0,0.0,31669.0,740606.0,386277.0,385338.0,1428036.0,709191.0,980917.0,245172.0,266399.0,5173605.0
MLB 메이저 리그 완,말리브 해적,포텐,50680.0,17500.0,24705.0,4130.0,20580.0,45430.0,24430.0,43890.0,15500.0,10185.0,21940.0,56630.0,8575.0,43750.0,36274.0,43190.0,12285.0,33075.0,26691.0,51240.0,96635.0,100793.0,25970.0,9625.0,2380.0,9618.0,12880.0,7931.0,8847.0,54874.0,126622.0,113512.0,68555.0,44107.0,30803.0,12355.0,32095.0,5865.0,2547.0,45864.0,2520.0,595840.0,67438.0,4143.0,25064.0,66895.0,645.0,34562.0,879093.0,877915.0,252198.0,192637.0,85680.0,143640.0,40726.0,215707.0,81875.0,42362.0,45888.0,104101.0,5161487.0
신체가 강화됨,탄마,프로무림,0.0,0.0,0.0,0.0,0.0,0.0,0.0,0.0,0.0,0.0,0.0,0.0,0.0,0.0,0.0,0.0,0.0,0.0,0.0,0.0,0.0,0.0,0.0,0.0,0.0,0.0,0.0,0.0,0.0,0.0,0.0,0.0,0.0,0.0,0.0,0.0,0.0,98784.0,84672.0,316740.0,52416.0,100576.0,90760.0,105056.0,107968.0,1165942.0,614949.0,434710.0,183558.0,474801.0,193244.0,151463.0,74536.0,115091.0,147405.0,200128.0,92448.0,75106.0,82457.0,176361.0,5139171.0
풍운아,이원호,프로무림,78100.0,81600.0,99800.0,81100.0,79200.0,69300.0,94500.0,100600.0,112400.0,67600.0,78900.0,28100.0,59700.0,30900.0,68900.0,234200.0,135800.0,68418.0,75936.0,85953.0,79200.0,182800.0,62200.0,61500.0,94300.0,106553.0,174600.0,50400.0,122051.0,57900.0,218254.0,54051.0,18300.0,105900.0,37200.0,173100.0,47834.0,56000.0,40900.0,21267.0,16803.0,50100.0,42600.0,25701.0,60201.0,46800.0,56000.0,17601.0,92400.0,125200.0,123541.0,152101.0,83661.0,41467.0,21700.0,291501.0,47700.0,153663.0,133700.0,33790.0,5111547.0
이북 대망,강동호,포텐,0.0,0.0,0.0,0.0,0.0,0.0,0.0,0.0,0.0,0.0,0.0,0.0,0.0,0.0,0.0,0.0,0.0,0.0,0.0,0.0,0.0,0.0,0.0,0.0,2350788.0,543478.0,2722.0,25249.0,1643142.0,317889.0,142947.0,0.0,0.0,0.0,0.0,0.0,0.0,0.0,0.0,0.0,0.0,0.0,0.0,0.0,0.0,0.0,0.0,0.0,0.0,0.0,0.0,0.0,0.0,0.0,0.0,0.0,0.0,0.0,0.0,0.0,5026215.0
대가집 망나니,백범(白凡),포텐,308210.0,732600.0,613540.0,525558.0,388259.0,140859.0,287674.0,280307.0,153095.0,83163.0,191840.0,152039.0,94261.0,188663.0,173896.0,136006.0,52225.0,26734.0,39977.0,142346.0,34186.0,21711.0,10856.0,20160.0,46377.0,16797.0,20065.0,48914.0,63596.0,0.0,0.0,0.0,0.0,2310.0,0.0,0.0,200.0,280.0,3010.0,3080.0,0.0,0.0,0.0,0.0,0.0,0.0,0.0,0.0,0.0,0.0,0.0,0.0,0.0,0.0,0.0,0.0,0.0,0.0,0.0,0.0,5002794.0
내가 알던 게임이 아니다,오시안,프로무림,0.0,0.0,0.0,0.0,0.0,0.0,0.0,0.0,0.0,0.0,0.0,0.0,0.0,0.0,0.0,0.0,0.0,0.0,0.0,0.0,0.0,0.0,421190.0,196825.0,453558.0,1074223.0,217866.0,207205.0,73052.0,56170.0,67099.0,147282.0,187299.0,138992.0,56854.0,43750.0,145962.0,64500.0,56720.0,92401.0,86953.0,269260.0,104759.0,44821.0,47718.0,27235.0,50397.0,41440.0,208239.0,25879.0,101835.0,21396.0,40740.0,103922.0,40600.0,53261.0,420.0,3151.0,1463.0,5010.0,4979447.0
진짜 사나이,조건상,프로무림,0.0,37125.0,27225.0,9900.0,15475.0,6930.0,17820.0,39105.0,12870.0,11025.0,6920.0,10010.0,1485.0,7645.0,1175020.0,1183725.0,411410.0,100705.0,14960.0,15510.0,54135.0,268435.0,46885.0,40645.0,229295.0,31130.0,11055.0,6930.0,4023.0,25245.0,40995.0,22292.0,15165.0,12375.0,31230.0,26206.0,7431.0,142677.0,42301.0,76706.0,18520.0,4645.0,160857.0,58527.0,14966.0,5006.0,7228.0,12534.0,5670.0,4176.0,23238.0,14003.0,63528.0,138495.0,14046.0,151625.0,0.0,15971.0,1054.0,9250.0,4963360.0
달마의 노래,몽월,프로무림,10100.0,23400.0,55200.0,8200.0,9500.0,12100.0,3600.0,228000.0,21000.0,10800.0,211600.0,2245400.0,646800.0,0.0,64900.0,14600.0,5400.0,220800.0,222400.0,29400.0,5400.0,15500.0,2700.0,332300.0,341000.0,4500.0,9720.0,630.0,0.0,9450.0,1134.0,24435.0,1260.0,10471.0,6300.0,26700.0,25733.0,0.0,630.0,700.0,1960.0,0.0,630.0,2660.0,3780.0,0.0,0.0,0.0,1190.0,4620.0,630.0,0.0,1890.0,3150.0,0.0,1260.0,5670.0,6300.0,0.0,1890.0,4897393.0
게임 속 기갑함대에 들어갔다,환상개발자,포텐,0.0,0.0,0.0,0.0,0.0,0.0,0.0,0.0,0.0,0.0,0.0,0.0,0.0,0.0,0.0,0.0,0.0,0.0,0.0,1899819.0,189907.0,121072.0,242030.0,117436.0,141892.0,99776.0,38217.0,116489.0,235001.0,92578.0,120383.0,122196.0,129734.0,110537.0,46655.0,49758.0,41276.0,67764.0,41392.0,74174.0,64291.0,47055.0,112577.0,77582.0,48079.0,70898.0,74349.0,51144.0,26197.0,38541.0,15448.0,24965.0,7557.0,5506.0,11164.0,2176.0,10278.0,37094.0,23862.0,42589.0,4889438.0
SSS급 블러드헌터,백범,포텐,0.0,0.0,0.0,0.0,0.0,0.0,0.0,0.0,0.0,0.0,0.0,0.0,0.0,0.0,0.0,0.0,0.0,0.0,0.0,0.0,0.0,0.0,0.0,0.0,0.0,0.0,0.0,0.0,0.0,437010.0,615697.0,91364.0,582101.0,1166472.0,445085.0,317176.0,197237.0,197208.0,66150.0,80384.0,45014.0,76333.0,52582.0,54420.0,29771.0,76770.0,22551.0,21849.0,18698.0,40556.0,19138.0,48387.0,25857.0,24447.0,22864.0,5163.0,31282.0,27380.0,23459.0,20354.0,4882759.0
현대 강림 마스터,인기영,포텐,0.0,0.0,0.0,0.0,0.0,0.0,0.0,0.0,0.0,0.0,0.0,0.0,0.0,0.0,0.0,0.0,0.0,0.0,0.0,0.0,0.0,0.0,0.0,0.0,0.0,5180.0,153777.0,171256.0,130065.0,103886.0,132907.0,339147.0,67969.0,53090.0,311820.0,257502.0,400011.0,180337.0,120214.0,90198.0,90507.0,51329.0,34793.0,49969.0,25623.0,18556.0,59101.0,761388.0,726719.0,105023.0,70257.0,42554.0,54914.0,74087.0,57546.0,38314.0,19807.0,9995.0,43393.0,21097.0,4872331.0
간웅,백범(白凡),포텐,0.0,0.0,0.0,0.0,0.0,0.0,0.0,0.0,0.0,613791.0,248864.0,350679.0,786454.0,960383.0,444756.0,135637.0,130874.0,55482.0,151143.0,123868.0,93093.0,157808.0,101229.0,99331.0,95053.0,69386.0,23868.0,40273.0,37628.0,35980.0,48235.0,54336.0,1330.0,0.0,0.0,1.0,137.0,0.0,0.0,0.0,0.0,0.0,0.0,0.0,0.0,0.0,0.0,0.0,0.0,0.0,0.0,0.0,0.0,0.0,0.0,0.0,0.0,0.0,0.0,0.0,4859619.0
야랑,강태산,프로무림,52042.0,51315.0,154894.0,205481.0,126299.0,74612.0,79005.0,47120.0,136521.0,89871.0,191555.0,146375.0,61397.0,50880.0,103072.0,91205.0,98899.0,83162.0,71330.0,183272.0,250056.0,69644.0,220511.0,80506.0,82710.0,63300.0,75860.0,64213.0,106610.0,120204.0,121637.0,88617.0,66590.0,146728.0,68232.0,27399.0,78443.0,35380.0,23333.0,34244.0,41688.0,27166.0,33283.0,70850.0,68554.0,60036.0,46816.0,47250.0,28917.0,37662.0,35863.0,50808.0,53658.0,24164.0,24504.0,47131.0,30996.0,19930.0,15603.0,54208.0,4741611.0
내 몸은 무한재생,라마현,포텐,0.0,0.0,0.0,0.0,0.0,0.0,0.0,0.0,0.0,0.0,0.0,0.0,0.0,0.0,0.0,0.0,0.0,0.0,0.0,0.0,0.0,0.0,0.0,0.0,0.0,0.0,0.0,0.0,0.0,0.0,0.0,0.0,621399.0,580084.0,52892.0,217172.0,818725.0,198616.0,217829.0,158773.0,116733.0,115731.0,143814.0,77706.0,221734.0,69936.0,249046.0,62810.0,164467.0,58397.0,32872.0,272930.0,84151.0,127844.0,24030.0,1310.0,0.0,17430.0,12188.0,4412.0,4723031.0
소뢰아,강태산,프로무림,136426.0,81441.0,253100.0,138005.0,101955.0,79885.0,212723.0,337715.0,34629.0,117901.0,121079.0,72562.0,121160.0,61054.0,103918.0,68313.0,106883.0,71565.0,50645.0,266673.0,97944.0,51688.0,179830.0,123165.0,66016.0,72121.0,57869.0,58142.0,78554.0,91245.0,98967.0,72912.0,45535.0,70872.0,33013.0,66892.0,37171.0,30212.0,33383.0,23380.0,27342.0,88256.0,43274.0,29736.0,62517.0,46522.0,16745.0,52395.0,50066.0,68543.0,35119.0,15505.0,28658.0,15470.0,26145.0,29113.0,25340.0,31906.0,11427.0,43365.0,4673987.0
단권 던전팜,인기영,포텐,0.0,0.0,0.0,0.0,0.0,0.0,0.0,0.0,0.0,0.0,0.0,0.0,0.0,0.0,0.0,0.0,0.0,0.0,0.0,0.0,0.0,0.0,0.0,0.0,0.0,0.0,0.0,0.0,0.0,0.0,0.0,0.0,0.0,0.0,0.0,0.0,0.0,0.0,0.0,0.0,0.0,0.0,0.0,0.0,0.0,0.0,0.0,0.0,0.0,0.0,0.0,1495960.0,218986.0,684771.0,148845.0,1400575.0,431355.0,89546.0,73024.0,80640.0,4623702.0
헌터의 신석기,백범(白凡),포텐,229264.0,889186.0,272475.0,61922.0,37811.0,67655.0,87675.0,155198.0,158053.0,64610.0,121258.0,37360.0,49440.0,37590.0,120358.0,233130.0,96730.0,315795.0,60335.0,45097.0,25017.0,7788.0,15813.0,15680.0,64610.0,51629.0,43010.0,17470.0,12350.0,51100.0,15191.0,23240.0,3493.0,56569.0,21398.0,16746.0,22605.0,63367.0,31734.0,25554.0,43847.0,0.0,19500.0,904.0,3454.0,139445.0,50329.0,38472.0,23766.0,37149.0,170426.0,76917.0,69283.0,3214.0,71.0,66557.0,291.0,20368.0,21728.0,49838.0,4560865.0
타격의 신,말리브해적,포텐,58085.0,66360.0,57904.0,87751.0,150430.0,67725.0,79531.0,179378.0,180170.0,190148.0,38760.0,12810.0,3528.0,11214.0,40880.0,126701.0,257791.0,65042.0,31112.0,224767.0,150131.0,88776.0,259607.0,42790.0,27305.0,79529.0,180808.0,102257.0,182250.0,75770.0,157367.0,111112.0,63612.0,31921.0,49977.0,49302.0,15946.0,57695.0,2450.0,32.0,89524.0,24343.0,29909.0,100843.0,30882.0,63773.0,122255.0,47624.0,98299.0,14602.0,1647.0,34334.0,441.0,35000.0,17607.0,17454.0,51828.0,25666.0,17693.0,46389.0,4528837.0
절대선협,앤서,포텐,0.0,0.0,0.0,0.0,0.0,0.0,0.0,0.0,0.0,0.0,0.0,0.0,0.0,0.0,0.0,0.0,0.0,0.0,0.0,0.0,0.0,0.0,0.0,0.0,0.0,0.0,0.0,0.0,0.0,0.0,0.0,0.0,0.0,0.0,0.0,0.0,0.0,0.0,0.0,0.0,0.0,0.0,0.0,0.0,0.0,0.0,0.0,0.0,0.0,0.0,0.0,0.0,0.0,1263.0,219865.0,2865662.0,658916.0,403602.0,160278.0,210191.0,4519777.0
정자부터 레벨 업,범탈,포텐,315418.0,302490.0,177550.0,145454.0,171531.0,164850.0,79601.0,68424.0,196840.0,154316.0,103030.0,221681.0,110432.0,26726.0,62048.0,25127.0,93106.0,35152.0,25088.0,116832.0,73722.0,50874.0,26497.0,76322.0,466986.0,147548.0,76181.0,63160.0,144186.0,91590.0,78074.0,3870.0,38556.0,12632.0,17780.0,16510.0,23732.0,10392.0,26724.0,25010.0,12356.0,12355.0,16819.0,23000.0,42142.0,13295.0,5895.0,19383.0,6188.0,3390.0,9364.0,10825.0,20392.0,30916.0,34931.0,30119.0,8519.0,60296.0,13625.0,25170.0,4465022.0
시스템 오류로 에이스 등극,글상사,포텐,844580.0,359117.0,599970.0,499880.0,591686.0,464858.0,275715.0,217268.0,145388.0,146229.0,88858.0,98407.0,68087.0,36400.0,0.0,1530.0,0.0,-1018.0,0.0,-67.0,0.0,0.0,0.0,0.0,6222.0,0.0,0.0,0.0,-1493.0,0.0,0.0,0.0,0.0,0.0,0.0,0.0,0.0,214.0,0.0,0.0,0.0,0.0,0.0,0.0,0.0,0.0,0.0,0.0,0.0,0.0,0.0,0.0,0.0,0.0,0.0,0.0,0.0,0.0,0.0,0.0,4441831.0
역적의 꿈,비류수,프로무림,89533.0,84089.0,102618.0,65556.0,124934.0,75556.0,46400.0,120176.0,70664.0,119787.0,69866.0,71352.0,68302.0,78710.0,86261.0,41811.0,123000.0,146990.0,64281.0,46763.0,49526.0,56495.0,52600.0,163315.0,149094.0,58648.0,44015.0,76112.0,85710.0,98603.0,68215.0,105698.0,73941.0,32124.0,46993.0,36856.0,36205.0,40262.0,28430.0,56471.0,69857.0,29426.0,63996.0,54082.0,32833.0,83548.0,39689.0,49486.0,262965.0,119198.0,81654.0,49385.0,46706.0,27278.0,44281.0,115582.0,75236.0,46552.0,41257.0,41593.0,4430566.0
단권클래스 소드 마스터 검의 구도자,이형석,포텐,0.0,0.0,0.0,0.0,0.0,0.0,0.0,0.0,0.0,0.0,0.0,0.0,0.0,0.0,0.0,0.0,0.0,0.0,0.0,0.0,0.0,0.0,0.0,0.0,0.0,0.0,0.0,0.0,0.0,0.0,0.0,0.0,0.0,0.0,0.0,0.0,0.0,0.0,0.0,0.0,0.0,0.0,0.0,0.0,0.0,0.0,0.0,0.0,0.0,0.0,0.0,0.0,0.0,0.0,0.0,0.0,657318.0,552774.0,1799043.0,1421230.0,4430365.0
두목무적,원하,올나이트노벨,0.0,0.0,0.0,0.0,0.0,0.0,0.0,0.0,0.0,0.0,0.0,0.0,0.0,0.0,0.0,0.0,0.0,0.0,0.0,0.0,0.0,0.0,0.0,0.0,0.0,0.0,0.0,0.0,0.0,0.0,0.0,0.0,0.0,0.0,0.0,0.0,0.0,0.0,0.0,0.0,0.0,0.0,0.0,0.0,0.0,0.0,0.0,0.0,0.0,0.0,0.0,2268.0,482512.0,1349279.0,491134.0,739399.0,489992.0,214393.0,331390.0,296779.0,4397146.0
악당에서 재벌까지,흑곰작가,포텐,0.0,0.0,0.0,0.0,0.0,0.0,0.0,0.0,0.0,0.0,0.0,0.0,0.0,0.0,0.0,0.0,0.0,0.0,0.0,0.0,0.0,0.0,0.0,0.0,0.0,0.0,0.0,0.0,0.0,0.0,0.0,0.0,0.0,0.0,0.0,0.0,0.0,0.0,0.0,0.0,0.0,0.0,0.0,0.0,0.0,0.0,0.0,0.0,0.0,242325.0,3110677.0,324547.0,201044.0,134290.0,121602.0,66830.0,51727.0,62874.0,5140.0,37798.0,4358854.0
법보다 주먹 완,조건상,포텐,0.0,0.0,0.0,0.0,0.0,0.0,0.0,0.0,0.0,0.0,0.0,0.0,0.0,0.0,0.0,0.0,0.0,0.0,0.0,0.0,0.0,0.0,0.0,0.0,0.0,0.0,0.0,0.0,0.0,0.0,0.0,0.0,0.0,0.0,0.0,0.0,0.0,0.0,0.0,0.0,346035.0,0.0,-3645.0,0.0,0.0,21772.0,117632.0,323810.0,410041.0,249238.0,547771.0,275273.0,373415.0,371740.0,413960.0,209471.0,205174.0,161452.0,140032.0,191279.0,4354450.0
M녀 조교,키제이,프로무림,0.0,0.0,0.0,0.0,0.0,0.0,0.0,0.0,0.0,0.0,0.0,0.0,0.0,0.0,0.0,0.0,0.0,0.0,0.0,0.0,0.0,0.0,329000.0,233674.0,358260.0,304745.0,376713.0,223935.0,74043.0,60417.0,82502.0,143052.0,189833.0,90370.0,109471.0,143201.0,84211.0,146067.0,136233.0,98516.0,82698.0,31451.0,28238.0,66992.0,8611.0,68888.0,32290.0,43229.0,194937.0,30807.0,41356.0,46326.0,125372.0,46347.0,64646.0,69798.0,51233.0,62258.0,37865.0,36236.0,4353821.0
졸부집 망나니,백범,포텐,0.0,0.0,0.0,0.0,0.0,0.0,0.0,0.0,0.0,0.0,0.0,0.0,0.0,0.0,0.0,0.0,0.0,0.0,0.0,0.0,0.0,0.0,0.0,0.0,0.0,0.0,0.0,0.0,0.0,0.0,0.0,0.0,0.0,0.0,0.0,0.0,0.0,0.0,293630.0,37107.0,2709.0,158414.0,19645.0,705097.0,60805.0,368121.0,109882.0,47763.0,37447.0,146778.0,86815.0,6257.0,29245.0,88666.0,168175.0,63679.0,46713.0,1265584.0,452853.0,127890.0,4323275.0
SM클럽,붉은산푸른꽃,프로무림,0.0,0.0,0.0,0.0,0.0,0.0,0.0,0.0,0.0,0.0,0.0,0.0,0.0,0.0,0.0,0.0,0.0,0.0,0.0,0.0,0.0,41090.0,83440.0,115150.0,251406.0,250957.0,233450.0,127528.0,127205.0,145557.0,95876.0,92733.0,106689.0,43014.0,69279.0,109847.0,62843.0,79087.0,118616.0,97992.0,96558.0,117294.0,55258.0,60036.0,76470.0,63272.0,93214.0,82710.0,92470.0,77034.0,82443.0,58836.0,110482.0,64328.0,141170.0,209654.0,182458.0,165026.0,125500.0,61032.0,4267004.0
타락의 검은 실,용병애쉬,프로무림,0.0,0.0,0.0,0.0,0.0,0.0,0.0,0.0,0.0,0.0,0.0,0.0,0.0,0.0,0.0,0.0,0.0,181300.0,156996.0,175833.0,263718.0,336842.0,267782.0,226167.0,95963.0,136182.0,186081.0,133032.0,70845.0,122141.0,94018.0,52665.0,76250.0,41966.0,78274.0,32137.0,52123.0,62461.0,51043.0,41528.0,68617.0,59099.0,40959.0,185368.0,24183.0,98224.0,23949.0,86058.0,169833.0,46109.0,27001.0,100873.0,77173.0,37673.0,54144.0,34612.0,52166.0,33282.0,59442.0,15253.0,4229365.0
리턴 에이스,관측불가,포텐,0.0,0.0,0.0,0.0,0.0,0.0,0.0,0.0,0.0,0.0,0.0,0.0,0.0,0.0,0.0,0.0,0.0,0.0,0.0,0.0,0.0,0.0,0.0,0.0,0.0,0.0,0.0,0.0,0.0,0.0,52187.0,9729.0,384643.0,536771.0,59100.0,259440.0,67118.0,107471.0,108434.0,21381.0,83896.0,468016.0,65994.0,27115.0,117081.0,26636.0,43926.0,8979.0,35994.0,61908.0,25046.0,11200.0,28091.0,41799.0,50306.0,379173.0,370223.0,221335.0,370406.0,134874.0,4178272.0
몬스터 홀,킹메이커,포텐,0.0,0.0,0.0,0.0,0.0,0.0,0.0,0.0,0.0,0.0,0.0,0.0,0.0,0.0,0.0,0.0,0.0,0.0,0.0,0.0,0.0,0.0,0.0,0.0,0.0,0.0,0.0,0.0,0.0,0.0,0.0,0.0,0.0,0.0,0.0,0.0,0.0,0.0,0.0,0.0,0.0,0.0,0.0,0.0,0.0,47268.0,59312.0,308387.0,421665.0,245106.0,156160.0,231293.0,270081.0,381898.0,210199.0,267547.0,173595.0,248559.0,860548.0,191164.0,4072782.0
브레이슬릿,박재학,프로무림,100020.0,73860.0,54911.0,72483.0,57733.0,80751.0,76364.0,73612.0,83720.0,69541.0,68870.0,62090.0,75365.0,56003.0,64690.0,52565.0,47175.0,80557.0,63453.0,77303.0,78724.0,73532.0,77374.0,47182.0,58957.0,75806.0,84753.0,107932.0,84964.0,88886.0,72714.0,120310.0,71458.0,96286.0,52335.0,80989.0,91518.0,57316.0,48523.0,52492.0,41878.0,91464.0,42629.0,43106.0,56165.0,40580.0,46575.0,34110.0,41111.0,41101.0,40832.0,28273.0,48618.0,38744.0,32275.0,205616.0,57781.0,117699.0,28307.0,67074.0,4057055.0
킹 엘리온,한세,프로무림,114165.0,86807.0,103313.0,76839.0,53323.0,53033.0,76419.0,101318.0,62846.0,38997.0,145071.0,19887.0,135982.0,29883.0,94981.0,40481.0,31276.0,100517.0,92119.0,61433.0,57281.0,13229.0,14870.0,40839.0,98170.0,33323.0,59863.0,20915.0,45097.0,26029.0,15435.0,64140.0,51449.0,19870.0,9261.0,50425.0,45227.0,59150.0,277848.0,4410.0,303541.0,53013.0,55054.0,42690.0,16492.0,22743.0,35146.0,57292.0,64609.0,45217.0,35826.0,63105.0,43603.0,72934.0,77086.0,103508.0,90337.0,136341.0,116152.0,92399.0,4052609.0
검은 머리 미국 대재벌,관측불가,포텐,0.0,0.0,0.0,0.0,0.0,0.0,0.0,0.0,0.0,0.0,0.0,0.0,0.0,0.0,0.0,0.0,0.0,0.0,0.0,0.0,0.0,0.0,0.0,0.0,0.0,0.0,0.0,0.0,0.0,0.0,0.0,0.0,0.0,0.0,0.0,0.0,0.0,0.0,0.0,0.0,0.0,0.0,0.0,0.0,0.0,0.0,0.0,1878458.0,108057.0,8064.0,2016.0,85477.0,330292.0,37457.0,525304.0,229476.0,47576.0,52136.0,31418.0,707696.0,4043427.0
월드스타가 될 운명입니다,마늘소금,포텐,0.0,0.0,0.0,0.0,0.0,0.0,0.0,0.0,0.0,0.0,0.0,0.0,0.0,0.0,0.0,0.0,0.0,0.0,0.0,0.0,0.0,0.0,0.0,0.0,0.0,0.0,0.0,0.0,0.0,0.0,0.0,0.0,0.0,0.0,0.0,0.0,0.0,0.0,0.0,0.0,0.0,0.0,0.0,0.0,0.0,0.0,0.0,0.0,0.0,0.0,0.0,0.0,116650.0,1824799.0,630464.0,435100.0,265525.0,278610.0,316020.0,170859.0,4038027.0
하오대문,나한,프로무림,99326.0,89573.0,125491.0,109099.0,252690.0,87751.0,154928.0,98267.0,93947.0,87010.0,122000.0,109947.0,84440.0,98823.0,97039.0,190658.0,56560.0,103353.0,101973.0,298654.0,171114.0,76160.0,107170.0,47950.0,75460.0,29890.0,39830.0,73850.0,27650.0,46144.0,51100.0,70840.0,69860.0,16940.0,94423.0,39830.0,26432.0,77840.0,127890.0,77126.0,73220.0,1890.0,16380.0,2520.0,12411.0,4347.0,1890.0,15750.0,16632.0,8820.0,4410.0,0.0,2520.0,630.0,1260.0,10710.0,14980.0,6300.0,1260.0,0.0,4004958.0
MLB 메이저 리그,말리브 해적,포텐,45290.0,28770.0,55910.0,40950.0,25760.0,37310.0,65870.0,88900.0,43060.0,8280.0,60460.0,23660.0,180390.0,84910.0,6790.0,9520.0,54390.0,16940.0,8190.0,77141.0,48720.0,133209.0,87010.0,58765.0,14490.0,1750.0,23940.0,129943.0,128101.0,25550.0,28700.0,28840.0,201356.0,55636.0,32729.0,39865.0,12912.0,28174.0,42130.0,38775.0,175294.0,190145.0,703595.0,45303.0,174220.0,78280.0,26823.0,31410.0,49293.0,22100.0,59704.0,27708.0,21005.0,34758.0,75140.0,50168.0,10760.0,30552.0,20380.0,33695.0,3983419.0
일찐 친구엄마와 가족들을 따먹는다,미도파,올나이트노벨,0.0,0.0,0.0,0.0,0.0,0.0,0.0,0.0,0.0,0.0,0.0,0.0,0.0,0.0,0.0,0.0,0.0,0.0,0.0,0.0,0.0,0.0,0.0,0.0,0.0,0.0,0.0,0.0,0.0,0.0,0.0,0.0,0.0,0.0,0.0,0.0,0.0,0.0,0.0,0.0,0.0,0.0,0.0,0.0,0.0,0.0,0.0,208501.0,1300063.0,681123.0,310307.0,364835.0,180378.0,131915.0,154101.0,165649.0,74533.0,182456.0,114013.0,113375.0,3981249.0
양의검법,몽월,프로무림,8100.0,900.0,20400.0,900.0,223800.0,14100.0,8600.0,66700.0,11900.0,16900.0,900.0,7200.0,7200.0,5400.0,144500.0,117500.0,334500.0,194000.0,582600.0,290800.0,28600.0,54200.0,46500.0,20800.0,675500.0,17900.0,324080.0,7574.0,495.0,120960.0,18620.0,26740.0,4480.0,3500.0,12530.0,55931.0,169854.0,20387.0,12201.0,22470.0,18620.0,1260.0,13230.0,73360.0,8540.0,0.0,18270.0,12453.0,67018.0,3150.0,630.0,0.0,3500.0,6090.0,9625.0,5670.0,630.0,11200.0,3150.0,7630.0,3964248.0
구독했더니 히트작이 쉽다,두루치기,포텐,0.0,0.0,0.0,0.0,0.0,0.0,0.0,0.0,0.0,0.0,0.0,0.0,0.0,0.0,0.0,0.0,0.0,0.0,0.0,0.0,0.0,0.0,0.0,0.0,0.0,0.0,0.0,0.0,0.0,0.0,0.0,0.0,0.0,0.0,0.0,0.0,0.0,0.0,0.0,0.0,0.0,0.0,0.0,0.0,0.0,0.0,0.0,0.0,0.0,108448.0,1510338.0,541732.0,271972.0,209762.0,359464.0,281653.0,0.0,0.0,303946.0,368226.0,3955541.0
무당제자,형상준,프로무림,40879.0,32883.0,51950.0,63329.0,38677.0,59808.0,39333.0,54733.0,50849.0,84041.0,73605.0,41517.0,33880.0,39201.0,74432.0,86998.0,129026.0,153093.0,77170.0,48663.0,68382.0,35977.0,37132.0,29021.0,49658.0,34662.0,60087.0,26313.0,42875.0,51454.0,54353.0,38769.0,28063.0,59934.0,47082.0,33311.0,43470.0,35280.0,64045.0,16100.0,16383.0,444640.0,453352.0,42772.0,42483.0,38092.0,9880.0,72329.0,57827.0,59452.0,35108.0,52875.0,39454.0,42021.0,24661.0,66003.0,92715.0,65262.0,106547.0,59689.0,3951580.0
악마와 계약한 프로게이머,한리,포텐,89012.0,166516.0,168070.0,235135.0,238385.0,242587.0,856662.0,276291.0,112569.0,111520.0,43330.0,41307.0,50910.0,52970.0,148768.0,301760.0,174179.0,37734.0,18375.0,10557.0,41704.0,81993.0,35355.0,27960.0,33953.0,19246.0,78289.0,18396.0,15366.0,2159.0,14263.0,51696.0,5770.0,3570.0,8221.0,-12825.0,-1878.0,7636.0,9512.0,-3628.0,-800.0,693.0,48675.0,940.0,-3535.0,34498.0,-1078.0,-422.0,1217.0,-7928.0,8379.0,3470.0,693.0,4955.0,19771.0,399.0,7499.0,13167.0,3979.0,1071.0,3949038.0
당가의 실험체가 되었다,진시월,포텐,0.0,0.0,0.0,0.0,0.0,0.0,0.0,0.0,0.0,0.0,0.0,0.0,0.0,0.0,0.0,0.0,0.0,0.0,0.0,0.0,0.0,0.0,0.0,0.0,0.0,0.0,0.0,0.0,0.0,52521.0,3042296.0,83438.0,27472.0,16855.0,68186.0,48195.0,27514.0,46687.0,22699.0,2443.0,14521.0,2659.0,16246.0,1565.0,10450.0,9707.0,2650.0,75.0,572.0,0.0,268.0,2736.0,55492.0,232210.0,16030.0,5055.0,27429.0,74023.0,12846.0,26018.0,3948858.0
천년전쟁,박시원,포텐,136346.0,96896.0,83828.0,98025.0,115455.0,85085.0,78694.0,27391.0,118111.0,64792.0,38941.0,80993.0,59067.0,57604.0,62601.0,72391.0,72438.0,112826.0,71471.0,112045.0,62060.0,39968.0,37157.0,70044.0,46863.0,76569.0,48267.0,68987.0,59376.0,112860.0,207950.0,83772.0,35129.0,21271.0,92705.0,34307.0,35873.0,52746.0,21589.0,25199.0,93019.0,31678.0,68549.0,59197.0,32061.0,53297.0,42087.0,52770.0,32837.0,76109.0,59677.0,26732.0,24052.0,66931.0,89523.0,74750.0,80459.0,40844.0,13640.0,31783.0,3927687.0
광풍가,나한,프로무림,67487.0,49770.0,112679.0,105834.0,41468.0,73101.0,172683.0,83419.0,82732.0,192129.0,146139.0,64834.0,51520.0,46935.0,190491.0,73916.0,99953.0,93576.0,420875.0,169817.0,43470.0,43120.0,203280.0,56861.0,112000.0,57169.0,37961.0,53900.0,23940.0,24066.0,9170.0,45430.0,33180.0,62160.0,15764.0,28280.0,123816.0,29169.0,129703.0,121310.0,35070.0,17010.0,21798.0,1260.0,5670.0,36981.0,13986.0,9450.0,7560.0,3780.0,10710.0,29470.0,39550.0,20104.0,28155.0,7812.0,10710.0,5670.0,13230.0,15120.0,3926203.0
도시의 주인 완,말리브 해적,포텐,33180.0,22673.0,42560.0,20510.0,20195.0,28280.0,23520.0,9618.0,6825.0,28280.0,18340.0,0.0,6980.0,20110.0,34160.0,33565.0,16730.0,48090.0,41860.0,30065.0,9625.0,12600.0,12530.0,15064.0,10570.0,13468.0,5530.0,10745.0,30520.0,93404.0,205833.0,215857.0,66829.0,55569.0,31143.0,36694.0,6650.0,16408.0,23520.0,68712.0,88116.0,83352.0,32959.0,54526.0,58996.0,28120.0,5288.0,13552.0,446417.0,1213423.0,170533.0,64158.0,47710.0,67180.0,17986.0,27796.0,19163.0,19001.0,13380.0,17630.0,3916098.0
무림미녀전기,탄마,프로무림,0.0,0.0,0.0,0.0,0.0,0.0,0.0,0.0,0.0,0.0,0.0,0.0,0.0,0.0,0.0,0.0,0.0,0.0,0.0,0.0,0.0,0.0,0.0,0.0,0.0,0.0,0.0,0.0,0.0,0.0,26880.0,127680.0,145600.0,94080.0,23744.0,734272.0,327040.0,449179.0,203501.0,65632.0,35840.0,75712.0,66528.0,48832.0,81088.0,312571.0,156800.0,168196.0,106176.0,36386.0,96768.0,73120.0,79968.0,89600.0,60256.0,52864.0,13440.0,44576.0,75712.0,27128.0,3899169.0
절대자는 신혼이다,글빌런,포텐,0.0,0.0,0.0,0.0,0.0,0.0,0.0,0.0,0.0,0.0,0.0,0.0,0.0,0.0,0.0,0.0,0.0,0.0,0.0,0.0,0.0,0.0,0.0,0.0,0.0,0.0,0.0,0.0,0.0,0.0,0.0,0.0,0.0,111786.0,2147787.0,602906.0,174741.0,31716.0,54132.0,45731.0,36245.0,20542.0,3321.0,1912.0,4933.0,1658.0,8786.0,2352.0,817.0,231119.0,226785.0,67548.0,31154.0,11151.0,9353.0,8746.0,4846.0,36597.0,11332.0,6250.0,3894246.0
천년야망,서효원,프로무림,64853.0,58244.0,57900.0,36900.0,54300.0,35400.0,26100.0,113220.0,132233.0,91611.0,72800.0,103890.0,118960.0,120044.0,55800.0,58820.0,72400.0,84782.0,85000.0,57935.0,61421.0,56178.0,62296.0,86330.0,106742.0,102910.0,97803.0,89670.0,87128.0,74042.0,60471.0,90065.0,64948.0,74636.0,69621.0,56970.0,40392.0,66206.0,55856.0,60860.0,41997.0,22607.0,44611.0,59772.0,32277.0,17640.0,32026.0,47200.0,27095.0,113881.0,85177.0,32623.0,47640.0,20700.0,31732.0,149482.0,43660.0,19860.0,34911.0,9994.0,3880622.0
아버지가 남긴 USB,외도정사,포텐,0.0,0.0,0.0,0.0,0.0,0.0,0.0,0.0,0.0,0.0,0.0,0.0,0.0,0.0,0.0,0.0,536620.0,276010.0,212959.0,203419.0,347445.0,332040.0,275685.0,113281.0,139927.0,73926.0,125741.0,63478.0,96119.0,54203.0,63087.0,47421.0,126889.0,46898.0,73085.0,41222.0,33474.0,21175.0,32453.0,13706.0,17402.0,17302.0,17827.0,37480.0,18019.0,16982.0,22919.0,27573.0,18556.0,9976.0,100522.0,19819.0,46445.0,13922.0,25067.0,20664.0,49244.0,7205.0,20916.0,20502.0,3878605.0
대물공자,워드벤처,프로무림,0.0,0.0,0.0,0.0,0.0,0.0,0.0,0.0,0.0,0.0,0.0,0.0,0.0,0.0,0.0,0.0,0.0,0.0,0.0,138530.0,68110.0,34440.0,39620.0,40810.0,21630.0,81909.0,1795460.0,369430.0,322620.0,206815.0,142772.0,57612.0,107128.0,53599.0,45133.0,32067.0,12362.0,20509.0,28665.0,5357.0,37992.0,13646.0,9840.0,15593.0,19720.0,7294.0,12362.0,28382.0,382.0,7660.0,10333.0,3722.0,8340.0,5870.0,6370.0,3024.0,3360.0,26114.0,14422.0,5110.0,3864114.0
여대생 길들이기,O링,포텐,0.0,0.0,0.0,0.0,0.0,0.0,0.0,0.0,0.0,0.0,0.0,0.0,0.0,0.0,0.0,0.0,468860.0,282730.0,246127.0,232722.0,340997.0,222188.0,164120.0,120771.0,80954.0,60602.0,135601.0,87021.0,70882.0,34293.0,29743.0,84319.0,43969.0,65929.0,28952.0,52101.0,37277.0,25609.0,26874.0,30898.0,31581.0,63079.0,72158.0,33072.0,17766.0,23408.0,19039.0,51243.0,219592.0,37867.0,32422.0,33221.0,58801.0,41029.0,37644.0,43805.0,21936.0,30591.0,15374.0,2874.0,3860041.0
위대한 존재의째 아들은 재벌로 산다,박재학,포텐,0.0,0.0,0.0,0.0,0.0,0.0,0.0,0.0,0.0,0.0,0.0,0.0,0.0,0.0,0.0,0.0,0.0,0.0,0.0,0.0,0.0,0.0,0.0,0.0,0.0,0.0,0.0,0.0,0.0,0.0,0.0,0.0,0.0,0.0,0.0,0.0,0.0,469714.0,621772.0,663209.0,494328.0,433969.0,343622.0,358837.0,69993.0,50040.0,45644.0,22617.0,28103.0,49315.0,71825.0,5472.0,16284.0,22014.0,24827.0,13783.0,9513.0,9414.0,5496.0,2409.0,3832200.0
SSS급 괴물사냥꾼,북홀릭,포텐,18900.0,5740.0,13160.0,5810.0,27930.0,11060.0,2940.0,24570.0,140.0,5320.0,5390.0,2450.0,0.0,2520.0,140.0,9030.0,55300.0,300378.0,863522.0,97076.0,27251.0,72780.0,19030.0,22596.0,108084.0,142693.0,174613.0,36674.0,2202.0,27522.0,368577.0,226278.0,131235.0,102547.0,68103.0,129643.0,68088.0,15266.0,60487.0,38395.0,35231.0,35778.0,62866.0,6560.0,16356.0,5714.0,41107.0,31690.0,30952.0,15529.0,6880.0,3167.0,55305.0,13954.0,31457.0,23365.0,22439.0,22617.0,19250.0,12694.0,3786351.0
이번 생도 검뿐이다,벌꿀오소리,포텐,0.0,0.0,0.0,0.0,0.0,0.0,0.0,0.0,0.0,0.0,0.0,0.0,0.0,0.0,0.0,0.0,0.0,0.0,0.0,0.0,0.0,0.0,0.0,0.0,0.0,0.0,0.0,0.0,0.0,0.0,0.0,0.0,0.0,130006.0,1479123.0,332908.0,108033.0,167216.0,141171.0,77532.0,93375.0,100656.0,92822.0,78048.0,28305.0,88013.0,11961.0,132202.0,257336.0,55679.0,120709.0,66780.0,95083.0,44318.0,40147.0,3690.0,4355.0,12392.0,4286.0,8096.0,3774242.0
미후전기,사마달,포텐,58225.0,42965.0,83452.0,97805.0,66983.0,123550.0,176042.0,68894.0,61670.0,155583.0,32200.0,42770.0,41528.0,92985.0,40445.0,51205.0,12894.0,53228.0,101448.0,73588.0,43017.0,94507.0,60991.0,44836.0,137428.0,73784.0,42659.0,92170.0,72171.0,107568.0,34421.0,25216.0,47577.0,38382.0,13364.0,29045.0,129808.0,37677.0,27316.0,9220.0,51819.0,13672.0,1551.0,198380.0,92358.0,10526.0,108909.0,47851.0,17573.0,8513.0,95089.0,53415.0,60368.0,41234.0,105146.0,37651.0,39025.0,65831.0,32373.0,13193.0,3733094.0
광풍무,나한,프로무림,70548.0,58987.0,95315.0,134400.0,124438.0,72581.0,93792.0,113571.0,173481.0,132080.0,48347.0,79623.0,112711.0,51009.0,45918.0,82186.0,45322.0,101693.0,117533.0,49193.0,105420.0,73360.0,113855.0,297710.0,241500.0,33600.0,61880.0,80885.0,26075.0,23660.0,32900.0,90300.0,14350.0,28945.0,43995.0,16765.0,45038.0,13090.0,105504.0,210318.0,54132.0,13300.0,14742.0,19971.0,15372.0,5481.0,8757.0,18094.0,19270.0,10395.0,8883.0,0.0,6615.0,5985.0,1890.0,13230.0,13356.0,15120.0,945.0,13930.0,3721346.0
안하무인,강태산,프로무림,79200.0,96200.0,50640.0,66200.0,68100.0,32900.0,104000.0,70300.0,40000.0,173800.0,223100.0,60300.0,69200.0,71000.0,64400.0,80400.0,129100.0,48700.0,127200.0,88560.0,76188.0,83368.0,75287.0,75380.0,62080.0,40108.0,130508.0,95200.0,68300.0,51520.0,37116.0,41928.0,43400.0,63950.0,13124.0,53100.0,63916.0,50044.0,44608.0,17300.0,30100.0,76800.0,28460.0,46324.0,55500.0,57000.0,45900.0,24286.0,35024.0,42100.0,51100.0,40200.0,43500.0,23900.0,26100.0,39000.0,12600.0,16700.0,24200.0,30500.0,3679019.0
지상 최고의 축구 완,김군0619,포텐,0.0,0.0,0.0,0.0,0.0,0.0,0.0,0.0,0.0,0.0,205506.0,47880.0,40264.0,136796.0,161056.0,86072.0,180824.0,2240.0,48493.0,79398.0,60506.0,21895.0,83531.0,306000.0,91707.0,84.0,252.0,160114.0,15502.0,293307.0,152880.0,17920.0,127273.0,13012.0,172555.0,218363.0,159462.0,76652.0,1620.0,32440.0,31772.0,27963.0,6100.0,5792.0,23128.0,42184.0,2160.0,39224.0,65276.0,4394.0,47191.0,69224.0,12420.0,23157.0,9800.0,24452.0,195208.0,35380.0,6094.0,3240.0,3667763.0
삼절지존1,와룡강,프로무림,39809.0,49836.0,46878.0,46330.0,56370.0,45534.0,58840.0,95042.0,68683.0,85817.0,69777.0,70286.0,64115.0,82683.0,68436.0,60664.0,74936.0,68124.0,71070.0,88979.0,54204.0,75992.0,60491.0,70674.0,56855.0,80123.0,61037.0,89695.0,84990.0,69282.0,70689.0,45589.0,77057.0,61228.0,69690.0,70677.0,98718.0,48441.0,44290.0,52811.0,63701.0,48455.0,49126.0,84423.0,64172.0,42259.0,41269.0,43184.0,35216.0,43601.0,47890.0,36601.0,61126.0,50753.0,56068.0,57997.0,21197.0,30779.0,30685.0,71574.0,3634818.0
나 혼자 독식,백범,포텐,0.0,0.0,0.0,0.0,0.0,0.0,177720.0,181333.0,434662.0,113044.0,176558.0,174321.0,157690.0,212317.0,92072.0,73479.0,20063.0,73103.0,56378.0,31818.0,127581.0,76580.0,23680.0,508660.0,118460.0,64972.0,115733.0,115522.0,43222.0,26654.0,43433.0,13867.0,37464.0,39907.0,32573.0,12580.0,7154.0,15235.0,13568.0,13907.0,1136.0,7623.0,22241.0,13958.0,58915.0,58835.0,26237.0,0.0,0.0,0.0,0.0,0.0,0.0,13440.0,0.0,0.0,0.0,0.0,2240.0,0.0,3629935.0
EPL 프리미어 리그 완,말리브 해적,포텐,4900.0,14315.0,19565.0,5565.0,12250.0,630.0,3815.0,4130.0,14350.0,6790.0,16065.0,630.0,1750.0,21315.0,14065.0,9695.0,0.0,50153.0,0.0,14805.0,169603.0,96628.0,118174.0,53424.0,315.0,0.0,38815.0,16065.0,18760.0,61537.0,177481.0,20303.0,83274.0,42114.0,5792.0,9311.0,23000.0,11467.0,315.0,5985.0,5670.0,316635.0,53650.0,315.0,6928.0,32956.0,11170.0,17547.0,801911.0,619397.0,195773.0,97151.0,64985.0,93630.0,50300.0,15155.0,16625.0,23698.0,13859.0,19560.0,3624066.0
무적 군림보,나한,프로무림,50014.0,59344.0,252177.0,80323.0,77641.0,70978.0,76502.0,60935.0,64085.0,142235.0,89031.0,38999.0,49031.0,11241.0,21172.0,43064.0,39375.0,63890.0,107492.0,84770.0,68900.0,125440.0,45430.0,65590.0,63420.0,87220.0,31360.0,34510.0,9450.0,24752.0,26488.0,42490.0,63350.0,29890.0,38010.0,27720.0,4410.0,11830.0,126700.0,24640.0,165760.0,185430.0,89600.0,36680.0,154357.0,56000.0,31290.0,72940.0,46277.0,29610.0,36267.0,11200.0,39480.0,38570.0,20405.0,38689.0,17052.0,44324.0,51380.0,7630.0,3606840.0
영웅의 도시,이원호,프로무림,40800.0,83700.0,48900.0,25200.0,33000.0,51000.0,40800.0,93450.0,121100.0,41400.0,13050.0,44700.0,27750.0,69000.0,28500.0,171000.0,84000.0,91650.0,99900.0,227400.0,29700.0,88650.0,39690.0,136560.0,71400.0,93900.0,108900.0,44400.0,69750.0,77520.0,137430.0,65550.0,157500.0,164100.0,51900.0,57750.0,72900.0,66900.0,78248.0,72900.0,7530.0,22260.0,32100.0,41720.0,30630.0,29100.0,19500.0,16980.0,57000.0,45300.0,158118.0,3600.0,19500.0,0.0,0.0,0.0,0.0,0.0,0.0,0.0,3605286.0
간웅,백범,포텐,0.0,0.0,0.0,0.0,0.0,0.0,0.0,0.0,0.0,0.0,0.0,0.0,0.0,164556.0,106596.0,100044.0,163968.0,18900.0,35700.0,27720.0,39900.0,0.0,151200.0,216300.0,866581.0,377439.0,237280.0,287300.0,164882.0,285754.0,209452.0,139640.0,0.0,0.0,0.0,0.0,5.0,0.0,0.0,0.0,0.0,0.0,0.0,0.0,0.0,0.0,0.0,0.0,0.0,0.0,0.0,0.0,0.0,0.0,0.0,0.0,0.0,0.0,0.0,0.0,3593217.0
천왕무,나한,프로무림,70411.0,80131.0,243264.0,207432.0,60169.0,96086.0,106860.0,82173.0,126623.0,47306.0,69685.0,72786.0,21911.0,45269.0,109795.0,33407.0,59661.0,107668.0,169343.0,131734.0,55930.0,344750.0,51660.0,94710.0,102620.0,54180.0,53214.0,12642.0,29428.0,25578.0,43407.0,40600.0,37730.0,50120.0,36750.0,46088.0,50967.0,37100.0,201180.0,127260.0,17710.0,13230.0,6300.0,11340.0,14112.0,11340.0,3150.0,4599.0,0.0,2240.0,4410.0,4410.0,10710.0,630.0,3528.0,3780.0,13860.0,2520.0,9590.0,0.0,3575087.0
유산 받아 레벨 업,북홀릭,포텐,357246.0,83021.0,117010.0,62798.0,146950.0,76293.0,64315.0,58745.0,187805.0,105415.0,74775.0,95770.0,21480.0,57835.0,53315.0,54735.0,107865.0,75405.0,102072.0,83337.0,64818.0,42695.0,82882.0,16838.0,80861.0,45262.0,33961.0,49848.0,9791.0,66717.0,40852.0,57678.0,18466.0,37792.0,20268.0,10999.0,28483.0,49686.0,33817.0,55456.0,57192.0,22450.0,12744.0,12906.0,18841.0,40551.0,61156.0,11134.0,25124.0,16400.0,124891.0,135052.0,14020.0,99487.0,29990.0,4756.0,14742.0,20713.0,0.0,13262.0,3568768.0
제장 무너진 죽음의 하늘2,청산,프로무림,184310.0,130270.0,174300.0,263620.0,195370.0,91560.0,62510.0,66920.0,144760.0,46200.0,33670.0,96250.0,86870.0,71610.0,76230.0,44730.0,36050.0,50400.0,42490.0,89040.0,56840.0,61180.0,59710.0,34300.0,67060.0,77140.0,57540.0,14770.0,42070.0,8820.0,35280.0,49560.0,37660.0,20930.0,32620.0,91350.0,78610.0,32830.0,27160.0,32830.0,47320.0,99750.0,68950.0,50610.0,25060.0,16380.0,35700.0,41020.0,17150.0,23030.0,37380.0,28140.0,9240.0,8820.0,20090.0,31360.0,11410.0,37450.0,20160.0,25620.0,3560060.0
하늘에서 내리는 카드,허풍선,프로무림,98000.0,47850.0,60200.0,65300.0,62200.0,81920.0,24050.0,51000.0,76750.0,12550.0,79050.0,46350.0,35550.0,102700.0,115550.0,132200.0,62200.0,31500.0,79965.0,90226.0,34330.0,62814.0,135872.0,41761.0,45414.0,53149.0,93168.0,58600.0,62068.0,32860.0,44514.0,112006.0,117954.0,73804.0,19048.0,44562.0,18318.0,53285.0,59949.0,36355.0,68129.0,63409.0,53204.0,94080.0,48730.0,107539.0,39443.0,80631.0,78468.0,17532.0,52424.0,15108.0,35461.0,13072.0,8032.0,13184.0,-2784.0,48612.0,87596.0,74390.0,3551202.0
창궁무적검,서효원,프로무림,56500.0,58300.0,25800.0,1200.0,20000.0,2100.0,4500.0,32400.0,108720.0,72330.0,84970.0,62000.0,103020.0,51200.0,59400.0,60000.0,35724.0,36200.0,52130.0,83159.0,47256.0,36419.0,68507.0,37230.0,48929.0,81837.0,80400.0,27720.0,42166.0,30956.0,34081.0,35728.0,257920.0,113074.0,139760.0,243066.0,188999.0,74835.0,30703.0,28020.0,34542.0,44148.0,46638.0,16241.0,90603.0,35223.0,51654.0,43852.0,25228.0,37931.0,46803.0,38313.0,53324.0,84708.0,56065.0,31405.0,33921.0,66270.0,29212.0,23244.0,3546584.0
갤럭시the Galaxy,박재학,프로무림,346794.0,458208.0,253768.0,223889.0,271076.0,340031.0,327390.0,223706.0,27810.0,45665.0,58940.0,107245.0,21413.0,27790.0,14250.0,8780.0,8340.0,14120.0,10430.0,12888.0,21790.0,23940.0,4635.0,19600.0,52261.0,38268.0,7875.0,2115.0,52825.0,44750.0,19157.0,11995.0,4635.0,5400.0,12165.0,13071.0,5110.0,40378.0,7910.0,8952.0,3614.0,6731.0,7194.0,19367.0,28552.0,24582.0,10080.0,1323.0,32159.0,11006.0,9369.0,15750.0,4924.0,55230.0,33180.0,62832.0,-43680.0,20624.0,9660.0,22120.0,3533982.0
신의 조각,송재일,포텐,64672.0,190547.0,85340.0,67157.0,26310.0,58891.0,53867.0,141619.0,58331.0,60165.0,71950.0,63055.0,276279.0,59995.0,31250.0,55390.0,122291.0,110890.0,74713.0,164855.0,207851.0,17827.0,28188.0,36110.0,21213.0,27155.0,68135.0,31883.0,42522.0,19080.0,5345.0,17112.0,4320.0,46870.0,21866.0,10436.0,13341.0,18513.0,14281.0,17357.0,31309.0,18414.0,24516.0,1920.0,10342.0,15860.0,519060.0,137784.0,45512.0,41717.0,35294.0,24590.0,17094.0,48157.0,25973.0,7680.0,15249.0,0.0,0.0,2557.0,3530000.0
무림미녀전기,탄마,올나이트노벨,0.0,0.0,0.0,0.0,0.0,0.0,0.0,0.0,0.0,0.0,0.0,0.0,0.0,0.0,0.0,0.0,0.0,0.0,0.0,0.0,0.0,0.0,0.0,0.0,0.0,0.0,0.0,0.0,7280.0,194740.0,118700.0,66150.0,8470.0,9310.0,106778.0,258489.0,413729.0,317387.0,302953.0,83792.0,54740.0,86051.0,79862.0,144074.0,127185.0,74039.0,94955.0,43008.0,291222.0,111632.0,53922.0,21427.0,32907.0,5341.0,43463.0,75677.0,126357.0,45395.0,98851.0,22110.0,3519996.0
공갈,이원호,프로무림,47600.0,61300.0,100500.0,56700.0,86800.0,101900.0,55900.0,68200.0,38300.0,26600.0,83420.0,43830.0,47550.0,97390.0,57000.0,92460.0,50600.0,35252.0,35185.0,101175.0,92171.0,41198.0,97486.0,42967.0,49344.0,41900.0,65784.0,41163.0,58478.0,53038.0,95309.0,89705.0,97030.0,65886.0,57206.0,100729.0,88146.0,91637.0,13035.0,48216.0,36301.0,31838.0,44985.0,26055.0,60010.0,13572.0,18862.0,15568.0,40118.0,48103.0,33980.0,60381.0,131814.0,39540.0,22460.0,72942.0,97674.0,56511.0,29440.0,14262.0,3512506.0
주인공이 대물을 숨김,망령Y,올나이트노벨,0.0,0.0,0.0,0.0,0.0,0.0,0.0,0.0,0.0,0.0,0.0,0.0,0.0,0.0,0.0,0.0,0.0,0.0,0.0,0.0,0.0,0.0,0.0,0.0,0.0,0.0,0.0,0.0,0.0,0.0,0.0,0.0,0.0,0.0,0.0,0.0,0.0,0.0,0.0,0.0,0.0,0.0,0.0,0.0,0.0,0.0,0.0,0.0,0.0,0.0,0.0,0.0,0.0,0.0,0.0,0.0,0.0,0.0,2214127.0,1295524.0,3509651.0
9이닝 야구의 찬가,김군0619,포텐,0.0,0.0,0.0,0.0,0.0,0.0,0.0,0.0,0.0,0.0,0.0,0.0,0.0,0.0,0.0,0.0,0.0,0.0,0.0,0.0,0.0,0.0,0.0,0.0,0.0,0.0,0.0,0.0,0.0,0.0,0.0,0.0,0.0,0.0,112050.0,207803.0,190351.0,143572.0,371137.0,332818.0,215738.0,126310.0,204376.0,98586.0,232207.0,317536.0,98704.0,70335.0,148131.0,108033.0,51329.0,104004.0,47469.0,16099.0,7481.0,100943.0,63054.0,52411.0,35395.0,39089.0,3494961.0
어센딩 블레이드,이형석,포텐,0.0,0.0,0.0,0.0,0.0,0.0,0.0,0.0,0.0,0.0,0.0,0.0,0.0,0.0,0.0,0.0,0.0,0.0,0.0,0.0,0.0,0.0,0.0,0.0,0.0,0.0,0.0,0.0,0.0,0.0,0.0,0.0,0.0,0.0,0.0,0.0,0.0,51827.0,75732.0,88349.0,137615.0,324333.0,208969.0,504619.0,308340.0,179688.0,134640.0,139032.0,123610.0,42973.0,113976.0,141177.0,75729.0,213584.0,103558.0,66674.0,168254.0,167889.0,59524.0,56647.0,3486739.0
돈만 벌고 레벨업,스펜서,포텐,680862.0,172662.0,31794.0,53424.0,104090.0,95200.0,248718.0,114450.0,79472.0,135472.0,100086.0,121058.0,333512.0,23856.0,361287.0,134170.0,37849.0,16612.0,28537.0,41811.0,37646.0,33407.0,36998.0,71815.0,33358.0,24622.0,87189.0,-790.0,10726.0,2327.0,11967.0,-1476.0,9919.0,5291.0,14568.0,0.0,348.0,-614.0,6981.0,13012.0,5364.0,7362.0,13720.0,10682.0,1993.0,16.0,5790.0,-2036.0,1302.0,13311.0,11657.0,6337.0,1834.0,1008.0,3118.0,11248.0,1925.0,20283.0,126.0,11010.0,3438266.0
연정무한,와룡강,프로무림,41940.0,75780.0,40080.0,69090.0,45210.0,75000.0,109500.0,71700.0,48700.0,48100.0,48500.0,33000.0,27500.0,80800.0,52700.0,66000.0,49500.0,72000.0,39400.0,69200.0,87300.0,61300.0,39000.0,62040.0,48000.0,60384.0,75000.0,79452.0,66000.0,111000.0,70900.0,44700.0,87300.0,62900.0,44280.0,74304.0,78600.0,99000.0,81300.0,54900.0,82872.0,39564.0,48072.0,34800.0,27720.0,75886.0,45110.0,30000.0,92700.0,51000.0,42600.0,36928.0,22836.0,21000.0,22100.0,24000.0,36000.0,43710.0,34980.0,72900.0,3436138.0
타격의 신 완,말리브 해적,포텐,5040.0,5075.0,2380.0,1750.0,1260.0,630.0,0.0,16380.0,630.0,25150.0,0.0,7380.0,0.0,8568.0,5185.0,7770.0,2380.0,1750.0,0.0,18396.0,9625.0,17640.0,37727.0,19880.0,1260.0,630.0,8260.0,4760.0,16380.0,66728.0,161070.0,33705.0,25916.0,94294.0,5040.0,15750.0,6230.0,5075.0,22939.0,630.0,1890.0,1890.0,3200.0,13930.0,2240.0,78540.0,49073.0,4025.0,224538.0,1493315.0,352772.0,138216.0,65630.0,125520.0,40207.0,48510.0,13477.0,28680.0,22840.0,29670.0,3401426.0
회사에서 자위하면 생기는 일,미도파,올나이트노벨,0.0,0.0,0.0,0.0,0.0,0.0,0.0,0.0,0.0,0.0,0.0,0.0,0.0,0.0,0.0,0.0,0.0,0.0,0.0,0.0,0.0,0.0,0.0,0.0,0.0,0.0,0.0,0.0,0.0,0.0,0.0,0.0,0.0,0.0,0.0,0.0,2520.0,13041.0,319374.0,541561.0,242553.0,205669.0,239560.0,285107.0,165852.0,89481.0,81029.0,79520.0,314582.0,184061.0,105355.0,133789.0,71527.0,52713.0,42271.0,116175.0,13934.0,15210.0,28291.0,34050.0,3377225.0
멸망한 세계의 생존지침서,담배태우는고양이,포텐,56377.0,27707.0,455750.0,404310.0,245754.0,90890.0,111785.0,80449.0,83540.0,67860.0,57823.0,35840.0,51980.0,82064.0,126280.0,81169.0,68950.0,52373.0,54570.0,54136.0,30596.0,8422.0,45136.0,30839.0,58351.0,51433.0,32533.0,39223.0,33309.0,42066.0,41327.0,35311.0,22411.0,20280.0,14540.0,16993.0,28417.0,20096.0,22915.0,29256.0,21586.0,15846.0,11226.0,66414.0,12077.0,19861.0,4816.0,27045.0,34396.0,13606.0,8505.0,18141.0,5852.0,13365.0,8057.0,66815.0,28953.0,27523.0,25838.0,34026.0,3377009.0
데일리 히어로,인기영,포텐,0.0,0.0,0.0,0.0,0.0,0.0,0.0,0.0,0.0,0.0,0.0,0.0,0.0,0.0,0.0,0.0,0.0,0.0,0.0,0.0,0.0,0.0,0.0,0.0,0.0,11690.0,38468.0,106532.0,59728.0,65123.0,54024.0,254528.0,17831.0,54149.0,200675.0,224965.0,166005.0,75315.0,81854.0,33520.0,28537.0,29704.0,0.0,16341.0,5080.0,3001.0,727180.0,598701.0,184385.0,70120.0,71348.0,28852.0,27610.0,64694.0,37616.0,4169.0,6326.0,4495.0,1527.0,3867.0,3357960.0
밀리 달마묵장,관측불가,포텐,0.0,0.0,0.0,0.0,0.0,0.0,0.0,0.0,0.0,0.0,0.0,0.0,0.0,0.0,0.0,0.0,0.0,0.0,0.0,0.0,0.0,0.0,0.0,0.0,0.0,0.0,0.0,0.0,0.0,0.0,0.0,0.0,0.0,0.0,0.0,0.0,0.0,0.0,0.0,0.0,0.0,0.0,0.0,0.0,0.0,0.0,395000.0,1765000.0,360000.0,140000.0,75000.0,110000.0,85000.0,95840.0,10240.0,46080.0,15360.0,102400.0,71680.0,76800.0,3348400.0
랜덤뽑기로 학원최강,비비다,포텐,170213.0,279497.0,218591.0,84350.0,137862.0,143811.0,75726.0,110756.0,101500.0,75334.0,54610.0,100704.0,69150.0,43546.0,18111.0,68464.0,133634.0,83529.0,88215.0,114357.0,82696.0,48006.0,48566.0,13530.0,103056.0,54412.0,31437.0,11617.0,11961.0,11506.0,8790.0,567.0,28874.0,14274.0,10663.0,9191.0,517.0,19860.0,14235.0,29484.0,16740.0,8925.0,17994.0,23007.0,8155.0,289351.0,55533.0,21430.0,6618.0,13402.0,10001.0,18344.0,5540.0,6630.0,37373.0,31831.0,6445.0,2241.0,19663.0,6580.0,3331005.0
진짜 사나이,강산,포텐,0.0,0.0,0.0,0.0,0.0,0.0,0.0,0.0,0.0,0.0,0.0,0.0,0.0,0.0,0.0,0.0,0.0,0.0,0.0,0.0,0.0,0.0,0.0,0.0,0.0,0.0,0.0,0.0,0.0,0.0,0.0,0.0,0.0,0.0,0.0,0.0,0.0,0.0,0.0,0.0,0.0,0.0,244553.0,151968.0,210539.0,54219.0,1106649.0,283830.0,299887.0,66744.0,372673.0,129376.0,76434.0,57102.0,41535.0,40236.0,88916.0,35025.0,44456.0,15414.0,3319556.0
천왕문,서효원,프로무림,38921.0,57422.0,25500.0,21600.0,103300.0,5400.0,29800.0,96480.0,93300.0,61044.0,70800.0,147210.0,137840.0,52800.0,81300.0,45304.0,73300.0,43600.0,66600.0,44352.0,83477.0,81008.0,54308.0,61747.0,98896.0,55382.0,69019.0,58994.0,31015.0,45432.0,25315.0,73943.0,104464.0,54950.0,86588.0,53920.0,54600.0,46137.0,44340.0,33461.0,42246.0,61000.0,55044.0,61545.0,74842.0,32371.0,24403.0,44983.0,25868.0,51775.0,21159.0,34668.0,24840.0,20736.0,16380.0,78543.0,17550.0,31602.0,21432.0,44225.0,3298081.0
더 게이트,조건상,프로무림,203271.0,940988.0,121674.0,124068.0,148085.0,48230.0,47600.0,58429.0,35301.0,85603.0,107415.0,34195.0,107058.0,80189.0,34370.0,80542.0,108640.0,84920.0,52920.0,22190.0,38570.0,6930.0,22050.0,6300.0,0.0,23940.0,5040.0,16380.0,28140.0,23310.0,15820.0,88200.0,26040.0,6300.0,9450.0,1260.0,47880.0,8820.0,17640.0,17080.0,18900.0,33810.0,15750.0,10710.0,55580.0,630.0,2520.0,9870.0,32900.0,29050.0,11970.0,0.0,5670.0,9450.0,26250.0,6930.0,6510.0,20300.0,29050.0,17920.0,3278608.0
천마를 다운로드합니다,이세계사장,포텐,0.0,0.0,0.0,0.0,0.0,0.0,0.0,0.0,0.0,0.0,0.0,0.0,0.0,0.0,0.0,0.0,0.0,0.0,0.0,0.0,0.0,0.0,0.0,0.0,0.0,0.0,0.0,0.0,0.0,0.0,0.0,0.0,0.0,0.0,0.0,0.0,0.0,0.0,0.0,0.0,0.0,0.0,0.0,0.0,0.0,0.0,0.0,0.0,0.0,114914.0,1425181.0,266726.0,275395.0,183520.0,255072.0,133042.0,197599.0,189389.0,175906.0,45914.0,3262658.0
지크,김하준,프로무림,32265.0,74566.0,49604.0,37427.0,44866.0,145402.0,29270.0,176964.0,75164.0,82194.0,39102.0,35579.0,87120.0,51932.0,91850.0,52742.0,71909.0,237942.0,97394.0,65209.0,40008.0,29596.0,29637.0,73207.0,88605.0,7179.0,67943.0,57252.0,32784.0,60760.0,32573.0,30492.0,13256.0,31751.0,89481.0,9411.0,12906.0,24621.0,99768.0,94255.0,60174.0,33989.0,26840.0,72272.0,109658.0,21393.0,3176.0,10969.0,71514.0,20737.0,19743.0,67356.0,10807.0,63435.0,9808.0,30094.0,5041.0,64990.0,14808.0,29112.0,3249902.0
백사전신,강태산,프로무림,73738.0,48545.0,47488.0,33446.0,48888.0,80038.0,85869.0,48874.0,69734.0,81088.0,20132.0,4410.0,10045.0,23107.0,5754.0,2016.0,7840.0,5782.0,24290.0,3353.0,8304.0,20223.0,196.0,4550.0,11760.0,33852.0,843213.0,303310.0,353780.0,145929.0,111433.0,63509.0,40635.0,86772.0,40775.0,57155.0,25900.0,21385.0,40642.0,35448.0,24360.0,22190.0,16100.0,3570.0,12719.0,12460.0,2996.0,3346.0,18256.0,23254.0,3129.0,13244.0,7679.0,19180.0,7791.0,21000.0,12600.0,19180.0,15568.0,5600.0,3237430.0
도시의 지배자,박재학,프로무림,64778.0,81622.0,49734.0,51253.0,60070.0,37857.0,104620.0,72201.0,39915.0,40324.0,70915.0,107234.0,52252.0,53010.0,43058.0,27427.0,44067.0,57294.0,62656.0,84516.0,57421.0,44895.0,47761.0,47149.0,49241.0,55109.0,70162.0,62632.0,80575.0,75593.0,45347.0,31068.0,79946.0,45357.0,54278.0,39392.0,73307.0,106550.0,45515.0,26751.0,45133.0,40361.0,31962.0,45885.0,38450.0,26889.0,27243.0,10914.0,52065.0,27051.0,39624.0,49878.0,56178.0,43829.0,90371.0,43672.0,32229.0,99564.0,53251.0,33701.0,3231102.0
여사친의 스마트폰,용병애쉬,포텐,0.0,0.0,0.0,0.0,0.0,0.0,0.0,0.0,0.0,0.0,0.0,0.0,0.0,0.0,0.0,0.0,306950.0,310380.0,141953.0,207873.0,269189.0,238462.0,369411.0,184779.0,100954.0,49182.0,90155.0,67670.0,54117.0,26747.0,101072.0,31490.0,35190.0,44744.0,26566.0,34020.0,27536.0,21376.0,21980.0,8401.0,22810.0,10661.0,21614.0,23604.0,21084.0,11369.0,32466.0,7679.0,20691.0,12208.0,14921.0,3206.0,82009.0,4858.0,43018.0,9730.0,3563.0,87189.0,9835.0,11443.0,3224155.0
하급 서기관의 회귀,킹메이커,포텐,0.0,0.0,0.0,0.0,0.0,0.0,0.0,0.0,0.0,0.0,0.0,0.0,0.0,0.0,0.0,0.0,0.0,0.0,0.0,0.0,0.0,0.0,0.0,0.0,0.0,0.0,0.0,0.0,0.0,0.0,0.0,0.0,0.0,0.0,0.0,0.0,0.0,0.0,0.0,0.0,0.0,0.0,0.0,0.0,0.0,10300.0,21312.0,224724.0,55739.0,504972.0,140496.0,193376.0,513595.0,205634.0,76821.0,99779.0,107086.0,126862.0,802477.0,138666.0,3221839.0
선검 완,유재무,프로무림,172680.0,9440.0,2700.0,8960.0,48250.0,2430.0,23483.0,7180.0,2700.0,900.0,48620.0,86724.0,70140.0,10000.0,32900.0,53400.0,900.0,4100.0,12200.0,121019.0,64736.0,58900.0,5400.0,3200.0,5678.0,17769.0,7713.0,2068.0,6028.0,1028.0,1800.0,3989.0,71643.0,18900.0,11353.0,29700.0,16200.0,11700.0,49800.0,46697.0,9527.0,8600.0,7300.0,24300.0,34223.0,30400.0,106672.0,46100.0,269114.0,122660.0,261182.0,522838.0,149503.0,88046.0,79484.0,92883.0,48345.0,14600.0,52133.0,61502.0,3182440.0
유건,춤추는 그림자,포텐,373930.0,261370.0,186080.0,266710.0,421420.0,439230.0,227700.0,202730.0,130320.0,178690.0,226840.0,281841.0,-700.0,0.0,-100.0,0.0,0.0,-1746.0,-388.0,0.0,0.0,0.0,0.0,0.0,-11155.0,0.0,0.0,0.0,0.0,0.0,0.0,0.0,0.0,0.0,0.0,-3020.0,960.0,344.0,4.0,0.0,0.0,0.0,0.0,0.0,0.0,0.0,0.0,0.0,0.0,0.0,0.0,0.0,0.0,0.0,0.0,0.0,0.0,0.0,0.0,0.0,3181060.0
가면의 마존,눈매,포텐,0.0,0.0,0.0,0.0,0.0,0.0,0.0,0.0,0.0,0.0,0.0,70.0,62580.0,5047.0,261746.0,325593.0,124767.0,205147.0,64017.0,109530.0,185143.0,138231.0,37747.0,102085.0,53650.0,156399.0,110693.0,74675.0,51368.0,28493.0,31443.0,16540.0,7630.0,3185.0,29125.0,10314.0,13512.0,21558.0,64834.0,21496.0,42898.0,17472.0,0.0,8610.0,174078.0,271694.0,40680.0,52595.0,49267.0,22698.0,20959.0,29718.0,51925.0,17709.0,42910.0,5463.0,5892.0,3241.0,555.0,778.0,3175760.0
창귀,별도,프로무림,98021.0,67391.0,57960.0,54908.0,281603.0,52388.0,303328.0,50645.0,23310.0,9693.0,37292.0,42576.0,19390.0,53403.0,35399.0,15057.0,25506.0,18001.0,43703.0,55383.0,54787.0,33375.0,122809.0,55042.0,63450.0,30954.0,36964.0,45515.0,17495.0,13480.0,19360.0,14855.0,45406.0,75357.0,77581.0,185974.0,40740.0,14182.0,153756.0,232504.0,32141.0,21489.0,17419.0,45280.0,62004.0,36439.0,80540.0,53051.0,38038.0,15584.0,74281.0,0.0,0.0,0.0,0.0,0.0,0.0,0.0,0.0,0.0,3154809.0
패왕독보1,와룡강,프로무림,48592.0,49174.0,42554.0,23358.0,51233.0,40109.0,113073.0,59189.0,52504.0,49410.0,42615.0,37096.0,55907.0,92178.0,62778.0,68695.0,69043.0,69331.0,55792.0,37833.0,83155.0,75034.0,50587.0,51514.0,62125.0,43936.0,51071.0,40129.0,68889.0,46392.0,43022.0,38499.0,38955.0,33800.0,28305.0,68053.0,45421.0,31109.0,70652.0,61470.0,16157.0,42752.0,49522.0,50009.0,80262.0,23673.0,34017.0,45899.0,43968.0,44560.0,68861.0,23505.0,81388.0,29117.0,45935.0,128304.0,19660.0,69621.0,41359.0,53875.0,3145026.0
취적취무,설봉,프로무림,86880.0,41080.0,96280.0,66980.0,61500.0,26870.0,75910.0,200170.0,13330.0,39980.0,69940.0,17100.0,48000.0,55240.0,1890.0,30640.0,6120.0,64310.0,178900.0,183710.0,54693.0,18360.0,81100.0,68800.0,212494.0,107398.0,62146.0,86880.0,51856.0,153596.0,86400.0,103460.0,9450.0,63700.0,48000.0,16000.0,47283.0,1260.0,18902.0,42397.0,20184.0,49890.0,29860.0,32560.0,51200.0,27560.0,12990.0,31300.0,0.0,0.0,46340.0,0.0,8870.0,630.0,10383.0,70176.0,21040.0,13000.0,9600.0,0.0,3134588.0
보스,이원호,프로무림,61000.0,51800.0,96200.0,55600.0,33700.0,32700.0,77000.0,42000.0,36000.0,30900.0,66000.0,25900.0,137400.0,39800.0,53300.0,60600.0,37400.0,64800.0,59600.0,48000.0,19400.0,83100.0,51900.0,46200.0,52800.0,132900.0,88100.0,75600.0,33800.0,73200.0,145300.0,18400.0,33000.0,108000.0,60000.0,82200.0,26700.0,9300.0,50701.0,22701.0,25000.0,30000.0,900.0,3400.0,17400.0,4300.0,13058.0,4000.0,30000.0,39000.0,193054.0,44900.0,123667.0,1134.0,21000.0,9000.0,22000.0,81000.0,114000.0,6101.0,3105916.0
자본주의가 낳은 괴물 헌터,쌈마이,포텐,63816.0,55083.0,117045.0,111071.0,65010.0,96733.0,75247.0,85167.0,203082.0,183694.0,103718.0,44423.0,124080.0,20490.0,87420.0,132762.0,60548.0,68077.0,37306.0,72318.0,290085.0,20852.0,46370.0,55554.0,20031.0,8552.0,50734.0,33317.0,43483.0,32199.0,18445.0,28968.0,42300.0,25393.0,6067.0,62615.0,28547.0,37777.0,22929.0,34153.0,38625.0,9653.0,6363.0,20815.0,13714.0,15253.0,6497.0,7568.0,22226.0,42007.0,8663.0,26285.0,40948.0,9575.0,11044.0,10557.0,26923.0,630.0,19684.0,660.0,3053151.0
게임 시스템으로 현실 대박,강산,포텐,0.0,0.0,0.0,0.0,0.0,0.0,0.0,0.0,0.0,0.0,0.0,0.0,0.0,0.0,0.0,0.0,0.0,0.0,0.0,0.0,0.0,0.0,0.0,0.0,0.0,0.0,0.0,0.0,0.0,0.0,0.0,0.0,0.0,0.0,0.0,0.0,0.0,0.0,0.0,0.0,0.0,0.0,291418.0,78388.0,230599.0,583159.0,919730.0,211902.0,142489.0,78200.0,72152.0,42863.0,32836.0,115008.0,52577.0,28852.0,54545.0,54881.0,30836.0,14490.0,3034925.0
레전드,이형석,포텐,0.0,0.0,0.0,0.0,0.0,0.0,0.0,0.0,0.0,0.0,5460.0,56490.0,26572.0,275298.0,199508.0,152733.0,175057.0,77811.0,26853.0,79988.0,92673.0,37912.0,70089.0,124703.0,62571.0,12223.0,18880.0,63960.0,86001.0,23842.0,33038.0,25090.0,25712.0,22759.0,49360.0,2345.0,56178.0,42605.0,54411.0,14391.0,32119.0,57270.0,8495.0,6479.0,31415.0,13607.0,429333.0,76547.0,26190.0,18367.0,79066.0,23677.0,20833.0,78424.0,72959.0,16776.0,16795.0,8983.0,19898.0,2873.0,3034619.0
밀리 풍운기협,예로나,포텐,0.0,0.0,0.0,0.0,0.0,0.0,0.0,0.0,0.0,0.0,0.0,0.0,0.0,0.0,0.0,0.0,0.0,0.0,0.0,0.0,0.0,0.0,0.0,0.0,0.0,0.0,0.0,0.0,0.0,0.0,0.0,0.0,0.0,0.0,0.0,0.0,0.0,0.0,0.0,0.0,0.0,0.0,0.0,525000.0,1375000.0,250000.0,95000.0,80000.0,80000.0,35000.0,75000.0,65000.0,90000.0,70240.0,51200.0,87040.0,15360.0,15360.0,20480.0,46080.0,2975760.0
기적의 사나이,박재학,프로무림,56035.0,61925.0,75536.0,48573.0,86159.0,69869.0,58515.0,67250.0,50235.0,70311.0,45082.0,53218.0,64332.0,45930.0,67475.0,65569.0,56609.0,32205.0,56160.0,72135.0,74210.0,25398.0,43231.0,45610.0,47907.0,46156.0,41410.0,48629.0,56813.0,71156.0,47831.0,33546.0,44363.0,38665.0,24275.0,31125.0,39987.0,39832.0,68765.0,54086.0,24579.0,20493.0,16967.0,49223.0,22607.0,47085.0,52703.0,25528.0,74403.0,31739.0,44302.0,35078.0,33515.0,10423.0,14196.0,94838.0,25873.0,73321.0,96788.0,43795.0,2963574.0
황제의 꿈,이원호,프로무림,40200.0,72000.0,84000.0,51000.0,54000.0,27000.0,33000.0,54000.0,51000.0,0.0,3000.0,36000.0,9000.0,30000.0,45000.0,112800.0,78000.0,54000.0,83400.0,43200.0,48000.0,135000.0,156000.0,66000.0,129000.0,86400.0,51000.0,51000.0,54000.0,42000.0,21000.0,120000.0,49900.0,9000.0,93000.0,6000.0,18600.0,9000.0,54000.0,84000.0,19200.0,9900.0,6000.0,30600.0,15000.0,33000.0,6000.0,0.0,24000.0,99000.0,54000.0,69000.0,51000.0,48000.0,39000.0,54000.0,45000.0,62500.0,33000.0,3000.0,2944700.0
천재 감독 망배우가 됨,박커터,포텐,0.0,0.0,0.0,0.0,0.0,0.0,0.0,0.0,0.0,0.0,0.0,0.0,0.0,0.0,0.0,0.0,0.0,0.0,0.0,0.0,0.0,0.0,0.0,0.0,0.0,0.0,0.0,0.0,0.0,0.0,0.0,0.0,0.0,0.0,0.0,0.0,0.0,0.0,0.0,0.0,0.0,0.0,0.0,0.0,0.0,2597.0,144069.0,1662356.0,130083.0,90613.0,169108.0,114936.0,173053.0,48372.0,18074.0,109884.0,57672.0,28051.0,27333.0,149613.0,2925814.0
무림천재의 무림경영,와룡강,포텐,0.0,0.0,0.0,0.0,0.0,0.0,0.0,0.0,0.0,0.0,0.0,0.0,0.0,0.0,0.0,0.0,0.0,0.0,0.0,0.0,0.0,0.0,0.0,0.0,0.0,0.0,0.0,0.0,0.0,0.0,0.0,0.0,0.0,0.0,0.0,970618.0,543309.0,259210.0,185883.0,366344.0,66419.0,28933.0,44312.0,34173.0,34315.0,28288.0,23458.0,22602.0,8678.0,19642.0,64730.0,16752.0,10508.0,15841.0,13404.0,9550.0,27002.0,19607.0,37752.0,73321.0,2924651.0
EPL 프리미어 리그,말리브해적,포텐,43692.0,77714.0,39249.0,82618.0,48840.0,16460.0,7330.0,45745.0,107488.0,134050.0,60181.0,43435.0,21930.0,43764.0,43800.0,59727.0,66454.0,35261.0,19503.0,51527.0,34019.0,47306.0,60053.0,84975.0,82269.0,66532.0,167560.0,38015.0,77364.0,43872.0,76675.0,52365.0,37950.0,109950.0,54240.0,16243.0,29254.0,35698.0,24507.0,26077.0,69181.0,56435.0,26446.0,90944.0,17369.0,46621.0,98130.0,41600.0,11210.0,-5669.0,11312.0,-1487.0,34174.0,26134.0,23521.0,33082.0,38430.0,12033.0,32156.0,21574.0,2896888.0
대설,서효원,프로무림,166651.0,62779.0,39400.0,28800.0,62600.0,98500.0,0.0,55500.0,25200.0,30300.0,49600.0,35100.0,78340.0,31500.0,41700.0,47544.0,47000.0,38400.0,44422.0,39974.0,29070.0,88540.0,34820.0,44606.0,72091.0,58782.0,39281.0,40406.0,39321.0,63156.0,42469.0,31680.0,226010.0,98849.0,72106.0,46436.0,57060.0,54449.0,42050.0,35280.0,28946.0,43687.0,28980.0,31821.0,17700.0,37983.0,40513.0,46932.0,39798.0,23860.0,24516.0,44304.0,11803.0,15840.0,58637.0,47262.0,16992.0,17281.0,31247.0,42415.0,2890289.0
성형무공 가슴 키워드림,탄마,포텐,0.0,0.0,0.0,0.0,0.0,0.0,0.0,0.0,0.0,0.0,0.0,0.0,0.0,0.0,0.0,0.0,0.0,0.0,0.0,0.0,0.0,0.0,0.0,0.0,0.0,0.0,0.0,0.0,0.0,0.0,0.0,0.0,0.0,0.0,0.0,0.0,0.0,0.0,0.0,0.0,0.0,0.0,0.0,0.0,0.0,0.0,0.0,0.0,0.0,319081.0,545832.0,891073.0,227481.0,210368.0,133791.0,263823.0,79744.0,88354.0,59584.0,69888.0,2889019.0
단권 신풍기협,윤신현,포텐,0.0,0.0,0.0,0.0,0.0,0.0,0.0,0.0,0.0,0.0,0.0,0.0,0.0,0.0,0.0,0.0,0.0,0.0,0.0,0.0,0.0,0.0,0.0,0.0,0.0,0.0,0.0,0.0,0.0,0.0,0.0,0.0,0.0,0.0,0.0,0.0,0.0,0.0,0.0,0.0,0.0,0.0,0.0,0.0,0.0,0.0,0.0,0.0,0.0,0.0,0.0,0.0,0.0,0.0,520914.0,161771.0,918328.0,765837.0,199053.0,318023.0,2883926.0
섹스로 지배한다,용병애쉬,프로무림,0.0,0.0,0.0,0.0,0.0,0.0,0.0,0.0,0.0,0.0,0.0,0.0,0.0,0.0,0.0,0.0,0.0,0.0,0.0,0.0,35560.0,276080.0,217102.0,123739.0,274365.0,105896.0,141967.0,75621.0,99827.0,78414.0,30686.0,32806.0,74648.0,34507.0,53225.0,158928.0,86917.0,59831.0,76018.0,39187.0,32715.0,51477.0,26517.0,65012.0,30907.0,25856.0,14035.0,76520.0,118649.0,39023.0,107799.0,20462.0,19869.0,9330.0,7433.0,6186.0,33775.0,18543.0,7579.0,25842.0,2812853.0
귀환 대마법사의 힐링 라이프,나노제이,포텐,0.0,0.0,0.0,0.0,0.0,0.0,0.0,0.0,0.0,0.0,0.0,0.0,0.0,0.0,0.0,0.0,0.0,0.0,0.0,1082595.0,1317941.0,133224.0,71302.0,34185.0,17660.0,48462.0,12099.0,7578.0,9468.0,2114.0,10805.0,4656.0,4638.0,4226.0,2882.0,1953.0,4856.0,68.0,2659.0,1449.0,2021.0,6783.0,63.0,189.0,2714.0,824.0,136.0,2177.0,131.0,257.0,393.0,5877.0,3255.0,0.0,1091.0,52.0,650.0,6027.0,2748.0,189.0,2810397.0
내 딸은 얼굴 천재,진혁,포텐,0.0,0.0,0.0,0.0,0.0,0.0,0.0,0.0,0.0,0.0,0.0,0.0,0.0,0.0,0.0,0.0,0.0,0.0,0.0,0.0,0.0,0.0,0.0,0.0,0.0,0.0,0.0,0.0,0.0,0.0,0.0,0.0,0.0,0.0,0.0,0.0,0.0,0.0,0.0,0.0,135294.0,124849.0,181004.0,64564.0,280598.0,439630.0,155609.0,134217.0,156716.0,96209.0,194652.0,265553.0,80337.0,81916.0,63008.0,123539.0,36914.0,64930.0,85065.0,28192.0,2792796.0
출판으로 재벌되기,관측불가,포텐,0.0,0.0,0.0,0.0,0.0,0.0,0.0,0.0,0.0,0.0,0.0,0.0,0.0,0.0,0.0,0.0,0.0,0.0,0.0,0.0,0.0,0.0,0.0,0.0,0.0,0.0,0.0,0.0,0.0,0.0,0.0,0.0,0.0,0.0,0.0,0.0,0.0,0.0,0.0,0.0,0.0,0.0,0.0,0.0,0.0,0.0,0.0,0.0,0.0,120679.0,871558.0,147794.0,733987.0,625553.0,29494.0,106476.0,54993.0,52715.0,32272.0,6804.0,2782325.0
무림영웅 때려칩니다,탄마,포텐,0.0,0.0,0.0,0.0,0.0,0.0,0.0,0.0,0.0,0.0,0.0,0.0,0.0,0.0,0.0,0.0,0.0,0.0,0.0,0.0,0.0,0.0,0.0,0.0,0.0,0.0,0.0,0.0,0.0,0.0,0.0,0.0,0.0,0.0,0.0,0.0,0.0,0.0,0.0,0.0,0.0,0.0,0.0,0.0,0.0,0.0,0.0,0.0,47287.0,290354.0,466198.0,379643.0,241455.0,174631.0,620871.0,187272.0,123307.0,125577.0,86309.0,39002.0,2781906.0
제왕성,서효원,프로무림,75365.0,39152.0,39900.0,8100.0,77000.0,34600.0,3600.0,62400.0,74586.0,97693.0,103120.0,55800.0,107520.0,100420.0,65100.0,51600.0,75188.0,48900.0,46246.0,90509.0,69241.0,95869.0,28066.0,35038.0,78886.0,30967.0,66120.0,65277.0,101779.0,37181.0,33062.0,50550.0,49941.0,29820.0,12744.0,20099.0,39420.0,24480.0,25740.0,35357.0,16107.0,44232.0,24061.0,22498.0,24973.0,30261.0,33900.0,21805.0,44084.0,28719.0,34369.0,23436.0,37951.0,9900.0,18994.0,15066.0,19440.0,15617.0,24755.0,93973.0,2770577.0
밀리 헌터의 신석기,관측불가,포텐,0.0,0.0,0.0,0.0,0.0,0.0,0.0,0.0,0.0,0.0,0.0,0.0,0.0,0.0,0.0,0.0,0.0,0.0,0.0,0.0,0.0,0.0,0.0,0.0,0.0,0.0,0.0,0.0,0.0,0.0,0.0,0.0,0.0,0.0,0.0,0.0,0.0,0.0,0.0,0.0,0.0,0.0,0.0,1185000.0,765000.0,165000.0,100000.0,125000.0,120000.0,80000.0,75000.0,55000.0,30000.0,44200.0,25600.0,0.0,0.0,0.0,0.0,0.0,2769800.0
천재가문,청산,프로무림,73689.0,107452.0,85990.0,26460.0,67673.0,18760.0,31360.0,17010.0,9349.0,77280.0,11340.0,32200.0,57141.0,33987.0,40763.0,127196.0,402752.0,58566.0,23662.0,35339.0,25550.0,19530.0,23751.0,21546.0,100400.0,272028.0,102164.0,35733.0,26036.0,22774.0,58160.0,49286.0,37195.0,34650.0,19530.0,25060.0,23334.0,27588.0,27720.0,8680.0,19814.0,30128.0,20792.0,34111.0,36477.0,43854.0,26716.0,6930.0,8067.0,4270.0,45769.0,32378.0,33320.0,52453.0,4907.0,14873.0,9100.0,4137.0,2694.0,18692.0,2748166.0
에필로그 못다 쓴 이야기,와룡강,프로무림,27510.0,42000.0,32340.0,27370.0,37030.0,70000.0,44300.0,56700.0,30800.0,64900.0,34300.0,81000.0,59200.0,68200.0,55900.0,62900.0,36600.0,44200.0,58600.0,56800.0,65700.0,36700.0,88700.0,77100.0,87700.0,55800.0,36300.0,36400.0,64300.0,25100.0,32100.0,39500.0,36600.0,33500.0,46600.0,32800.0,51600.0,28000.0,39400.0,42800.0,55500.0,18300.0,56700.0,23800.0,16000.0,32800.0,10800.0,27000.0,52300.0,100800.0,39500.0,21900.0,28700.0,24600.0,18800.0,12500.0,67900.0,29800.0,56000.0,96250.0,2737300.0
천마대,강태산,프로무림,37400.0,51300.0,48620.0,98162.0,81823.0,44240.0,55426.0,80375.0,79665.0,58380.0,24283.0,21966.0,44828.0,32200.0,50723.0,39270.0,80840.0,91620.0,104790.0,68180.0,74508.0,44947.0,31724.0,67060.0,52297.0,42309.0,75521.0,77679.0,88498.0,37198.0,68711.0,36260.0,12442.0,41580.0,57122.0,49875.0,41140.0,14847.0,19693.0,33397.0,73010.0,25034.0,15610.0,26677.0,22470.0,35399.0,26250.0,40705.0,49793.0,31633.0,15554.0,5544.0,46664.0,50386.0,20258.0,11088.0,2247.0,29260.0,5894.0,19117.0,2713492.0
야설로 보는 그리스 로마 신화,외도정사,프로무림,0.0,0.0,0.0,0.0,0.0,0.0,0.0,0.0,0.0,0.0,0.0,0.0,0.0,0.0,0.0,0.0,0.0,190960.0,98617.0,140317.0,170429.0,92618.0,68740.0,38570.0,17360.0,170128.0,358937.0,57869.0,26558.0,90879.0,169602.0,70117.0,37818.0,3010.0,5950.0,3472.0,102536.0,150357.0,52654.0,80729.0,350.0,31780.0,65253.0,973.0,4580.0,56530.0,0.0,54810.0,26068.0,10704.0,85311.0,33620.0,8300.0,6550.0,6865.0,41160.0,45820.0,17360.0,14739.0,530.0,2709530.0
너무 잘 아는 게임에 소환됐다,지피노,포텐,0.0,0.0,0.0,0.0,0.0,0.0,0.0,0.0,0.0,0.0,0.0,0.0,0.0,46678.0,1737346.0,511098.0,94166.0,78388.0,52943.0,15188.0,9758.0,4606.0,17402.0,15729.0,22578.0,8405.0,14058.0,19605.0,70.0,10683.0,910.0,2240.0,3500.0,8960.0,6930.0,1.0,300.0,0.0,0.0,3150.0,2963.0,2.0,0.0,229.0,13581.0,84.0,0.0,0.0,0.0,0.0,0.0,135.0,0.0,0.0,840.0,458.0,1.0,1890.0,0.0,0.0,2704875.0
모용세가 역대급 천재의 귀환,관측불가,포텐,0.0,0.0,0.0,0.0,0.0,0.0,0.0,0.0,0.0,0.0,0.0,0.0,0.0,0.0,0.0,0.0,0.0,0.0,0.0,0.0,0.0,0.0,0.0,0.0,0.0,0.0,0.0,0.0,0.0,0.0,0.0,0.0,0.0,0.0,0.0,969367.0,86688.0,48028.0,370313.0,202196.0,128096.0,173270.0,192145.0,66374.0,45717.0,6879.0,54924.0,35942.0,26601.0,47703.0,57433.0,28496.0,21648.0,8848.0,20950.0,23906.0,21369.0,9298.0,4409.0,24746.0,2675346.0
웰컴 투 메모리,북홀릭,포텐,77782.0,45839.0,24445.0,64636.0,112140.0,90458.0,82601.0,63219.0,42936.0,52580.0,49052.0,52678.0,39627.0,82373.0,53532.0,33288.0,39144.0,54858.0,33667.0,45035.0,13821.0,17861.0,38245.0,46202.0,48330.0,20419.0,70305.0,22549.0,7252.0,34978.0,56692.0,46841.0,22081.0,28447.0,23860.0,18517.0,28437.0,28995.0,47242.0,46434.0,12782.0,17251.0,50753.0,66877.0,16790.0,35636.0,22546.0,25489.0,60958.0,42503.0,117310.0,115452.0,47838.0,84609.0,28694.0,5783.0,36412.0,37577.0,10983.0,19503.0,2663144.0
나 혼자 쿨타임 제로,소구장,포텐,0.0,0.0,0.0,0.0,0.0,0.0,0.0,0.0,0.0,0.0,0.0,0.0,0.0,0.0,0.0,0.0,0.0,0.0,0.0,0.0,0.0,0.0,0.0,0.0,0.0,0.0,0.0,0.0,0.0,0.0,0.0,0.0,0.0,0.0,0.0,0.0,0.0,0.0,0.0,0.0,0.0,0.0,0.0,0.0,66997.0,26376.0,123791.0,124710.0,332880.0,158304.0,604619.0,173258.0,78235.0,28104.0,200826.0,147883.0,76247.0,350658.0,127425.0,39881.0,2660194.0
아이돌 매니저가 변태 사진사임,탄마,올나이트노벨,0.0,0.0,0.0,0.0,0.0,0.0,0.0,0.0,0.0,0.0,0.0,0.0,0.0,0.0,0.0,0.0,0.0,0.0,0.0,0.0,0.0,0.0,0.0,0.0,0.0,0.0,0.0,0.0,0.0,0.0,0.0,0.0,0.0,0.0,0.0,0.0,0.0,0.0,0.0,0.0,0.0,130013.0,20538.0,48069.0,342335.0,598148.0,209449.0,198936.0,192972.0,80490.0,94732.0,179042.0,82854.0,77600.0,87269.0,165151.0,46847.0,63084.0,6981.0,15148.0,2639658.0
단권 깡촌 마을 키워서 힐링한다,인기영,포텐,0.0,0.0,0.0,0.0,0.0,0.0,0.0,0.0,0.0,0.0,0.0,0.0,0.0,0.0,0.0,0.0,0.0,0.0,0.0,0.0,0.0,0.0,0.0,0.0,0.0,0.0,0.0,0.0,0.0,0.0,0.0,0.0,0.0,0.0,0.0,0.0,0.0,0.0,0.0,0.0,0.0,0.0,0.0,0.0,0.0,0.0,0.0,0.0,0.0,0.0,0.0,0.0,362343.0,12896.0,511987.0,241289.0,979859.0,192167.0,261912.0,76798.0,2639251.0
패군,설봉,프로무림,33400.0,72800.0,103000.0,210660.0,141100.0,1900.0,72100.0,7800.0,8800.0,6800.0,0.0,22100.0,52100.0,19200.0,22500.0,133000.0,109100.0,125560.0,56380.0,49600.0,106517.0,0.0,11520.0,1300.0,0.0,60800.0,13400.0,86400.0,32240.0,90800.0,76460.0,6300.0,5300.0,18100.0,134400.0,29520.0,60956.0,16808.0,5129.0,18510.0,37701.0,73007.0,41176.0,15120.0,0.0,44800.0,38400.0,13506.0,49776.0,26241.0,42307.0,23624.0,128240.0,24520.0,3800.0,8568.0,0.0,3767.0,3200.0,16000.0,2616113.0
프리맨,박재학,프로무림,45081.0,44052.0,46093.0,46359.0,41699.0,48415.0,40530.0,52811.0,50014.0,32575.0,46525.0,71288.0,47014.0,38962.0,52534.0,43604.0,18366.0,38775.0,28747.0,49226.0,10764.0,15621.0,33865.0,26968.0,41908.0,24059.0,63675.0,46175.0,42314.0,52949.0,48204.0,85468.0,61246.0,35446.0,53760.0,74877.0,41825.0,35609.0,39854.0,31270.0,77057.0,19034.0,7752.0,21705.0,49207.0,26715.0,21595.0,26511.0,43354.0,71285.0,29762.0,42210.0,73935.0,62022.0,34382.0,45196.0,49395.0,88717.0,56565.0,7536.0,2602462.0
만렙 사냥꾼 회귀하다,이형석,포텐,0.0,0.0,0.0,0.0,0.0,0.0,0.0,0.0,0.0,0.0,0.0,0.0,0.0,0.0,0.0,0.0,0.0,0.0,0.0,0.0,0.0,0.0,0.0,0.0,0.0,0.0,0.0,0.0,0.0,0.0,0.0,0.0,0.0,0.0,0.0,0.0,0.0,0.0,0.0,0.0,0.0,0.0,0.0,96923.0,80247.0,61582.0,121883.0,375461.0,146341.0,156682.0,408133.0,280174.0,203398.0,67080.0,135172.0,142882.0,60697.0,57278.0,95221.0,80293.0,2569447.0
신석기 오펜스 족장이 되었다,강산,포텐,0.0,0.0,0.0,0.0,0.0,0.0,0.0,0.0,0.0,0.0,0.0,0.0,0.0,0.0,0.0,0.0,0.0,0.0,0.0,0.0,0.0,0.0,0.0,0.0,0.0,0.0,0.0,0.0,0.0,0.0,0.0,0.0,0.0,0.0,0.0,0.0,0.0,0.0,0.0,0.0,0.0,0.0,122535.0,85360.0,30877.0,108771.0,754168.0,291789.0,217186.0,141249.0,147911.0,75581.0,128908.0,9102.0,199613.0,61956.0,34904.0,32819.0,62554.0,32663.0,2537946.0
담천 최종,송재일,포텐,0.0,0.0,0.0,0.0,0.0,0.0,0.0,0.0,0.0,0.0,0.0,0.0,0.0,0.0,0.0,0.0,0.0,0.0,0.0,0.0,0.0,0.0,0.0,0.0,0.0,0.0,0.0,0.0,0.0,0.0,0.0,0.0,0.0,0.0,0.0,74277.0,46639.0,197360.0,320373.0,490934.0,417867.0,214046.0,88711.0,53757.0,91846.0,33953.0,10276.0,18382.0,4236.0,48865.0,65283.0,46840.0,40063.0,312.0,47849.0,22697.0,39813.0,48257.0,25053.0,87513.0,2535202.0
중세에서 상인으로 살아남기,가죽갑옷,올나이트노벨,0.0,0.0,0.0,0.0,0.0,0.0,0.0,0.0,0.0,0.0,0.0,0.0,0.0,0.0,0.0,0.0,0.0,0.0,0.0,0.0,0.0,0.0,0.0,0.0,0.0,0.0,0.0,0.0,0.0,0.0,0.0,0.0,0.0,0.0,0.0,0.0,0.0,0.0,0.0,0.0,0.0,0.0,0.0,0.0,0.0,0.0,0.0,0.0,0.0,0.0,82346.0,316506.0,686720.0,408775.0,504342.0,252399.0,122298.0,48732.0,51381.0,20752.0,2494251.0
쾌락노예,용병애쉬,프로무림,0.0,0.0,0.0,0.0,0.0,0.0,0.0,0.0,0.0,0.0,0.0,0.0,0.0,0.0,0.0,0.0,0.0,0.0,0.0,0.0,13230.0,21630.0,104017.0,64400.0,121622.0,113015.0,184394.0,88088.0,103682.0,90755.0,56690.0,74548.0,65469.0,22255.0,88417.0,105055.0,64375.0,54441.0,84990.0,36442.0,90329.0,73743.0,54367.0,21050.0,36851.0,53263.0,24285.0,41180.0,113425.0,24147.0,124155.0,44044.0,50764.0,32153.0,37614.0,31310.0,25018.0,16305.0,21669.0,12189.0,2485376.0
마인드 뮤직,얼끼,포텐,0.0,0.0,0.0,0.0,0.0,0.0,0.0,0.0,0.0,0.0,0.0,0.0,0.0,0.0,0.0,517020.0,145110.0,96530.0,211973.0,188522.0,161060.0,119203.0,117161.0,40838.0,43400.0,51107.0,48573.0,44994.0,20937.0,43391.0,15314.0,22337.0,26915.0,45465.0,38903.0,37601.0,19918.0,9614.0,28883.0,32635.0,30286.0,14799.0,16141.0,19650.0,6795.0,22612.0,19371.0,13515.0,14371.0,21865.0,11142.0,20459.0,11800.0,15324.0,9525.0,22890.0,24269.0,39060.0,9219.0,7287.0,2477784.0
재벌 3세 탑 프로듀서 되다,팔월오일,포텐,446738.0,72500.0,110290.0,208471.0,73088.0,63156.0,299570.0,56248.0,22855.0,24490.0,21700.0,221892.0,51333.0,197380.0,55597.0,23715.0,17450.0,19067.0,11282.0,5564.0,24613.0,8805.0,27496.0,31762.0,15131.0,37163.0,23366.0,2399.0,26125.0,21397.0,16937.0,927.0,11877.0,14762.0,6173.0,4217.0,403.0,8404.0,12809.0,-617.0,4525.0,16851.0,22427.0,23097.0,5825.0,4655.0,10494.0,6404.0,2653.0,786.0,18012.0,642.0,11835.0,12494.0,8248.0,15275.0,6023.0,7506.0,-356.0,329.0,2474260.0
무극신갑,나한,프로무림,57779.0,72428.0,92762.0,84761.0,65779.0,95424.0,60767.0,40206.0,19312.0,36937.0,37369.0,57822.0,42546.0,41244.0,51385.0,41739.0,50938.0,72172.0,86142.0,133102.0,52290.0,123830.0,107520.0,57540.0,59920.0,22190.0,56091.0,19180.0,22960.0,26530.0,10220.0,158326.0,63350.0,56000.0,36400.0,14056.0,25900.0,8960.0,121870.0,44100.0,68040.0,1260.0,1890.0,1260.0,3780.0,6300.0,14112.0,2520.0,0.0,3276.0,1890.0,3780.0,0.0,3780.0,5670.0,630.0,0.0,3150.0,1260.0,17220.0,2467665.0
소천무쌍,가람검,프로무림,47124.0,80550.0,44800.0,35028.0,29358.0,42714.0,93882.0,50085.0,38745.0,50316.0,30807.0,89656.0,69587.0,43330.0,140014.0,201908.0,57491.0,27377.0,33383.0,56070.0,16100.0,29911.0,40968.0,18692.0,14427.0,31941.0,212534.0,20140.0,36275.0,54033.0,7630.0,18673.0,16041.0,8820.0,29824.0,44359.0,41650.0,57150.0,82899.0,29337.0,37520.0,7560.0,30209.0,21760.0,1890.0,28224.0,14553.0,6713.0,6930.0,45675.0,41664.0,6020.0,0.0,4347.0,11428.0,51432.0,17564.0,20396.0,5481.0,31046.0,2464041.0
알바트로스,박재학,프로무림,44558.0,60910.0,51677.0,53705.0,65948.0,33069.0,27618.0,37268.0,41404.0,13606.0,56935.0,28421.0,29618.0,44398.0,50169.0,29946.0,20402.0,50277.0,26928.0,40568.0,34167.0,28156.0,49631.0,49590.0,41740.0,46241.0,74702.0,34907.0,22675.0,55655.0,32811.0,41065.0,62008.0,57597.0,41783.0,54157.0,44758.0,43835.0,48186.0,16752.0,34334.0,24608.0,18671.0,48439.0,80274.0,33878.0,26580.0,24180.0,23871.0,13697.0,41339.0,25432.0,31209.0,17697.0,30566.0,39381.0,72019.0,37208.0,56095.0,56721.0,2424040.0
마종천횡보,와룡강,프로무림,127500.0,55000.0,87500.0,177500.0,65000.0,67500.0,55000.0,2500.0,32500.0,35000.0,67500.0,80000.0,115000.0,37500.0,40000.0,62500.0,15000.0,75000.0,12500.0,42500.0,72500.0,40000.0,5000.0,7500.0,35000.0,35000.0,42500.0,55000.0,27500.0,22500.0,2500.0,12500.0,40000.0,2500.0,10000.0,32500.0,0.0,10000.0,136056.0,52500.0,88103.0,57535.0,51975.0,17828.0,19825.0,23950.0,5460.0,39406.0,15920.0,0.0,16975.0,40000.0,22730.0,17500.0,13540.0,0.0,42661.0,32131.0,4580.0,4525.0,2408200.0
SM클럽,푸른산붉은꽃,프로무림,0.0,0.0,0.0,0.0,0.0,0.0,0.0,0.0,0.0,0.0,0.0,0.0,0.0,0.0,0.0,0.0,0.0,0.0,0.0,0.0,0.0,0.0,0.0,0.0,0.0,17920.0,52640.0,97440.0,141792.0,167776.0,148153.0,150481.0,137768.0,127563.0,98207.0,146527.0,103363.0,66662.0,59332.0,95334.0,99880.0,67510.0,63931.0,25519.0,51968.0,48749.0,31939.0,48155.0,45392.0,12160.0,6577.0,42248.0,23485.0,20339.0,15330.0,38313.0,28569.0,34630.0,46950.0,12956.0,2375558.0
절망하고 복종하라,베노맨서,프로무림,0.0,0.0,0.0,0.0,0.0,0.0,0.0,0.0,0.0,0.0,0.0,0.0,0.0,0.0,0.0,0.0,0.0,0.0,0.0,0.0,0.0,0.0,0.0,104020.0,216790.0,144060.0,265510.0,194103.0,128965.0,51457.0,41076.0,76118.0,11760.0,7266.0,35354.0,104622.0,105946.0,89174.0,20522.0,51946.0,29400.0,109046.0,8471.0,16440.0,6146.0,51772.0,14070.0,17584.0,106346.0,8760.0,7399.0,35696.0,100852.0,2730.0,33054.0,82840.0,4095.0,39718.0,2506.0,0.0,2325614.0
게임 속 유닛,찬동,포텐,0.0,0.0,0.0,0.0,0.0,0.0,0.0,0.0,0.0,0.0,0.0,0.0,0.0,0.0,0.0,0.0,0.0,0.0,0.0,0.0,0.0,0.0,0.0,0.0,0.0,0.0,0.0,161590.0,375256.0,39281.0,133948.0,96629.0,224218.0,121640.0,142981.0,61452.0,44545.0,36182.0,109435.0,63728.0,16674.0,64306.0,85711.0,18641.0,134002.0,46827.0,18807.0,61977.0,27534.0,50985.0,32680.0,-3433.0,47719.0,6733.0,9618.0,12989.0,14688.0,9525.0,28502.0,26094.0,2321464.0
재벌집 막내 도련님은 악당입니다,관측불가,포텐,0.0,0.0,0.0,0.0,0.0,0.0,0.0,0.0,0.0,0.0,0.0,0.0,0.0,0.0,0.0,0.0,0.0,0.0,0.0,0.0,0.0,0.0,0.0,0.0,0.0,0.0,0.0,0.0,0.0,0.0,0.0,0.0,0.0,0.0,0.0,0.0,0.0,0.0,0.0,0.0,0.0,0.0,0.0,0.0,0.0,0.0,0.0,0.0,0.0,0.0,0.0,0.0,0.0,0.0,693911.0,868364.0,296684.0,250200.0,116116.0,84176.0,2309451.0
마법사 소드마스터가 되다,윤준모,포텐,0.0,0.0,0.0,0.0,0.0,0.0,0.0,0.0,0.0,0.0,0.0,0.0,0.0,0.0,0.0,0.0,0.0,0.0,0.0,0.0,0.0,0.0,0.0,0.0,0.0,0.0,0.0,0.0,0.0,0.0,0.0,0.0,0.0,0.0,0.0,0.0,0.0,0.0,0.0,0.0,0.0,51348.0,18131.0,4732.0,7342.0,10680.0,18484.0,5691.0,11158.0,217148.0,1259473.0,220044.0,64516.0,48066.0,17525.0,29243.0,16830.0,45914.0,196695.0,52735.0,2295755.0
대마불사,강태산,프로무림,97710.0,20650.0,40240.0,45710.0,37245.0,71415.0,35420.0,33740.0,63420.0,65380.0,48370.0,22805.0,15120.0,38010.0,62510.0,43050.0,69790.0,46550.0,35070.0,83510.0,89460.0,53060.0,69300.0,18340.0,35840.0,42420.0,52570.0,37380.0,16520.0,22820.0,28630.0,43195.0,24720.0,34930.0,82740.0,14700.0,42910.0,49280.0,32970.0,15540.0,49140.0,26964.0,23520.0,32690.0,9310.0,25760.0,31920.0,14280.0,38850.0,11200.0,6300.0,14560.0,18130.0,25130.0,19530.0,32620.0,11480.0,33180.0,9660.0,50680.0,2267944.0
무적지존,동윤,프로무림,15300.0,20700.0,24300.0,44700.0,60460.0,15260.0,57310.0,12900.0,48660.0,23400.0,20700.0,27700.0,62100.0,70500.0,190480.0,112487.0,144700.0,69400.0,25100.0,54400.0,26030.0,47260.0,32600.0,170000.0,21590.0,39380.0,125200.0,27380.0,42170.0,28080.0,3600.0,13500.0,26800.0,18300.0,13860.0,24900.0,113280.0,22900.0,21930.0,8650.0,8350.0,19500.0,21040.0,2430.0,1800.0,5400.0,9000.0,11100.0,5400.0,35960.0,19450.0,7200.0,15210.0,3100.0,20790.0,7380.0,17760.0,25890.0,86490.0,14500.0,2265717.0
헌터의 신석기,백범,포텐,0.0,0.0,0.0,0.0,0.0,503150.0,433900.0,146740.0,66715.0,45925.0,70840.0,66330.0,40425.0,34518.0,75119.0,39435.0,39616.0,26476.0,9359.0,24624.0,16966.0,20228.0,35029.0,18538.0,21844.0,16478.0,62328.0,33621.0,63556.0,18801.0,3553.0,18867.0,10929.0,18202.0,270.0,4767.0,0.0,13987.0,22346.0,10292.0,14230.0,16508.0,22075.0,63.0,33224.0,327.0,1890.0,6554.0,945.0,45642.0,24402.0,75.0,0.0,126.0,22906.0,17686.0,18774.0,0.0,0.0,756.0,2259957.0
용왕의 아들이 되었다,비비다,포텐,91236.0,183998.0,277788.0,107231.0,114190.0,66500.0,112637.0,89779.0,43320.0,90278.0,82753.0,22460.0,36225.0,28140.0,19270.0,21770.0,27440.0,18747.0,11907.0,18411.0,19986.0,10555.0,27457.0,51874.0,18046.0,31163.0,90803.0,26738.0,16216.0,8032.0,32126.0,10616.0,4456.0,5732.0,11450.0,8678.0,20361.0,18125.0,19277.0,-337.0,19839.0,6484.0,23740.0,4929.0,114318.0,50548.0,12568.0,13194.0,10938.0,1148.0,7258.0,8157.0,4697.0,17996.0,13559.0,1910.0,24746.0,3057.0,12819.0,12086.0,2259425.0
야한 규칙으로 다 따먹음,파워레인젖,올나이트노벨,0.0,0.0,0.0,0.0,0.0,0.0,0.0,0.0,0.0,0.0,0.0,0.0,0.0,0.0,0.0,0.0,0.0,0.0,0.0,0.0,0.0,0.0,0.0,0.0,0.0,0.0,0.0,0.0,0.0,0.0,0.0,0.0,0.0,0.0,0.0,0.0,0.0,0.0,0.0,0.0,0.0,0.0,0.0,0.0,0.0,0.0,0.0,0.0,0.0,0.0,0.0,0.0,0.0,0.0,0.0,0.0,150236.0,767326.0,878346.0,450858.0,2246766.0
대마불사,와룡강,프로무림,70524.0,48972.0,47499.0,60564.0,33327.0,71700.0,71400.0,48000.0,21900.0,75900.0,69900.0,41700.0,48300.0,71400.0,82200.0,76800.0,45600.0,98100.0,34500.0,35400.0,95520.0,23400.0,34200.0,24780.0,52200.0,45900.0,21900.0,23664.0,24300.0,6900.0,11400.0,12900.0,12000.0,30720.0,35147.0,42000.0,55440.0,68380.0,20700.0,11700.0,31920.0,20700.0,23700.0,52800.0,20496.0,14400.0,26100.0,21000.0,21000.0,2700.0,46572.0,16500.0,25578.0,17140.0,4500.0,14400.0,3000.0,40680.0,7087.0,26800.0,2243910.0
헌드레드 헤븐,이경영,포텐,26700.0,180520.0,98290.0,49939.0,107600.0,95380.0,50400.0,49800.0,57400.0,65700.0,24200.0,55300.0,104700.0,38400.0,68860.0,33420.0,89400.0,41106.0,36040.0,63712.0,42094.0,30105.0,17553.0,40639.0,34371.0,13294.0,43711.0,0.0,18537.0,27540.0,21540.0,16000.0,9360.0,61690.0,26033.0,22506.0,43138.0,3712.0,598.0,28006.0,3251.0,24298.0,16004.0,28860.0,0.0,87348.0,180.0,64718.0,27452.0,17490.0,26733.0,40820.0,23870.0,482.0,29437.0,8481.0,172.0,5228.0,2.0,110.0,2242230.0
패왕독보,와룡강,프로무림,29875.0,51560.0,25800.0,990.0,48406.0,37260.0,48700.0,41100.0,44400.0,40640.0,28700.0,35300.0,55940.0,39100.0,34100.0,20100.0,32700.0,36091.0,25115.0,34300.0,54552.0,24880.0,34832.0,25346.0,19595.0,29700.0,53978.0,45762.0,45278.0,64100.0,9400.0,99269.0,21932.0,37377.0,49571.0,55886.0,85658.0,41993.0,74092.0,35704.0,49339.0,47269.0,21152.0,58783.0,32852.0,10838.0,27466.0,8983.0,34901.0,20699.0,44668.0,37285.0,27846.0,15205.0,38262.0,45477.0,41755.0,13173.0,36835.0,7575.0,2239445.0
역대급 빌런이 되었다,관측불가,포텐,0.0,0.0,0.0,0.0,0.0,0.0,0.0,0.0,0.0,0.0,0.0,0.0,0.0,0.0,0.0,0.0,0.0,0.0,0.0,0.0,0.0,0.0,0.0,0.0,0.0,0.0,0.0,0.0,0.0,0.0,0.0,0.0,0.0,0.0,0.0,0.0,0.0,0.0,0.0,0.0,0.0,0.0,0.0,0.0,0.0,0.0,0.0,0.0,0.0,166799.0,1237432.0,130036.0,117127.0,49526.0,45442.0,197846.0,98984.0,60166.0,74050.0,50318.0,2227726.0
제천금왕,강필,포텐,90818.0,114240.0,92043.0,40040.0,51576.0,51009.0,35000.0,73150.0,78260.0,9100.0,3360.0,17479.0,15904.0,882.0,18830.0,7600.0,5705.0,19726.0,7105.0,28821.0,1934.0,24018.0,35818.0,16090.0,57626.0,171513.0,161417.0,52759.0,197463.0,97423.0,36731.0,7255.0,15724.0,2394.0,15662.0,189.0,382.0,4266.0,4095.0,693.0,9368.0,10911.0,84812.0,82731.0,102362.0,24488.0,145.0,1071.0,10399.0,50904.0,44388.0,12964.0,8218.0,27909.0,21420.0,31142.0,10313.0,18120.0,3059.0,5733.0,2224557.0
마야,설봉,프로무림,56270.0,12750.0,61810.0,87590.0,94090.0,39510.0,58910.0,65340.0,55410.0,41600.0,79670.0,23310.0,22200.0,44550.0,24720.0,93360.0,57900.0,138860.0,38250.0,56320.0,17190.0,7030.0,1890.0,16530.0,93950.0,12750.0,64280.0,31320.0,157990.0,34720.0,38910.0,53070.0,6300.0,4100.0,6400.0,0.0,24680.0,45100.0,5720.0,17800.0,15950.0,53570.0,41647.0,9450.0,13380.0,10710.0,1890.0,12800.0,0.0,21480.0,5090.0,48580.0,42860.0,33440.0,0.0,7560.0,7030.0,0.0,74480.0,0.0,2192067.0
전설급영웅은 아카데미 우등생,예로나,포텐,0.0,0.0,0.0,0.0,0.0,0.0,0.0,0.0,0.0,0.0,0.0,0.0,0.0,0.0,0.0,0.0,0.0,0.0,0.0,0.0,0.0,0.0,0.0,0.0,0.0,0.0,0.0,0.0,0.0,0.0,0.0,0.0,0.0,0.0,0.0,0.0,0.0,1455565.0,0.0,0.0,0.0,0.0,0.0,0.0,0.0,0.0,0.0,0.0,733939.0,0.0,0.0,0.0,0.0,0.0,0.0,0.0,0.0,0.0,0.0,0.0,2189504.0
금포염왕,와룡강,프로무림,41143.0,57493.0,21519.0,39300.0,19734.0,37269.0,28378.0,53267.0,31142.0,43098.0,43291.0,20294.0,30483.0,51706.0,22341.0,74081.0,53758.0,53870.0,24003.0,55709.0,36931.0,60277.0,51916.0,32024.0,15843.0,62720.0,17417.0,52941.0,18856.0,29338.0,20807.0,22503.0,23098.0,74604.0,96475.0,48278.0,27419.0,44139.0,70887.0,53405.0,33314.0,21944.0,28254.0,70079.0,43476.0,40724.0,14494.0,22728.0,15907.0,16127.0,47210.0,24568.0,45840.0,22271.0,12433.0,14565.0,13196.0,24709.0,11655.0,0.0,2185251.0
행운Luck,박재학,프로무림,53376.0,53255.0,54797.0,29400.0,31237.0,61819.0,41432.0,29118.0,21552.0,17261.0,28342.0,21057.0,43346.0,26162.0,38075.0,28832.0,33235.0,30224.0,27113.0,46129.0,25480.0,33602.0,45534.0,35189.0,43950.0,38683.0,70863.0,38419.0,27440.0,54475.0,35686.0,55067.0,30340.0,48548.0,31461.0,18031.0,42864.0,38719.0,26074.0,30380.0,22813.0,25696.0,25445.0,26030.0,30834.0,33918.0,55538.0,18367.0,17876.0,28911.0,45188.0,35639.0,25876.0,15323.0,19506.0,84127.0,53078.0,59827.0,23638.0,16030.0,2150227.0
자하검신,초일,포텐,0.0,0.0,0.0,0.0,0.0,0.0,0.0,0.0,0.0,0.0,0.0,0.0,0.0,0.0,0.0,0.0,0.0,0.0,0.0,0.0,0.0,0.0,0.0,0.0,0.0,0.0,0.0,0.0,0.0,0.0,0.0,0.0,0.0,0.0,50790.0,28805.0,418341.0,643442.0,200569.0,113350.0,71126.0,78051.0,64501.0,64774.0,62312.0,50135.0,25326.0,13577.0,30243.0,51214.0,66122.0,2169.0,7735.0,27448.0,33919.0,9902.0,8960.0,16034.0,4015.0,7064.0,2149924.0
망겜의 고인물로 살아남기,휴헤,포텐,0.0,0.0,0.0,0.0,0.0,0.0,0.0,0.0,0.0,0.0,128.0,46230.0,71030.0,260988.0,65063.0,48381.0,413406.0,171278.0,64914.0,83438.0,135768.0,155734.0,25479.0,22008.0,30942.0,8015.0,28120.0,30941.0,43470.0,49803.0,15551.0,48914.0,28523.0,36087.0,4022.0,25682.0,5996.0,13869.0,0.0,0.0,13684.0,0.0,1236.0,13759.0,893.0,0.0,12156.0,16905.0,17458.0,20144.0,20363.0,149.0,4555.0,19890.0,13475.0,28401.0,5923.0,1388.0,18208.0,6055.0,2148422.0
1980 독식하는 재벌,관측불가,포텐,0.0,0.0,0.0,0.0,0.0,0.0,0.0,0.0,0.0,0.0,0.0,0.0,0.0,0.0,0.0,0.0,0.0,0.0,0.0,0.0,0.0,0.0,0.0,0.0,0.0,0.0,0.0,0.0,0.0,0.0,0.0,0.0,0.0,0.0,0.0,0.0,0.0,0.0,0.0,0.0,0.0,0.0,0.0,0.0,0.0,0.0,847500.0,627043.0,238385.0,68547.0,180526.0,4004.0,55023.0,11340.0,40840.0,23312.0,11200.0,4762.0,3308.0,12801.0,2128591.0
천뢰검협,윤신현,포텐,0.0,0.0,0.0,0.0,0.0,0.0,0.0,0.0,0.0,0.0,0.0,0.0,0.0,0.0,0.0,0.0,0.0,0.0,0.0,0.0,0.0,0.0,0.0,0.0,0.0,0.0,0.0,0.0,0.0,0.0,0.0,0.0,0.0,0.0,0.0,0.0,0.0,0.0,0.0,0.0,0.0,0.0,0.0,0.0,0.0,0.0,0.0,0.0,0.0,0.0,0.0,0.0,0.0,0.0,0.0,0.0,0.0,285780.0,309771.0,1526189.0,2121740.0
나만의 마조 선생님,순애의망나니,프로무림,0.0,0.0,0.0,0.0,0.0,0.0,0.0,0.0,0.0,0.0,0.0,0.0,0.0,0.0,0.0,0.0,0.0,0.0,0.0,0.0,0.0,0.0,212590.0,113171.0,187446.0,120615.0,41811.0,106911.0,75159.0,101626.0,56377.0,54770.0,144774.0,91630.0,30874.0,84407.0,14896.0,16590.0,57579.0,16920.0,20759.0,40154.0,9961.0,23499.0,24192.0,32520.0,43078.0,16880.0,23189.0,24710.0,94305.0,4074.0,21437.0,22365.0,26700.0,24147.0,92805.0,8418.0,10037.0,16018.0,2107394.0
역대급 빌런이 되었다,강산,포텐,0.0,0.0,0.0,0.0,0.0,0.0,0.0,0.0,0.0,0.0,0.0,0.0,0.0,0.0,0.0,0.0,0.0,0.0,0.0,0.0,0.0,0.0,0.0,0.0,0.0,0.0,0.0,0.0,0.0,0.0,0.0,0.0,0.0,0.0,0.0,0.0,0.0,0.0,0.0,0.0,0.0,0.0,78573.0,68140.0,189940.0,117801.0,628075.0,227197.0,185595.0,75511.0,92185.0,16744.0,30407.0,31279.0,59055.0,13342.0,31584.0,12397.0,19656.0,228946.0,2106427.0
노병은 죽지 않는다,ROHRAN,프로무림,48000.0,22956.0,18700.0,53160.0,39100.0,30700.0,26200.0,63000.0,62960.0,57700.0,14900.0,75600.0,37300.0,35900.0,55400.0,42200.0,27500.0,41789.0,59197.0,73855.0,34244.0,17626.0,24863.0,25050.0,38555.0,32323.0,12452.0,40082.0,11590.0,13204.0,23608.0,17601.0,13694.0,38187.0,29674.0,36722.0,22499.0,13612.0,13005.0,40239.0,61525.0,36148.0,42842.0,11070.0,49221.0,69198.0,23730.0,22714.0,11186.0,24360.0,60630.0,32481.0,69008.0,26787.0,11527.0,61504.0,9990.0,20978.0,29098.0,36264.0,2095208.0
대자객교,서효원,프로무림,32133.0,35051.0,36354.0,9600.0,16200.0,6300.0,5400.0,14400.0,12960.0,17730.0,31351.0,24669.0,23100.0,20993.0,14809.0,15032.0,17700.0,5715.0,11400.0,2815.0,23873.0,13094.0,30175.0,18994.0,10654.0,23476.0,5538.0,5960.0,8891.0,26162.0,369927.0,155810.0,61281.0,23308.0,47896.0,40006.0,50713.0,50192.0,88160.0,37667.0,44688.0,15432.0,25935.0,19633.0,21324.0,17425.0,36774.0,28092.0,56783.0,7498.0,38170.0,51326.0,13097.0,39006.0,35860.0,25863.0,21913.0,31715.0,62679.0,46438.0,2085140.0
괴물투수,윤준모,포텐,0.0,0.0,0.0,0.0,0.0,0.0,0.0,0.0,0.0,0.0,0.0,0.0,0.0,0.0,0.0,0.0,0.0,0.0,0.0,0.0,0.0,0.0,0.0,0.0,0.0,0.0,0.0,0.0,0.0,0.0,0.0,0.0,0.0,0.0,0.0,0.0,0.0,0.0,0.0,0.0,0.0,60316.0,20638.0,84843.0,141139.0,66143.0,179103.0,24268.0,191936.0,36803.0,447771.0,283667.0,163245.0,76017.0,70491.0,112146.0,62833.0,27661.0,13825.0,17320.0,2080165.0
동백유엽검,미송검,포텐,32816.0,64421.0,31383.0,40957.0,80206.0,39643.0,20720.0,26747.0,62510.0,33419.0,16399.0,29505.0,39102.0,43386.0,58842.0,55377.0,15841.0,22492.0,77549.0,112935.0,93621.0,57022.0,29499.0,41458.0,37724.0,34091.0,40947.0,24070.0,34914.0,69604.0,31863.0,64939.0,18951.0,34740.0,24458.0,25078.0,26364.0,14222.0,24495.0,6499.0,26736.0,38958.0,24228.0,56313.0,17855.0,27828.0,16406.0,13116.0,30616.0,22553.0,14916.0,15725.0,31638.0,16388.0,15718.0,22078.0,19274.0,9736.0,12000.0,7708.0,2078599.0
초능력활용법,탄마,포텐,0.0,0.0,0.0,0.0,0.0,0.0,0.0,0.0,0.0,0.0,0.0,0.0,0.0,0.0,0.0,0.0,0.0,0.0,0.0,0.0,0.0,0.0,0.0,0.0,0.0,0.0,0.0,0.0,0.0,0.0,0.0,0.0,0.0,0.0,0.0,0.0,0.0,0.0,0.0,0.0,0.0,0.0,0.0,0.0,0.0,0.0,0.0,0.0,0.0,0.0,0.0,0.0,0.0,255936.0,695867.0,433478.0,203175.0,208949.0,145297.0,134329.0,2077031.0
생사금고,몽월,프로무림,73600.0,17300.0,29700.0,8800.0,41000.0,12200.0,389100.0,18000.0,28800.0,18000.0,230300.0,78500.0,128300.0,21300.0,45900.0,1800.0,12600.0,184100.0,103600.0,6300.0,6300.0,50400.0,900.0,191200.0,9500.0,16300.0,13590.0,12600.0,2800.0,3150.0,10500.0,16870.0,42280.0,11060.0,6370.0,13131.0,15448.0,1260.0,8190.0,3780.0,1260.0,2520.0,630.0,630.0,5950.0,630.0,7280.0,4284.0,2961.0,84287.0,9100.0,33670.0,11130.0,5250.0,4830.0,5040.0,3780.0,630.0,0.0,0.0,2068691.0
회귀했더니 쩔더라,쌈마이,포텐,6048.0,7560.0,60.0,8064.0,0.0,120.0,0.0,350.0,7668.0,3400.0,85530.0,435442.0,383116.0,66370.0,48940.0,73490.0,28520.0,29479.0,39747.0,118511.0,34756.0,89664.0,65181.0,5418.0,31712.0,72103.0,129885.0,21598.0,11805.0,16622.0,8311.0,14426.0,10980.0,7920.0,11149.0,21961.0,2557.0,540.0,8601.0,5950.0,2805.0,11165.0,6069.0,5952.0,1080.0,6167.0,19362.0,4620.0,567.0,22019.0,540.0,3004.0,5400.0,3240.0,5823.0,1560.0,2394.0,3310.0,26307.0,19019.0,2063957.0
비제이가 너무 강함,김조선,포텐,0.0,0.0,0.0,0.0,0.0,0.0,0.0,0.0,0.0,0.0,0.0,0.0,0.0,0.0,0.0,0.0,0.0,0.0,0.0,0.0,0.0,0.0,0.0,0.0,0.0,0.0,0.0,0.0,0.0,0.0,0.0,0.0,0.0,0.0,0.0,0.0,0.0,0.0,0.0,0.0,0.0,0.0,0.0,0.0,0.0,0.0,0.0,0.0,0.0,0.0,31393.0,1557089.0,109588.0,63129.0,57085.0,51132.0,82602.0,76251.0,29785.0,5343.0,2063397.0
예능의 신,윤준모,포텐,0.0,0.0,0.0,0.0,0.0,0.0,0.0,0.0,0.0,0.0,0.0,0.0,0.0,0.0,0.0,0.0,0.0,0.0,0.0,0.0,0.0,0.0,0.0,0.0,0.0,0.0,0.0,0.0,0.0,0.0,0.0,0.0,0.0,0.0,0.0,0.0,0.0,0.0,8186.0,45596.0,57704.0,75490.0,65983.0,728320.0,62349.0,5319.0,28989.0,30356.0,210594.0,33814.0,76887.0,142685.0,49016.0,47430.0,26152.0,42042.0,17174.0,28182.0,3669.0,267560.0,2053497.0
다시 쓰는 필모그래피,윤준모,포텐,0.0,0.0,0.0,0.0,0.0,0.0,0.0,0.0,0.0,0.0,0.0,0.0,0.0,0.0,0.0,0.0,0.0,0.0,0.0,0.0,0.0,0.0,0.0,0.0,0.0,0.0,0.0,0.0,0.0,0.0,0.0,0.0,0.0,0.0,0.0,0.0,0.0,0.0,199.0,3528.0,97998.0,117017.0,66217.0,152429.0,143601.0,-2016.0,31181.0,15462.0,306305.0,4403.0,570926.0,199192.0,92090.0,72183.0,34018.0,17160.0,78323.0,5733.0,28941.0,10067.0,2044957.0
아내와 나의 네토라,총총k,프로무림,0.0,0.0,0.0,0.0,0.0,0.0,0.0,0.0,0.0,0.0,0.0,0.0,0.0,0.0,0.0,0.0,0.0,0.0,0.0,0.0,0.0,0.0,0.0,23730.0,83090.0,49000.0,99221.0,130031.0,183232.0,106330.0,94318.0,79093.0,49858.0,46275.0,69034.0,118472.0,56825.0,53309.0,12859.0,19579.0,75579.0,20433.0,60208.0,36050.0,40131.0,40173.0,26551.0,12693.0,190296.0,54191.0,37282.0,23400.0,19600.0,20949.0,24976.0,8246.0,6256.0,7504.0,28476.0,18718.0,2025968.0
흑백강호,와룡강,프로무림,12250.0,22750.0,24500.0,35000.0,17500.0,27500.0,27500.0,25000.0,27000.0,40300.0,32500.0,17700.0,35000.0,42500.0,26200.0,39300.0,22700.0,62200.0,59000.0,27900.0,30100.0,25000.0,42500.0,42500.0,57700.0,32700.0,73382.0,22500.0,37500.0,79150.0,20000.0,37700.0,37250.0,20000.0,38800.0,27500.0,14250.0,52500.0,57500.0,35100.0,42900.0,32696.0,33962.0,20900.0,32500.0,37196.0,62500.0,27700.0,18400.0,18400.0,15000.0,10816.0,24997.0,37497.0,22500.0,19875.0,21700.0,37500.0,35875.0,55000.0,2015846.0
전생에 천마였던 드래곤,홍우진,포텐,0.0,0.0,0.0,0.0,0.0,0.0,0.0,0.0,0.0,0.0,0.0,0.0,0.0,0.0,0.0,0.0,0.0,0.0,0.0,0.0,0.0,0.0,0.0,0.0,0.0,0.0,0.0,0.0,0.0,0.0,0.0,0.0,0.0,0.0,0.0,0.0,0.0,0.0,0.0,0.0,0.0,0.0,0.0,0.0,4853.0,39891.0,224568.0,198921.0,131193.0,193317.0,119313.0,82371.0,178741.0,239043.0,153745.0,108365.0,82287.0,36618.0,103899.0,107634.0,2004759.0
SSS급 블러드헌터,관측불가,포텐,0.0,0.0,0.0,0.0,0.0,0.0,0.0,0.0,0.0,0.0,0.0,0.0,0.0,0.0,0.0,0.0,0.0,0.0,0.0,0.0,0.0,0.0,0.0,0.0,0.0,0.0,0.0,0.0,0.0,0.0,0.0,0.0,0.0,0.0,229516.0,228020.0,77102.0,21593.0,4256.0,5913.0,10870.0,12322.0,23323.0,23547.0,4480.0,330704.0,34783.0,52524.0,279784.0,184201.0,128148.0,100001.0,89878.0,58040.0,22251.0,43299.0,4158.0,16039.0,4626.0,1377.0,1990755.0
망한 세상에서 나 혼자 각성,민작가,포텐,0.0,0.0,0.0,0.0,0.0,0.0,0.0,0.0,0.0,0.0,0.0,0.0,0.0,0.0,0.0,0.0,0.0,0.0,0.0,0.0,0.0,0.0,0.0,0.0,0.0,0.0,0.0,0.0,0.0,0.0,0.0,0.0,0.0,0.0,0.0,0.0,0.0,0.0,0.0,0.0,0.0,0.0,0.0,0.0,0.0,0.0,0.0,0.0,0.0,0.0,0.0,0.0,34374.0,355318.0,480022.0,242537.0,117635.0,233692.0,146499.0,374367.0,1984444.0
와룡강 도서전,와룡강,프로무림,185920.0,18200.0,51030.0,32830.0,18200.0,0.0,0.0,98900.0,52000.0,52000.0,26000.0,0.0,46900.0,26000.0,93800.0,0.0,26000.0,0.0,26000.0,0.0,46900.0,192700.0,124900.0,119800.0,0.0,46900.0,72900.0,26000.0,0.0,26000.0,0.0,0.0,0.0,72900.0,46900.0,52000.0,119800.0,0.0,0.0,0.0,0.0,0.0,26000.0,0.0,0.0,0.0,0.0,0.0,0.0,26000.0,0.0,0.0,98928.0,0.0,46900.0,0.0,0.0,0.0,75748.0,0.0,1975056.0
무영 이계를 훔치다,눈매,포텐,0.0,0.0,0.0,0.0,0.0,0.0,0.0,0.0,0.0,0.0,2870.0,7350.0,4200.0,17325.0,53536.0,18325.0,160916.0,102996.0,110236.0,43726.0,62840.0,42168.0,27707.0,40111.0,37758.0,36311.0,50739.0,4660.0,3628.0,20451.0,2805.0,3208.0,6265.0,3686.0,0.0,2358.0,18970.0,9306.0,10038.0,18632.0,6300.0,8468.0,15543.0,305.0,4633.0,0.0,2560.0,12580.0,336974.0,466298.0,37388.0,22560.0,31601.0,16082.0,40746.0,7888.0,12759.0,4606.0,8814.0,7584.0,1966810.0
흑염마도,김현각,프로무림,42480.0,29090.0,26187.0,34907.0,42598.0,42691.0,34335.0,25249.0,26768.0,38448.0,7432.0,13697.0,15911.0,14474.0,26630.0,2510.0,13209.0,13692.0,10201.0,121101.0,109418.0,54724.0,27930.0,40947.0,77572.0,37293.0,49718.0,40076.0,20433.0,15564.0,14224.0,9063.0,5472.0,6379.0,11396.0,3438.0,7360.0,24846.0,11045.0,10829.0,9455.0,7388.0,3811.0,4939.0,44100.0,15258.0,5250.0,560.0,320849.0,146338.0,51326.0,39459.0,25063.0,54770.0,12630.0,19265.0,4529.0,3734.0,13212.0,10930.0,1952203.0
뇌전의 군주,박시원,포텐,53788.0,34930.0,17824.0,30024.0,25039.0,47182.0,48515.0,15073.0,52699.0,10287.0,33376.0,41230.0,36901.0,11788.0,12815.0,22242.0,34335.0,19553.0,47636.0,27994.0,19028.0,28289.0,32007.0,22935.0,12513.0,33943.0,37058.0,10343.0,31078.0,47765.0,41212.0,20578.0,23353.0,46032.0,11485.0,19369.0,23117.0,31291.0,39426.0,14399.0,39794.0,16654.0,32514.0,39875.0,32951.0,46947.0,67581.0,28382.0,24196.0,41024.0,89528.0,49170.0,42891.0,37057.0,40115.0,32973.0,23914.0,25169.0,18289.0,36250.0,1933726.0
도시정벌,임영태,프로무림,15680.0,22050.0,39950.0,40182.0,41818.0,25550.0,12292.0,31570.0,35308.0,40032.0,8610.0,22820.0,50736.0,8960.0,38500.0,28420.0,34003.0,11970.0,65730.0,64540.0,188443.0,92265.0,29010.0,38678.0,21837.0,91840.0,16898.0,36789.0,83748.0,30238.0,15260.0,5110.0,29520.0,17570.0,29176.0,1701.0,18138.0,13297.0,5985.0,15387.0,23270.0,6272.0,8827.0,197284.0,41830.0,23031.0,4158.0,13725.0,11200.0,11200.0,6723.0,6720.0,0.0,2268.0,10206.0,27846.0,7287.0,78101.0,7315.0,15680.0,1922554.0
도시의 주인,말리브 해적,포텐,34475.0,112805.0,36260.0,23030.0,17500.0,32270.0,43680.0,34160.0,50080.0,30730.0,54670.0,8400.0,14565.0,37800.0,68600.0,68040.0,61880.0,32130.0,104720.0,81900.0,64050.0,24780.0,36680.0,24220.0,24640.0,20220.0,32970.0,13790.0,25095.0,9415.0,17430.0,21240.0,33785.0,25608.0,21665.0,18935.0,27440.0,9415.0,22155.0,17570.0,14209.0,15244.0,68248.0,5564.0,19600.0,33801.0,15420.0,22602.0,21940.0,24406.0,25216.0,12220.0,22885.0,8290.0,38341.0,63883.0,17766.0,20140.0,25831.0,6550.0,1920954.0
옴팡진 놈,정성민,프로무림,36903.0,6160.0,38073.0,44863.0,29351.0,76615.0,13041.0,22946.0,11060.0,3024.0,8694.0,21910.0,19215.0,37016.0,9072.0,7434.0,3780.0,25704.0,9562.0,341024.0,93408.0,22050.0,9261.0,25723.0,15810.0,1764.0,83181.0,25830.0,12789.0,5663.0,34895.0,32256.0,3528.0,10768.0,11200.0,17766.0,7665.0,15687.0,0.0,7350.0,5467.0,22813.0,11529.0,2800.0,0.0,29705.0,4536.0,6804.0,351302.0,42364.0,7350.0,3080.0,2520.0,9970.0,22050.0,151410.0,22229.0,1134.0,2772.0,11151.0,1913027.0
묵룡혈마,강태산,프로무림,44447.0,30337.0,47708.0,32466.0,54258.0,52799.0,21025.0,49095.0,53297.0,48525.0,21560.0,38266.0,42672.0,31360.0,48113.0,50711.0,51474.0,28150.0,18200.0,23272.0,27179.0,30614.0,44971.0,49002.0,14560.0,25473.0,37084.0,37620.0,28632.0,45890.0,26960.0,21380.0,29538.0,28980.0,19390.0,27811.0,35280.0,29758.0,31361.0,31716.0,26544.0,11585.0,31941.0,22241.0,29211.0,15389.0,9963.0,56641.0,36772.0,24613.0,17708.0,19740.0,31562.0,22648.0,12598.0,19950.0,18830.0,40032.0,26532.0,24284.0,1909718.0
혈무연,와룡강,프로무림,42488.0,35410.0,41414.0,44685.0,43173.0,44804.0,55471.0,44102.0,25222.0,47619.0,37154.0,45213.0,35654.0,34698.0,22284.0,25298.0,37452.0,23128.0,39289.0,30456.0,33926.0,46448.0,34747.0,36831.0,43197.0,35820.0,42558.0,40197.0,64254.0,23734.0,44087.0,37193.0,22077.0,51747.0,25301.0,22174.0,25120.0,22042.0,27382.0,25849.0,22893.0,23498.0,20091.0,28631.0,33155.0,24582.0,22415.0,29262.0,12852.0,19376.0,25858.0,29117.0,30437.0,13837.0,14535.0,14266.0,10255.0,23131.0,8696.0,28838.0,1895423.0
범죄자의 일상생활,니가던진야설,프로무림,0.0,0.0,0.0,0.0,0.0,0.0,0.0,0.0,0.0,0.0,0.0,0.0,0.0,0.0,0.0,0.0,0.0,0.0,0.0,0.0,0.0,0.0,630.0,151767.0,209116.0,245830.0,215457.0,126477.0,86010.0,46869.0,45805.0,62990.0,39092.0,18725.0,12142.0,47398.0,44805.0,34762.0,35902.0,23279.0,15050.0,27924.0,57852.0,35434.0,17525.0,32693.0,11116.0,10633.0,17864.0,15568.0,18067.0,71008.0,16968.0,7112.0,20160.0,12040.0,18380.0,4760.0,19569.0,17730.0,1894509.0
튜토리얼로 EX급,삼십춘기,포텐,0.0,0.0,0.0,0.0,0.0,0.0,0.0,0.0,0.0,0.0,0.0,0.0,0.0,0.0,0.0,0.0,0.0,0.0,0.0,0.0,0.0,0.0,0.0,0.0,0.0,0.0,0.0,0.0,0.0,0.0,0.0,0.0,0.0,0.0,99736.0,373476.0,131416.0,49307.0,15309.0,67885.0,63185.0,63293.0,71224.0,109729.0,128851.0,49168.0,84182.0,117669.0,70013.0,103078.0,69823.0,55185.0,46327.0,36010.0,29699.0,19709.0,12039.0,11202.0,1184.0,10598.0,1889297.0
그랜드 크로스,나한,프로무림,63045.0,140257.0,185333.0,65313.0,89667.0,329405.0,102550.0,58080.0,22394.0,75978.0,27083.0,31850.0,6426.0,39312.0,32247.0,44832.0,11052.0,93576.0,80808.0,44359.0,37940.0,12600.0,630.0,79940.0,2520.0,3780.0,8351.0,1260.0,1260.0,24080.0,10710.0,9590.0,2870.0,10080.0,0.0,1260.0,1890.0,19845.0,20307.0,4977.0,630.0,1260.0,8820.0,8190.0,9450.0,3150.0,630.0,0.0,0.0,3150.0,6300.0,6300.0,630.0,1890.0,7371.0,630.0,6111.0,0.0,0.0,6370.0,1868339.0
여사친의 스마트폰,용병애쉬,프로무림,0.0,0.0,0.0,0.0,0.0,0.0,0.0,0.0,0.0,0.0,0.0,0.0,0.0,0.0,0.0,0.0,0.0,0.0,0.0,0.0,0.0,0.0,146384.0,42070.0,0.0,260407.0,215908.0,107744.0,68460.0,59360.0,40678.0,59864.0,28000.0,42929.0,13440.0,11200.0,71680.0,36512.0,77894.0,22777.0,20678.0,113231.0,35969.0,19556.0,42630.0,12259.0,30520.0,21669.0,55930.0,18490.0,11220.0,23674.0,15300.0,20104.0,13216.0,17920.0,11520.0,18105.0,11200.0,36339.0,1854837.0
삼국지 이신 창성,원하,올나이트노벨,0.0,0.0,0.0,0.0,0.0,0.0,0.0,0.0,0.0,0.0,0.0,0.0,0.0,0.0,0.0,0.0,0.0,0.0,0.0,0.0,0.0,0.0,0.0,0.0,0.0,0.0,0.0,0.0,0.0,0.0,0.0,0.0,0.0,0.0,0.0,0.0,0.0,0.0,0.0,0.0,0.0,0.0,0.0,0.0,0.0,0.0,0.0,0.0,0.0,0.0,0.0,0.0,0.0,0.0,0.0,0.0,0.0,0.0,1508805.0,342124.0,1850929.0
천애비검,설봉,프로무림,44800.0,28800.0,96000.0,7200.0,1800.0,33800.0,26240.0,52400.0,32640.0,6400.0,38400.0,19200.0,26400.0,0.0,31500.0,16000.0,22400.0,3200.0,70400.0,32000.0,54400.0,67200.0,44800.0,51200.0,85718.0,170300.0,38400.0,0.0,48000.0,25600.0,54400.0,64918.0,22400.0,25600.0,9600.0,51200.0,13440.0,32000.0,3200.0,30720.0,76800.0,0.0,0.0,29400.0,0.0,44800.0,9600.0,35200.0,38400.0,0.0,0.0,0.0,28800.0,6400.0,19200.0,25600.0,0.0,0.0,32640.0,19200.0,1848716.0
검혼기행,촌공,포텐,0.0,0.0,0.0,0.0,0.0,0.0,0.0,0.0,0.0,0.0,0.0,0.0,0.0,0.0,0.0,0.0,0.0,0.0,0.0,0.0,0.0,0.0,0.0,0.0,0.0,0.0,0.0,0.0,0.0,0.0,0.0,0.0,0.0,0.0,0.0,0.0,0.0,0.0,0.0,0.0,0.0,0.0,0.0,0.0,0.0,0.0,0.0,0.0,0.0,0.0,0.0,0.0,0.0,0.0,0.0,97398.0,1170189.0,291928.0,167934.0,102602.0,1830051.0
프로젝트 고구려,정우식,프로무림,51700.0,37200.0,48000.0,44100.0,67190.0,40100.0,30400.0,36500.0,49300.0,38900.0,2700.0,38200.0,26700.0,12700.0,43300.0,24700.0,9230.0,30539.0,4608.0,36265.0,18144.0,8262.0,38761.0,16360.0,3600.0,14648.0,15101.0,18553.0,50169.0,38247.0,16211.0,40072.0,47676.0,9978.0,13900.0,41790.0,40590.0,43275.0,34191.0,18815.0,40485.0,42272.0,30922.0,21664.0,33246.0,40290.0,7733.0,44690.0,37774.0,16740.0,19086.0,45740.0,34250.0,37229.0,11194.0,41156.0,10598.0,40922.0,47745.0,23226.0,1827637.0
E급 탱커의 비상,류다,포텐,0.0,0.0,0.0,0.0,0.0,0.0,0.0,0.0,0.0,0.0,0.0,0.0,0.0,0.0,0.0,0.0,0.0,0.0,0.0,0.0,0.0,0.0,0.0,0.0,0.0,0.0,0.0,0.0,0.0,0.0,0.0,0.0,0.0,0.0,0.0,0.0,0.0,0.0,0.0,0.0,0.0,0.0,0.0,0.0,0.0,0.0,0.0,0.0,0.0,0.0,0.0,0.0,8288.0,892748.0,297365.0,262600.0,171881.0,92013.0,36397.0,46293.0,1807585.0
Baseball Country,김군0619,포텐,0.0,0.0,0.0,0.0,0.0,21780.0,35680.0,39475.0,74100.0,84310.0,52750.0,101620.0,58825.0,15430.0,57180.0,47903.0,28213.0,6251.0,1106.0,23756.0,11041.0,42781.0,52191.0,2100.0,7638.0,16398.0,33391.0,29278.0,44457.0,78692.0,49345.0,9766.0,53128.0,27687.0,40805.0,8120.0,25177.0,55206.0,33054.0,21737.0,28509.0,63512.0,29087.0,11808.0,48994.0,54582.0,43378.0,33206.0,13562.0,11876.0,17076.0,81493.0,4796.0,25851.0,4263.0,24467.0,0.0,1512.0,6114.0,4025.0,1798482.0
네 멋대로 살아라,최동환,프로무림,87049.0,63820.0,53100.0,49400.0,66327.0,54031.0,61673.0,48127.0,32580.0,34135.0,36692.0,38291.0,28868.0,42102.0,24312.0,32774.0,26376.0,24632.0,15681.0,25933.0,24868.0,39666.0,32221.0,30120.0,26077.0,35824.0,30175.0,27213.0,19508.0,18670.0,22324.0,34723.0,47868.0,36455.0,25960.0,15294.0,16556.0,31672.0,15334.0,7590.0,22769.0,13014.0,12937.0,17740.0,10531.0,25414.0,5331.0,16138.0,37103.0,13058.0,23534.0,16429.0,32981.0,14394.0,37656.0,29786.0,15898.0,21984.0,24812.0,20224.0,1795754.0
올바른 방패 사용법,준준,포텐,69243.0,157224.0,20978.0,37690.0,59330.0,51920.0,98120.0,42746.0,33280.0,27790.0,44791.0,99230.0,58028.0,22246.0,70210.0,57470.0,12860.0,14197.0,30469.0,1652.0,33542.0,14799.0,2520.0,238.0,25914.0,2869.0,22640.0,30880.0,9187.0,15932.0,20232.0,19308.0,14386.0,-1862.0,10836.0,131.0,16745.0,-1436.0,3780.0,23083.0,11313.0,10810.0,3237.0,18297.0,12804.0,0.0,14952.0,16695.0,33493.0,283211.0,23969.0,25145.0,1738.0,17156.0,22390.0,15990.0,10955.0,0.0,0.0,0.0,1795353.0
가면의 레온,눈매,포텐,0.0,0.0,0.0,0.0,0.0,0.0,0.0,0.0,0.0,0.0,0.0,70.0,19670.0,560.0,11130.0,247396.0,135270.0,136644.0,37063.0,293564.0,47381.0,76830.0,27742.0,46679.0,17378.0,41091.0,24763.0,1944.0,8363.0,13404.0,14616.0,63.0,5252.0,0.0,788.0,3900.0,32270.0,9876.0,17920.0,1151.0,4410.0,4320.0,0.0,12614.0,0.0,0.0,6943.0,17909.0,233081.0,62646.0,27132.0,10000.0,12560.0,42500.0,21414.0,23388.0,10840.0,15336.0,11394.0,63.0,1789328.0
흑풍령,사마달,프로무림,26751.0,45281.0,67376.0,30569.0,83844.0,35663.0,44955.0,38660.0,43115.0,30161.0,19933.0,21684.0,39189.0,32584.0,19247.0,15672.0,50474.0,19493.0,15148.0,24707.0,24382.0,22717.0,26047.0,16193.0,25461.0,12474.0,34793.0,28605.0,31024.0,37209.0,49325.0,21434.0,26532.0,25459.0,34136.0,33310.0,20708.0,27751.0,36752.0,38377.0,29293.0,40936.0,42700.0,11095.0,17178.0,21553.0,27955.0,15776.0,12292.0,69343.0,26301.0,19745.0,25138.0,16637.0,47600.0,16282.0,12671.0,14703.0,33506.0,10657.0,1788556.0
불야성,이원호,프로무림,11400.0,32400.0,22800.0,16800.0,38400.0,18000.0,60700.0,34900.0,57600.0,68600.0,74400.0,16000.0,49500.0,40400.0,16600.0,8500.0,18000.0,15000.0,26700.0,40200.0,108000.0,40800.0,54900.0,15000.0,18600.0,66000.0,12900.0,21000.0,100.0,39000.0,2700.0,25800.0,39000.0,76700.0,4500.0,45100.0,2300.0,10500.0,25400.0,10800.0,10500.0,2600.0,6000.0,3000.0,0.0,33000.0,17700.0,12300.0,200.0,7800.0,31035.0,60100.0,138800.0,17000.0,6000.0,6000.0,45000.0,65400.0,18400.0,19600.0,1786435.0
백면서생 일대기,서효원,프로무림,40355.0,60430.0,27800.0,0.0,0.0,0.0,0.0,8100.0,23159.0,56630.0,24680.0,38820.0,34400.0,30600.0,18000.0,26880.0,22990.0,37415.0,10800.0,27300.0,46195.0,17100.0,21720.0,29560.0,38435.0,14940.0,28280.0,28015.0,29010.0,50340.0,10920.0,7903.0,22259.0,30730.0,8280.0,9540.0,14060.0,21240.0,22615.0,34932.0,24060.0,107048.0,129669.0,100807.0,26489.0,7200.0,9936.0,12694.0,35076.0,64651.0,22342.0,2646.0,22212.0,67004.0,67764.0,14670.0,36612.0,24980.0,17676.0,12564.0,1780533.0
대곤륜,서효원,프로무림,35702.0,38061.0,13500.0,31568.0,41000.0,4500.0,3600.0,7380.0,33120.0,30600.0,33890.0,33100.0,31900.0,25100.0,17900.0,14868.0,13500.0,33300.0,10100.0,18742.0,17280.0,43005.0,39557.0,23980.0,31608.0,39391.0,84236.0,21072.0,36397.0,16240.0,49404.0,36900.0,60546.0,23520.0,9300.0,31680.0,43304.0,23310.0,51650.0,41512.0,14732.0,19502.0,37088.0,49664.0,52611.0,37596.0,40766.0,19568.0,48942.0,19872.0,6264.0,41468.0,26357.0,17040.0,19500.0,54681.0,31600.0,12736.0,10620.0,21888.0,1777818.0
천무등룡방,서효원,프로무림,34250.0,52911.0,8054.0,6600.0,23400.0,-3000.0,0.0,1800.0,14400.0,46991.0,61800.0,13405.0,10080.0,24900.0,10563.0,39232.0,4400.0,55827.0,16317.0,12704.0,28873.0,47970.0,22448.0,26027.0,44992.0,14865.0,32060.0,44566.0,19889.0,24047.0,70915.0,37857.0,39119.0,32987.0,25488.0,13140.0,40901.0,41088.0,15303.0,30283.0,18896.0,26017.0,49251.0,48635.0,85595.0,55013.0,26904.0,33215.0,28543.0,44107.0,45938.0,9108.0,31306.0,28954.0,32742.0,26011.0,7546.0,49036.0,10015.0,23453.0,1767737.0
야구랑 연애를 잘함,강산,포텐,0.0,0.0,0.0,0.0,0.0,0.0,0.0,0.0,0.0,0.0,0.0,0.0,0.0,0.0,0.0,0.0,0.0,0.0,0.0,0.0,0.0,0.0,0.0,0.0,0.0,0.0,0.0,0.0,0.0,0.0,0.0,0.0,0.0,0.0,0.0,0.0,0.0,0.0,0.0,0.0,0.0,0.0,78058.0,94541.0,113023.0,127070.0,498778.0,118100.0,111864.0,118529.0,49548.0,37816.0,18637.0,12810.0,48771.0,19850.0,24642.0,25223.0,11156.0,258771.0,1767187.0
도황,청산,프로무림,63378.0,33012.0,29424.0,24388.0,38766.0,53326.0,28665.0,15363.0,22617.0,50995.0,20160.0,41545.0,39816.0,35217.0,60326.0,25653.0,18711.0,24984.0,30857.0,30030.0,38447.0,36731.0,6786.0,8416.0,21275.0,47348.0,26511.0,37730.0,23920.0,5619.0,23136.0,12910.0,4001.0,20185.0,31580.0,38781.0,27376.0,34139.0,15220.0,39245.0,37312.0,40452.0,26246.0,44490.0,36292.0,54485.0,16576.0,49065.0,43221.0,46050.0,5329.0,6401.0,18204.0,10070.0,30258.0,5764.0,21191.0,72955.0,7328.0,5264.0,1763542.0
화룡 가문의 천재가 돌아왔다,만금,포텐,0.0,0.0,0.0,0.0,0.0,0.0,0.0,0.0,0.0,0.0,0.0,0.0,0.0,0.0,0.0,0.0,0.0,0.0,0.0,0.0,0.0,0.0,0.0,0.0,0.0,0.0,0.0,0.0,0.0,0.0,0.0,0.0,0.0,0.0,0.0,0.0,0.0,0.0,0.0,6.0,1986.0,61622.0,40801.0,1400827.0,142050.0,39945.0,15405.0,18065.0,17384.0,2192.0,2114.0,477.0,0.0,229.0,0.0,0.0,4387.0,151.0,6929.0,6342.0,1760912.0
도지산,몽월,프로무림,8100.0,11900.0,37800.0,0.0,900.0,5400.0,85100.0,58600.0,84800.0,9100.0,6300.0,134400.0,169400.0,262400.0,10800.0,900.0,77700.0,222100.0,13100.0,180200.0,50400.0,3600.0,0.0,0.0,134200.0,2700.0,26020.0,3780.0,5390.0,25200.0,14490.0,11830.0,5880.0,8470.0,29785.0,2380.0,1260.0,0.0,1241.0,6300.0,9310.0,0.0,1260.0,3780.0,0.0,2100.0,0.0,3500.0,1750.0,2170.0,630.0,0.0,1890.0,1890.0,0.0,7980.0,2520.0,5320.0,0.0,3150.0,1759176.0
초혼무 새로운 신화 편,와룡강,프로무림,30161.0,17924.0,21168.0,14635.0,21801.0,26538.0,40139.0,35117.0,38596.0,48408.0,43060.0,27198.0,22545.0,31342.0,49014.0,24297.0,30181.0,22600.0,36877.0,20180.0,48559.0,30855.0,52021.0,29617.0,23193.0,29366.0,20257.0,14809.0,26637.0,36304.0,62784.0,30807.0,30348.0,27701.0,31738.0,36319.0,23421.0,34468.0,19202.0,17423.0,30627.0,21825.0,24097.0,23670.0,42763.0,18405.0,16289.0,28658.0,22971.0,25660.0,43887.0,8239.0,25227.0,23815.0,15327.0,35094.0,31893.0,59030.0,12882.0,16498.0,1754467.0
출판으로 재벌 되기,강산,포텐,0.0,0.0,0.0,0.0,0.0,0.0,0.0,0.0,0.0,0.0,0.0,0.0,0.0,0.0,0.0,0.0,0.0,0.0,0.0,0.0,0.0,0.0,0.0,0.0,0.0,0.0,0.0,0.0,0.0,0.0,0.0,0.0,0.0,0.0,0.0,0.0,0.0,0.0,0.0,0.0,0.0,0.0,40320.0,53436.0,216129.0,38046.0,704392.0,130248.0,110517.0,94935.0,104684.0,52757.0,33194.0,33571.0,25387.0,27618.0,9408.0,45952.0,14903.0,2591.0,1738088.0
연기를 너무 잘함,승윤,포텐,0.0,0.0,0.0,0.0,0.0,0.0,0.0,0.0,0.0,0.0,0.0,0.0,0.0,0.0,0.0,0.0,0.0,0.0,0.0,0.0,0.0,0.0,0.0,0.0,0.0,0.0,0.0,1496.0,611.0,0.0,0.0,0.0,2586.0,1449.0,1449.0,468488.0,348235.0,87534.0,97756.0,40258.0,96695.0,86887.0,65957.0,54196.0,22875.0,7897.0,5670.0,23327.0,11767.0,52885.0,47351.0,64912.0,19916.0,27493.0,23434.0,23743.0,10672.0,13236.0,19480.0,9754.0,1738009.0
곤륜마협,관측불가,포텐,0.0,0.0,0.0,0.0,0.0,0.0,0.0,0.0,0.0,0.0,0.0,0.0,0.0,0.0,0.0,0.0,0.0,0.0,0.0,0.0,0.0,0.0,0.0,0.0,0.0,0.0,0.0,0.0,0.0,0.0,0.0,0.0,0.0,0.0,44238.0,341494.0,317170.0,155969.0,235906.0,97182.0,74649.0,81748.0,34863.0,0.0,16243.0,39398.0,61139.0,11059.0,7737.0,16166.0,8083.0,8294.0,20081.0,34828.0,4147.0,94819.0,25326.0,0.0,0.0,0.0,1730539.0
골든 카이저,진현,프로무림,145442.0,110820.0,76308.0,43636.0,77816.0,56808.0,29579.0,36076.0,46286.0,66622.0,28214.0,57530.0,20576.0,34379.0,11557.0,16982.0,23430.0,34627.0,50321.0,42383.0,17422.0,22290.0,21863.0,21552.0,32603.0,21075.0,30648.0,20209.0,38280.0,14044.0,36027.0,32917.0,17837.0,14698.0,12822.0,8157.0,19795.0,14497.0,8207.0,18722.0,17561.0,7877.0,9000.0,12772.0,9072.0,19440.0,20952.0,17495.0,15424.0,10800.0,2180.0,13500.0,38308.0,1881.0,12973.0,33376.0,19578.0,13040.0,5400.0,1656.0,1715342.0
아티팩트,박재학,프로무림,42982.0,47127.0,7026.0,29649.0,66163.0,29861.0,43672.0,45686.0,35038.0,30729.0,24299.0,41228.0,19395.0,33076.0,59752.0,13429.0,32118.0,26989.0,20703.0,35672.0,45008.0,24261.0,26670.0,31255.0,20740.0,44311.0,27226.0,49392.0,33928.0,26330.0,29849.0,49410.0,35524.0,56015.0,31901.0,20369.0,23806.0,27195.0,21502.0,11674.0,23311.0,19014.0,11281.0,11791.0,40415.0,22433.0,25001.0,28718.0,29247.0,24169.0,15576.0,6162.0,17656.0,15395.0,25122.0,24147.0,10673.0,9498.0,9566.0,11468.0,1701603.0
소드마스터 플레이어,라마현,포텐,0.0,0.0,0.0,0.0,0.0,0.0,0.0,0.0,0.0,0.0,0.0,0.0,0.0,0.0,0.0,0.0,0.0,0.0,0.0,0.0,0.0,0.0,0.0,0.0,0.0,0.0,0.0,0.0,0.0,0.0,0.0,0.0,0.0,0.0,0.0,0.0,0.0,0.0,0.0,0.0,0.0,0.0,29971.0,118199.0,13723.0,20835.0,16092.0,301258.0,171427.0,266167.0,231428.0,70508.0,43580.0,137333.0,102749.0,72465.0,24296.0,23123.0,31513.0,12635.0,1687302.0
색황귀환,청산,프로무림,49537.0,32896.0,36442.0,19850.0,61654.0,78180.0,55517.0,56837.0,43514.0,38728.0,25074.0,30620.0,30569.0,44870.0,53931.0,22306.0,43765.0,20832.0,27516.0,31640.0,33521.0,75285.0,30058.0,28170.0,29815.0,19749.0,34301.0,11954.0,26266.0,23275.0,26361.0,41300.0,62173.0,21871.0,25231.0,30051.0,24429.0,6681.0,5154.0,6909.0,13015.0,1890.0,8765.0,12157.0,27843.0,22653.0,36524.0,7922.0,2268.0,9364.0,21650.0,9575.0,8120.0,2583.0,20050.0,55243.0,2688.0,9345.0,17640.0,27980.0,1684107.0
눈으로 보는 광고 천재,킹묵,포텐,0.0,0.0,0.0,0.0,0.0,0.0,0.0,0.0,0.0,0.0,0.0,0.0,0.0,0.0,0.0,0.0,0.0,0.0,0.0,0.0,0.0,0.0,0.0,0.0,0.0,0.0,0.0,0.0,0.0,0.0,0.0,0.0,0.0,0.0,0.0,0.0,0.0,0.0,0.0,0.0,0.0,0.0,0.0,0.0,0.0,4.0,16249.0,161273.0,76601.0,23596.0,244960.0,61063.0,307456.0,55136.0,97208.0,151960.0,80457.0,238776.0,111180.0,58137.0,1684056.0
말년에 이계라니,정현우,프로무림,50395.0,46680.0,21970.0,9200.0,25070.0,9300.0,63350.0,113800.0,111930.0,15900.0,50520.0,19830.0,36300.0,36400.0,24100.0,23260.0,21300.0,17256.0,10814.0,16234.0,21999.0,12877.0,18900.0,24929.0,21890.0,7300.0,12240.0,17700.0,400.0,2715.0,1108.0,41097.0,24200.0,35356.0,6887.0,2826.0,17856.0,3587.0,27754.0,41339.0,3198.0,4100.0,4802.0,31000.0,28360.0,95222.0,13208.0,53260.0,36507.0,17328.0,71861.0,99182.0,23428.0,52201.0,15244.0,12150.0,10718.0,10614.0,4172.0,27246.0,1680370.0
작곡가 최현일,투뮤,포텐,148688.0,65980.0,24702.0,91670.0,78127.0,42784.0,183905.0,217191.0,71709.0,22960.0,56000.0,11286.0,28121.0,24990.0,24367.0,47717.0,19250.0,21525.0,18472.0,39109.0,20802.0,42056.0,109664.0,12046.0,4209.0,19480.0,12365.0,1875.0,16573.0,4900.0,24805.0,60.0,7744.0,1486.0,1260.0,1370.0,2385.0,15813.0,1.0,5309.0,3061.0,3090.0,1510.0,3945.0,13875.0,630.0,0.0,48918.0,17137.0,6415.0,458.0,0.0,1260.0,2695.0,6405.0,4081.0,1827.0,5859.0,756.0,5516.0,1670194.0
천환정검로,서효원,프로무림,47709.0,35008.0,25700.0,9055.0,5600.0,10500.0,6000.0,13500.0,28800.0,30585.0,47175.0,38000.0,73980.0,152800.0,27012.0,20609.0,19400.0,17494.0,27621.0,16884.0,27906.0,29428.0,16980.0,78455.0,30032.0,21566.0,34974.0,56736.0,90089.0,31814.0,25224.0,18264.0,12204.0,38074.0,2952.0,9797.0,23369.0,4120.0,36072.0,29420.0,19980.0,33177.0,22641.0,32606.0,15023.0,23580.0,25919.0,3035.0,15889.0,20754.0,13032.0,39892.0,5301.0,16938.0,18630.0,2619.0,4074.0,21539.0,33360.0,22152.0,1661049.0
멸망한 세계의 생존지침서,담배태우는 고양이,포텐,44107.0,15911.0,45502.0,108185.0,416831.0,42007.0,15750.0,42000.0,14735.0,19250.0,16275.0,12075.0,19250.0,7000.0,22225.0,38500.0,18040.0,5250.0,26260.0,21150.0,11580.0,540.0,4250.0,14140.0,15810.0,7481.0,28210.0,25132.0,13810.0,15560.0,13830.0,19830.0,18880.0,20594.0,18450.0,18905.0,10178.0,5400.0,8980.0,29160.0,23905.0,27745.0,21937.0,17870.0,19625.0,9810.0,9400.0,27410.0,20385.0,0.0,31800.0,23820.0,6120.0,6480.0,80561.0,12470.0,14040.0,25086.0,8330.0,20160.0,1657977.0
매지컬 써전,백범,포텐,0.0,0.0,0.0,0.0,0.0,0.0,0.0,0.0,106293.0,117975.0,203010.0,80300.0,92400.0,98010.0,59400.0,64773.0,71500.0,68887.0,126792.0,15840.0,83743.0,16286.0,21535.0,38472.0,37159.0,59486.0,43484.0,2449.0,3888.0,0.0,24624.0,0.0,12804.0,2460.0,28656.0,2592.0,0.0,26800.0,3024.0,0.0,0.0,9072.0,0.0,25713.0,28845.0,0.0,0.0,0.0,2842.0,10997.0,0.0,7484.0,14963.0,0.0,2041.0,9116.0,0.0,0.0,26460.0,0.0,1650175.0
제80장 끝나지 않은 전설2,와룡강,프로무림,27300.0,16730.0,21700.0,3850.0,31850.0,82200.0,24300.0,34300.0,16900.0,31200.0,16400.0,60700.0,8300.0,119300.0,48500.0,56900.0,38100.0,31600.0,21600.0,21400.0,74100.0,58000.0,29400.0,30300.0,27100.0,19900.0,11000.0,16700.0,10900.0,8700.0,9800.0,11200.0,8700.0,72500.0,32800.0,18600.0,38600.0,18300.0,3800.0,12400.0,20300.0,23500.0,17700.0,41900.0,45200.0,39100.0,49700.0,12200.0,2300.0,10300.0,12300.0,12000.0,8200.0,4800.0,6400.0,16800.0,12800.0,14700.0,8280.0,65440.0,1649850.0
실명마제,서효원,프로무림,23200.0,25200.0,19600.0,20000.0,8000.0,1300.0,1800.0,40240.0,11646.0,11568.0,42400.0,20700.0,28600.0,18400.0,29200.0,21500.0,22700.0,10580.0,19800.0,24680.0,21182.0,13900.0,29925.0,23313.0,41975.0,9575.0,20532.0,32703.0,23498.0,28424.0,18792.0,37320.0,74780.0,75944.0,66900.0,102390.0,63680.0,29441.0,43200.0,35115.0,13802.0,33459.0,16766.0,48341.0,35700.0,25627.0,17580.0,17040.0,51575.0,16926.0,17496.0,10791.0,6273.0,18606.0,21424.0,44000.0,6944.0,14327.0,9000.0,25365.0,1644745.0
패왕전설,청산,프로무림,25368.0,31959.0,19297.0,39947.0,26529.0,29870.0,50059.0,26218.0,20848.0,50511.0,27860.0,18283.0,24108.0,28651.0,35307.0,24027.0,35105.0,25631.0,18900.0,18081.0,26460.0,40465.0,14931.0,23558.0,18370.0,16821.0,41055.0,14742.0,26317.0,18963.0,8694.0,15170.0,19956.0,82670.0,68178.0,85841.0,51981.0,21634.0,26614.0,22890.0,10773.0,20505.0,27153.0,17337.0,37671.0,38710.0,35350.0,19215.0,22890.0,17150.0,5452.0,18925.0,6552.0,36299.0,31099.0,22330.0,13159.0,7181.0,19224.0,14322.0,1643166.0
뱀파이어 해결사 장권우,원하,올나이트노벨,0.0,0.0,0.0,0.0,0.0,0.0,0.0,0.0,0.0,0.0,0.0,0.0,0.0,0.0,0.0,0.0,0.0,0.0,0.0,0.0,0.0,0.0,0.0,0.0,0.0,0.0,0.0,0.0,0.0,0.0,0.0,0.0,0.0,0.0,0.0,0.0,0.0,0.0,0.0,0.0,0.0,0.0,0.0,0.0,0.0,0.0,0.0,0.0,0.0,0.0,0.0,0.0,0.0,0.0,0.0,692917.0,639113.0,156333.0,116568.0,35610.0,1640541.0
천마봉,몽월,프로무림,19800.0,5400.0,0.0,900.0,10800.0,221700.0,61200.0,0.0,353500.0,52000.0,5400.0,41200.0,154600.0,11600.0,180400.0,26100.0,13500.0,0.0,12600.0,46800.0,11700.0,20700.0,0.0,3600.0,4500.0,18000.0,10710.0,10130.0,5250.0,11970.0,11340.0,9730.0,48440.0,16380.0,39200.0,24152.0,8825.0,42630.0,6650.0,47950.0,13440.0,0.0,4917.0,2520.0,0.0,1890.0,0.0,2448.0,0.0,14910.0,4410.0,11970.0,3150.0,1260.0,2520.0,4410.0,0.0,1890.0,0.0,1260.0,1640352.0
용천풍,일주향,프로무림,40737.0,53603.0,33141.0,40942.0,32884.0,28290.0,43668.0,19937.0,20752.0,30425.0,40363.0,39944.0,29563.0,25355.0,40372.0,24246.0,50478.0,25413.0,17900.0,30545.0,22267.0,16326.0,28853.0,46020.0,35307.0,19147.0,19620.0,14289.0,14752.0,13336.0,20299.0,9860.0,21799.0,45339.0,9100.0,10233.0,20454.0,64580.0,33577.0,38847.0,19480.0,23432.0,9842.0,20836.0,8460.0,18649.0,40341.0,22706.0,13253.0,16200.0,14566.0,22886.0,25946.0,50059.0,28703.0,55520.0,15020.0,24167.0,12425.0,20922.0,1635976.0
단권 만렙 사냥꾼 회귀하다,이형석,포텐,0.0,0.0,0.0,0.0,0.0,0.0,0.0,0.0,0.0,0.0,0.0,0.0,0.0,0.0,0.0,0.0,0.0,0.0,0.0,0.0,0.0,0.0,0.0,0.0,0.0,0.0,0.0,0.0,0.0,0.0,0.0,0.0,0.0,0.0,0.0,0.0,0.0,0.0,0.0,0.0,0.0,0.0,0.0,0.0,0.0,0.0,0.0,0.0,0.0,0.0,0.0,192812.0,485622.0,397957.0,305994.0,49754.0,140962.0,22378.0,24192.0,6048.0,1625719.0
아버지가 남긴 USB,외도정사,프로무림,0.0,0.0,0.0,0.0,0.0,0.0,0.0,0.0,0.0,0.0,0.0,0.0,0.0,0.0,0.0,0.0,0.0,0.0,0.0,0.0,0.0,0.0,82880.0,56000.0,22400.0,152818.0,166733.0,120915.0,46368.0,32928.0,34496.0,58016.0,44352.0,17472.0,47936.0,56224.0,133504.0,81312.0,59328.0,55872.0,21120.0,12992.0,15456.0,23968.0,28000.0,18144.0,4800.0,4480.0,4480.0,4480.0,2240.0,22048.0,2240.0,9056.0,17920.0,17920.0,44352.0,33376.0,44480.0,15360.0,1616466.0
또다시 작가,윤신현,포텐,0.0,0.0,0.0,0.0,0.0,0.0,0.0,0.0,0.0,0.0,0.0,0.0,0.0,0.0,0.0,0.0,0.0,0.0,0.0,0.0,0.0,0.0,0.0,0.0,0.0,0.0,0.0,0.0,0.0,0.0,0.0,0.0,0.0,0.0,0.0,0.0,0.0,0.0,0.0,0.0,0.0,0.0,0.0,0.0,0.0,0.0,0.0,0.0,47184.0,119906.0,186774.0,383547.0,117103.0,132046.0,206234.0,263174.0,48276.0,44316.0,35171.0,27811.0,1611542.0
실명대협,서효원,프로무림,30200.0,19180.0,34500.0,14800.0,12300.0,52100.0,11700.0,29700.0,46340.0,25100.0,31800.0,25800.0,27400.0,42400.0,27000.0,39500.0,40500.0,27680.0,32502.0,34980.0,13956.0,23252.0,16358.0,18876.0,44611.0,16746.0,40034.0,15760.0,31080.0,14000.0,10152.0,44884.0,49963.0,67418.0,43108.0,74006.0,78286.0,21318.0,35153.0,19669.0,23867.0,8230.0,26708.0,15983.0,27583.0,20311.0,13013.0,15716.0,26853.0,13648.0,22140.0,25276.0,2819.0,18216.0,15871.0,7463.0,11137.0,15752.0,6696.0,8274.0,1609668.0
하렘으로 세계정복,용병애쉬,프로무림,0.0,0.0,0.0,0.0,0.0,0.0,0.0,0.0,0.0,0.0,0.0,0.0,0.0,0.0,0.0,0.0,0.0,0.0,0.0,0.0,0.0,96950.0,131160.0,86933.0,59434.0,64218.0,77795.0,68159.0,28091.0,28840.0,36242.0,29667.0,35697.0,18636.0,44368.0,37625.0,70786.0,11270.0,17094.0,18754.0,41632.0,24346.0,24780.0,55678.0,18382.0,30422.0,18746.0,10136.0,103505.0,11298.0,4844.0,14576.0,3500.0,7131.0,8330.0,8101.0,125829.0,83409.0,21919.0,28191.0,1606474.0
영웅호가행,검궁인,프로무림,30519.0,20032.0,38925.0,28992.0,36305.0,23751.0,5101.0,83453.0,46662.0,32445.0,15381.0,36490.0,21399.0,25184.0,18387.0,18925.0,23949.0,23939.0,23073.0,8666.0,36406.0,25271.0,33707.0,16937.0,24845.0,35133.0,34359.0,17243.0,33523.0,28236.0,35008.0,16834.0,14388.0,18629.0,16675.0,12847.0,24673.0,14342.0,21188.0,22457.0,12246.0,19589.0,15015.0,22655.0,15750.0,13047.0,40789.0,51211.0,28207.0,48004.0,37247.0,29190.0,31705.0,24346.0,34359.0,27966.0,15193.0,49522.0,23433.0,22472.0,1606225.0
사황마존,와룡강,프로무림,41491.0,17350.0,31503.0,20215.0,13941.0,50431.0,26168.0,35415.0,27146.0,22075.0,19621.0,24638.0,14692.0,39859.0,28467.0,38938.0,28757.0,23495.0,24393.0,32715.0,16664.0,31070.0,34867.0,35603.0,30677.0,32811.0,32597.0,27408.0,22184.0,28961.0,36417.0,43721.0,37261.0,49315.0,21229.0,13552.0,9594.0,47650.0,17148.0,12749.0,46975.0,48772.0,26144.0,12976.0,16890.0,32506.0,26837.0,7225.0,15707.0,25307.0,38602.0,12709.0,15956.0,22044.0,8371.0,34754.0,16155.0,22254.0,20141.0,12315.0,1605428.0
나한대협羅5,와룡강,프로무림,36040.0,34325.0,19515.0,20510.0,27510.0,68050.0,68050.0,16550.0,14750.0,44150.0,45500.0,19800.0,43230.0,27950.0,28480.0,38300.0,19150.0,25800.0,29600.0,63900.0,39350.0,37950.0,21600.0,18530.0,32800.0,13500.0,19500.0,31100.0,37150.0,36500.0,11700.0,23100.0,12050.0,24550.0,20050.0,20200.0,15550.0,23850.0,34900.0,23000.0,41200.0,19500.0,44564.0,29750.0,27950.0,34000.0,22750.0,16630.0,16900.0,21750.0,13850.0,8550.0,16100.0,34050.0,11600.0,31550.0,17250.0,6200.0,0.0,1680.0,1603914.0
질풍마검사,인기영,프로무림,38908.0,17150.0,29680.0,15400.0,37170.0,23100.0,28640.0,17990.0,16840.0,17570.0,17220.0,22540.0,22820.0,28360.0,72009.0,59440.0,17710.0,44870.0,15026.0,7155.0,92723.0,7308.0,31612.0,9370.0,23109.0,10437.0,13923.0,51475.0,54509.0,49766.0,30300.0,45462.0,41910.0,17726.0,8886.0,55571.0,49647.0,57711.0,13582.0,18470.0,25539.0,8190.0,10558.0,35740.0,30007.0,18669.0,29266.0,12717.0,35633.0,8249.0,22710.0,6340.0,24816.0,9765.0,15240.0,13459.0,5985.0,20559.0,17250.0,19072.0,1602859.0
카리시안,예로나,포텐,37639.0,12152.0,28973.0,693.0,42259.0,30723.0,16450.0,22120.0,0.0,25655.0,6552.0,16793.0,19355.0,6000.0,30020.0,115124.0,90695.0,35179.0,37768.0,42710.0,24068.0,12564.0,28134.0,25713.0,27162.0,12333.0,12696.0,13368.0,5653.0,16614.0,4390.0,76146.0,13344.0,54840.0,21411.0,1565.0,5474.0,14336.0,30008.0,35387.0,826.0,15801.0,2591.0,17697.0,21183.0,38425.0,46199.0,167385.0,71022.0,14004.0,15948.0,22584.0,13866.0,1452.0,5550.0,45082.0,10710.0,20579.0,7511.0,5131.0,1595612.0
링커,킹메이커,포텐,0.0,0.0,0.0,0.0,0.0,0.0,0.0,0.0,0.0,0.0,0.0,0.0,0.0,0.0,0.0,0.0,0.0,0.0,0.0,0.0,0.0,0.0,0.0,0.0,0.0,0.0,0.0,0.0,0.0,0.0,0.0,0.0,0.0,0.0,0.0,0.0,0.0,0.0,0.0,0.0,0.0,0.0,0.0,0.0,0.0,31878.0,26952.0,130186.0,247072.0,105045.0,85137.0,95210.0,162343.0,155525.0,67446.0,98887.0,46472.0,32751.0,233484.0,77008.0,1595396.0
대,정우식,프로무림,42520.0,63067.0,43051.0,39818.0,34729.0,63599.0,23140.0,61351.0,28901.0,35348.0,48796.0,43744.0,15497.0,70732.0,41428.0,34910.0,41764.0,57834.0,30108.0,21856.0,25034.0,30646.0,24388.0,27686.0,34532.0,7212.0,36291.0,7406.0,22278.0,15235.0,15111.0,22672.0,12437.0,1579.0,14271.0,36232.0,11646.0,12202.0,27107.0,3816.0,22660.0,16992.0,28212.0,5047.0,65683.0,15956.0,51007.0,6944.0,16324.0,26436.0,23421.0,17226.0,5472.0,3166.0,13590.0,18832.0,4002.0,21200.0,1800.0,567.0,1594511.0
소림삼십칠방,몽월,프로무림,9900.0,14200.0,10800.0,0.0,89500.0,52500.0,239800.0,7000.0,26400.0,9000.0,361600.0,33400.0,900.0,900.0,8100.0,23400.0,5400.0,64800.0,97400.0,2700.0,148100.0,5400.0,1800.0,105900.0,4500.0,17100.0,40590.0,26460.0,630.0,11970.0,6090.0,4270.0,15750.0,4410.0,0.0,1134.0,22559.0,630.0,1330.0,5040.0,6048.0,19733.0,5544.0,6237.0,0.0,3150.0,2520.0,5670.0,2520.0,35420.0,8540.0,0.0,2520.0,280.0,5740.0,0.0,1610.0,4410.0,0.0,1260.0,1592565.0
진조무쌍,가람검,프로무림,12320.0,5670.0,9270.0,15260.0,25410.0,11340.0,10710.0,11060.0,23170.0,13300.0,13650.0,12600.0,64050.0,58170.0,36540.0,32361.0,9450.0,46410.0,17010.0,31500.0,17010.0,103250.0,26180.0,5040.0,4410.0,75810.0,158340.0,23310.0,35210.0,114310.0,4130.0,2520.0,4221.0,30870.0,9450.0,46200.0,13230.0,92960.0,88270.0,59360.0,44408.0,3150.0,9450.0,8960.0,8085.0,20930.0,4410.0,11970.0,15680.0,4410.0,7560.0,630.0,3150.0,2835.0,11193.0,14931.0,630.0,14210.0,10178.0,19038.0,1589140.0
그림자,이원호,프로무림,29300.0,32900.0,42400.0,24300.0,69850.0,58000.0,6800.0,35900.0,18400.0,6100.0,23800.0,15900.0,41810.0,30460.0,15160.0,36000.0,26200.0,45900.0,28150.0,25200.0,35600.0,25290.0,27500.0,12500.0,20400.0,23460.0,27000.0,22600.0,40900.0,23750.0,25400.0,47000.0,30400.0,1800.0,19500.0,42000.0,18600.0,15630.0,55690.0,18100.0,45900.0,10130.0,900.0,1800.0,5760.0,3400.0,0.0,40050.0,21500.0,6800.0,3400.0,8400.0,94800.0,62500.0,2500.0,7650.0,59050.0,17700.0,37430.0,11734.0,1587054.0
내 명중률,연암,포텐,0.0,0.0,0.0,0.0,0.0,0.0,0.0,0.0,0.0,0.0,9170.0,78260.0,49000.0,16051.0,35210.0,64260.0,209510.0,31655.0,43006.0,46744.0,37658.0,89247.0,139268.0,16695.0,12793.0,25324.0,50801.0,29715.0,-364.0,30403.0,23303.0,12013.0,15272.0,25456.0,16041.0,6668.0,34951.0,24035.0,71604.0,3033.0,19674.0,44475.0,35122.0,15165.0,39561.0,12189.0,9679.0,21851.0,4943.0,5713.0,17335.0,1683.0,15925.0,3477.0,8404.0,21897.0,18232.0,4977.0,4359.0,16132.0,1567575.0
잃을 게 없는 놈이 너무 세다,윤준모,포텐,0.0,0.0,0.0,0.0,0.0,0.0,0.0,0.0,0.0,0.0,0.0,0.0,0.0,0.0,0.0,0.0,0.0,0.0,0.0,0.0,0.0,0.0,0.0,0.0,0.0,0.0,0.0,0.0,0.0,0.0,0.0,0.0,0.0,0.0,0.0,0.0,0.0,0.0,0.0,0.0,0.0,122665.0,52085.0,49678.0,5061.0,21933.0,32114.0,21955.0,4550.0,566279.0,155598.0,38212.0,27292.0,22951.0,39165.0,4130.0,9964.0,16390.0,352816.0,16793.0,1559631.0
은룡전기,예로나,포텐,12082.0,30037.0,2590.0,26495.0,28770.0,9779.0,7000.0,1330.0,1015.0,19320.0,3710.0,17640.0,0.0,0.0,23050.0,104835.0,108818.0,56592.0,10103.0,18113.0,15690.0,282.0,100132.0,40417.0,22001.0,8039.0,19711.0,20928.0,15184.0,37978.0,9093.0,107110.0,22446.0,22400.0,12110.0,22358.0,1290.0,4162.0,29410.0,4749.0,37958.0,7886.0,6962.0,10115.0,5577.0,28646.0,40398.0,125375.0,112398.0,27229.0,28059.0,3778.0,26341.0,29979.0,40941.0,2879.0,2614.0,2787.0,16057.0,5120.0,1557868.0
상담 클리닉,얼끼,포텐,0.0,0.0,0.0,0.0,0.0,0.0,0.0,0.0,0.0,0.0,0.0,0.0,0.0,0.0,0.0,54740.0,70420.0,88690.0,141899.0,104979.0,123312.0,56028.0,66876.0,17011.0,40593.0,64442.0,47363.0,28578.0,39086.0,21826.0,12516.0,10668.0,12236.0,12612.0,21065.0,27702.0,12598.0,18659.0,17929.0,42049.0,21578.0,10615.0,18747.0,12371.0,24096.0,10432.0,5544.0,5521.0,168697.0,7317.0,14118.0,13252.0,11424.0,8291.0,10236.0,8867.0,13645.0,10021.0,14000.0,12110.0,1554759.0
점창파,형상준,프로무림,35269.0,43912.0,38880.0,56802.0,44043.0,43570.0,45366.0,32519.0,26461.0,18193.0,19741.0,36276.0,18057.0,17210.0,29823.0,21058.0,30433.0,26365.0,11690.0,55849.0,29480.0,17522.0,18783.0,28346.0,37648.0,52873.0,20954.0,17325.0,12474.0,11617.0,20976.0,76024.0,28131.0,55885.0,26233.0,19788.0,17275.0,42139.0,13640.0,23667.0,5818.0,12738.0,24773.0,29499.0,15304.0,24590.0,5915.0,14846.0,10207.0,7733.0,22667.0,2399.0,17294.0,8099.0,7885.0,9942.0,2023.0,15057.0,46798.0,45666.0,1551550.0
천추공자,청산,프로무림,77464.0,29012.0,59933.0,44420.0,18026.0,54720.0,69057.0,35903.0,39582.0,33516.0,38262.0,23409.0,15092.0,13857.0,48678.0,9132.0,23855.0,40360.0,51302.0,31828.0,11554.0,8225.0,33460.0,22085.0,16561.0,7875.0,31581.0,40300.0,35875.0,58625.0,35406.0,22680.0,10710.0,13860.0,32725.0,29806.0,30835.0,36225.0,24220.0,16380.0,18109.0,22645.0,4309.0,5733.0,3906.0,18077.0,15640.0,12310.0,41189.0,5569.0,12075.0,15965.0,26460.0,9765.0,5985.0,2835.0,19593.0,5670.0,4379.0,4102.0,1530712.0
나한대협羅2,와룡강,프로무림,33300.0,18195.0,27995.0,21385.0,37835.0,35750.0,41950.0,21850.0,20150.0,27850.0,33250.0,20050.0,42430.0,25450.0,35130.0,28400.0,32200.0,49550.0,17550.0,21600.0,24450.0,43350.0,24300.0,36780.0,37550.0,21400.0,21650.0,28400.0,14400.0,16900.0,13810.0,29200.0,34150.0,29000.0,15550.0,27750.0,15450.0,25000.0,37850.0,12750.0,27150.0,17800.0,17032.0,23450.0,25150.0,21300.0,28400.0,38480.0,17800.0,22950.0,9350.0,7050.0,21250.0,32200.0,34750.0,24300.0,29550.0,4050.0,5400.0,13860.0,1522832.0
뉴 스타트,박재학,프로무림,44814.0,42116.0,31223.0,34249.0,35172.0,28429.0,22971.0,17531.0,21254.0,29653.0,21978.0,28168.0,21442.0,20025.0,30231.0,15480.0,16561.0,15836.0,20060.0,23182.0,31782.0,19659.0,22221.0,27256.0,16288.0,23916.0,41222.0,50149.0,31508.0,39200.0,41351.0,12638.0,24358.0,47740.0,34564.0,28249.0,24897.0,26221.0,26162.0,29149.0,23537.0,17440.0,15028.0,28890.0,27341.0,26370.0,24399.0,9649.0,25914.0,10737.0,25036.0,25344.0,15338.0,5412.0,9664.0,27464.0,6732.0,41454.0,11855.0,21174.0,1517683.0
환골탈태8,와룡강,프로무림,107410.0,20870.0,2550.0,12490.0,32440.0,15020.0,25500.0,60100.0,63000.0,13500.0,6600.0,24500.0,25900.0,42500.0,26400.0,26000.0,43500.0,28800.0,43800.0,48800.0,17800.0,31200.0,42400.0,32700.0,36350.0,27300.0,36200.0,11400.0,14600.0,31500.0,34000.0,26800.0,1800.0,10900.0,8100.0,50900.0,5500.0,29200.0,35700.0,21800.0,5500.0,6500.0,11100.0,22000.0,13400.0,5800.0,32600.0,3300.0,22500.0,10800.0,42600.0,17500.0,11400.0,10200.0,6700.0,48234.0,20200.0,27650.0,9900.0,10700.0,1514414.0
야구랑 연애를 잘함,관측불가,포텐,0.0,0.0,0.0,0.0,0.0,0.0,0.0,0.0,0.0,0.0,0.0,0.0,0.0,0.0,0.0,0.0,0.0,0.0,0.0,0.0,0.0,0.0,0.0,0.0,0.0,0.0,0.0,0.0,0.0,0.0,0.0,0.0,0.0,0.0,0.0,0.0,0.0,0.0,0.0,0.0,0.0,0.0,0.0,0.0,0.0,0.0,0.0,0.0,0.0,99688.0,647942.0,126027.0,72820.0,14754.0,50056.0,172155.0,159627.0,50616.0,60586.0,45410.0,1499681.0
아포칼립스에서 살아남기,글라운,포텐,0.0,0.0,0.0,0.0,0.0,0.0,0.0,0.0,0.0,0.0,0.0,0.0,0.0,0.0,0.0,0.0,0.0,0.0,0.0,0.0,0.0,0.0,0.0,0.0,0.0,0.0,0.0,0.0,0.0,0.0,0.0,0.0,0.0,0.0,0.0,0.0,0.0,0.0,0.0,0.0,0.0,0.0,0.0,0.0,0.0,0.0,0.0,0.0,0.0,0.0,0.0,0.0,0.0,0.0,0.0,823.0,30008.0,1402350.0,36611.0,23319.0,1493111.0
천외유천,현성,프로무림,51725.0,58707.0,73408.0,36710.0,27385.0,24630.0,47446.0,10798.0,15741.0,21273.0,13377.0,7047.0,8847.0,25254.0,29938.0,12900.0,47807.0,13180.0,7682.0,13007.0,17806.0,19468.0,24242.0,156422.0,36939.0,25924.0,47162.0,12342.0,41889.0,112109.0,20036.0,13795.0,7735.0,6450.0,10760.0,13990.0,19447.0,10121.0,21745.0,25888.0,8430.0,28387.0,17180.0,43554.0,21983.0,21206.0,19773.0,9691.0,8283.0,12694.0,21327.0,17481.0,2560.0,8439.0,9994.0,1766.0,14199.0,14260.0,11445.0,8682.0,1492466.0
괴물 농사꾼,웹중,포텐,0.0,0.0,0.0,0.0,0.0,0.0,0.0,0.0,0.0,0.0,0.0,0.0,0.0,0.0,0.0,0.0,0.0,0.0,0.0,0.0,0.0,0.0,0.0,0.0,0.0,0.0,0.0,0.0,0.0,0.0,0.0,0.0,0.0,0.0,0.0,0.0,0.0,0.0,0.0,0.0,0.0,0.0,0.0,0.0,0.0,2112.0,38292.0,1321086.0,25918.0,5328.0,10707.0,14801.0,42860.0,5000.0,6946.0,0.0,135.0,0.0,5000.0,1574.0,1479759.0
천검,박현수,프로무림,22960.0,8480.0,52830.0,22761.0,78540.0,68460.0,30940.0,29335.0,28350.0,17990.0,36750.0,79240.0,29680.0,39350.0,25410.0,44170.0,37546.0,62510.0,34440.0,175210.0,7350.0,32690.0,15540.0,11727.0,24717.0,11555.0,17990.0,2646.0,6625.0,32820.0,11340.0,11070.0,8820.0,39410.0,19390.0,5922.0,10640.0,10280.0,20650.0,14098.0,0.0,15120.0,23261.0,630.0,0.0,6400.0,11520.0,27230.0,5560.0,5456.0,4331.0,3674.0,9058.0,33939.0,24015.0,38122.0,3780.0,6023.0,14269.0,3080.0,1475700.0
검향도살,청산,프로무림,29988.0,6709.0,12289.0,55586.0,34440.0,41328.0,29455.0,40995.0,30390.0,33571.0,39232.0,26460.0,26712.0,30984.0,52203.0,31716.0,14490.0,21266.0,60228.0,35910.0,27090.0,42784.0,23940.0,16695.0,13020.0,26796.0,15750.0,22680.0,23046.0,10080.0,25251.0,3780.0,15750.0,17080.0,37562.0,19653.0,48384.0,50369.0,36080.0,5670.0,51660.0,11060.0,8820.0,19600.0,15876.0,5390.0,19880.0,1890.0,31124.0,28000.0,19810.0,27370.0,5040.0,8316.0,630.0,4032.0,11690.0,36820.0,7280.0,13440.0,1463140.0
무극상도,황정검,프로무림,42141.0,43670.0,25479.0,31680.0,37132.0,12199.0,11100.0,25237.0,8076.0,18900.0,19752.0,6014.0,16521.0,12027.0,29069.0,28762.0,73112.0,50179.0,33723.0,66669.0,56762.0,41655.0,22590.0,27431.0,44097.0,14664.0,21908.0,20655.0,29815.0,42800.0,37360.0,60692.0,103900.0,90838.0,100335.0,39780.0,21240.0,41926.0,20340.0,0.0,0.0,0.0,0.0,0.0,567.0,0.0,0.0,0.0,0.0,5746.0,1134.0,1134.0,0.0,9188.0,0.0,0.0,0.0,8090.0,0.0,0.0,1456089.0
성수탕마기,서효원,프로무림,48982.0,60529.0,17727.0,13500.0,44568.0,14400.0,0.0,24300.0,8364.0,67178.0,28700.0,17000.0,16200.0,29590.0,36100.0,11340.0,15400.0,20594.0,28033.0,13500.0,38819.0,66564.0,16470.0,22608.0,28354.0,28336.0,31457.0,27054.0,56679.0,9864.0,29217.0,44694.0,8460.0,22345.0,12465.0,31860.0,18515.0,21459.0,13327.0,13950.0,6120.0,40499.0,28722.0,34659.0,33371.0,10385.0,20624.0,41760.0,39441.0,10170.0,9522.0,20911.0,6300.0,6305.0,15984.0,33123.0,6480.0,7605.0,3870.0,17430.0,1451783.0
역전세계의 금태양,나물반찬,프로무림,0.0,0.0,0.0,0.0,0.0,0.0,0.0,0.0,0.0,0.0,0.0,0.0,0.0,0.0,0.0,0.0,0.0,0.0,0.0,0.0,0.0,0.0,0.0,75810.0,165480.0,78330.0,68922.0,62195.0,46683.0,28917.0,40978.0,41006.0,76140.0,22267.0,40341.0,31619.0,39977.0,41164.0,20178.0,56420.0,17850.0,12376.0,11308.0,29120.0,22547.0,32193.0,21161.0,82698.0,117710.0,12320.0,12426.0,15952.0,7700.0,34040.0,18310.0,14490.0,12530.0,10276.0,16653.0,10080.0,1448167.0
대영웅,이원호,프로무림,9000.0,3900.0,21000.0,32700.0,65400.0,9000.0,19200.0,73800.0,44700.0,43800.0,77700.0,63900.0,31320.0,12600.0,15600.0,33000.0,9900.0,33900.0,48120.0,45000.0,3600.0,21000.0,36600.0,16590.0,33000.0,0.0,5400.0,21600.0,33900.0,24000.0,33420.0,29700.0,27600.0,12000.0,22200.0,28500.0,24000.0,27600.0,12600.0,12000.0,10800.0,29700.0,15600.0,8217.0,20640.0,6300.0,0.0,12000.0,4500.0,0.0,0.0,48000.0,39600.0,12000.0,5520.0,12000.0,22500.0,35268.0,29133.0,5400.0,1436028.0
천외천,서효원,프로무림,12875.0,9577.0,9000.0,18300.0,9468.0,13500.0,0.0,18900.0,28968.0,27400.0,41104.0,25804.0,44208.0,34558.0,22131.0,28762.0,30600.0,11700.0,26400.0,17783.0,34042.0,18252.0,17748.0,34418.0,15994.0,21060.0,35263.0,41652.0,26063.0,31473.0,47446.0,36146.0,29608.0,35892.0,46496.0,40483.0,21254.0,21635.0,34586.0,24146.0,18268.0,29736.0,34860.0,15803.0,19753.0,21888.0,21501.0,29459.0,14483.0,8772.0,18328.0,15588.0,17354.0,16054.0,9000.0,35167.0,14426.0,8922.0,8469.0,24386.0,1426912.0
파계,권용찬,프로무림,13440.0,7560.0,9170.0,5740.0,5040.0,23800.0,4788.0,3528.0,20678.0,3500.0,31360.0,244720.0,16940.0,19180.0,2240.0,33530.0,3780.0,212800.0,136640.0,17920.0,0.0,7126.0,15680.0,134400.0,78400.0,4760.0,441.0,6615.0,13440.0,0.0,2240.0,20160.0,22806.0,14882.0,4480.0,10913.0,4480.0,7000.0,0.0,2520.0,19180.0,3752.0,882.0,47635.0,55930.0,1260.0,5740.0,12740.0,0.0,20062.0,4480.0,4410.0,4382.0,3150.0,8190.0,22400.0,0.0,30940.0,1260.0,2240.0,1415330.0
지존무쌍,별도,프로무림,0.0,22400.0,24640.0,8960.0,47040.0,16310.0,40320.0,6720.0,8960.0,6720.0,2016.0,4121.0,19936.0,5880.0,83148.0,127680.0,20160.0,26880.0,11200.0,109688.0,260932.0,30553.0,68991.0,31360.0,6720.0,76374.0,35427.0,13580.0,2240.0,13727.0,36861.0,4032.0,20160.0,0.0,0.0,16620.0,8960.0,8960.0,6272.0,9676.0,13619.0,2520.0,13798.0,11200.0,21585.0,3679.0,42560.0,13650.0,20641.0,4480.0,13361.0,0.0,0.0,0.0,0.0,0.0,0.0,0.0,0.0,2172.0,1407489.0
위 할건데 불만이세요,중용도,포텐,99552.0,162204.0,61320.0,127605.0,121225.0,35820.0,39210.0,56109.0,28338.0,22960.0,38500.0,49389.0,18018.0,20720.0,121380.0,242132.0,86240.0,18298.0,84.0,14770.0,14170.0,2737.0,14266.0,-284.0,8691.0,1430.0,0.0,0.0,0.0,0.0,0.0,0.0,0.0,0.0,0.0,0.0,0.0,225.0,0.0,0.0,0.0,0.0,0.0,0.0,0.0,0.0,0.0,0.0,0.0,0.0,0.0,0.0,0.0,0.0,0.0,0.0,0.0,0.0,0.0,0.0,1405109.0
북두무맥,관측불가,프로무림,0.0,0.0,0.0,0.0,0.0,0.0,0.0,0.0,0.0,0.0,0.0,0.0,0.0,0.0,0.0,0.0,0.0,0.0,0.0,0.0,0.0,0.0,0.0,0.0,0.0,0.0,0.0,0.0,0.0,0.0,0.0,0.0,0.0,0.0,0.0,0.0,0.0,0.0,0.0,0.0,0.0,0.0,0.0,0.0,0.0,0.0,75000.0,395000.0,415000.0,120000.0,70000.0,75600.0,57400.0,71880.0,28160.0,16640.0,15360.0,18560.0,13440.0,32000.0,1404040.0
황정허무검,황정검,프로무림,21668.0,23072.0,35268.0,40150.0,25672.0,15336.0,62496.0,42283.0,28284.0,16477.0,34455.0,11700.0,25342.0,49602.0,25837.0,26562.0,16876.0,24783.0,56213.0,26100.0,25382.0,62715.0,37136.0,46356.0,13200.0,18995.0,78119.0,21699.0,39309.0,33255.0,16616.0,66717.0,85964.0,28955.0,83112.0,23670.0,45600.0,26854.0,34830.0,0.0,0.0,0.0,0.0,0.0,0.0,0.0,0.0,0.0,640.0,4604.0,0.0,0.0,0.0,1701.0,0.0,0.0,0.0,0.0,0.0,0.0,1403605.0
중원정벌,청산,프로무림,37452.0,37467.0,18472.0,16278.0,36536.0,15462.0,25367.0,34244.0,17215.0,33416.0,26608.0,12600.0,15957.0,17498.0,35965.0,8374.0,45703.0,22113.0,9278.0,22052.0,27943.0,46217.0,35630.0,11566.0,40810.0,23717.0,23023.0,30767.0,42513.0,59737.0,11206.0,12441.0,25231.0,26435.0,10594.0,36091.0,60223.0,17570.0,21001.0,21893.0,15149.0,4071.0,11704.0,23354.0,11188.0,26803.0,22744.0,12004.0,16681.0,11970.0,40751.0,6736.0,18146.0,10311.0,26745.0,27623.0,8190.0,13853.0,11328.0,2268.0,1394284.0
무림기인전,서효원,프로무림,40314.0,24657.0,8727.0,2700.0,12400.0,10800.0,13500.0,21600.0,23400.0,32595.0,48428.0,34695.0,49600.0,38696.0,38177.0,36232.0,19100.0,9000.0,16200.0,8544.0,35580.0,40680.0,10080.0,27560.0,58286.0,24827.0,28138.0,21870.0,20748.0,33497.0,28176.0,19740.0,37012.0,16675.0,29258.0,69209.0,15559.0,29171.0,21060.0,17799.0,22410.0,22900.0,26085.0,20916.0,22588.0,12948.0,6300.0,8533.0,11140.0,6669.0,21312.0,25283.0,8356.0,15480.0,5178.0,18110.0,25923.0,12659.0,22129.0,2679.0,1391888.0
대낭인,서효원,프로무림,40839.0,31944.0,42900.0,2700.0,21300.0,13800.0,11100.0,20700.0,9000.0,21000.0,30800.0,11500.0,12100.0,27300.0,14200.0,19200.0,28500.0,19684.0,25078.0,23670.0,13142.0,31428.0,41523.0,5577.0,41358.0,42089.0,7570.0,12990.0,38494.0,13230.0,20616.0,22403.0,7560.0,21664.0,26963.0,18630.0,23314.0,22985.0,40725.0,53697.0,31991.0,23271.0,17427.0,14274.0,18522.0,19054.0,37506.0,49487.0,36852.0,1890.0,16272.0,25772.0,16873.0,10170.0,20806.0,29592.0,7928.0,5374.0,28475.0,29052.0,1373861.0
사나운 새벽,이수영,프로무림,24640.0,22400.0,15366.0,0.0,21056.0,4480.0,2240.0,2240.0,15680.0,4480.0,20160.0,0.0,4480.0,0.0,16576.0,17920.0,28896.0,0.0,0.0,13440.0,33420.0,0.0,44306.0,26880.0,125860.0,45520.0,70200.0,31192.0,46557.0,33779.0,100800.0,133891.0,26880.0,53535.0,29981.0,13977.0,28652.0,46726.0,52639.0,4480.0,52122.0,6720.0,70963.0,27829.0,37945.0,0.0,0.0,13440.0,0.0,0.0,0.0,0.0,0.0,0.0,0.0,0.0,0.0,0.0,0.0,0.0,1372348.0
테러리스트,이원호,프로무림,37800.0,15300.0,16500.0,16200.0,17700.0,27300.0,17700.0,21300.0,40500.0,16300.0,17700.0,9700.0,29400.0,30600.0,16800.0,16200.0,36600.0,11700.0,29100.0,67680.0,41100.0,29160.0,91800.0,32940.0,12900.0,11700.0,14940.0,19500.0,17400.0,10880.0,21540.0,44100.0,36000.0,18900.0,25200.0,70200.0,6780.0,5400.0,2700.0,11700.0,22500.0,10220.0,13140.0,0.0,24180.0,22800.0,100.0,21000.0,11040.0,29640.0,28680.0,9000.0,24380.0,17100.0,11700.0,900.0,42000.0,34248.0,14160.0,2700.0,1356408.0
신석기 오펜스 족장이 되었다,관측불가,포텐,0.0,0.0,0.0,0.0,0.0,0.0,0.0,0.0,0.0,0.0,0.0,0.0,0.0,0.0,0.0,0.0,0.0,0.0,0.0,0.0,0.0,0.0,0.0,0.0,0.0,0.0,0.0,0.0,0.0,0.0,0.0,0.0,0.0,0.0,0.0,0.0,0.0,0.0,0.0,0.0,0.0,0.0,0.0,0.0,0.0,0.0,0.0,0.0,0.0,55429.0,756956.0,215313.0,93924.0,27053.0,62960.0,35196.0,48801.0,21540.0,36542.0,612.0,1354326.0
가짜 던전으로 고향 살리기,진시월,포텐,0.0,0.0,0.0,0.0,0.0,0.0,0.0,0.0,0.0,0.0,0.0,0.0,0.0,0.0,0.0,0.0,0.0,0.0,0.0,0.0,0.0,0.0,0.0,0.0,0.0,0.0,0.0,0.0,0.0,0.0,0.0,0.0,0.0,0.0,0.0,0.0,0.0,0.0,0.0,0.0,0.0,0.0,0.0,0.0,0.0,0.0,0.0,0.0,0.0,0.0,0.0,459.0,13641.0,1226996.0,29974.0,39176.0,15237.0,12689.0,11421.0,3339.0,1352932.0
복마지존,강태산,프로무림,25194.0,22635.0,24566.0,35835.0,41854.0,43338.0,33639.0,51004.0,35086.0,32863.0,28014.0,25733.0,30822.0,37204.0,22403.0,10754.0,28480.0,24150.0,10358.0,10714.0,15307.0,35006.0,24970.0,19070.0,46021.0,29448.0,39914.0,20335.0,17808.0,17948.0,5586.0,18373.0,26486.0,23575.0,10430.0,33090.0,22310.0,14380.0,19341.0,15178.0,17640.0,29886.0,10296.0,14644.0,12981.0,19000.0,11494.0,19124.0,21441.0,8631.0,30793.0,10980.0,15544.0,9879.0,9364.0,8864.0,19239.0,14168.0,21254.0,14459.0,1348903.0
탑 부수는 플레이어,비비다,포텐,0.0,0.0,0.0,0.0,0.0,0.0,0.0,0.0,0.0,0.0,0.0,0.0,0.0,0.0,0.0,0.0,0.0,0.0,0.0,0.0,0.0,28042.0,622164.0,116232.0,140760.0,35773.0,25045.0,26355.0,3247.0,19812.0,12943.0,15019.0,8012.0,8686.0,698.0,19924.0,26243.0,24758.0,20470.0,5383.0,22333.0,9946.0,-1913.0,22397.0,4329.0,3474.0,13708.0,9937.0,34122.0,15210.0,5103.0,2980.0,723.0,1852.0,5660.0,8848.0,10957.0,0.0,7769.0,4907.0,1341908.0
지존등극,사마달,프로무림,34635.0,24960.0,25362.0,20932.0,37598.0,26567.0,18578.0,20703.0,48991.0,28807.0,22026.0,66015.0,10963.0,23027.0,16787.0,29706.0,25232.0,27911.0,24600.0,18169.0,16127.0,15085.0,41117.0,18619.0,33576.0,33066.0,27915.0,26104.0,30934.0,16810.0,13458.0,51238.0,21092.0,14159.0,13608.0,12422.0,7274.0,23718.0,23681.0,19463.0,16451.0,17917.0,14054.0,23049.0,10609.0,29456.0,11047.0,10424.0,13298.0,27804.0,18387.0,17355.0,17089.0,12536.0,8955.0,24956.0,12140.0,10843.0,4096.0,28307.0,1339808.0
보수적이라며 팬티는 왜 벗어,미도파,포텐,0.0,0.0,0.0,0.0,0.0,0.0,0.0,0.0,0.0,0.0,0.0,0.0,0.0,0.0,0.0,0.0,61810.0,95480.0,105106.0,48738.0,65522.0,85092.0,93324.0,100898.0,55104.0,84574.0,39055.0,17430.0,22085.0,26943.0,19913.0,20412.0,24038.0,17388.0,17604.0,9344.0,16405.0,5950.0,13545.0,6038.0,18446.0,11562.0,5275.0,8180.0,10472.0,11445.0,8726.0,7595.0,10878.0,19677.0,88386.0,21616.0,10082.0,6412.0,13349.0,3690.0,5180.0,1659.0,9926.0,6713.0,1331067.0
양과 늑대의 요람 완,어두운글,포텐,0.0,1764.0,0.0,19152.0,22239.0,0.0,3150.0,1890.0,0.0,630.0,0.0,14700.0,4032.0,1890.0,1260.0,3150.0,2240.0,1260.0,1890.0,5191.0,18830.0,10521.0,630.0,5355.0,23940.0,12727.0,3082.0,6020.0,17468.0,13123.0,2520.0,9172.0,15466.0,3767.0,6120.0,4301.0,2835.0,1260.0,2232.0,1298.0,0.0,10835.0,3780.0,1890.0,17027.0,637.0,4536.0,299977.0,400216.0,60054.0,90770.0,17206.0,45790.0,25893.0,40320.0,0.0,6720.0,0.0,14720.0,36963.0,1322439.0
강호거상,서효원,프로무림,21206.0,40922.0,10768.0,15300.0,28200.0,6300.0,1800.0,21600.0,25290.0,41700.0,12780.0,22800.0,19200.0,30900.0,28890.0,9200.0,22000.0,17440.0,6300.0,19980.0,20513.0,21390.0,50402.0,22745.0,12510.0,44006.0,17820.0,20426.0,29878.0,20352.0,24840.0,12060.0,57025.0,41784.0,32520.0,21180.0,15400.0,13620.0,20516.0,26516.0,22419.0,9990.0,18076.0,14760.0,11700.0,4500.0,33478.0,28268.0,16648.0,18750.0,15064.0,9216.0,13793.0,22289.0,26340.0,37914.0,19032.0,17157.0,33928.0,19210.0,1320611.0
비정혈,강태산,프로무림,30625.0,18575.0,45186.0,25021.0,28713.0,23505.0,21840.0,31191.0,47857.0,17444.0,30787.0,33842.0,27620.0,32665.0,28927.0,16772.0,17100.0,32058.0,32253.0,21994.0,37937.0,25629.0,21902.0,38853.0,19598.0,30135.0,13387.0,15750.0,23275.0,16279.0,20359.0,22288.0,5997.0,28149.0,13230.0,24710.0,23961.0,15870.0,16520.0,9298.0,12614.0,10592.0,17759.0,19117.0,19128.0,25283.0,20584.0,9649.0,20072.0,14567.0,20046.0,14394.0,28021.0,10859.0,18608.0,13272.0,11130.0,27080.0,14742.0,2730.0,1317349.0
검풍연가,사마달,프로무림,54461.0,13237.0,32860.0,44286.0,43626.0,36061.0,44190.0,36442.0,40664.0,12676.0,21247.0,14087.0,25142.0,25228.0,20670.0,27451.0,21023.0,11070.0,19883.0,16806.0,29613.0,22477.0,36540.0,14005.0,21187.0,35948.0,13126.0,32440.0,17599.0,12950.0,9341.0,27133.0,14400.0,25881.0,25006.0,20843.0,22732.0,24331.0,13226.0,8587.0,14923.0,19300.0,14000.0,13445.0,23143.0,18836.0,17654.0,15618.0,14598.0,19030.0,9403.0,21843.0,14275.0,6887.0,8871.0,11768.0,28399.0,10407.0,17171.0,17473.0,1305519.0
풍운영웅,서효원,프로무림,20626.0,40580.0,23581.0,14400.0,21500.0,29400.0,1800.0,21420.0,23490.0,40200.0,28100.0,35430.0,30900.0,27800.0,29800.0,24300.0,25400.0,9715.0,33816.0,22956.0,30809.0,24284.0,30539.0,24350.0,37797.0,18900.0,34315.0,18731.0,43341.0,14400.0,8800.0,42400.0,34488.0,36742.0,26640.0,21240.0,28622.0,12426.0,16020.0,23015.0,11945.0,10890.0,6700.0,17446.0,30769.0,9273.0,18338.0,23267.0,16291.0,29008.0,16634.0,9900.0,3700.0,4500.0,27226.0,11700.0,0.0,6300.0,2184.0,15912.0,1305056.0
도사 청수,형상준,프로무림,50328.0,18248.0,21876.0,60037.0,43421.0,36388.0,12791.0,34234.0,46597.0,19643.0,15960.0,10313.0,28855.0,13493.0,23584.0,31174.0,26268.0,24786.0,18243.0,23474.0,17198.0,15259.0,7560.0,15300.0,23421.0,10740.0,26469.0,9918.0,36291.0,13584.0,17949.0,15147.0,15098.0,15102.0,19827.0,19119.0,25337.0,9581.0,8614.0,8631.0,19557.0,13967.0,25316.0,16555.0,9202.0,16710.0,19657.0,2646.0,10124.0,9493.0,13462.0,7805.0,9365.0,16148.0,21278.0,78019.0,8510.0,27030.0,44121.0,38415.0,1297238.0
국민배우 정도현,범탈,포텐,221039.0,88660.0,44616.0,16534.0,34167.0,36213.0,41930.0,30180.0,26940.0,14472.0,-1245.0,67445.0,59767.0,12705.0,47512.0,15630.0,3392.0,13390.0,13489.0,41634.0,7665.0,12286.0,25284.0,16207.0,22110.0,2376.0,14441.0,28699.0,29760.0,14406.0,14112.0,26965.0,7389.0,13870.0,20516.0,34688.0,18172.0,9827.0,9636.0,5593.0,5490.0,4861.0,11591.0,911.0,11265.0,14430.0,1458.0,5783.0,298.0,31773.0,1396.0,2019.0,5073.0,10540.0,703.0,5051.0,2352.0,1447.0,5053.0,2147.0,1286113.0
밀리 국민배우 정도현,관측불가,포텐,0.0,0.0,0.0,0.0,0.0,0.0,0.0,0.0,0.0,0.0,0.0,0.0,0.0,0.0,0.0,0.0,0.0,0.0,0.0,0.0,0.0,0.0,0.0,0.0,0.0,0.0,0.0,0.0,0.0,0.0,0.0,0.0,0.0,0.0,0.0,0.0,0.0,0.0,0.0,0.0,0.0,0.0,0.0,235000.0,695000.0,110000.0,50000.0,40000.0,20000.0,35000.0,15000.0,15000.0,10000.0,14000.0,40000.0,0.0,0.0,0.0,0.0,4000.0,1283000.0
독보강호,검궁인,프로무림,23098.0,26317.0,32180.0,11077.0,31934.0,17654.0,28290.0,30114.0,18234.0,35230.0,10698.0,25905.0,31712.0,37672.0,17016.0,59356.0,32073.0,25922.0,30587.0,15500.0,28389.0,22453.0,14495.0,25982.0,27291.0,12034.0,13042.0,14828.0,27722.0,30516.0,30464.0,20973.0,19608.0,20052.0,14185.0,15880.0,12387.0,6654.0,18323.0,17663.0,13052.0,19685.0,32523.0,5919.0,16353.0,13731.0,17939.0,22030.0,11997.0,19084.0,26982.0,13254.0,14242.0,12884.0,30264.0,11219.0,7371.0,31166.0,3298.0,19641.0,1276144.0
마협 소운강,이문혁,프로무림,58563.0,53024.0,76701.0,18060.0,51270.0,54139.0,73526.0,32704.0,27832.0,76125.0,58274.0,30933.0,25326.0,22238.0,20601.0,33031.0,49623.0,34527.0,38733.0,37003.0,73975.0,8845.0,16304.0,10859.0,23629.0,31031.0,14716.0,20998.0,13274.0,29182.0,5040.0,6300.0,25127.0,12600.0,14770.0,16881.0,24851.0,31165.0,7420.0,0.0,0.0,0.0,0.0,0.0,0.0,0.0,4900.0,0.0,0.0,0.0,0.0,0.0,0.0,0.0,0.0,0.0,0.0,0.0,0.0,0.0,1264100.0
천선문,형상준,프로무림,11390.0,28167.0,27956.0,21651.0,25940.0,38102.0,22784.0,18485.0,23274.0,29848.0,30378.0,15741.0,31455.0,14532.0,34602.0,22574.0,63710.0,47069.0,17739.0,29548.0,13384.0,8568.0,18690.0,8498.0,17628.0,19430.0,36679.0,23903.0,11775.0,28566.0,18393.0,37487.0,20981.0,19520.0,36772.0,33101.0,34406.0,20540.0,40640.0,17803.0,5607.0,11494.0,11993.0,9765.0,9009.0,9952.0,8295.0,8263.0,9857.0,5869.0,11637.0,11153.0,7245.0,37168.0,5962.0,24256.0,2190.0,17143.0,12865.0,15456.0,1256888.0
마성의 도수치료사,버푸,올나이트노벨,0.0,0.0,0.0,0.0,0.0,0.0,0.0,0.0,0.0,0.0,0.0,0.0,0.0,0.0,0.0,0.0,0.0,0.0,0.0,0.0,0.0,0.0,0.0,0.0,0.0,0.0,0.0,0.0,0.0,0.0,0.0,0.0,0.0,0.0,0.0,0.0,0.0,0.0,0.0,0.0,0.0,0.0,0.0,0.0,0.0,0.0,0.0,0.0,0.0,0.0,0.0,0.0,0.0,0.0,0.0,0.0,0.0,0.0,0.0,1251356.0,1251356.0
무엇이든 만들어 드립니다,윤신현,포텐,0.0,0.0,0.0,0.0,0.0,0.0,0.0,0.0,0.0,0.0,0.0,0.0,0.0,0.0,0.0,0.0,0.0,0.0,0.0,0.0,0.0,0.0,0.0,0.0,0.0,0.0,0.0,0.0,0.0,0.0,0.0,0.0,0.0,0.0,0.0,0.0,0.0,0.0,0.0,0.0,0.0,0.0,0.0,0.0,0.0,0.0,504.0,133505.0,101129.0,55138.0,121249.0,265697.0,63196.0,102924.0,105736.0,107448.0,39929.0,56117.0,18414.0,74936.0,1245922.0
혈탑,서효원,프로무림,10686.0,32786.0,5400.0,8100.0,0.0,0.0,900.0,22500.0,10638.0,22848.0,27575.0,31004.0,28640.0,37396.0,30800.0,27563.0,10100.0,11797.0,18000.0,12500.0,18840.0,33868.0,54376.0,33446.0,26207.0,17421.0,28545.0,14670.0,24096.0,33212.0,20008.0,12350.0,19226.0,24588.0,10593.0,18104.0,37123.0,18516.0,24876.0,34531.0,13680.0,5436.0,11480.0,36032.0,28997.0,10701.0,15390.0,27306.0,18138.0,26606.0,31644.0,16362.0,10908.0,8946.0,19928.0,30524.0,22248.0,15618.0,12722.0,23927.0,1240422.0
마왕겁,원하,올나이트노벨,0.0,0.0,0.0,0.0,0.0,0.0,0.0,0.0,0.0,0.0,0.0,0.0,0.0,0.0,0.0,0.0,0.0,0.0,0.0,0.0,0.0,0.0,0.0,0.0,0.0,0.0,0.0,0.0,0.0,0.0,0.0,0.0,0.0,0.0,0.0,0.0,0.0,0.0,0.0,0.0,0.0,0.0,0.0,0.0,0.0,0.0,0.0,0.0,0.0,0.0,0.0,0.0,0.0,0.0,0.0,0.0,0.0,0.0,0.0,1233614.0,1233614.0
누나를 길들이다,LOCOLOCO,프로무림,0.0,0.0,0.0,0.0,0.0,0.0,0.0,0.0,0.0,0.0,0.0,0.0,0.0,0.0,0.0,0.0,0.0,0.0,0.0,0.0,0.0,0.0,0.0,22190.0,24430.0,25620.0,65224.0,41938.0,32956.0,29694.0,26747.0,13615.0,67842.0,45384.0,40635.0,91961.0,31948.0,20409.0,15266.0,15134.0,17752.0,36810.0,18929.0,89720.0,7112.0,36316.0,9408.0,910.0,189135.0,4550.0,89499.0,413.0,3700.0,2672.0,8712.0,54969.0,17137.0,20205.0,7811.0,5112.0,1231865.0
시간여행자는 재벌 황제가 된다,박재학,포텐,0.0,0.0,0.0,0.0,0.0,0.0,0.0,0.0,0.0,0.0,0.0,0.0,0.0,0.0,0.0,0.0,0.0,0.0,0.0,0.0,0.0,0.0,0.0,0.0,0.0,0.0,0.0,0.0,0.0,0.0,0.0,0.0,0.0,0.0,0.0,0.0,0.0,0.0,0.0,0.0,0.0,0.0,0.0,0.0,0.0,0.0,0.0,0.0,0.0,0.0,0.0,754200.0,261845.0,86854.0,40248.0,57319.0,7437.0,14881.0,1059.0,2523.0,1226366.0
구천독혼마,서효원,프로무림,24342.0,36308.0,6824.0,11700.0,39300.0,8700.0,4500.0,8100.0,9000.0,31600.0,20775.0,6200.0,17840.0,28458.0,10377.0,32993.0,16806.0,25308.0,16388.0,15744.0,12078.0,38488.0,24352.0,13545.0,19717.0,19740.0,24181.0,17290.0,21682.0,22420.0,17374.0,12445.0,22564.0,66600.0,30314.0,20538.0,10800.0,16120.0,31391.0,18828.0,11052.0,28797.0,46034.0,20664.0,9382.0,26952.0,12420.0,27969.0,25850.0,23967.0,20722.0,14508.0,10447.0,17181.0,13397.0,23566.0,13057.0,16973.0,22314.0,7600.0,1224582.0
동토의 제국,이원호,프로무림,6700.0,14800.0,27100.0,25100.0,17400.0,25400.0,8800.0,1700.0,300.0,17100.0,4600.0,5900.0,6800.0,20300.0,12000.0,14900.0,11800.0,4968.0,4410.0,32964.0,10152.0,27645.0,24816.0,29268.0,26953.0,49690.0,35262.0,9126.0,10869.0,4822.0,24132.0,15900.0,21920.0,21282.0,7034.0,19891.0,47632.0,14215.0,53271.0,17568.0,19360.0,22426.0,22167.0,27945.0,28817.0,14058.0,26931.0,31005.0,21756.0,20264.0,27693.0,31715.0,20388.0,31000.0,20594.0,43574.0,29142.0,18459.0,9419.0,23355.0,1224558.0
썬더버드,박재학,프로무림,15060.0,11340.0,30290.0,22540.0,13370.0,26040.0,41020.0,13160.0,8540.0,35000.0,18081.0,6090.0,20650.0,14490.0,10935.0,22055.0,7425.0,20280.0,31080.0,17990.0,4340.0,40395.0,18830.0,17670.0,58900.0,630.0,18060.0,19922.0,19096.0,8792.0,57260.0,1890.0,10260.0,34495.0,154361.0,20277.0,10773.0,21700.0,3150.0,8855.0,12047.0,16702.0,76748.0,13720.0,12047.0,10752.0,2520.0,25085.0,31892.0,11690.0,14000.0,5670.0,18709.0,8820.0,6878.0,1094.0,7245.0,14791.0,15680.0,3150.0,1224332.0
나는 작가다,만선,포텐,34036.0,23810.0,13160.0,15036.0,26930.0,35000.0,21680.0,31015.0,17500.0,28420.0,18690.0,10650.0,46510.0,46296.0,69370.0,57710.0,56230.0,48195.0,38305.0,42468.0,54378.0,52063.0,30844.0,14857.0,32330.0,33651.0,19792.0,23301.0,34810.0,16658.0,1260.0,17190.0,6962.0,10382.0,1251.0,7808.0,1214.0,13191.0,1.0,7698.0,12280.0,4473.0,2433.0,126.0,10210.0,8423.0,427.0,18711.0,26002.0,224.0,3220.0,8129.0,7583.0,20701.0,14245.0,6000.0,4893.0,3673.0,1953.0,6601.0,1220959.0
소설 속 악당으로 살아가는 법,강산(江山),포텐,40250.0,44520.0,158676.0,153036.0,118430.0,104667.0,19716.0,74340.0,125930.0,44620.0,210.0,47600.0,23660.0,14532.0,1320.0,56280.0,44800.0,32410.0,2940.0,0.0,0.0,44800.0,5850.0,8914.0,70.0,19690.0,0.0,3928.0,0.0,0.0,0.0,1890.0,0.0,0.0,4536.0,0.0,0.0,0.0,0.0,0.0,0.0,0.0,0.0,0.0,0.0,0.0,0.0,0.0,0.0,0.0,0.0,0.0,0.0,0.0,0.0,0.0,0.0,0.0,0.0,0.0,1197615.0
패왕마검사,인기영,프로무림,12600.0,25130.0,13860.0,26040.0,17451.0,16660.0,8540.0,22820.0,15120.0,7420.0,19550.0,10920.0,45150.0,70400.0,220808.0,17080.0,9170.0,26443.0,25183.0,8540.0,14089.0,31422.0,22421.0,17445.0,8505.0,28560.0,8888.0,28152.0,22050.0,17798.0,9390.0,20210.0,5670.0,4410.0,3150.0,15029.0,29176.0,33270.0,32244.0,7560.0,18730.0,630.0,5756.0,13403.0,8281.0,27254.0,19183.0,3190.0,11920.0,11277.0,8789.0,25651.0,22542.0,4432.0,8580.0,7721.0,8900.0,4954.0,567.0,6550.0,1196634.0
재벌집 장남은 가치를 본다,유재무,포텐,0.0,0.0,0.0,0.0,0.0,0.0,0.0,0.0,0.0,0.0,0.0,0.0,0.0,0.0,0.0,0.0,0.0,0.0,0.0,0.0,0.0,0.0,0.0,0.0,0.0,0.0,0.0,0.0,0.0,0.0,0.0,0.0,0.0,0.0,0.0,0.0,0.0,0.0,0.0,0.0,0.0,0.0,0.0,0.0,0.0,0.0,0.0,0.0,0.0,0.0,0.0,96001.0,152659.0,197401.0,125504.0,169050.0,186660.0,149658.0,59181.0,60005.0,1196119.0
천년마종,검궁인,프로무림,24682.0,25260.0,36297.0,45553.0,35851.0,34455.0,38251.0,19094.0,13645.0,32734.0,20643.0,23365.0,17365.0,20248.0,11029.0,13273.0,20460.0,18539.0,23097.0,21035.0,17345.0,25028.0,4095.0,12459.0,29823.0,20654.0,3214.0,9879.0,24251.0,22305.0,20604.0,33802.0,7704.0,10939.0,15201.0,21744.0,27106.0,9885.0,21098.0,13159.0,23554.0,25654.0,15378.0,11490.0,64603.0,25712.0,14717.0,26740.0,8296.0,9010.0,13026.0,8318.0,14284.0,19950.0,6115.0,18474.0,15854.0,16741.0,7324.0,5579.0,1195990.0
독조혈인,강태산,프로무림,18172.0,20637.0,33036.0,25123.0,60724.0,31257.0,22757.0,20171.0,26317.0,29729.0,43154.0,22220.0,32245.0,26387.0,33198.0,10294.0,34349.0,20544.0,17736.0,18043.0,22750.0,21567.0,28413.0,35694.0,23145.0,23059.0,14348.0,19096.0,14411.0,12241.0,11585.0,21692.0,13454.0,13077.0,14289.0,10885.0,13692.0,13871.0,12824.0,14229.0,18081.0,15693.0,20155.0,9643.0,20728.0,8906.0,23391.0,13033.0,3518.0,9307.0,22358.0,8113.0,13176.0,18354.0,11109.0,19633.0,18252.0,19194.0,9308.0,6871.0,1189238.0
아포칼립스의 유일한 플레이어,쓰고또쓰고,포텐,0.0,0.0,0.0,0.0,0.0,0.0,0.0,0.0,0.0,0.0,0.0,0.0,0.0,0.0,0.0,0.0,0.0,0.0,0.0,0.0,0.0,0.0,0.0,0.0,0.0,0.0,0.0,0.0,0.0,0.0,0.0,0.0,0.0,0.0,0.0,0.0,0.0,0.0,0.0,0.0,0.0,0.0,0.0,0.0,0.0,0.0,0.0,0.0,0.0,0.0,45898.0,52528.0,181464.0,163548.0,218366.0,170117.0,134035.0,109356.0,67030.0,44376.0,1186718.0
삼류자객,몽월,프로무림,9500.0,4500.0,7700.0,0.0,18800.0,1800.0,17800.0,170700.0,59500.0,1800.0,4500.0,17100.0,4500.0,10800.0,14400.0,12600.0,8100.0,31600.0,26100.0,8100.0,9900.0,6300.0,221500.0,15300.0,14400.0,47700.0,75330.0,0.0,1260.0,30030.0,18830.0,52780.0,31920.0,18060.0,8050.0,17698.0,24544.0,10647.0,1120.0,8120.0,6300.0,1890.0,4410.0,1260.0,0.0,0.0,4970.0,3717.0,0.0,61670.0,2660.0,11340.0,6790.0,630.0,3150.0,0.0,3150.0,3150.0,8820.0,17990.0,1185286.0
자객 무,서효원,프로무림,46493.0,37001.0,9900.0,6300.0,23400.0,10800.0,7500.0,29700.0,20700.0,23400.0,36300.0,37800.0,21600.0,39000.0,17700.0,20700.0,29040.0,52949.0,28571.0,29342.0,51055.0,16466.0,52467.0,25096.0,36216.0,6570.0,13786.0,22608.0,21348.0,16920.0,22176.0,24406.0,8280.0,17820.0,18972.0,8100.0,15736.0,27300.0,8820.0,8820.0,27265.0,14303.0,13500.0,8289.0,12263.0,900.0,24540.0,15008.0,7448.0,0.0,11400.0,8316.0,19847.0,8451.0,16200.0,3456.0,1800.0,12960.0,6840.0,14004.0,1177948.0
파천마흔,나한,프로무림,17465.0,15498.0,31913.0,29701.0,12985.0,64491.0,12978.0,18396.0,35105.0,34790.0,37674.0,16380.0,32058.0,14700.0,50540.0,71349.0,41251.0,103516.0,41624.0,99992.0,28420.0,29960.0,23590.0,36400.0,35840.0,22400.0,14336.0,5390.0,630.0,6720.0,630.0,9800.0,4410.0,10430.0,630.0,14070.0,20552.0,26880.0,40320.0,30870.0,2870.0,3150.0,0.0,0.0,5607.0,2394.0,0.0,4410.0,0.0,630.0,1260.0,0.0,0.0,0.0,0.0,2646.0,3780.0,1260.0,1071.0,0.0,1173762.0
불량의원,동윤,프로무림,16200.0,31400.0,14700.0,7400.0,4300.0,15700.0,25200.0,26600.0,14900.0,18000.0,10900.0,5400.0,48600.0,7600.0,59320.0,40939.0,43780.0,11468.0,6530.0,15560.0,45078.0,33610.0,110876.0,119611.0,5800.0,13580.0,89202.0,24521.0,2500.0,54198.0,7900.0,2409.0,29568.0,10000.0,11898.0,7200.0,2700.0,5403.0,0.0,10548.0,9201.0,17586.0,9000.0,0.0,1890.0,5490.0,8172.0,31970.0,9830.0,13400.0,3400.0,0.0,2700.0,3798.0,7837.0,630.0,19300.0,6100.0,900.0,9720.0,1172023.0
절세마중협,서효원,프로무림,14985.0,10838.0,21900.0,3074.0,525600.0,7800.0,900.0,2700.0,12330.0,23243.0,25782.0,12800.0,9360.0,13016.0,14194.0,13732.0,8100.0,9000.0,15300.0,12413.0,12600.0,6625.0,7140.0,7954.0,13390.0,6480.0,13998.0,8373.0,11937.0,1386.0,3546.0,10898.0,9000.0,14742.0,22238.0,12600.0,11599.0,6064.0,10620.0,6840.0,15503.0,20196.0,2438.0,7992.0,9853.0,9720.0,19026.0,5367.0,3807.0,5775.0,13483.0,14190.0,9480.0,21249.0,10250.0,7560.0,8640.0,12383.0,8640.0,900.0,1161549.0
폭풍야,강태산,프로무림,18194.0,39776.0,16341.0,33977.0,32548.0,19704.0,27476.0,18780.0,42638.0,32220.0,28560.0,11542.0,32340.0,28734.0,14383.0,23060.0,30063.0,29579.0,20985.0,40827.0,31412.0,16241.0,8190.0,20729.0,28961.0,14437.0,17985.0,5089.0,27412.0,10500.0,16880.0,31552.0,9660.0,9030.0,23954.0,1890.0,33201.0,8820.0,7265.0,12180.0,18769.0,28354.0,21445.0,28140.0,12484.0,6510.0,3556.0,3150.0,10731.0,26373.0,22810.0,12180.0,15845.0,6930.0,11340.0,13230.0,5313.0,4483.0,3360.0,11015.0,1143133.0
부활의 시간,인기영,프로무림,34442.0,15180.0,12950.0,22260.0,27720.0,35922.0,17430.0,28155.0,7490.0,42490.0,19670.0,30200.0,13090.0,34300.0,55692.0,11970.0,16170.0,15750.0,12600.0,12663.0,20790.0,25940.0,30450.0,44842.0,20790.0,25025.0,22211.0,17892.0,14968.0,13680.0,40192.0,21686.0,27660.0,8820.0,1890.0,24833.0,16856.0,16159.0,39808.0,10830.0,11468.0,4410.0,7812.0,13970.0,9324.0,26785.0,17846.0,13940.0,21220.0,11060.0,8442.0,5360.0,12960.0,10092.0,14330.0,4450.0,0.0,5481.0,13202.0,10470.0,1134088.0
질풍권,별도,프로무림,26880.0,27045.0,19635.0,21735.0,26460.0,9261.0,27300.0,30870.0,21420.0,15750.0,15960.0,33810.0,31920.0,5670.0,15605.0,72765.0,80098.0,18606.0,15036.0,26968.0,48948.0,37443.0,18812.0,15316.0,9056.0,21149.0,23575.0,10836.0,20983.0,20441.0,5560.0,6073.0,15771.0,26286.0,12195.0,16480.0,3360.0,18690.0,8064.0,13352.0,10451.0,8976.0,15888.0,25363.0,35256.0,28547.0,18458.0,13650.0,28714.0,20370.0,15656.0,3150.0,5040.0,6300.0,0.0,630.0,0.0,0.0,0.0,1260.0,1132893.0
마교전왕,사마달,프로무림,37471.0,17579.0,15896.0,24908.0,10338.0,18974.0,21580.0,33114.0,9499.0,26720.0,17501.0,14818.0,25842.0,29360.0,5757.0,21234.0,14074.0,11861.0,41966.0,17264.0,7786.0,14634.0,29704.0,23354.0,15569.0,23673.0,16724.0,18136.0,34184.0,15112.0,35119.0,15606.0,14761.0,11302.0,12423.0,8882.0,8061.0,23662.0,14756.0,17386.0,15067.0,22741.0,26806.0,9068.0,20934.0,23390.0,10796.0,25597.0,23604.0,26442.0,6398.0,21716.0,26815.0,4410.0,15374.0,13929.0,13594.0,14800.0,17363.0,15882.0,1131316.0
똥녀 가고 여신 온다,탄마,프로무림,0.0,0.0,0.0,0.0,0.0,0.0,0.0,0.0,0.0,0.0,0.0,0.0,0.0,0.0,0.0,0.0,0.0,0.0,0.0,0.0,0.0,0.0,0.0,0.0,0.0,0.0,0.0,0.0,0.0,0.0,82880.0,49280.0,4480.0,96320.0,33600.0,82880.0,79296.0,164752.0,48384.0,57440.0,72576.0,34656.0,12864.0,20608.0,0.0,36000.0,4256.0,60480.0,13440.0,33376.0,13216.0,1728.0,22400.0,19200.0,31136.0,11200.0,22176.0,6272.0,6953.0,6400.0,1128249.0
최강의 타이탄 라이더,관측불가,포텐,0.0,0.0,0.0,0.0,0.0,0.0,0.0,0.0,0.0,0.0,0.0,0.0,0.0,0.0,0.0,0.0,0.0,0.0,0.0,0.0,0.0,0.0,0.0,0.0,0.0,0.0,0.0,0.0,0.0,0.0,0.0,0.0,0.0,0.0,0.0,0.0,0.0,0.0,0.0,0.0,0.0,0.0,0.0,0.0,0.0,0.0,0.0,0.0,0.0,37093.0,415187.0,121924.0,238612.0,169555.0,45817.0,34355.0,19251.0,21603.0,10102.0,13456.0,1126955.0
구주강호,검궁인,프로무림,45475.0,19264.0,27010.0,15519.0,38027.0,16105.0,14458.0,18188.0,26088.0,38021.0,23259.0,17313.0,28564.0,20643.0,12740.0,17534.0,31755.0,10991.0,16202.0,18967.0,6940.0,10626.0,31009.0,8908.0,7904.0,21529.0,33743.0,22315.0,37342.0,19564.0,9122.0,6937.0,16546.0,15695.0,30984.0,13990.0,14947.0,17342.0,25591.0,29197.0,18507.0,9341.0,7182.0,14848.0,11840.0,22827.0,10920.0,21918.0,17563.0,25682.0,17634.0,16574.0,9955.0,8271.0,16707.0,25644.0,888.0,23112.0,3741.0,6287.0,1125795.0
무능 귀족 여체 하렘,외도정사,프로무림,0.0,0.0,0.0,0.0,0.0,0.0,0.0,0.0,0.0,0.0,0.0,0.0,0.0,0.0,0.0,0.0,0.0,33460.0,42140.0,89670.0,38640.0,30443.0,155096.0,11720.0,65915.0,54222.0,14266.0,21700.0,8260.0,10710.0,9296.0,35770.0,31500.0,15960.0,560.0,20265.0,51520.0,26950.0,8480.0,23490.0,322.0,2583.0,20800.0,19250.0,59598.0,23450.0,15890.0,140.0,1680.0,2380.0,90073.0,140.0,1603.0,11200.0,20230.0,980.0,15680.0,4550.0,2373.0,19703.0,1112658.0
화왕세기,강태산,프로무림,20692.0,35015.0,32296.0,14035.0,35087.0,20996.0,11406.0,18898.0,12040.0,35463.0,34771.0,22260.0,26971.0,24042.0,45181.0,17462.0,13035.0,18270.0,21599.0,14724.0,35070.0,6581.0,14134.0,26301.0,16107.0,25771.0,39230.0,35533.0,36285.0,18270.0,21454.0,15754.0,18695.0,13535.0,12390.0,35008.0,10635.0,23059.0,20414.0,7926.0,3717.0,12282.0,26341.0,3780.0,5901.0,8988.0,12660.0,17141.0,20396.0,6041.0,797.0,9125.0,1129.0,4183.0,20379.0,16842.0,5460.0,6867.0,11609.0,12390.0,1112423.0
머더엠퍼러,정우식,프로무림,81082.0,29964.0,33375.0,22584.0,24404.0,31757.0,17264.0,20159.0,14971.0,5186.0,17907.0,19648.0,10698.0,10434.0,16683.0,16993.0,87638.0,3393.0,15439.0,22413.0,7956.0,22600.0,27882.0,15617.0,24697.0,25249.0,14518.0,11752.0,41292.0,25762.0,6846.0,17427.0,18186.0,13433.0,9915.0,14917.0,8619.0,8323.0,9302.0,2543.0,10967.0,9263.0,1891.0,8906.0,12802.0,6302.0,13337.0,11607.0,19843.0,9872.0,14335.0,1260.0,19533.0,12645.0,8100.0,46207.0,18415.0,18116.0,28285.0,7939.0,1108453.0
흑천룡,사마달,프로무림,22457.0,31060.0,24323.0,21233.0,31314.0,30823.0,37556.0,18486.0,13655.0,17064.0,32033.0,30297.0,37264.0,15227.0,22719.0,10352.0,32966.0,28235.0,19796.0,11633.0,24190.0,13120.0,11419.0,16453.0,17049.0,13349.0,24011.0,12353.0,10946.0,31643.0,12063.0,17532.0,14851.0,16839.0,13689.0,19184.0,33825.0,15086.0,8127.0,24809.0,10067.0,13177.0,16666.0,13237.0,7336.0,9318.0,8168.0,12005.0,19032.0,17541.0,10845.0,35644.0,13690.0,16936.0,22184.0,13681.0,5250.0,4561.0,6793.0,13241.0,1108403.0
나한대협羅3,와룡강,프로무림,28330.0,16350.0,17140.0,19180.0,17255.0,29100.0,45900.0,9000.0,12950.0,30450.0,25700.0,17450.0,37380.0,27150.0,33330.0,23100.0,16000.0,22650.0,13500.0,13500.0,17250.0,31200.0,15300.0,26530.0,26950.0,16550.0,15900.0,17800.0,16100.0,15100.0,11880.0,27050.0,15650.0,11360.0,16000.0,18050.0,16350.0,13850.0,19500.0,17150.0,11950.0,16200.0,16614.0,22600.0,21550.0,18351.0,14200.0,18330.0,9350.0,20750.0,8450.0,8000.0,17350.0,23500.0,11950.0,19950.0,14550.0,1350.0,900.0,630.0,1097460.0
혈천비마,사마달,프로무림,21390.0,12361.0,27901.0,14260.0,31908.0,35389.0,16298.0,21211.0,16638.0,16872.0,18753.0,12037.0,11278.0,22050.0,32794.0,13539.0,9463.0,8077.0,24552.0,11645.0,8033.0,17226.0,22099.0,21839.0,30085.0,12312.0,13447.0,27681.0,21914.0,20382.0,16537.0,15913.0,16448.0,12067.0,10396.0,11540.0,18792.0,31882.0,26456.0,17265.0,27146.0,21986.0,8636.0,36785.0,22398.0,15240.0,10381.0,15362.0,16172.0,10192.0,11001.0,17393.0,30433.0,29869.0,9800.0,8284.0,9064.0,13708.0,7221.0,24920.0,1096721.0
배트 브래이커,윤준모,포텐,0.0,0.0,0.0,0.0,0.0,0.0,0.0,0.0,0.0,0.0,0.0,0.0,0.0,0.0,0.0,0.0,0.0,0.0,0.0,0.0,0.0,0.0,0.0,0.0,0.0,0.0,0.0,0.0,0.0,0.0,0.0,0.0,0.0,0.0,0.0,0.0,0.0,0.0,0.0,0.0,0.0,74636.0,91507.0,94378.0,93353.0,36818.0,20511.0,142325.0,59792.0,13596.0,31946.0,62944.0,124205.0,67058.0,73234.0,31184.0,33537.0,9774.0,16855.0,16923.0,1094576.0
타격의 신,말리브 해적,포텐,16240.0,36750.0,39760.0,20930.0,31640.0,15820.0,7560.0,21170.0,3150.0,26600.0,3780.0,17290.0,2520.0,21700.0,30450.0,13790.0,13300.0,19180.0,5250.0,9450.0,16030.0,15610.0,5530.0,29890.0,10710.0,14840.0,11970.0,41230.0,5670.0,36890.0,19530.0,8260.0,50101.0,30234.0,13580.0,3465.0,30520.0,13303.0,8608.0,24010.0,23188.0,20160.0,34720.0,17360.0,7420.0,27230.0,6300.0,10710.0,10645.0,10080.0,18746.0,2380.0,18531.0,29155.0,30395.0,38430.0,4410.0,3400.0,19670.0,12950.0,1092191.0
어웨이큰 분노의 학살자,테서스,올나이트노벨,0.0,0.0,0.0,0.0,0.0,0.0,0.0,0.0,0.0,0.0,0.0,0.0,0.0,0.0,0.0,0.0,0.0,0.0,0.0,0.0,0.0,0.0,0.0,0.0,0.0,0.0,0.0,0.0,0.0,0.0,0.0,0.0,0.0,0.0,0.0,0.0,0.0,0.0,0.0,0.0,0.0,0.0,0.0,0.0,0.0,0.0,0.0,97146.0,224027.0,236687.0,117719.0,135985.0,81133.0,29820.0,26347.0,20776.0,8680.0,13776.0,54494.0,41449.0,1088039.0
두목무적,원하,포텐,0.0,0.0,0.0,0.0,0.0,0.0,0.0,0.0,0.0,0.0,0.0,0.0,0.0,0.0,0.0,0.0,0.0,0.0,0.0,0.0,0.0,0.0,0.0,0.0,0.0,0.0,0.0,0.0,0.0,0.0,0.0,0.0,0.0,0.0,0.0,0.0,0.0,0.0,0.0,0.0,0.0,0.0,0.0,0.0,0.0,0.0,0.0,0.0,0.0,0.0,0.0,0.0,0.0,0.0,0.0,0.0,0.0,45472.0,717402.0,316535.0,1079409.0
황,천중행,프로무림,40951.0,24113.0,19621.0,31899.0,22536.0,15513.0,42698.0,16877.0,18289.0,9062.0,23630.0,31646.0,22674.0,22843.0,17484.0,14828.0,14797.0,11255.0,27458.0,13278.0,17647.0,26827.0,13097.0,19348.0,30075.0,11095.0,18114.0,13219.0,23794.0,14299.0,12799.0,14953.0,14222.0,15850.0,33246.0,22130.0,24065.0,6741.0,17968.0,13461.0,17391.0,12879.0,15258.0,5077.0,20131.0,17358.0,14498.0,13995.0,14884.0,11517.0,10010.0,21433.0,14714.0,14520.0,10346.0,8322.0,7193.0,24051.0,4102.0,16224.0,1078305.0
무림군웅보,와룡강,프로무림,102500.0,40000.0,35000.0,20000.0,50000.0,62500.0,37500.0,15000.0,5000.0,7500.0,12500.0,20000.0,37500.0,35000.0,40000.0,20000.0,22500.0,12500.0,12500.0,10000.0,0.0,25000.0,10000.0,0.0,2500.0,0.0,2500.0,0.0,20000.0,2500.0,0.0,0.0,0.0,2500.0,0.0,0.0,12500.0,7500.0,27500.0,60179.0,61235.0,21825.0,8280.0,17493.0,8280.0,10000.0,4850.0,29322.0,34300.0,17425.0,12200.0,0.0,0.0,10000.0,0.0,0.0,33130.0,23540.0,5230.0,4625.0,1071914.0
구월뇌우,서효원,프로무림,15541.0,18964.0,27300.0,14100.0,9900.0,3600.0,9900.0,14400.0,25920.0,21300.0,10101.0,17205.0,18181.0,31900.0,55887.0,42825.0,3700.0,16430.0,13826.0,21018.0,58678.0,29066.0,17645.0,25469.0,25744.0,27438.0,31338.0,26426.0,16222.0,27654.0,10548.0,18820.0,21358.0,9000.0,17362.0,16740.0,8892.0,22755.0,14382.0,12064.0,24246.0,13140.0,15753.0,4500.0,21668.0,1773.0,19845.0,13959.0,1140.0,16176.0,7650.0,9177.0,5652.0,16989.0,10620.0,8404.0,1260.0,14535.0,16982.0,11386.0,1064454.0
신품무제,제갈천,프로무림,24315.0,13785.0,14370.0,19143.0,29837.0,23475.0,24526.0,21770.0,26855.0,26848.0,16660.0,7840.0,17160.0,27590.0,13790.0,10225.0,22400.0,86730.0,44240.0,26530.0,14420.0,6370.0,20725.0,25200.0,93380.0,31766.0,22540.0,18970.0,6020.0,12460.0,15540.0,7210.0,9450.0,10171.0,6461.0,25725.0,24311.0,8337.0,24850.0,8820.0,15890.0,11690.0,14070.0,11200.0,3360.0,1890.0,13790.0,14490.0,11816.0,9870.0,6720.0,8680.0,18571.0,3881.0,4410.0,8533.0,2100.0,2800.0,5600.0,2170.0,1062346.0
와룡성수,청산,프로무림,12357.0,9880.0,11929.0,4220.0,13539.0,25709.0,15051.0,14121.0,16224.0,22820.0,21560.0,10347.0,11088.0,20390.0,19371.0,11093.0,22087.0,21809.0,19420.0,21924.0,21630.0,2220.0,13580.0,14070.0,14122.0,14869.0,22080.0,17891.0,32910.0,28588.0,11970.0,21747.0,14666.0,85701.0,44260.0,31584.0,44304.0,41826.0,20325.0,19921.0,19752.0,1701.0,15979.0,20123.0,16352.0,14319.0,5831.0,16591.0,13874.0,7560.0,6202.0,18480.0,13177.0,9988.0,12495.0,5040.0,5707.0,2291.0,630.0,2898.0,1052193.0
여의후,사마달,프로무림,16767.0,13192.0,35451.0,35315.0,44260.0,22393.0,17241.0,31874.0,10344.0,34071.0,15960.0,20185.0,13254.0,17623.0,17994.0,26176.0,7196.0,17041.0,21510.0,13599.0,34192.0,19392.0,29280.0,22356.0,20740.0,19761.0,23571.0,25334.0,11717.0,15489.0,13390.0,18047.0,14415.0,11604.0,7604.0,6100.0,5239.0,14743.0,10929.0,19998.0,9838.0,13447.0,18389.0,8531.0,15710.0,14320.0,15537.0,7631.0,17477.0,16777.0,11837.0,20037.0,6518.0,9592.0,17487.0,20180.0,13866.0,21750.0,7184.0,10505.0,1051960.0
영웅은 쉬고 싶다,만선,포텐,9590.0,3080.0,8190.0,8610.0,-2520.0,11480.0,9730.0,14420.0,6580.0,-5740.0,8540.0,12138.0,57120.0,13860.0,124964.0,90048.0,217644.0,113852.0,71649.0,6871.0,17889.0,-5361.0,1999.0,2577.0,7927.0,2079.0,46122.0,18413.0,22104.0,649.0,-12322.0,-1252.0,130.0,1829.0,-1765.0,690.0,-874.0,4966.0,-1949.0,12019.0,942.0,1027.0,-3392.0,6842.0,1449.0,1003.0,1629.0,1965.0,4733.0,70412.0,13162.0,4293.0,18804.0,126.0,4938.0,1183.0,18548.0,-271.0,75.0,6678.0,1050122.0
대괴선,정성민,프로무림,60498.0,25965.0,7673.0,18122.0,25434.0,15385.0,9468.0,12555.0,21357.0,37418.0,16072.0,18606.0,11177.0,22215.0,23130.0,28514.0,20734.0,9009.0,31307.0,55108.0,39034.0,6930.0,16270.0,20963.0,33668.0,31455.0,9116.0,22993.0,16487.0,8551.0,0.0,10860.0,18833.0,3005.0,16661.0,12841.0,25727.0,14209.0,23114.0,11738.0,14855.0,18134.0,17117.0,5773.0,16673.0,21139.0,10197.0,4504.0,17612.0,8791.0,9448.0,10822.0,16087.0,7914.0,8824.0,1269.0,9639.0,18975.0,6558.0,5531.0,1042064.0
폭풍천마,일주향,프로무림,24540.0,35587.0,16415.0,16339.0,28295.0,11282.0,36171.0,22980.0,16771.0,18239.0,10395.0,18397.0,27270.0,9794.0,22818.0,15988.0,18699.0,32679.0,24053.0,17844.0,15626.0,18368.0,16772.0,17183.0,20929.0,13084.0,11034.0,10817.0,52822.0,14666.0,24973.0,12704.0,12572.0,17635.0,11340.0,3940.0,17257.0,36576.0,30684.0,25890.0,26356.0,11715.0,6801.0,16668.0,14974.0,20129.0,5090.0,14725.0,13790.0,8363.0,15515.0,6791.0,5810.0,7400.0,12401.0,4500.0,8460.0,8001.0,11585.0,13113.0,1041615.0
절정세가,서효원,프로무림,27177.0,27434.0,18456.0,18000.0,9000.0,3900.0,3000.0,13500.0,40746.0,27000.0,24300.0,30800.0,41700.0,22230.0,6300.0,11700.0,8100.0,21046.0,38750.0,29203.0,14940.0,12420.0,22812.0,19426.0,10516.0,19961.0,19426.0,26640.0,12420.0,17640.0,11610.0,23746.0,29032.0,32838.0,15142.0,6180.0,18540.0,22460.0,15840.0,8607.0,13920.0,14422.0,15006.0,7452.0,7200.0,5621.0,15072.0,18739.0,30275.0,23088.0,6372.0,3888.0,24516.0,7191.0,4583.0,3600.0,3600.0,15966.0,11520.0,23731.0,1038300.0
피 끓는 산하,정우식,프로무림,38213.0,25043.0,18594.0,43132.0,35028.0,25827.0,57663.0,36206.0,32318.0,32273.0,4500.0,25418.0,16849.0,13735.0,15300.0,14538.0,44508.0,17337.0,15655.0,900.0,8847.0,17173.0,21373.0,11951.0,28080.0,8688.0,30739.0,0.0,8575.0,18144.0,14400.0,13924.0,0.0,32880.0,9000.0,5400.0,9944.0,21031.0,19808.0,15120.0,2700.0,10260.0,3698.0,15987.0,16003.0,10726.0,11340.0,36150.0,13998.0,1773.0,9942.0,6192.0,0.0,765.0,13977.0,7380.0,30641.0,25809.0,9700.0,0.0,1035155.0
철중쟁쟁,권용찬,프로무림,630.0,4480.0,49840.0,33180.0,8540.0,12411.0,21623.0,1890.0,5390.0,15680.0,19810.0,0.0,24570.0,0.0,3500.0,4480.0,4410.0,392000.0,44800.0,11130.0,16562.0,12012.0,13440.0,44800.0,13440.0,49280.0,0.0,630.0,4480.0,17920.0,15680.0,6650.0,2240.0,2240.0,0.0,13440.0,8890.0,0.0,0.0,0.0,4410.0,0.0,441.0,3780.0,3087.0,4410.0,26810.0,630.0,0.0,11067.0,3087.0,2240.0,0.0,49280.0,2240.0,17920.0,0.0,0.0,12082.0,9807.0,1031359.0
성노예 코딩 어플,쉐도우스,올나이트노벨,0.0,0.0,0.0,0.0,0.0,0.0,0.0,0.0,0.0,0.0,0.0,0.0,0.0,0.0,0.0,0.0,0.0,0.0,0.0,0.0,0.0,0.0,0.0,0.0,0.0,0.0,0.0,0.0,0.0,0.0,0.0,0.0,0.0,0.0,0.0,0.0,0.0,0.0,0.0,0.0,0.0,0.0,0.0,0.0,0.0,0.0,0.0,0.0,0.0,0.0,48888.0,89486.0,44667.0,438712.0,77231.0,124502.0,106871.0,48671.0,29673.0,18690.0,1027391.0
회귀한 북부의 전투사령관,찬동,포텐,0.0,0.0,0.0,0.0,0.0,0.0,0.0,0.0,0.0,0.0,0.0,0.0,0.0,0.0,0.0,0.0,0.0,0.0,0.0,0.0,0.0,0.0,0.0,0.0,0.0,0.0,0.0,0.0,0.0,0.0,0.0,0.0,0.0,0.0,0.0,0.0,0.0,0.0,0.0,0.0,0.0,0.0,0.0,0.0,57218.0,7252.0,3770.0,21390.0,104276.0,267754.0,34389.0,22925.0,70759.0,149928.0,33421.0,26180.0,44620.0,44690.0,64812.0,72450.0,1025834.0
용영검왕龍,사마달,프로무림,27672.0,11269.0,25600.0,11449.0,18661.0,9690.0,44946.0,21292.0,14855.0,23464.0,23269.0,22572.0,6266.0,14668.0,22949.0,18847.0,12218.0,22954.0,19909.0,22759.0,16237.0,11518.0,18046.0,16091.0,20778.0,15358.0,14492.0,11620.0,18101.0,15985.0,37768.0,40371.0,23363.0,13749.0,8549.0,20049.0,27178.0,10252.0,15129.0,19606.0,15547.0,7955.0,7835.0,5080.0,9088.0,11186.0,8809.0,10249.0,18979.0,12350.0,19435.0,13967.0,17136.0,17437.0,14049.0,28368.0,10628.0,15364.0,5891.0,6601.0,1025503.0
년 후2,강태산,프로무림,5530.0,14070.0,59640.0,9730.0,16450.0,5110.0,10850.0,6510.0,4550.0,5040.0,23870.0,13370.0,32900.0,4760.0,12740.0,3780.0,25200.0,29330.0,7630.0,70770.0,10990.0,4550.0,5530.0,43330.0,22890.0,2100.0,62860.0,11830.0,56490.0,53340.0,45290.0,35980.0,24080.0,20790.0,630.0,23170.0,40670.0,140.0,6300.0,4970.0,280.0,9100.0,27790.0,4620.0,25410.0,3920.0,1260.0,9800.0,1120.0,3290.0,350.0,2100.0,3220.0,11480.0,2590.0,25900.0,4690.0,46340.0,1540.0,1260.0,1023820.0
진천뇌협,동윤,프로무림,4300.0,10800.0,10700.0,5500.0,28000.0,7200.0,21860.0,9450.0,13000.0,12900.0,28700.0,25400.0,19500.0,19200.0,9000.0,83337.0,91000.0,15650.0,34500.0,30100.0,21966.0,15927.0,23200.0,26641.0,6874.0,22400.0,54500.0,3708.0,13932.0,2064.0,0.0,5130.0,15800.0,2037.0,14616.0,4968.0,4500.0,4148.0,29768.0,8114.0,5400.0,20718.0,864.0,8163.0,20603.0,2880.0,24908.0,20300.0,9485.0,26542.0,14976.0,31334.0,4597.0,5623.0,4590.0,11340.0,6266.0,31262.0,0.0,13400.0,1023641.0
혈금마번,사마달,프로무림,36050.0,12050.0,19881.0,27823.0,11119.0,20665.0,21272.0,24801.0,25364.0,26132.0,7652.0,19962.0,10459.0,20241.0,30470.0,15282.0,18258.0,9203.0,12332.0,13321.0,27867.0,15826.0,21599.0,38005.0,18635.0,27312.0,22478.0,9069.0,18762.0,18469.0,32922.0,27318.0,18941.0,11687.0,13846.0,21301.0,9173.0,14050.0,14752.0,17284.0,19752.0,6822.0,18518.0,16601.0,8411.0,13978.0,7382.0,12083.0,4920.0,16972.0,12370.0,32048.0,10627.0,8161.0,5993.0,4110.0,5954.0,9758.0,10357.0,16166.0,1022616.0
스킬콜렉터,킹메이커,포텐,0.0,0.0,0.0,0.0,0.0,0.0,0.0,0.0,0.0,0.0,0.0,0.0,0.0,0.0,0.0,0.0,0.0,0.0,0.0,0.0,0.0,0.0,0.0,0.0,0.0,0.0,0.0,0.0,0.0,0.0,0.0,0.0,0.0,0.0,0.0,0.0,0.0,0.0,0.0,0.0,0.0,0.0,0.0,0.0,0.0,0.0,0.0,0.0,0.0,0.0,0.0,0.0,0.0,0.0,24033.0,29776.0,34333.0,84061.0,265644.0,581139.0,1018986.0
천세무림기보,와룡강,프로무림,70000.0,65000.0,52500.0,40000.0,27500.0,57500.0,32500.0,30000.0,27500.0,20000.0,0.0,15000.0,22500.0,22500.0,52500.0,10000.0,17500.0,27500.0,15000.0,10000.0,10000.0,20000.0,2500.0,12500.0,17500.0,10000.0,30000.0,15000.0,7500.0,7500.0,0.0,10000.0,0.0,0.0,15000.0,7500.0,0.0,10000.0,0.0,0.0,12500.0,5000.0,0.0,0.0,0.0,17500.0,15000.0,40000.0,53612.0,52500.0,0.0,20000.0,0.0,0.0,0.0,0.0,0.0,0.0,10000.0,0.0,1016112.0
성노예 코딩 어플,쉐도우스,포텐,0.0,0.0,0.0,0.0,0.0,0.0,0.0,0.0,0.0,0.0,0.0,0.0,0.0,0.0,0.0,0.0,0.0,0.0,0.0,0.0,0.0,0.0,0.0,0.0,0.0,0.0,0.0,0.0,0.0,0.0,0.0,0.0,0.0,0.0,0.0,0.0,0.0,0.0,0.0,0.0,0.0,0.0,0.0,0.0,0.0,0.0,0.0,0.0,0.0,0.0,0.0,0.0,0.0,0.0,108640.0,626926.0,104288.0,53984.0,29792.0,91776.0,1015406.0
시검서생,가람검,프로무림,24185.0,11858.0,6804.0,19908.0,16380.0,25221.0,23107.0,5768.0,20230.0,7280.0,12677.0,5040.0,11655.0,11970.0,37310.0,9800.0,9639.0,15470.0,17990.0,17010.0,15120.0,55664.0,47381.0,10780.0,6930.0,3311.0,23247.0,22806.0,0.0,23912.0,4095.0,16380.0,27209.0,4410.0,3780.0,10710.0,23100.0,83454.0,69405.0,8505.0,4130.0,20851.0,17186.0,17339.0,34027.0,18856.0,4410.0,5871.0,4032.0,12110.0,0.0,5415.0,9450.0,3150.0,10325.0,25704.0,8890.0,30492.0,11760.0,0.0,1013499.0
천마해,사마달,프로무림,17923.0,11479.0,24948.0,26891.0,22732.0,36053.0,19521.0,21883.0,16430.0,9767.0,9801.0,14333.0,16914.0,23480.0,18081.0,11792.0,6725.0,15524.0,11524.0,11224.0,8481.0,23902.0,20934.0,37442.0,24574.0,17241.0,15428.0,13476.0,18255.0,20705.0,35477.0,27544.0,20173.0,8210.0,35023.0,18727.0,6674.0,8826.0,7298.0,21857.0,17534.0,6893.0,8466.0,14471.0,17574.0,13181.0,24935.0,8337.0,15666.0,14496.0,14814.0,12764.0,11163.0,8508.0,14262.0,12530.0,9849.0,17234.0,10759.0,18595.0,1009303.0
자본주의가 낳은 괴물 헌터 완,쌈마이,포텐,11403.0,12873.0,3297.0,2870.0,23520.0,1260.0,2835.0,4004.0,2667.0,110705.0,23023.0,37660.0,37205.0,2807.0,12978.0,41704.0,1701.0,8691.0,6764.0,23154.0,14943.0,49287.0,9862.0,6902.0,7072.0,50900.0,78707.0,29444.0,18956.0,0.0,12817.0,16048.0,42869.0,11327.0,17706.0,10813.0,7287.0,7461.0,11100.0,8108.0,2433.0,13522.0,4849.0,20555.0,15699.0,5967.0,49987.0,10260.0,540.0,5174.0,7293.0,529.0,13221.0,9903.0,11610.0,9616.0,6474.0,540.0,36552.0,0.0,1007454.0
천마겁,천중행,프로무림,28070.0,15400.0,2240.0,2450.0,65660.0,7910.0,1960.0,27440.0,17570.0,32620.0,4830.0,12390.0,27222.0,31990.0,14100.0,9590.0,5530.0,29960.0,6790.0,12250.0,13230.0,22960.0,8750.0,3220.0,9030.0,4480.0,57890.0,36960.0,17990.0,10290.0,28140.0,31780.0,17150.0,19000.0,3920.0,32270.0,35840.0,3990.0,42420.0,27580.0,13720.0,7070.0,18690.0,5670.0,4760.0,0.0,6230.0,9870.0,11970.0,7630.0,7840.0,10430.0,48160.0,13230.0,4480.0,9030.0,12460.0,17920.0,8330.0,4130.0,1004482.0
갤럭시the Galaxy 은하여행,박재학,프로무림,6190.0,18904.0,0.0,156.0,19420.0,16804.0,29289.0,13910.0,1485.0,4483.0,7924.0,4584.0,6429.0,20059.0,3221.0,1837.0,0.0,12315.0,12835.0,14245.0,10215.0,15122.0,6110.0,15733.0,128552.0,32551.0,6914.0,12970.0,26679.0,28308.0,38469.0,5765.0,28695.0,18615.0,41874.0,30467.0,35601.0,20628.0,13251.0,34998.0,22950.0,27535.0,9016.0,7097.0,37455.0,19190.0,5276.0,14813.0,20326.0,6477.0,1053.0,9677.0,26764.0,3581.0,1394.0,3102.0,0.0,12252.0,22764.0,5104.0,1001433.0
별들의 전쟁,비류수,프로무림,62000.0,34100.0,16200.0,40500.0,27600.0,15300.0,14900.0,15300.0,16200.0,4500.0,12690.0,20300.0,14400.0,17600.0,10800.0,44100.0,40720.0,19800.0,7200.0,10800.0,12600.0,19400.0,15400.0,15210.0,30000.0,15120.0,14400.0,7200.0,11300.0,9000.0,2700.0,26322.0,22320.0,24500.0,10800.0,7200.0,37500.0,16200.0,14600.0,6300.0,15768.0,5400.0,10400.0,0.0,8820.0,3600.0,11700.0,9567.0,11169.0,22500.0,21980.0,20900.0,10800.0,4500.0,6300.0,21368.0,14100.0,15867.0,10900.0,5400.0,994121.0
무인도 하렘 생활기,외도정사,프로무림,0.0,0.0,0.0,0.0,0.0,0.0,0.0,0.0,0.0,0.0,0.0,0.0,0.0,0.0,0.0,0.0,0.0,0.0,0.0,0.0,0.0,25060.0,45220.0,51625.0,49826.0,132265.0,63756.0,28819.0,38381.0,28287.0,2800.0,23940.0,54250.0,27216.0,18032.0,5208.0,45241.0,14033.0,26976.0,16990.0,16289.0,12775.0,13893.0,9737.0,6930.0,24702.0,8260.0,15610.0,8915.0,3253.0,1680.0,3500.0,81760.0,14315.0,19493.0,21840.0,560.0,2870.0,20720.0,5283.0,990310.0
매지컬 써전,빅스마일,포텐,33600.0,46200.0,839167.0,36540.0,25830.0,8190.0,0.0,0.0,0.0,0.0,0.0,0.0,0.0,0.0,0.0,0.0,0.0,0.0,0.0,0.0,0.0,0.0,0.0,0.0,0.0,0.0,0.0,0.0,0.0,0.0,0.0,0.0,0.0,0.0,0.0,0.0,0.0,0.0,0.0,0.0,0.0,0.0,0.0,0.0,0.0,0.0,0.0,0.0,0.0,0.0,0.0,0.0,0.0,0.0,0.0,0.0,0.0,0.0,0.0,0.0,989527.0
아이리스,박성호,프로무림,8750.0,7000.0,14000.0,7000.0,57750.0,24500.0,7000.0,92050.0,14000.0,1750.0,1750.0,0.0,22050.0,1750.0,1750.0,24500.0,1750.0,1750.0,10500.0,0.0,3500.0,15750.0,0.0,26250.0,5250.0,61250.0,42000.0,35000.0,1750.0,3500.0,45500.0,43750.0,46550.0,1750.0,35000.0,0.0,0.0,35000.0,8259.0,29750.0,36750.0,61250.0,20666.0,10500.0,7000.0,1750.0,8750.0,0.0,5250.0,0.0,11900.0,1750.0,0.0,0.0,49000.0,6650.0,0.0,0.0,0.0,28209.0,988834.0
참 마스터,눈매,포텐,0.0,0.0,0.0,0.0,0.0,0.0,0.0,0.0,0.0,0.0,6720.0,3360.0,9660.0,0.0,441.0,25808.0,115580.0,332612.0,180392.0,11687.0,28982.0,5292.0,6594.0,44422.0,31370.0,27036.0,21689.0,10235.0,10268.0,3490.0,63.0,-194.0,16125.0,758.0,3528.0,210.0,15.0,441.0,15822.0,11667.0,2205.0,0.0,3840.0,2688.0,0.0,0.0,0.0,8100.0,8732.0,8656.0,0.0,294.0,0.0,3160.0,0.0,882.0,5120.0,13478.0,3748.0,216.0,985192.0
신,강태산,프로무림,6812.0,20215.0,5020.0,14201.0,25097.0,28011.0,41220.0,13801.0,14856.0,8473.0,26356.0,21542.0,30655.0,7791.0,18524.0,6328.0,20524.0,42421.0,20263.0,21286.0,29335.0,23845.0,10667.0,27564.0,4543.0,37573.0,7156.0,32987.0,27780.0,14811.0,6313.0,20607.0,21147.0,2403.0,4864.0,17404.0,4756.0,13167.0,18376.0,3953.0,23735.0,5685.0,13548.0,6300.0,24643.0,1978.0,7389.0,30203.0,17111.0,13319.0,630.0,11528.0,890.0,4372.0,3964.0,44484.0,9771.0,18447.0,16496.0,7839.0,984979.0
제72장 풍운의 종식1,와룡강,프로무림,11060.0,3290.0,9730.0,18480.0,25130.0,16700.0,11500.0,17400.0,10200.0,18600.0,19300.0,50000.0,29700.0,3800.0,20000.0,37700.0,5800.0,8600.0,47400.0,27100.0,11900.0,12200.0,15500.0,11900.0,17500.0,8900.0,21600.0,13600.0,9300.0,9600.0,25400.0,13700.0,16400.0,5600.0,14200.0,10400.0,11100.0,3600.0,1900.0,18300.0,500.0,4200.0,10700.0,27000.0,19700.0,3800.0,15700.0,21800.0,49700.0,17400.0,2900.0,18300.0,5400.0,3200.0,12400.0,8400.0,16900.0,12100.0,39600.0,49550.0,983340.0
천화신전,검궁인,프로무림,34523.0,7329.0,14962.0,19715.0,39957.0,23073.0,20943.0,22603.0,11081.0,13908.0,14549.0,4540.0,19846.0,24904.0,8415.0,29326.0,22949.0,16134.0,11966.0,7239.0,5223.0,20071.0,5738.0,20912.0,48602.0,9527.0,9887.0,9811.0,13735.0,18973.0,34387.0,16384.0,11983.0,9089.0,12911.0,6396.0,14260.0,9130.0,12079.0,15676.0,15997.0,10362.0,20968.0,49656.0,13715.0,3671.0,12800.0,16766.0,32887.0,14238.0,2421.0,8545.0,12759.0,18816.0,13617.0,10364.0,13470.0,22919.0,3640.0,8210.0,978557.0
대중원,서효원,프로무림,27130.0,27382.0,1800.0,8700.0,12000.0,30900.0,900.0,5400.0,2700.0,44478.0,21100.0,5200.0,19300.0,22200.0,34690.0,6600.0,14600.0,12945.0,26159.0,18684.0,21075.0,6500.0,18990.0,16878.0,34146.0,17523.0,1080.0,18540.0,30272.0,26412.0,18802.0,13118.0,11958.0,12510.0,22284.0,9526.0,30024.0,11949.0,17592.0,12930.0,2592.0,6202.0,9885.0,23443.0,9108.0,21002.0,2700.0,21444.0,13845.0,27648.0,15908.0,17280.0,4729.0,2520.0,20097.0,25515.0,21438.0,13879.0,7000.0,14427.0,975639.0
대상천하,천중행,프로무림,31846.0,9215.0,17439.0,15842.0,17503.0,40416.0,20344.0,11879.0,30838.0,6328.0,11445.0,11790.0,20001.0,13506.0,13664.0,20973.0,10273.0,16324.0,34803.0,20372.0,17656.0,12307.0,20882.0,26457.0,16357.0,16894.0,12600.0,19697.0,21690.0,23417.0,12714.0,18040.0,21188.0,18833.0,9415.0,17804.0,27304.0,26128.0,10281.0,12427.0,10907.0,21109.0,18085.0,10251.0,9573.0,17709.0,8726.0,11439.0,17030.0,23955.0,4700.0,13047.0,10120.0,18775.0,6468.0,7520.0,11841.0,7514.0,7785.0,1890.0,975336.0
천도,사마달,프로무림,11104.0,28625.0,20543.0,37237.0,25888.0,9792.0,42016.0,14572.0,19382.0,6661.0,11154.0,23628.0,18726.0,18179.0,10271.0,13175.0,13901.0,22173.0,12983.0,15312.0,20922.0,24911.0,13147.0,21323.0,12635.0,17886.0,21919.0,17488.0,17337.0,7824.0,20320.0,16495.0,7908.0,11018.0,4746.0,32933.0,14175.0,10655.0,6705.0,21555.0,17042.0,13466.0,9639.0,12152.0,26276.0,6015.0,8422.0,17113.0,14396.0,3272.0,23206.0,26535.0,21296.0,8544.0,2064.0,17148.0,12345.0,9117.0,12197.0,15305.0,972774.0
용병왕 칼리,박재학,프로무림,6300.0,0.0,2700.0,0.0,42420.0,3780.0,9450.0,7450.0,1890.0,0.0,5040.0,8730.0,6300.0,7000.0,2520.0,6720.0,8700.0,6363.0,990.0,6370.0,25270.0,50550.0,630.0,1890.0,118638.0,39139.0,13671.0,22140.0,78414.0,7224.0,29630.0,16170.0,20725.0,22405.0,10232.0,15868.0,5096.0,9835.0,2870.0,13091.0,15494.0,18382.0,60171.0,17826.0,8830.0,10696.0,49416.0,26374.0,13212.0,11352.0,6111.0,20493.0,4221.0,4947.0,5670.0,2464.0,20835.0,521.0,11566.0,27762.0,972554.0
풍운천하,사마달,프로무림,16033.0,17063.0,49016.0,18054.0,33363.0,12377.0,8235.0,9093.0,14312.0,13638.0,16590.0,13572.0,16677.0,23342.0,12744.0,19498.0,21117.0,15088.0,8968.0,19603.0,18145.0,26440.0,41418.0,24507.0,29360.0,7839.0,13508.0,19624.0,16716.0,10662.0,10132.0,18550.0,11415.0,13252.0,11538.0,31131.0,19130.0,9187.0,12911.0,16527.0,10829.0,10488.0,21504.0,24171.0,16937.0,6366.0,17241.0,10350.0,4122.0,14888.0,3860.0,5389.0,14054.0,2128.0,16781.0,18629.0,8307.0,14363.0,22692.0,6406.0,969880.0
재앙급 사냥개가 돌아왔다,일황,포텐,0.0,0.0,0.0,0.0,0.0,0.0,0.0,0.0,0.0,0.0,0.0,0.0,0.0,0.0,0.0,0.0,0.0,0.0,0.0,0.0,0.0,0.0,0.0,0.0,0.0,0.0,0.0,0.0,0.0,0.0,0.0,0.0,0.0,0.0,0.0,0.0,0.0,0.0,0.0,0.0,0.0,0.0,0.0,0.0,0.0,0.0,0.0,0.0,0.0,0.0,0.0,0.0,0.0,0.0,0.0,0.0,0.0,0.0,234468.0,735258.0,969726.0
나한대협羅4,와룡강,프로무림,20955.0,16685.0,16410.0,18235.0,12600.0,23350.0,38000.0,7200.0,12500.0,17700.0,21750.0,17800.0,28580.0,25250.0,33680.0,19950.0,13300.0,19500.0,10350.0,10800.0,15900.0,26700.0,17100.0,19880.0,26050.0,7200.0,18950.0,23000.0,12950.0,12850.0,8550.0,24450.0,11600.0,15100.0,12850.0,12850.0,17100.0,17350.0,12850.0,12750.0,5750.0,15550.0,17546.0,26900.0,23700.0,20050.0,12850.0,12130.0,13300.0,15000.0,8000.0,3600.0,7550.0,20750.0,13650.0,26050.0,13650.0,1350.0,900.0,630.0,969531.0
십교종사,천중행,프로무림,41243.0,22288.0,14970.0,21866.0,33687.0,12351.0,21042.0,11486.0,17799.0,20041.0,19173.0,24026.0,8629.0,16741.0,11697.0,16557.0,11340.0,18296.0,38958.0,10793.0,13869.0,38949.0,28519.0,12120.0,21684.0,13137.0,18081.0,11174.0,18412.0,18010.0,22907.0,12191.0,20942.0,17991.0,7208.0,15491.0,11028.0,8378.0,6858.0,14014.0,25004.0,7832.0,9053.0,6422.0,15816.0,22070.0,13626.0,11019.0,10485.0,13926.0,9777.0,7916.0,30039.0,18553.0,4728.0,7085.0,7299.0,10643.0,5685.0,8038.0,968962.0
성기가 발기되어 천하통일,테서스,올나이트노벨,0.0,0.0,0.0,0.0,0.0,0.0,0.0,0.0,0.0,0.0,0.0,0.0,0.0,0.0,0.0,0.0,0.0,0.0,0.0,0.0,0.0,0.0,0.0,0.0,0.0,0.0,0.0,0.0,0.0,0.0,0.0,0.0,0.0,0.0,0.0,0.0,37670.0,97905.0,167702.0,79485.0,56921.0,33823.0,11487.0,24002.0,3710.0,31554.0,18893.0,19747.0,195925.0,1974.0,36575.0,8050.0,18399.0,2100.0,70.0,32558.0,83500.0,1470.0,742.0,280.0,964542.0
무협절검,서효원,프로무림,55044.0,17222.0,11400.0,21600.0,18200.0,17700.0,0.0,12600.0,10572.0,15682.0,49152.0,14800.0,13536.0,21558.0,26529.0,35532.0,22000.0,11200.0,26582.0,33407.0,5400.0,24903.0,20760.0,16915.0,18594.0,12238.0,24798.0,10518.0,2700.0,17303.0,25299.0,13643.0,11544.0,11566.0,18625.0,11974.0,9493.0,10015.0,16313.0,19575.0,29898.0,18478.0,9980.0,5400.0,11828.0,16205.0,11500.0,10749.0,5078.0,10448.0,11988.0,10216.0,6472.0,6516.0,6363.0,11681.0,3700.0,12393.0,10625.0,16700.0,962710.0
EPL 프리미어 리그,말리브 해적,포텐,31780.0,42595.0,3465.0,11830.0,41195.0,7875.0,22855.0,55300.0,2835.0,40180.0,33355.0,6930.0,10640.0,18550.0,22625.0,33092.0,10430.0,3780.0,0.0,8365.0,58345.0,9450.0,11025.0,21560.0,8400.0,1890.0,11200.0,16135.0,23835.0,27370.0,27895.0,13265.0,40203.0,9158.0,5355.0,7315.0,2835.0,1750.0,7245.0,8995.0,41685.0,30715.0,19015.0,14290.0,28245.0,8025.0,13010.0,6300.0,2745.0,6765.0,9324.0,5355.0,14700.0,13015.0,6615.0,5040.0,6930.0,6185.0,3335.0,0.0,962197.0
천애기정록,서효원,프로무림,25562.0,18019.0,12300.0,1800.0,9000.0,900.0,2700.0,9900.0,19146.0,19590.0,26400.0,27600.0,17700.0,22630.0,9360.0,10600.0,7200.0,12330.0,6300.0,15346.0,11880.0,2700.0,7495.0,17438.0,20070.0,11520.0,35729.0,28790.0,16291.0,4546.0,9900.0,11051.0,14960.0,18088.0,23100.0,16325.0,30999.0,7683.0,18197.0,23686.0,55035.0,2511.0,13644.0,12330.0,14076.0,6678.0,36008.0,17910.0,20563.0,25275.0,21414.0,14553.0,14148.0,22512.0,5562.0,22298.0,14166.0,6466.0,17723.0,12668.0,960371.0
바람의 칼,이원호,프로무림,31500.0,14400.0,32400.0,15900.0,26100.0,30300.0,6000.0,12000.0,6000.0,14700.0,18900.0,1100.0,7600.0,19800.0,17500.0,24000.0,33900.0,51000.0,20700.0,31100.0,20500.0,4800.0,66000.0,20434.0,19514.0,9900.0,9000.0,900.0,9000.0,3600.0,10800.0,42520.0,21900.0,2700.0,23436.0,6300.0,9000.0,0.0,12200.0,39900.0,6000.0,900.0,0.0,1800.0,0.0,10846.0,0.0,1701.0,0.0,10401.0,23702.0,54567.0,9967.0,3200.0,900.0,4500.0,29700.0,25400.0,8900.0,10000.0,949788.0
광풍서생,서효원,프로무림,23361.0,11980.0,5400.0,12600.0,13200.0,19200.0,34200.0,40300.0,38205.0,38300.0,12800.0,23300.0,37800.0,10300.0,3000.0,18900.0,10500.0,11700.0,15907.0,3600.0,18456.0,31788.0,16387.0,14580.0,6890.0,10717.0,16380.0,28865.0,10776.0,11880.0,7200.0,21372.0,29332.0,38792.0,9216.0,9115.0,10800.0,24175.0,27200.0,10249.0,9283.0,8910.0,6984.0,9994.0,3960.0,21617.0,14206.0,15000.0,14148.0,9720.0,9540.0,6696.0,11148.0,8838.0,5490.0,0.0,4896.0,2129.0,31505.0,11221.0,944008.0
회귀해서 천재 PD,관측불가,포텐,0.0,0.0,0.0,0.0,0.0,0.0,0.0,0.0,0.0,0.0,0.0,0.0,0.0,0.0,0.0,0.0,0.0,0.0,0.0,0.0,0.0,0.0,0.0,0.0,0.0,0.0,0.0,0.0,0.0,0.0,0.0,0.0,0.0,0.0,0.0,0.0,0.0,0.0,0.0,0.0,0.0,0.0,0.0,0.0,0.0,0.0,0.0,0.0,0.0,0.0,0.0,0.0,0.0,0.0,0.0,0.0,0.0,0.0,681110.0,262603.0,943713.0
재벌집 망나니대독자,앤서,포텐,0.0,0.0,0.0,0.0,0.0,0.0,0.0,0.0,0.0,0.0,0.0,0.0,0.0,0.0,0.0,0.0,0.0,0.0,0.0,0.0,0.0,0.0,0.0,0.0,0.0,0.0,0.0,0.0,0.0,0.0,0.0,0.0,0.0,0.0,0.0,0.0,0.0,0.0,0.0,0.0,0.0,0.0,0.0,0.0,0.0,0.0,0.0,0.0,0.0,0.0,0.0,0.0,0.0,0.0,0.0,0.0,0.0,0.0,627741.0,309091.0,936832.0
모성 애 용사,키제이,프로무림,0.0,0.0,0.0,0.0,0.0,0.0,0.0,0.0,0.0,0.0,0.0,0.0,0.0,0.0,0.0,0.0,0.0,0.0,0.0,0.0,0.0,0.0,0.0,0.0,0.0,0.0,2520.0,20020.0,12390.0,6580.0,60550.0,13860.0,6370.0,16800.0,8505.0,102536.0,51849.0,13622.0,11239.0,11030.0,7845.0,33215.0,6270.0,5309.0,5880.0,165841.0,75270.0,50463.0,136414.0,8230.0,8470.0,11655.0,10626.0,11116.0,25823.0,6930.0,2373.0,6720.0,2730.0,8757.0,927808.0
야망시대,강태산,프로무림,25992.0,37174.0,22403.0,19969.0,31877.0,14153.0,29651.0,22848.0,22771.0,25613.0,38592.0,42795.0,8703.0,9957.0,22649.0,14388.0,12423.0,7318.0,11180.0,13700.0,21086.0,7560.0,15597.0,24238.0,21462.0,7786.0,18082.0,15718.0,12621.0,13058.0,15739.0,13373.0,23561.0,18249.0,9828.0,16682.0,7560.0,8367.0,6720.0,11059.0,21016.0,6847.0,13926.0,9519.0,14386.0,11340.0,4457.0,6359.0,7980.0,12098.0,11717.0,1260.0,2019.0,8578.0,8151.0,9030.0,9661.0,4767.0,12048.0,29397.0,927058.0
무적천하,서효원,프로무림,23430.0,19280.0,26736.0,4500.0,2700.0,16200.0,0.0,14400.0,24654.0,21220.0,13701.0,13405.0,6300.0,26537.0,33106.0,23832.0,10800.0,17377.0,18600.0,8338.0,22342.0,25380.0,16076.0,22571.0,28559.0,14076.0,19537.0,27987.0,19476.0,24476.0,11698.0,15396.0,17294.0,16342.0,19354.0,13793.0,14529.0,9466.0,15840.0,3859.0,15466.0,13763.0,18372.0,14951.0,20259.0,9083.0,20373.0,11505.0,18510.0,972.0,16887.0,10313.0,3060.0,15066.0,11146.0,8100.0,2700.0,5346.0,7346.0,18718.0,925103.0
군왕성,서효원,프로무림,24972.0,19329.0,11700.0,5400.0,11700.0,20000.0,9000.0,30060.0,25200.0,27534.0,23841.0,28401.0,14760.0,21054.0,16200.0,25825.0,14400.0,6300.0,21840.0,16812.0,23076.0,40641.0,24474.0,4457.0,9906.0,5400.0,26038.0,219.0,35519.0,15480.0,2700.0,16765.0,18000.0,8100.0,19580.0,29538.0,8640.0,17700.0,13500.0,16416.0,3663.0,5400.0,8348.0,11772.0,14616.0,8100.0,30950.0,13777.0,17964.0,3240.0,18522.0,8000.0,14220.0,18743.0,6840.0,4871.0,3602.0,5718.0,2700.0,12795.0,924318.0
단권 무엇이든 만들어 드립니다,윤신현,포텐,0.0,0.0,0.0,0.0,0.0,0.0,0.0,0.0,0.0,0.0,0.0,0.0,0.0,0.0,0.0,0.0,0.0,0.0,0.0,0.0,0.0,0.0,0.0,0.0,0.0,0.0,0.0,0.0,0.0,0.0,0.0,0.0,0.0,0.0,0.0,0.0,0.0,0.0,0.0,0.0,0.0,0.0,0.0,0.0,0.0,0.0,0.0,0.0,0.0,0.0,0.0,0.0,0.0,115554.0,132701.0,277467.0,24759.0,181514.0,37697.0,154546.0,924238.0
등천제일룡,검궁인,프로무림,25322.0,23959.0,21397.0,32596.0,10487.0,7154.0,42811.0,11854.0,17249.0,24381.0,14577.0,22427.0,22203.0,9389.0,16470.0,9428.0,17557.0,11036.0,6041.0,8807.0,9015.0,25039.0,22768.0,19655.0,20750.0,34059.0,7148.0,10330.0,27250.0,22355.0,14760.0,9584.0,19338.0,18230.0,16836.0,14998.0,19221.0,15010.0,6148.0,14603.0,10361.0,9123.0,15136.0,3710.0,8738.0,12323.0,7017.0,9984.0,32425.0,10899.0,5753.0,6993.0,20491.0,4347.0,14455.0,7168.0,6804.0,14281.0,4834.0,6192.0,913276.0
제41장 잃은 것과 얻은 것2,청산,프로무림,21070.0,24360.0,32690.0,30030.0,26810.0,19880.0,18760.0,20300.0,23660.0,10080.0,22750.0,22820.0,39410.0,12670.0,16870.0,13930.0,20370.0,19530.0,16520.0,25130.0,18480.0,14140.0,30240.0,15400.0,27510.0,11060.0,4830.0,5180.0,8750.0,16240.0,9660.0,5950.0,11550.0,8680.0,8470.0,14280.0,11410.0,6300.0,13720.0,8960.0,9030.0,19600.0,35210.0,29680.0,19320.0,5110.0,11340.0,6230.0,6790.0,24920.0,6230.0,4690.0,2100.0,700.0,980.0,980.0,8610.0,2520.0,5320.0,23940.0,911750.0
천재 작가는 어플로 꿀 빱니다,두루치기,포텐,0.0,0.0,0.0,0.0,0.0,0.0,0.0,0.0,0.0,0.0,0.0,0.0,0.0,0.0,0.0,0.0,0.0,0.0,0.0,0.0,0.0,0.0,0.0,0.0,0.0,0.0,0.0,0.0,0.0,0.0,0.0,0.0,0.0,0.0,0.0,0.0,0.0,0.0,0.0,0.0,0.0,0.0,0.0,0.0,0.0,0.0,0.0,0.0,0.0,0.0,0.0,0.0,0.0,0.0,0.0,0.0,236674.0,441077.0,116519.0,117394.0,911664.0
네 멋대로 살아라 판도라의 상자,최동환,프로무림,43112.0,30099.0,26432.0,39879.0,18873.0,39288.0,20050.0,18311.0,12002.0,16834.0,9230.0,9298.0,8513.0,9037.0,12969.0,16675.0,23428.0,10774.0,1995.0,19287.0,10330.0,19459.0,20190.0,16530.0,16987.0,32507.0,17263.0,27713.0,16411.0,10969.0,13733.0,19710.0,27216.0,23314.0,16074.0,4367.0,9171.0,12459.0,10563.0,3780.0,8527.0,9974.0,18968.0,9082.0,7677.0,9804.0,434.0,6627.0,13677.0,6079.0,2786.0,9763.0,6258.0,1543.0,24797.0,20514.0,6626.0,6466.0,13481.0,11507.0,909422.0
제천금왕,관측불가,포텐,0.0,0.0,0.0,0.0,0.0,0.0,0.0,0.0,0.0,0.0,0.0,0.0,0.0,0.0,0.0,0.0,0.0,0.0,0.0,0.0,0.0,0.0,0.0,0.0,0.0,0.0,0.0,0.0,0.0,0.0,0.0,0.0,0.0,0.0,0.0,0.0,0.0,0.0,0.0,0.0,0.0,0.0,0.0,636899.0,156083.0,69171.0,13440.0,8960.0,0.0,2016.0,0.0,0.0,0.0,0.0,0.0,0.0,20160.0,0.0,0.0,2016.0,908745.0
풍류자객,청산,프로무림,19650.0,12271.0,14833.0,29041.0,37610.0,12016.0,14980.0,14013.0,14510.0,33600.0,21798.0,10984.0,11141.0,10773.0,14415.0,5192.0,6040.0,18283.0,10175.0,10924.0,9835.0,16811.0,25596.0,25250.0,6438.0,22580.0,13270.0,25978.0,19451.0,13860.0,12439.0,29421.0,10531.0,20790.0,35092.0,32851.0,8740.0,14339.0,13455.0,8820.0,8190.0,3654.0,6867.0,15575.0,5014.0,16982.0,6790.0,3810.0,10180.0,31179.0,45520.0,2100.0,2637.0,4510.0,7005.0,12433.0,3124.0,5607.0,14565.0,12191.0,905729.0
단권 또다시 작가,윤신현,포텐,0.0,0.0,0.0,0.0,0.0,0.0,0.0,0.0,0.0,0.0,0.0,0.0,0.0,0.0,0.0,0.0,0.0,0.0,0.0,0.0,0.0,0.0,0.0,0.0,0.0,0.0,0.0,0.0,0.0,0.0,0.0,0.0,0.0,0.0,0.0,0.0,0.0,0.0,0.0,0.0,0.0,0.0,0.0,0.0,0.0,0.0,0.0,0.0,0.0,0.0,0.0,0.0,0.0,0.0,364501.0,49809.0,0.0,118596.0,235228.0,134099.0,902233.0
절대무존,사마달,프로무림,20399.0,25000.0,32772.0,25797.0,19452.0,12041.0,24914.0,23474.0,15336.0,15988.0,12949.0,17428.0,15957.0,14983.0,12556.0,12500.0,19371.0,25457.0,8823.0,6817.0,19176.0,35303.0,13901.0,3047.0,12092.0,4864.0,16826.0,10858.0,25873.0,5874.0,31153.0,21420.0,24420.0,12033.0,3000.0,6279.0,6221.0,26817.0,7368.0,15433.0,21175.0,9158.0,11696.0,15001.0,22227.0,5846.0,9715.0,7242.0,12384.0,14803.0,8735.0,13640.0,8174.0,8092.0,12423.0,9830.0,6373.0,13939.0,14440.0,12164.0,901029.0
혈륜공자,검궁인,프로무림,31969.0,31727.0,12564.0,27389.0,21555.0,32062.0,12029.0,23679.0,20937.0,6720.0,14250.0,17200.0,13404.0,13649.0,7479.0,19787.0,5672.0,19575.0,13671.0,10466.0,7938.0,18910.0,29688.0,16961.0,11606.0,19064.0,11670.0,19417.0,3696.0,33831.0,18243.0,7020.0,12898.0,7265.0,16722.0,4617.0,12853.0,17687.0,11740.0,6090.0,18791.0,20955.0,8325.0,3780.0,33585.0,5660.0,16754.0,14435.0,8276.0,13127.0,13914.0,14485.0,8367.0,13517.0,17099.0,17447.0,4728.0,12243.0,4705.0,3528.0,897421.0
색황,제갈천,프로무림,21840.0,25905.0,8400.0,18620.0,11080.0,30455.0,6790.0,12950.0,32522.0,16282.0,7560.0,21840.0,15680.0,26557.0,26335.0,36480.0,22135.0,22330.0,43435.0,3500.0,9940.0,17500.0,24430.0,16520.0,72940.0,9380.0,14005.0,19810.0,3920.0,8070.0,37170.0,2030.0,5955.0,20041.0,3990.0,3850.0,30520.0,6440.0,20720.0,15260.0,8610.0,3220.0,6930.0,7490.0,5670.0,6090.0,12180.0,4690.0,2450.0,16030.0,3430.0,29050.0,10220.0,4060.0,2380.0,6860.0,2800.0,5600.0,4410.0,1981.0,897338.0
대가집 망나니,백범,포텐,0.0,0.0,0.0,0.0,0.0,260100.0,86500.0,51590.0,15730.0,40865.0,21615.0,11495.0,11385.0,22550.0,9240.0,19030.0,36355.0,21230.0,26692.0,42369.0,35414.0,44887.0,39456.0,4222.0,21896.0,12732.0,26978.0,28632.0,1791.0,0.0,0.0,0.0,0.0,0.0,0.0,0.0,0.0,3499.0,0.0,0.0,0.0,0.0,0.0,0.0,0.0,0.0,0.0,0.0,0.0,0.0,0.0,0.0,0.0,0.0,0.0,0.0,0.0,0.0,0.0,0.0,896253.0
절대무후,서효원,프로무림,22627.0,35135.0,7800.0,12236.0,17000.0,5600.0,9900.0,6300.0,17628.0,21038.0,13151.0,28800.0,11340.0,24300.0,14017.0,40932.0,14400.0,2700.0,3960.0,14615.0,12960.0,8460.0,16398.0,25085.0,8756.0,16920.0,16223.0,12000.0,9229.0,15442.0,18180.0,13651.0,16770.0,2700.0,19944.0,20421.0,21874.0,10500.0,17308.0,9240.0,15624.0,8901.0,23239.0,17927.0,11262.0,6372.0,13928.0,6300.0,23516.0,25463.0,22716.0,6300.0,6444.0,12951.0,20321.0,7560.0,12374.0,13500.0,14316.0,10113.0,894667.0
팔천황,사마달,프로무림,25901.0,12759.0,27679.0,17478.0,14410.0,12353.0,12429.0,18432.0,7074.0,7019.0,9566.0,12152.0,13820.0,12295.0,11346.0,19947.0,32905.0,40133.0,15110.0,14915.0,9322.0,11689.0,16113.0,14228.0,16938.0,9860.0,27244.0,40864.0,24455.0,4931.0,22866.0,19651.0,3895.0,9314.0,4939.0,9985.0,15505.0,13180.0,9446.0,40161.0,7894.0,6200.0,20442.0,15360.0,6400.0,9334.0,11673.0,19423.0,13082.0,9628.0,6897.0,14056.0,13805.0,3963.0,4371.0,7243.0,9708.0,26064.0,12488.0,12675.0,893015.0
독존패왕,강태산,프로무림,3392.0,2132.0,8001.0,11230.0,28046.0,34671.0,24044.0,34363.0,26580.0,11767.0,23545.0,21252.0,17663.0,16784.0,20878.0,14733.0,17555.0,21922.0,23605.0,13858.0,12442.0,20303.0,19422.0,10937.0,16694.0,14906.0,14781.0,7357.0,5976.0,7135.0,17424.0,28838.0,14613.0,14779.0,28632.0,22403.0,15520.0,19643.0,7406.0,3712.0,10522.0,13702.0,4024.0,4733.0,14884.0,11515.0,6462.0,8498.0,16415.0,12266.0,18254.0,14373.0,17834.0,4736.0,6392.0,7824.0,13106.0,7706.0,6795.0,8691.0,887676.0
여대생 길들이기,O링,프로무림,0.0,0.0,0.0,0.0,0.0,0.0,0.0,0.0,0.0,0.0,0.0,0.0,0.0,0.0,0.0,0.0,0.0,0.0,0.0,0.0,0.0,0.0,0.0,0.0,15750.0,45934.0,125370.0,164640.0,40320.0,21952.0,15008.0,13440.0,33600.0,28224.0,0.0,8960.0,20160.0,20160.0,17920.0,31360.0,35616.0,80640.0,2240.0,19936.0,0.0,6720.0,6720.0,15680.0,17920.0,2240.0,19712.0,0.0,4480.0,8960.0,53760.0,0.0,0.0,0.0,0.0,2807.0,880229.0
수라검,윤신현,포텐,0.0,0.0,0.0,0.0,0.0,0.0,0.0,0.0,0.0,0.0,0.0,0.0,0.0,0.0,0.0,0.0,0.0,0.0,0.0,0.0,0.0,0.0,0.0,0.0,0.0,0.0,0.0,0.0,0.0,0.0,0.0,0.0,0.0,0.0,0.0,0.0,0.0,0.0,0.0,0.0,0.0,0.0,0.0,0.0,0.0,0.0,0.0,0.0,0.0,0.0,0.0,0.0,0.0,0.0,0.0,0.0,0.0,36414.0,311944.0,526825.0,875183.0
여섯 영혼의 노래 그리고 가수,킹묵,포텐,0.0,0.0,0.0,0.0,0.0,0.0,0.0,0.0,0.0,0.0,0.0,0.0,0.0,0.0,0.0,0.0,0.0,0.0,0.0,0.0,0.0,0.0,0.0,0.0,0.0,0.0,0.0,0.0,0.0,0.0,0.0,0.0,0.0,0.0,0.0,0.0,0.0,0.0,0.0,0.0,0.0,0.0,0.0,0.0,0.0,0.0,0.0,0.0,0.0,0.0,24389.0,117911.0,69569.0,86898.0,104040.0,106389.0,140137.0,90239.0,62409.0,71545.0,873526.0
천년검혼,서효원,프로무림,18519.0,23733.0,29700.0,15300.0,6600.0,5400.0,900.0,11700.0,15768.0,24338.0,10800.0,16200.0,8100.0,7200.0,4500.0,900.0,11700.0,19440.0,2030.0,57859.0,30857.0,29884.0,26892.0,22951.0,34477.0,39278.0,20750.0,12830.0,17100.0,18036.0,10620.0,22680.0,19396.0,24524.0,5832.0,5400.0,11410.0,8215.0,31320.0,6502.0,10289.0,900.0,19629.0,30348.0,6224.0,1800.0,5544.0,5292.0,24440.0,5400.0,7596.0,3519.0,2520.0,14391.0,11653.0,2700.0,2700.0,2700.0,17287.0,8640.0,873213.0
황혼의 문명,라이먼,프로무림,35249.0,21376.0,7081.0,20791.0,29727.0,34249.0,30827.0,24441.0,29074.0,45434.0,38394.0,35593.0,19697.0,18833.0,6914.0,27980.0,12982.0,12215.0,8770.0,10000.0,15963.0,19318.0,931.0,10475.0,22295.0,11580.0,19915.0,16220.0,11040.0,16614.0,15344.0,28206.0,6930.0,14761.0,2268.0,20252.0,13174.0,11352.0,14438.0,5332.0,10482.0,8591.0,12449.0,10291.0,681.0,7475.0,5520.0,548.0,7522.0,892.0,833.0,0.0,8704.0,22702.0,6485.0,6589.0,441.0,7939.0,854.0,8115.0,873148.0
천년백첩랑,사마달,프로무림,19092.0,9011.0,20837.0,7405.0,18494.0,7556.0,15726.0,15511.0,23183.0,6086.0,14854.0,25954.0,8986.0,24472.0,26240.0,16226.0,10320.0,18258.0,7618.0,22403.0,16760.0,4861.0,9311.0,35683.0,11620.0,17388.0,11649.0,27367.0,19291.0,19971.0,20377.0,16062.0,17667.0,630.0,6062.0,12625.0,14359.0,21735.0,8295.0,18344.0,19646.0,3628.0,12483.0,8621.0,12245.0,14201.0,6608.0,15113.0,10332.0,14373.0,20591.0,27983.0,9071.0,4338.0,13699.0,13553.0,10033.0,10969.0,11039.0,5971.0,872786.0
휘파람,이원호,프로무림,36000.0,17700.0,17700.0,9000.0,18000.0,900.0,12900.0,16500.0,15000.0,18000.0,2700.0,0.0,5400.0,3000.0,0.0,18000.0,9900.0,6000.0,45000.0,59700.0,0.0,9000.0,41700.0,31800.0,23700.0,6000.0,17400.0,20700.0,8153.0,0.0,92700.0,0.0,17748.0,2700.0,38754.0,11700.0,9000.0,1134.0,0.0,6567.0,9072.0,13701.0,12586.0,0.0,9000.0,4401.0,6402.0,10134.0,3402.0,3000.0,2700.0,33000.0,24000.0,9000.0,631.0,24100.0,17400.0,2835.0,25701.0,11100.0,872321.0
무적투왕,청산,프로무림,17730.0,11212.0,19572.0,30537.0,49347.0,16721.0,17758.0,15598.0,14060.0,10080.0,18122.0,13685.0,29153.0,7384.0,12194.0,25990.0,30018.0,36328.0,21809.0,19593.0,14127.0,11029.0,26163.0,10530.0,26695.0,8714.0,23471.0,5636.0,5040.0,13790.0,18866.0,11557.0,13138.0,16005.0,24285.0,22345.0,12852.0,28830.0,21301.0,11700.0,10018.0,9318.0,5673.0,11535.0,3771.0,3780.0,5670.0,5040.0,16971.0,21090.0,3482.0,6190.0,1890.0,1932.0,9303.0,5040.0,0.0,3588.0,2520.0,0.0,869776.0
창조의 재능,찬동,포텐,0.0,0.0,0.0,0.0,0.0,0.0,0.0,0.0,0.0,0.0,0.0,0.0,0.0,0.0,0.0,0.0,0.0,0.0,0.0,0.0,0.0,0.0,0.0,0.0,0.0,0.0,0.0,0.0,0.0,0.0,0.0,0.0,0.0,0.0,0.0,0.0,0.0,0.0,0.0,0.0,0.0,0.0,0.0,0.0,0.0,0.0,0.0,0.0,0.0,0.0,0.0,531600.0,73486.0,25752.0,15338.0,0.0,1890.0,75245.0,107896.0,36606.0,867813.0
풍운대업,서효원,프로무림,12526.0,20496.0,3327.0,900.0,1800.0,6900.0,0.0,14400.0,14400.0,23334.0,17501.0,17609.0,25561.0,15300.0,22009.0,16432.0,11052.0,12000.0,11800.0,15660.0,16380.0,8820.0,10415.0,21957.0,12360.0,25042.0,12118.0,22070.0,30626.0,10800.0,15546.0,26083.0,16020.0,9216.0,11772.0,9212.0,20566.0,23400.0,4500.0,32386.0,23476.0,4283.0,19276.0,15423.0,16445.0,13322.0,28800.0,16829.0,23420.0,8640.0,11518.0,3816.0,2700.0,10629.0,7686.0,15548.0,4500.0,11412.0,13140.0,13523.0,866682.0
뇌문천하,서효원,프로무림,24932.0,16085.0,15460.0,7200.0,31500.0,13200.0,2700.0,1800.0,8100.0,5100.0,24051.0,13008.0,20161.0,5779.0,17031.0,7932.0,13600.0,45534.0,22831.0,10516.0,15936.0,27313.0,22266.0,12800.0,14170.0,10771.0,19699.0,8100.0,12342.0,2700.0,16983.0,2700.0,5605.0,7387.0,7560.0,17373.0,14804.0,12127.0,13035.0,13752.0,7785.0,12456.0,8532.0,36769.0,4969.0,23076.0,5616.0,20970.0,13068.0,9052.0,13486.0,6475.0,9864.0,19355.0,22421.0,12046.0,8552.0,16135.0,25326.0,23058.0,862954.0
천마 재벌집 아들로 환생,방탄리무진,포텐,408944.0,278330.0,157341.0,46354.0,27527.0,-630.0,0.0,-70.0,0.0,-1190.0,-3010.0,0.0,0.0,-7630.0,-3640.0,-1260.0,0.0,-950.0,0.0,0.0,0.0,0.0,0.0,-142.0,-1425.0,0.0,0.0,0.0,0.0,0.0,0.0,0.0,-8827.0,0.0,-407.0,-2104.0,-7151.0,-2919.0,0.0,-2104.0,0.0,0.0,0.0,0.0,0.0,0.0,0.0,-3666.0,-4956.0,-5567.0,0.0,0.0,0.0,0.0,0.0,0.0,0.0,0.0,0.0,0.0,860848.0
대륙천자,고월,프로무림,22167.0,14313.0,12701.0,25971.0,30444.0,8516.0,25181.0,13605.0,22713.0,11516.0,20647.0,11144.0,26525.0,21603.0,17499.0,7234.0,15465.0,10522.0,6153.0,28525.0,16623.0,10122.0,20556.0,21463.0,20169.0,13478.0,15345.0,14092.0,16417.0,19663.0,28376.0,21627.0,9510.0,16202.0,13525.0,13000.0,8723.0,10842.0,6751.0,12994.0,10646.0,15100.0,13140.0,10544.0,6600.0,9945.0,7101.0,6333.0,17289.0,7832.0,12105.0,5464.0,10878.0,8600.0,11538.0,9512.0,7709.0,8081.0,5165.0,15115.0,860619.0
제60장 전설은 지고 사람만 남는다,청산,프로무림,0.0,20160.0,24640.0,910.0,2240.0,45500.0,20160.0,58240.0,14350.0,89110.0,34510.0,29190.0,14280.0,4550.0,1470.0,56000.0,13090.0,37170.0,2380.0,51520.0,88900.0,112000.0,140.0,41580.0,2870.0,0.0,2380.0,4760.0,0.0,3150.0,33600.0,3640.0,5740.0,3500.0,7280.0,0.0,630.0,1260.0,0.0,700.0,0.0,0.0,0.0,0.0,0.0,0.0,0.0,0.0,630.0,0.0,0.0,0.0,0.0,0.0,0.0,1260.0,22120.0,0.0,3850.0,0.0,859460.0
모탈 신드롬,북홀릭,포텐,32970.0,61502.0,5280.0,28705.0,15199.0,22509.0,10036.0,9590.0,12434.0,19839.0,3795.0,16000.0,13947.0,8890.0,4837.0,28277.0,15185.0,98896.0,188438.0,8608.0,8190.0,11943.0,5341.0,15514.0,12882.0,2520.0,8212.0,1332.0,3752.0,6483.0,19329.0,26190.0,2394.0,3640.0,1979.0,3497.0,17618.0,5744.0,1389.0,3572.0,3661.0,8229.0,9540.0,15160.0,889.0,3776.0,5266.0,2322.0,4407.0,11091.0,162.0,5400.0,6318.0,3447.0,756.0,3276.0,630.0,2268.0,0.0,6398.0,859454.0
중원무도,서효원,프로무림,16823.0,16895.0,7200.0,0.0,56400.0,11400.0,3600.0,9000.0,23940.0,36000.0,19426.0,17100.0,16200.0,11158.0,38877.0,10132.0,13500.0,4500.0,13140.0,5400.0,14821.0,18540.0,17602.0,16023.0,12254.0,9000.0,14405.0,11919.0,12101.0,19746.0,10080.0,20259.0,9946.0,30967.0,21210.0,16740.0,6199.0,14119.0,8100.0,8316.0,21218.0,3848.0,11151.0,16093.0,3960.0,1530.0,5474.0,21154.0,16296.0,38167.0,11686.0,7416.0,3996.0,8000.0,5130.0,29052.0,4320.0,7668.0,9000.0,9911.0,858108.0
중세에서 상인으로 살아남기,가죽갑옷,포텐,0.0,0.0,0.0,0.0,0.0,0.0,0.0,0.0,0.0,0.0,0.0,0.0,0.0,0.0,0.0,0.0,0.0,0.0,0.0,0.0,0.0,0.0,0.0,0.0,0.0,0.0,0.0,0.0,0.0,0.0,0.0,0.0,0.0,0.0,0.0,0.0,0.0,0.0,0.0,0.0,0.0,0.0,0.0,0.0,0.0,0.0,0.0,0.0,0.0,0.0,0.0,0.0,0.0,0.0,0.0,642485.0,138432.0,41664.0,15680.0,17203.0,855464.0
신풍귀도,사마달,프로무림,28398.0,11591.0,10359.0,8663.0,40681.0,16141.0,4650.0,18742.0,13243.0,7972.0,5517.0,13970.0,5585.0,6997.0,13516.0,18663.0,26792.0,8917.0,7825.0,13974.0,24057.0,19162.0,14716.0,18870.0,16173.0,13601.0,10231.0,6156.0,8503.0,15908.0,4264.0,9051.0,5629.0,31431.0,18836.0,10620.0,20943.0,23236.0,24216.0,22776.0,13954.0,21988.0,14348.0,34952.0,6029.0,7749.0,2040.0,25169.0,10413.0,12080.0,21815.0,12396.0,13104.0,22513.0,4690.0,5166.0,1247.0,5844.0,9954.0,8004.0,854030.0
핵무기도 만들어 드릴까요 외,북홀릭,포텐,0.0,0.0,0.0,0.0,0.0,0.0,0.0,0.0,0.0,0.0,0.0,0.0,0.0,0.0,0.0,0.0,0.0,0.0,0.0,0.0,0.0,0.0,151443.0,56000.0,46284.0,5250.0,21933.0,12502.0,24934.0,24067.0,32589.0,32396.0,29144.0,13087.0,12110.0,14111.0,7150.0,10780.0,37074.0,4375.0,13009.0,10640.0,9212.0,14456.0,16671.0,18000.0,23861.0,35589.0,5695.0,8189.0,73455.0,13982.0,15394.0,4510.0,18883.0,3780.0,5250.0,15528.0,1750.0,9450.0,852533.0
그라운드 볼러,윤준모,포텐,0.0,0.0,0.0,0.0,0.0,0.0,0.0,0.0,0.0,0.0,0.0,0.0,0.0,0.0,0.0,0.0,0.0,0.0,0.0,0.0,0.0,0.0,0.0,0.0,0.0,0.0,0.0,0.0,0.0,0.0,0.0,0.0,0.0,0.0,0.0,0.0,0.0,0.0,0.0,0.0,0.0,0.0,24883.0,12659.0,60020.0,202372.0,97299.0,23706.0,47324.0,28896.0,35945.0,72043.0,56085.0,31366.0,33342.0,42813.0,44957.0,16640.0,17244.0,3847.0,851441.0
무영천,사마달,프로무림,29313.0,22515.0,18376.0,21500.0,16216.0,7131.0,13972.0,16274.0,10481.0,5509.0,9890.0,14702.0,16067.0,13334.0,15440.0,10608.0,10844.0,15626.0,15818.0,29089.0,70128.0,27968.0,10530.0,22711.0,10470.0,15512.0,21151.0,10670.0,14769.0,16155.0,6208.0,7982.0,5957.0,9441.0,3058.0,13365.0,21857.0,8160.0,5748.0,20014.0,28668.0,13328.0,5931.0,6999.0,10996.0,4848.0,4748.0,21315.0,15518.0,5441.0,11847.0,6268.0,7755.0,5069.0,9501.0,9952.0,7049.0,20263.0,10920.0,6350.0,847325.0
구천검마왕,서효원,프로무림,17805.0,36814.0,900.0,6300.0,14400.0,5400.0,6900.0,11700.0,15300.0,11948.0,38907.0,17301.0,9000.0,19800.0,10431.0,20081.0,6300.0,14510.0,24300.0,8974.0,20618.0,29386.0,15757.0,18012.0,3969.0,16187.0,13458.0,12454.0,18576.0,7986.0,15581.0,3780.0,10915.0,13680.0,15660.0,11880.0,8146.0,5355.0,16400.0,25297.0,39752.0,6548.0,13109.0,39986.0,15225.0,1800.0,7572.0,7726.0,14400.0,9900.0,31138.0,14815.0,900.0,7500.0,15084.0,7272.0,2700.0,4230.0,11104.0,14458.0,845387.0
천방지축,강태산,프로무림,25025.0,30278.0,17278.0,10716.0,25628.0,17938.0,7692.0,18949.0,13139.0,18421.0,11334.0,36244.0,23092.0,30588.0,8001.0,25462.0,11498.0,30972.0,20700.0,7956.0,17377.0,6789.0,23210.0,20669.0,18994.0,19959.0,17681.0,5292.0,9082.0,8411.0,16702.0,10106.0,7128.0,17622.0,6930.0,26299.0,15967.0,10638.0,12597.0,2408.0,10399.0,12120.0,6892.0,2520.0,11970.0,9613.0,12082.0,7299.0,10684.0,14871.0,7108.0,6803.0,6890.0,6494.0,7144.0,6804.0,5785.0,6048.0,14222.0,14511.0,845031.0
프로페셔널,이원호,프로무림,34100.0,0.0,0.0,0.0,0.0,0.0,0.0,0.0,0.0,0.0,0.0,0.0,0.0,0.0,0.0,0.0,0.0,0.0,18648.0,53937.0,10208.0,34213.0,20679.0,0.0,22313.0,22292.0,0.0,20376.0,34989.0,18971.0,708.0,20937.0,64884.0,12852.0,14095.0,40995.0,84213.0,55156.0,32600.0,30837.0,1079.0,17560.0,648.0,10000.0,3240.0,3000.0,12313.0,0.0,0.0,14076.0,31208.0,13900.0,3024.0,22421.0,12500.0,24300.0,1405.0,13913.0,8000.0,3605.0,844195.0
풍운전설,청산,프로무림,16479.0,25410.0,22352.0,14770.0,23128.0,20718.0,20551.0,7560.0,13251.0,16548.0,18006.0,2520.0,9450.0,4176.0,7931.0,8403.0,10818.0,15114.0,10073.0,16371.0,7010.0,10007.0,13840.0,20487.0,11200.0,11518.0,11410.0,16810.0,5943.0,28046.0,6804.0,14840.0,6165.0,18765.0,40834.0,25774.0,23009.0,9316.0,12822.0,8362.0,20756.0,26435.0,29540.0,31095.0,18053.0,5335.0,8421.0,8553.0,6300.0,2520.0,8190.0,16730.0,5418.0,14536.0,4851.0,9240.0,10248.0,2520.0,21808.0,6237.0,843377.0
강자,가람검,프로무림,6300.0,10850.0,9828.0,3780.0,23436.0,10710.0,21210.0,9450.0,9310.0,4410.0,10780.0,3780.0,6930.0,11340.0,31640.0,5670.0,1260.0,14840.0,25387.0,46690.0,26460.0,42599.0,36890.0,26320.0,8820.0,4410.0,7560.0,11970.0,23800.0,17640.0,22400.0,5040.0,1260.0,6552.0,22428.0,19779.0,6930.0,43400.0,19612.0,6650.0,28280.0,14664.0,14130.0,16780.0,6450.0,21318.0,29001.0,22266.0,9500.0,15890.0,3250.0,3780.0,0.0,7280.0,0.0,5390.0,0.0,6426.0,3780.0,2240.0,838546.0
벽력후,강태산,프로무림,7770.0,1528.0,24430.0,5878.0,8390.0,9718.0,29594.0,39210.0,46284.0,21925.0,25214.0,12136.0,23829.0,11180.0,17100.0,10133.0,15656.0,10911.0,21454.0,2544.0,21893.0,14707.0,10090.0,13387.0,17470.0,9846.0,3625.0,13492.0,6779.0,16606.0,21602.0,1813.0,4989.0,7488.0,8877.0,19128.0,9090.0,6898.0,14709.0,11981.0,9248.0,13544.0,11955.0,23802.0,28461.0,8389.0,4821.0,21625.0,21262.0,12684.0,9568.0,6258.0,8400.0,15834.0,17493.0,21974.0,17379.0,2481.0,292.0,1803.0,836627.0
중원낭인,서효원,프로무림,22709.0,18557.0,20600.0,8700.0,21700.0,7500.0,0.0,15900.0,17400.0,23300.0,30904.0,3600.0,18561.0,22845.0,10609.0,12891.0,14100.0,9900.0,4923.0,15240.0,15738.0,17199.0,20935.0,20626.0,20704.0,34837.0,15091.0,5683.0,36043.0,14230.0,13126.0,2700.0,6091.0,4572.0,23052.0,15458.0,13759.0,14400.0,6480.0,9706.0,6502.0,2790.0,10413.0,6030.0,11459.0,9907.0,5139.0,30603.0,5643.0,2340.0,630.0,10947.0,10116.0,5400.0,7505.0,2160.0,9450.0,31668.0,32703.0,20176.0,831950.0
성기가 발기되어 천하통일,테서스,포텐,0.0,0.0,0.0,0.0,0.0,0.0,0.0,0.0,0.0,0.0,0.0,0.0,0.0,0.0,0.0,0.0,0.0,0.0,0.0,0.0,0.0,0.0,0.0,0.0,0.0,0.0,0.0,0.0,0.0,0.0,0.0,0.0,0.0,0.0,0.0,0.0,0.0,0.0,0.0,0.0,0.0,0.0,0.0,54432.0,51073.0,386848.0,47264.0,4256.0,8288.0,48384.0,4256.0,90856.0,17920.0,0.0,8960.0,59570.0,16128.0,20160.0,11161.0,2172.0,831728.0
옥수무정,서효원,프로무림,15799.0,40935.0,6300.0,10800.0,11700.0,0.0,2700.0,6300.0,16038.0,11700.0,14893.0,14803.0,9000.0,21991.0,19417.0,15232.0,12600.0,18600.0,11700.0,28413.0,8856.0,31375.0,19365.0,20734.0,20230.0,26849.0,11200.0,13506.0,16315.0,7200.0,15412.0,10620.0,26496.0,7790.0,22003.0,39760.0,6028.0,9900.0,2700.0,2700.0,3240.0,7416.0,6376.0,9248.0,6125.0,6188.0,0.0,13124.0,18780.0,51462.0,15912.0,15560.0,10846.0,13419.0,8383.0,4050.0,5400.0,13763.0,12270.0,2087.0,831609.0
천수검왕,사마달,프로무림,17731.0,12247.0,23087.0,22318.0,13440.0,16758.0,21941.0,24236.0,8247.0,6323.0,8826.0,13708.0,16129.0,17741.0,22889.0,9146.0,18347.0,3535.0,12107.0,14993.0,9084.0,14908.0,14845.0,34133.0,12207.0,13700.0,6833.0,13889.0,18040.0,11867.0,9570.0,17792.0,20325.0,15334.0,15684.0,21638.0,17900.0,20271.0,9950.0,25845.0,10251.0,15749.0,13893.0,6181.0,12239.0,3742.0,13169.0,24572.0,8631.0,5237.0,3011.0,8835.0,15271.0,3329.0,5427.0,19860.0,2562.0,10924.0,10482.0,10435.0,831364.0
서큐버스 하렘,외도정사,프로무림,0.0,0.0,0.0,0.0,0.0,0.0,0.0,0.0,0.0,0.0,0.0,0.0,0.0,0.0,0.0,0.0,0.0,19460.0,38290.0,38640.0,20300.0,51912.0,69419.0,61334.0,21560.0,29176.0,76865.0,19005.0,16464.0,32606.0,11291.0,6574.0,16891.0,16499.0,15383.0,20160.0,26250.0,31374.0,13440.0,39627.0,7360.0,37168.0,4032.0,0.0,0.0,210.0,11830.0,10080.0,3430.0,11758.0,11263.0,2240.0,140.0,0.0,630.0,11200.0,2240.0,9590.0,10990.0,2240.0,828921.0
완전기억 소드마스터,타리오,포텐,0.0,0.0,0.0,0.0,0.0,0.0,0.0,0.0,0.0,0.0,0.0,0.0,0.0,0.0,0.0,0.0,0.0,0.0,0.0,0.0,0.0,0.0,0.0,0.0,0.0,0.0,0.0,0.0,0.0,0.0,0.0,0.0,0.0,0.0,0.0,0.0,0.0,0.0,0.0,0.0,0.0,0.0,0.0,0.0,0.0,0.0,0.0,0.0,0.0,0.0,0.0,0.0,0.0,0.0,0.0,0.0,25545.0,577829.0,153569.0,64119.0,821062.0
멸망한 세상에서 죽이고 뺏고 따먹는다,재활훈련중,올나이트노벨,0.0,0.0,0.0,0.0,0.0,0.0,0.0,0.0,0.0,0.0,0.0,0.0,0.0,0.0,0.0,0.0,0.0,0.0,0.0,0.0,0.0,0.0,0.0,0.0,0.0,0.0,0.0,0.0,0.0,0.0,0.0,0.0,0.0,0.0,0.0,0.0,0.0,0.0,0.0,0.0,0.0,0.0,0.0,0.0,114382.0,57710.0,140371.0,37449.0,65517.0,106004.0,87885.0,108293.0,22108.0,27044.0,14980.0,36050.0,0.0,0.0,0.0,0.0,817793.0
제81장 밝혀진 진실4,청산,프로무림,26810.0,16940.0,630.0,14770.0,2940.0,13370.0,105000.0,33530.0,9450.0,7280.0,4340.0,140.0,14070.0,8960.0,32760.0,21000.0,22750.0,17500.0,77560.0,15190.0,7350.0,0.0,1750.0,8750.0,15750.0,11270.0,14210.0,13440.0,5250.0,26250.0,3080.0,32830.0,5740.0,6020.0,0.0,0.0,17640.0,1260.0,5670.0,0.0,1190.0,0.0,1260.0,6860.0,8470.0,23380.0,25900.0,770.0,104930.0,5460.0,0.0,0.0,0.0,2030.0,280.0,11340.0,0.0,980.0,0.0,1890.0,815990.0
애검몽,강태산,프로무림,13261.0,10634.0,13095.0,24500.0,43984.0,19449.0,29413.0,19379.0,17682.0,13353.0,28305.0,18999.0,17136.0,15838.0,18219.0,26646.0,10150.0,10562.0,16815.0,16170.0,10310.0,7061.0,7737.0,12033.0,9381.0,16085.0,28110.0,12816.0,12040.0,7863.0,10101.0,7259.0,7458.0,13883.0,21441.0,6300.0,25306.0,11749.0,13886.0,12600.0,9107.0,9159.0,16035.0,17265.0,20631.0,9502.0,7600.0,6300.0,5418.0,7938.0,19357.0,6198.0,12148.0,11246.0,1413.0,6048.0,2457.0,6930.0,2331.0,1409.0,815501.0
마창1,류운,프로무림,21953.0,19810.0,27869.0,32555.0,18302.0,24798.0,45018.0,41224.0,11599.0,14450.0,11860.0,14070.0,5796.0,19484.0,6719.0,11506.0,4321.0,8940.0,4301.0,21456.0,8659.0,14242.0,22007.0,8391.0,9782.0,8518.0,9224.0,14372.0,84144.0,32946.0,15561.0,5323.0,1689.0,1745.0,2043.0,2833.0,8035.0,8573.0,710.0,5487.0,6200.0,8532.0,6900.0,3402.0,4332.0,2791.0,3336.0,7450.0,6533.0,11369.0,9286.0,4117.0,0.0,2381.0,11231.0,32554.0,10844.0,18172.0,16723.0,12927.0,809395.0
장왕곤,천중행,프로무림,15958.0,8685.0,65830.0,34237.0,8110.0,24887.0,15373.0,19968.0,3654.0,6570.0,14612.0,6790.0,27034.0,16473.0,16860.0,27690.0,15424.0,10241.0,13328.0,15038.0,13510.0,13239.0,9298.0,12499.0,22330.0,15362.0,3355.0,7553.0,6615.0,10165.0,21840.0,11375.0,39165.0,6811.0,35350.0,2240.0,5600.0,8190.0,8486.0,7070.0,5810.0,3780.0,6811.0,700.0,22750.0,6300.0,3220.0,9450.0,27042.0,0.0,12600.0,21630.0,11760.0,24216.0,9800.0,2520.0,5180.0,1547.0,4270.0,2450.0,808651.0
화형령주,서효원,프로무림,12900.0,36652.0,27082.0,2700.0,1800.0,900.0,0.0,10800.0,6384.0,16300.0,26000.0,15906.0,6300.0,9700.0,15231.0,16563.0,9600.0,11100.0,7200.0,12240.0,30928.0,10296.0,24402.0,6046.0,14574.0,10069.0,21654.0,10796.0,27520.0,9540.0,5976.0,14752.0,13608.0,13370.0,6138.0,8618.0,20448.0,10226.0,17249.0,14346.0,44385.0,13770.0,4500.0,6300.0,32968.0,13770.0,6678.0,23978.0,7606.0,12586.0,10346.0,13090.0,9083.0,7110.0,16641.0,25522.0,-1539.0,7416.0,12598.0,5192.0,807914.0
사립루레인학원,지미신,포텐,59760.0,-9380.0,40950.0,60725.0,51527.0,15540.0,5950.0,18240.0,770.0,5670.0,8470.0,12600.0,18107.0,2590.0,4550.0,2310.0,63700.0,42245.0,25541.0,7343.0,5131.0,8327.0,6769.0,11515.0,11033.0,13164.0,7770.0,14779.0,9352.0,3920.0,5100.0,7889.0,819.0,31220.0,8139.0,6713.0,2955.0,2380.0,1344.0,12425.0,210.0,4655.0,32097.0,8102.0,21490.0,1498.0,4809.0,30709.0,1575.0,15008.0,8890.0,5376.0,5568.0,9763.0,5390.0,11319.0,17645.0,4447.0,3913.0,7177.0,807593.0
단권 여섯 영혼의 노래 그리고 가수,킹묵,포텐,0.0,0.0,0.0,0.0,0.0,0.0,0.0,0.0,0.0,0.0,0.0,0.0,0.0,0.0,0.0,0.0,0.0,0.0,0.0,0.0,0.0,0.0,0.0,0.0,0.0,0.0,0.0,0.0,0.0,0.0,0.0,0.0,0.0,0.0,0.0,0.0,0.0,0.0,0.0,0.0,0.0,0.0,0.0,0.0,0.0,0.0,0.0,0.0,0.0,0.0,0.0,0.0,0.0,0.0,0.0,0.0,314180.0,133129.0,227122.0,131384.0,805815.0
흑막의 신,조건상,프로무림,49500.0,45340.0,13710.0,0.0,41580.0,0.0,52150.0,20790.0,33110.0,45220.0,20160.0,52990.0,13440.0,630.0,3150.0,0.0,2240.0,0.0,0.0,11200.0,0.0,0.0,88480.0,33740.0,3500.0,8960.0,630.0,0.0,13440.0,0.0,0.0,28525.0,14210.0,24360.0,8015.0,14280.0,13440.0,4060.0,0.0,6720.0,630.0,1890.0,0.0,0.0,8470.0,21000.0,0.0,5040.0,38220.0,2240.0,0.0,0.0,20370.0,0.0,0.0,20160.0,0.0,20160.0,0.0,0.0,805750.0
중원대천사,사마달,프로무림,12779.0,26758.0,19025.0,23203.0,36814.0,22308.0,25369.0,17468.0,15134.0,18606.0,15686.0,11679.0,12558.0,9535.0,12296.0,11192.0,11671.0,14193.0,12266.0,9475.0,16873.0,12157.0,8575.0,13279.0,43815.0,11838.0,12173.0,16546.0,22666.0,17454.0,11945.0,14389.0,19218.0,1181.0,8106.0,12322.0,11446.0,6186.0,18550.0,18244.0,6769.0,9570.0,18044.0,11226.0,6552.0,0.0,7931.0,5135.0,7118.0,27151.0,2419.0,4362.0,12098.0,10424.0,21064.0,0.0,6251.0,6525.0,1400.0,5297.0,804314.0
태양천자,천중행,프로무림,31034.0,8757.0,29985.0,12498.0,35197.0,6771.0,12741.0,8309.0,12927.0,12283.0,12558.0,9642.0,9385.0,7670.0,17549.0,11512.0,15877.0,10018.0,10875.0,1863.0,18733.0,24892.0,14221.0,12050.0,25096.0,17185.0,13346.0,8190.0,12265.0,9538.0,21139.0,6891.0,11037.0,6361.0,8001.0,21288.0,13675.0,16831.0,18201.0,6862.0,9337.0,11813.0,8301.0,12152.0,13072.0,12686.0,19592.0,15478.0,19949.0,7232.0,10219.0,17563.0,14918.0,10473.0,8934.0,13230.0,8564.0,13738.0,5531.0,7650.0,803685.0
대작,사마달,프로무림,18203.0,15946.0,10085.0,14409.0,29989.0,15687.0,20797.0,16064.0,13199.0,16380.0,13205.0,18042.0,7074.0,8706.0,6371.0,13418.0,12572.0,8942.0,13360.0,16771.0,13503.0,35186.0,70118.0,26898.0,16001.0,2583.0,7938.0,24247.0,17798.0,12267.0,11377.0,12001.0,10611.0,6793.0,993.0,5937.0,18005.0,16056.0,4591.0,14673.0,13774.0,5480.0,3551.0,9337.0,19373.0,6300.0,5919.0,6980.0,10027.0,6311.0,12772.0,4403.0,12547.0,10964.0,10923.0,4725.0,4563.0,3779.0,25645.0,9326.0,803495.0
백인무문,서효원,프로무림,9434.0,16039.0,12954.0,9900.0,12600.0,7800.0,0.0,8040.0,21600.0,9248.0,10101.0,3600.0,9060.0,2154.0,21409.0,2463.0,18006.0,27346.0,2700.0,5515.0,15286.0,40810.0,53433.0,45964.0,5909.0,10378.0,13519.0,10465.0,19598.0,13634.0,28186.0,27848.0,43416.0,19222.0,6300.0,7871.0,15210.0,5400.0,2160.0,10980.0,6156.0,13493.0,8312.0,3848.0,24111.0,34786.0,19076.0,11216.0,6000.0,11880.0,1080.0,2916.0,2862.0,4299.0,9549.0,2631.0,6480.0,17323.0,10800.0,312.0,802688.0
천년세가,서효원,프로무림,18824.0,47879.0,5754.0,11700.0,900.0,900.0,0.0,11700.0,21600.0,15840.0,15300.0,15600.0,11700.0,7290.0,9900.0,0.0,3600.0,10800.0,13500.0,17760.0,26752.0,18540.0,19353.0,20801.0,59868.0,19440.0,9346.0,12240.0,17940.0,9720.0,22800.0,26840.0,19286.0,17394.0,3780.0,19980.0,8640.0,24996.0,7020.0,15660.0,9063.0,10684.0,8122.0,10148.0,2948.0,23000.0,8420.0,23663.0,17146.0,3683.0,14580.0,11202.0,2160.0,8007.0,2916.0,2700.0,4230.0,2826.0,7834.0,6360.0,800635.0
용검전기,방수윤,프로무림,28000.0,33250.0,52500.0,0.0,33250.0,28000.0,0.0,0.0,0.0,0.0,0.0,0.0,29750.0,10500.0,8750.0,1750.0,0.0,0.0,3500.0,0.0,0.0,8820.0,58730.0,7910.0,33460.0,7000.0,35280.0,42.0,0.0,5250.0,0.0,1750.0,0.0,0.0,43750.0,26460.0,14084.0,0.0,29750.0,35700.0,12096.0,4760.0,16520.0,21380.0,0.0,17516.0,12530.0,1940.0,44714.0,6300.0,0.0,529.0,37993.0,5040.0,33383.0,21435.0,4264.0,19114.0,2620.0,0.0,799370.0
백병쟁투1,조건상,포텐,1470.0,239260.0,30730.0,129087.0,196.0,5390.0,19950.0,11270.0,0.0,10080.0,45710.0,2450.0,41090.0,14700.0,70.0,12810.0,21210.0,2730.0,12530.0,15610.0,51240.0,131250.0,0.0,0.0,0.0,0.0,0.0,0.0,0.0,0.0,0.0,0.0,0.0,0.0,0.0,0.0,0.0,0.0,0.0,0.0,0.0,0.0,0.0,0.0,0.0,0.0,0.0,0.0,0.0,0.0,0.0,0.0,0.0,0.0,0.0,0.0,0.0,0.0,0.0,0.0,798833.0
지옥파천황,청산,프로무림,10710.0,29062.0,20281.0,15946.0,13230.0,15057.0,20000.0,20937.0,21154.0,11025.0,16441.0,14987.0,7286.0,27507.0,10710.0,6816.0,9324.0,19450.0,24669.0,25130.0,12133.0,7938.0,11970.0,6930.0,20067.0,8432.0,13787.0,17597.0,12951.0,23128.0,10171.0,10421.0,13534.0,19049.0,18207.0,13630.0,43750.0,20160.0,25020.0,10241.0,12442.0,7090.0,0.0,17316.0,2520.0,17245.0,6424.0,6930.0,8820.0,8787.0,1949.0,1890.0,3194.0,4410.0,5178.0,9914.0,5040.0,12165.0,8050.0,0.0,798202.0
밀리 신흥재벌,박재학,포텐,0.0,0.0,0.0,0.0,0.0,0.0,0.0,0.0,0.0,0.0,0.0,0.0,0.0,0.0,0.0,0.0,0.0,0.0,0.0,0.0,0.0,0.0,0.0,0.0,0.0,0.0,0.0,0.0,0.0,0.0,0.0,0.0,0.0,0.0,0.0,0.0,0.0,0.0,0.0,0.0,0.0,0.0,0.0,330000.0,155000.0,35000.0,30000.0,65000.0,40000.0,30000.0,15000.0,35000.0,5000.0,12000.0,16000.0,0.0,0.0,4000.0,8000.0,16000.0,796000.0
S2급 결혼 헌터,백견(百見),포텐,8070.0,315382.0,25300.0,4813.0,65720.0,32460.0,7900.0,7420.0,8260.0,1820.0,1330.0,1750.0,4400.0,770.0,2586.0,4900.0,7140.0,8540.0,1575.0,6584.0,22645.0,3967.0,17202.0,17629.0,15093.0,15850.0,9627.0,12629.0,637.0,5971.0,16673.0,13370.0,4559.0,2031.0,1900.0,3994.0,5459.0,3878.0,6103.0,5446.0,3339.0,15743.0,14967.0,0.0,0.0,4286.0,0.0,6940.0,63.0,9384.0,6840.0,3260.0,947.0,4659.0,5276.0,1260.0,3623.0,7149.0,2835.0,3698.0,795652.0
마야,서효원,프로무림,13156.0,22857.0,12092.0,12000.0,7200.0,9600.0,0.0,1800.0,7500.0,11543.0,24900.0,5400.0,14400.0,9090.0,18300.0,11700.0,2700.0,4500.0,20653.0,14935.0,14962.0,22274.0,24127.0,16430.0,17147.0,20789.0,26620.0,10800.0,2030.0,65720.0,14311.0,7070.0,13826.0,8100.0,20736.0,8280.0,9810.0,8330.0,12600.0,1800.0,12568.0,66.0,15516.0,5464.0,6480.0,4748.0,13440.0,55620.0,47700.0,6900.0,2880.0,2916.0,873.0,3600.0,0.0,8100.0,5940.0,4140.0,40140.0,3766.0,790945.0
와일드 문,나한,프로무림,23418.0,16056.0,86594.0,54775.0,17745.0,35469.0,42784.0,23219.0,11907.0,21553.0,20496.0,11823.0,5670.0,15736.0,18242.0,21357.0,27594.0,27699.0,31024.0,81727.0,2870.0,8960.0,1890.0,2240.0,630.0,1260.0,630.0,0.0,9450.0,22960.0,3941.0,11200.0,2520.0,630.0,0.0,11970.0,9590.0,2870.0,44800.0,8960.0,24290.0,630.0,1260.0,0.0,1890.0,0.0,630.0,2520.0,0.0,0.0,0.0,0.0,12411.0,0.0,441.0,1890.0,0.0,0.0,0.0,0.0,788221.0
황금제국,이원호,프로무림,13500.0,12000.0,34500.0,22500.0,12000.0,15000.0,10500.0,22500.0,18000.0,0.0,16500.0,9000.0,24000.0,10500.0,9000.0,19500.0,13500.0,10500.0,16200.0,31500.0,15000.0,18000.0,9000.0,40500.0,13500.0,7500.0,10500.0,3000.0,10500.0,2550.0,6000.0,19200.0,0.0,7500.0,12000.0,26700.0,10500.0,7500.0,25050.0,6000.0,7500.0,3000.0,13500.0,13500.0,7500.0,1500.0,1500.0,9000.0,7500.0,25500.0,43050.0,6000.0,18000.0,16200.0,4500.0,10500.0,1500.0,12000.0,9000.0,5700.0,787650.0
중원무정,서효원,프로무림,14491.0,12259.0,3600.0,3600.0,1800.0,0.0,0.0,21600.0,14400.0,36000.0,31200.0,28504.0,20880.0,16200.0,10609.0,18232.0,27900.0,10800.0,11700.0,16080.0,14940.0,20952.0,22144.0,7699.0,4500.0,12600.0,6088.0,12866.0,26812.0,16020.0,10620.0,28500.0,13572.0,26761.0,17172.0,12690.0,15019.0,9000.0,22506.0,19656.0,13200.0,5940.0,6480.0,15840.0,7200.0,13115.0,14286.0,5468.0,4748.0,8640.0,11588.0,10508.0,3211.0,11700.0,1800.0,0.0,2700.0,6372.0,12492.0,7859.0,783119.0
너의 스탯이 보여,아차니,포텐,241250.0,249544.0,120520.0,74914.0,76580.0,13790.0,3070.0,0.0,3290.0,0.0,0.0,0.0,0.0,0.0,0.0,0.0,0.0,0.0,0.0,0.0,0.0,0.0,0.0,0.0,0.0,0.0,0.0,0.0,0.0,0.0,0.0,0.0,0.0,0.0,0.0,0.0,0.0,0.0,0.0,0.0,0.0,0.0,0.0,0.0,0.0,0.0,0.0,0.0,0.0,0.0,0.0,0.0,0.0,0.0,0.0,0.0,0.0,0.0,0.0,0.0,782958.0
대야성,사마달,프로무림,20976.0,16176.0,12480.0,20742.0,6381.0,18984.0,8732.0,15640.0,18174.0,11324.0,8978.0,10797.0,16585.0,15132.0,8410.0,10413.0,13895.0,16011.0,29535.0,11705.0,12082.0,18128.0,13216.0,16051.0,6242.0,15341.0,14341.0,13190.0,6704.0,33529.0,27994.0,11375.0,12276.0,16527.0,7495.0,9426.0,8101.0,8526.0,14132.0,23344.0,31124.0,8212.0,12459.0,10169.0,7668.0,13530.0,11408.0,5270.0,4968.0,3644.0,10219.0,3850.0,13600.0,11699.0,4294.0,8175.0,3521.0,15602.0,10281.0,8588.0,777371.0
자하검신,관측불가,포텐,0.0,0.0,0.0,0.0,0.0,0.0,0.0,0.0,0.0,0.0,0.0,0.0,0.0,0.0,0.0,0.0,0.0,0.0,0.0,0.0,0.0,0.0,0.0,0.0,0.0,0.0,0.0,0.0,0.0,0.0,0.0,0.0,0.0,0.0,0.0,0.0,0.0,0.0,0.0,0.0,0.0,0.0,0.0,0.0,0.0,0.0,0.0,0.0,0.0,0.0,0.0,0.0,0.0,0.0,0.0,0.0,0.0,0.0,586264.0,189526.0,775790.0
절대검호,서효원,프로무림,15107.0,20277.0,15000.0,4212.0,3600.0,19800.0,0.0,2880.0,6300.0,14400.0,5400.0,36300.0,41821.0,15475.0,14031.0,5632.0,14400.0,9000.0,21370.0,15589.0,13680.0,14098.0,35983.0,7661.0,41207.0,36187.0,7359.0,3046.0,15667.0,15912.0,18334.0,10800.0,15998.0,14040.0,8100.0,7380.0,14659.0,18216.0,11875.0,0.0,36512.0,2664.0,1195.0,1671.0,8312.0,13847.0,5580.0,11520.0,14984.0,5707.0,10775.0,12820.0,9266.0,2729.0,4355.0,1872.0,4860.0,20853.0,9909.0,1068.0,771295.0
바람의 딸,이원호,프로무림,8600.0,9400.0,18800.0,0.0,22000.0,9400.0,1100.0,18200.0,9300.0,6900.0,6100.0,7900.0,2000.0,13700.0,6500.0,8700.0,0.0,6750.0,15298.0,168.0,1100.0,39078.0,6963.0,16617.0,33732.0,20268.0,2970.0,7110.0,0.0,17388.0,11556.0,22788.0,100.0,0.0,10745.0,12648.0,16308.0,8989.0,43569.0,15840.0,3429.0,25221.0,17948.0,11640.0,7264.0,18594.0,3670.0,26427.0,21047.0,20106.0,7800.0,25275.0,20013.0,21021.0,16463.0,12691.0,6175.0,16938.0,12013.0,16523.0,768843.0
생존자,이원호,프로무림,20100.0,18000.0,29100.0,3000.0,0.0,10000.0,9900.0,17800.0,6000.0,24000.0,0.0,3200.0,12300.0,30100.0,6000.0,15000.0,6300.0,25000.0,21900.0,36200.0,3000.0,36600.0,38700.0,23200.0,6300.0,12000.0,9000.0,16600.0,9000.0,30000.0,9000.0,9000.0,24000.0,15000.0,0.0,30900.0,15780.0,7968.0,21102.0,20700.0,1701.0,4401.0,5400.0,3000.0,900.0,9000.0,1701.0,2835.0,5700.0,0.0,2300.0,6000.0,8500.0,30500.0,2101.0,8686.0,9000.0,6600.0,24831.0,0.0,764906.0
환생혈마,파인블루,포텐,0.0,0.0,0.0,0.0,0.0,0.0,0.0,0.0,0.0,0.0,0.0,0.0,0.0,0.0,0.0,630.0,4900.0,6930.0,7980.0,186260.0,68007.0,33336.0,27662.0,6768.0,40756.0,39625.0,14197.0,19867.0,15036.0,11553.0,8234.0,13440.0,36556.0,10231.0,6804.0,10767.0,59656.0,1501.0,9320.0,5046.0,6301.0,442.0,16149.0,10429.0,21079.0,7619.0,134.0,1974.0,2449.0,517.0,12159.0,322.0,4212.0,6503.0,4221.0,3276.0,567.0,765.0,5733.0,2646.0,752559.0
초인대형,사마달,프로무림,15945.0,16637.0,31882.0,22941.0,26317.0,14853.0,14034.0,17990.0,16486.0,10604.0,13991.0,14930.0,6466.0,11474.0,22631.0,13407.0,8526.0,3272.0,4521.0,14115.0,3554.0,12573.0,12453.0,9815.0,20644.0,7300.0,16136.0,15236.0,13009.0,7171.0,10806.0,19230.0,13642.0,2916.0,4060.0,12932.0,9075.0,17794.0,15987.0,22603.0,6985.0,23089.0,8324.0,11126.0,12201.0,16507.0,10124.0,2669.0,8550.0,8481.0,12095.0,11361.0,18278.0,4460.0,10062.0,2835.0,7685.0,16047.0,13231.0,165.0,752233.0
철립,서효원,프로무림,25381.0,14522.0,1527.0,7200.0,5700.0,2700.0,21600.0,2700.0,4500.0,18900.0,10175.0,11605.0,9720.0,13496.0,8086.0,16325.0,12100.0,10805.0,7200.0,23400.0,5130.0,16740.0,13908.0,12836.0,16752.0,6287.0,10100.0,29214.0,14564.0,34486.0,8190.0,12355.0,6300.0,16380.0,21804.0,11111.0,17345.0,15780.0,21720.0,12240.0,14420.0,12900.0,18516.0,13626.0,6840.0,3165.0,11421.0,46970.0,15296.0,6300.0,12510.0,14864.0,4590.0,11863.0,6840.0,2948.0,3600.0,1872.0,900.0,9624.0,749949.0
흑도대종사,서효원,프로무림,27768.0,18060.0,8754.0,16200.0,10800.0,24600.0,4500.0,20700.0,18900.0,27000.0,11375.0,9900.0,19580.0,12600.0,23194.0,15063.0,13500.0,9080.0,5371.0,11260.0,20068.0,16427.0,6656.0,2970.0,22379.0,24876.0,31399.0,22921.0,21212.0,10260.0,12175.0,7200.0,10555.0,7615.0,13980.0,6955.0,11520.0,3600.0,12445.0,8416.0,11961.0,8811.0,5595.0,13608.0,17392.0,11712.0,13292.0,3240.0,4770.0,14547.0,13732.0,14840.0,5648.0,3960.0,5373.0,900.0,6300.0,6930.0,2243.0,2619.0,749307.0
무상혜검,서효원,프로무림,7651.0,18928.0,6000.0,8100.0,6300.0,3600.0,8100.0,14400.0,11700.0,16200.0,34884.0,11203.0,10260.0,8100.0,9531.0,6532.0,9124.0,9900.0,11700.0,24673.0,3600.0,11340.0,18000.0,21394.0,8640.0,20880.0,14839.0,37394.0,5212.0,10386.0,8100.0,18000.0,17902.0,13680.0,21895.0,7298.0,13950.0,4500.0,10980.0,22190.0,17390.0,10624.0,15800.0,452.0,34996.0,15323.0,14700.0,2700.0,8100.0,19740.0,6000.0,8316.0,5688.0,4716.0,12989.0,14263.0,6480.0,14395.0,4860.0,4211.0,748809.0
베스트 원,한세,프로무림,69615.0,22379.0,17899.0,12537.0,12600.0,27776.0,11312.0,9450.0,15701.0,9828.0,22239.0,12229.0,11088.0,12789.0,13706.0,9548.0,3969.0,17500.0,7481.0,12537.0,3969.0,630.0,20720.0,32578.0,0.0,2870.0,20699.0,11655.0,2961.0,630.0,11781.0,15962.0,18821.0,0.0,3402.0,1260.0,1890.0,2520.0,23879.0,0.0,630.0,15736.0,0.0,28358.0,1890.0,17850.0,1260.0,2268.0,10878.0,29120.0,59089.0,5075.0,20090.0,14666.0,6174.0,15194.0,0.0,0.0,630.0,10220.0,747538.0
뉴 월드,박재학,프로무림,13230.0,13230.0,6300.0,31500.0,25410.0,9331.0,4851.0,17360.0,8910.0,13725.0,13095.0,630.0,11970.0,6804.0,20160.0,10710.0,12330.0,3780.0,6930.0,16450.0,18000.0,6255.0,6930.0,8640.0,25146.0,7785.0,20520.0,16245.0,18980.0,3150.0,2520.0,18765.0,5670.0,12600.0,9821.0,16317.0,10281.0,12899.0,10710.0,7560.0,20454.0,7703.0,20424.0,21966.0,4769.0,16443.0,12915.0,17556.0,35644.0,10206.0,12852.0,22200.0,5922.0,6678.0,8970.0,15498.0,6426.0,6073.0,2318.0,1764.0,742281.0
용천무,사마달,프로무림,17697.0,16011.0,6428.0,25950.0,24139.0,21944.0,15077.0,5461.0,7699.0,22200.0,14426.0,7831.0,14868.0,17611.0,15507.0,16931.0,9061.0,7868.0,10383.0,18915.0,9869.0,7548.0,13060.0,5075.0,24785.0,4950.0,13606.0,7722.0,16121.0,13296.0,18399.0,4334.0,12910.0,10769.0,5330.0,6160.0,7148.0,15970.0,7751.0,16603.0,12120.0,13889.0,9054.0,3412.0,10880.0,13482.0,16764.0,13649.0,9476.0,6055.0,8173.0,18077.0,12344.0,11057.0,4428.0,14679.0,2622.0,17577.0,15239.0,8542.0,738932.0
학사 김필도,한세,프로무림,32571.0,19845.0,18711.0,9576.0,14616.0,10269.0,10206.0,13860.0,11753.0,10143.0,26992.0,4410.0,23688.0,4536.0,47656.0,3960.0,1701.0,3402.0,23500.0,7875.0,13531.0,1260.0,1260.0,5040.0,9828.0,11256.0,3528.0,5040.0,24696.0,12222.0,5040.0,17920.0,5040.0,5443.0,5443.0,0.0,4158.0,0.0,10985.0,6993.0,14217.0,4536.0,32837.0,11767.0,6300.0,23363.0,0.0,6300.0,2240.0,18977.0,24374.0,40320.0,17920.0,6577.0,7182.0,5024.0,10850.0,5107.0,22899.0,26580.0,735323.0
게임 속레벨이 되었다,윤준모,포텐,0.0,0.0,0.0,0.0,0.0,0.0,0.0,0.0,0.0,0.0,0.0,0.0,0.0,0.0,0.0,0.0,0.0,0.0,0.0,0.0,0.0,0.0,0.0,0.0,0.0,0.0,0.0,0.0,0.0,0.0,0.0,0.0,0.0,0.0,0.0,0.0,0.0,0.0,0.0,0.0,0.0,7910.0,13822.0,58.0,700.0,2580.0,2898.0,1666.0,2800.0,422866.0,164122.0,28138.0,276.0,32244.0,7766.0,5087.0,1575.0,4450.0,30618.0,5622.0,735198.0
무벌,서효원,프로무림,11850.0,9531.0,13577.0,2700.0,9600.0,13684.0,0.0,0.0,8100.0,10800.0,17852.0,19101.0,540.0,6658.0,20031.0,25540.0,18065.0,9900.0,16638.0,6480.0,21494.0,23633.0,16818.0,8914.0,12698.0,20579.0,6300.0,13059.0,8689.0,9000.0,15286.0,4109.0,28496.0,31018.0,6516.0,10868.0,3764.0,11340.0,28116.0,10130.0,20250.0,21092.0,8096.0,0.0,3009.0,2700.0,16619.0,18600.0,6156.0,11867.0,6520.0,17960.0,2987.0,15180.0,21780.0,14040.0,6444.0,4572.0,14796.0,10763.0,734905.0
똥녀 가고 여신 온다,탄마,올나이트노벨,0.0,0.0,0.0,0.0,0.0,0.0,0.0,0.0,0.0,0.0,0.0,0.0,0.0,0.0,0.0,0.0,0.0,0.0,0.0,0.0,0.0,0.0,0.0,0.0,0.0,0.0,0.0,0.0,11270.0,83020.0,53480.0,12950.0,16870.0,70.0,16373.0,54460.0,9086.0,59844.0,71057.0,14779.0,47173.0,27936.0,30829.0,16058.0,22781.0,29698.0,20510.0,6887.0,5539.0,13537.0,34716.0,1739.0,15854.0,3990.0,2855.0,11544.0,784.0,13499.0,20622.0,1387.0,731197.0
칠기무제,천중행,프로무림,6930.0,11920.0,16380.0,9380.0,12040.0,4900.0,14630.0,12880.0,8540.0,31220.0,14210.0,20230.0,20110.0,19320.0,10500.0,29820.0,9800.0,6790.0,8680.0,17430.0,4970.0,12810.0,26600.0,15750.0,8120.0,7980.0,14350.0,13720.0,17110.0,7350.0,18215.0,15050.0,13538.0,7560.0,5250.0,9730.0,21123.0,21000.0,13650.0,8120.0,8190.0,10780.0,11200.0,10780.0,11830.0,4410.0,11620.0,5040.0,6580.0,18096.0,12025.0,8960.0,4410.0,8260.0,10010.0,5530.0,3080.0,10080.0,12320.0,9170.0,730077.0
광풍의 전사,비류수,프로무림,11300.0,19900.0,14400.0,7200.0,15300.0,14900.0,6800.0,11300.0,8600.0,16200.0,3600.0,15300.0,26800.0,9900.0,2700.0,20300.0,10800.0,18900.0,21400.0,3600.0,5400.0,16200.0,7200.0,14400.0,62400.0,45700.0,12600.0,14900.0,9000.0,6300.0,10400.0,0.0,11700.0,42100.0,5400.0,5400.0,11034.0,19080.0,2700.0,5000.0,6300.0,6534.0,6300.0,11727.0,13100.0,13500.0,6800.0,5400.0,5400.0,1800.0,14190.0,19900.0,7767.0,21400.0,900.0,3600.0,900.0,0.0,9900.0,7700.0,729232.0
단권 천하무적대총관 천신우,대나무꽃,포텐,0.0,0.0,0.0,0.0,0.0,0.0,0.0,0.0,0.0,0.0,0.0,0.0,0.0,0.0,0.0,0.0,0.0,0.0,0.0,0.0,0.0,0.0,0.0,0.0,0.0,0.0,0.0,0.0,0.0,0.0,0.0,0.0,0.0,0.0,0.0,0.0,0.0,0.0,0.0,0.0,0.0,0.0,0.0,0.0,0.0,0.0,0.0,0.0,0.0,0.0,0.0,0.0,0.0,0.0,0.0,0.0,0.0,0.0,8996.0,717220.0,726216.0
무림묵시록,서효원,프로무림,41657.0,9300.0,16917.0,15300.0,4500.0,2000.0,3600.0,9900.0,16200.0,10800.0,13505.0,20160.0,24841.0,14570.0,10431.0,1993.0,20824.0,8100.0,8100.0,10164.0,3060.0,16380.0,19728.0,16594.0,6300.0,10427.0,25576.0,14220.0,13361.0,9720.0,2700.0,4500.0,12046.0,7524.0,17190.0,5548.0,12420.0,7380.0,6480.0,9000.0,14319.0,14539.0,11367.0,7586.0,11225.0,8365.0,9540.0,3683.0,23926.0,18756.0,3600.0,900.0,4500.0,20979.0,6714.0,32483.0,9810.0,3780.0,4823.0,30264.0,724175.0
유건 완,춤추는 그림자,포텐,62120.0,54040.0,74640.0,84680.0,78240.0,62010.0,71820.0,40900.0,95600.0,66080.0,19800.0,13640.0,0.0,0.0,0.0,0.0,0.0,0.0,0.0,0.0,0.0,0.0,0.0,0.0,0.0,0.0,0.0,0.0,0.0,0.0,0.0,0.0,0.0,0.0,0.0,0.0,0.0,0.0,0.0,0.0,0.0,0.0,0.0,0.0,0.0,0.0,0.0,0.0,0.0,0.0,0.0,0.0,0.0,0.0,0.0,0.0,0.0,0.0,0.0,0.0,723570.0
여친의 언니,탐욕적인창작자,프로무림,0.0,0.0,0.0,0.0,0.0,0.0,0.0,0.0,0.0,0.0,0.0,0.0,0.0,0.0,0.0,0.0,0.0,0.0,0.0,0.0,0.0,0.0,0.0,34090.0,7700.0,2030.0,45871.0,1596.0,9016.0,15372.0,17080.0,763.0,2100.0,7300.0,27230.0,27580.0,3486.0,20671.0,21483.0,25970.0,70.0,59787.0,33670.0,6118.0,70.0,560.0,350.0,140.0,180280.0,0.0,1673.0,0.0,210.0,70.0,2770.0,126.0,80189.0,80756.0,0.0,3001.0,719178.0
핵재벌이 돈을 숨김,방탄리무진,포텐,302355.0,205968.0,154770.0,15540.0,46202.0,-210.0,0.0,0.0,0.0,0.0,0.0,0.0,0.0,0.0,0.0,0.0,0.0,0.0,0.0,0.0,0.0,0.0,0.0,0.0,-1290.0,0.0,0.0,0.0,0.0,0.0,0.0,-1358.0,0.0,0.0,-67.0,0.0,16.0,0.0,0.0,0.0,0.0,0.0,0.0,-2851.0,0.0,0.0,0.0,0.0,0.0,0.0,0.0,0.0,0.0,0.0,0.0,0.0,0.0,0.0,0.0,0.0,719075.0
십전무판자,검궁인,프로무림,10046.0,8226.0,12984.0,16340.0,16257.0,21469.0,8540.0,12723.0,13397.0,8530.0,20988.0,8809.0,7896.0,18867.0,9851.0,11493.0,27261.0,19514.0,9380.0,11553.0,15505.0,10934.0,5402.0,10676.0,12031.0,8282.0,27137.0,18087.0,13071.0,17988.0,19467.0,12628.0,7529.0,6860.0,6217.0,1953.0,10332.0,9339.0,8550.0,13592.0,12612.0,9526.0,13216.0,6213.0,18960.0,15355.0,11737.0,17253.0,9411.0,13325.0,7422.0,9151.0,4598.0,5779.0,13087.0,8462.0,9319.0,8425.0,9619.0,5597.0,718771.0
만통사인방,검궁인,프로무림,53130.0,18522.0,14634.0,3937.0,22581.0,4122.0,8670.0,11410.0,13788.0,7697.0,13129.0,5531.0,6363.0,7630.0,12740.0,4448.0,6741.0,12621.0,5446.0,13396.0,21529.0,12279.0,15108.0,6717.0,7979.0,19239.0,2242.0,13616.0,11477.0,5607.0,9311.0,-620.0,26563.0,4322.0,5016.0,12513.0,17259.0,21868.0,13629.0,14661.0,20081.0,37803.0,11130.0,7500.0,21599.0,12101.0,8605.0,6996.0,16616.0,10385.0,9437.0,13575.0,16050.0,4955.0,7723.0,6305.0,7733.0,6298.0,4733.0,680.0,717156.0
대자객단,서효원,프로무림,32950.0,35046.0,7200.0,1800.0,6600.0,0.0,2700.0,9900.0,3600.0,12690.0,19175.0,12505.0,7200.0,58675.0,13677.0,14932.0,4500.0,7200.0,13795.0,9202.0,8856.0,33309.0,11815.0,6330.0,23458.0,15394.0,8215.0,9590.0,15322.0,22140.0,26800.0,6300.0,6871.0,3231.0,5616.0,12583.0,11700.0,3672.0,24480.0,17460.0,16735.0,9608.0,12487.0,6867.0,9392.0,3000.0,4716.0,6833.0,18713.0,13100.0,2700.0,9216.0,9644.0,873.0,20916.0,9263.0,5940.0,2200.0,4748.0,3690.0,717130.0
명품공자,청산,프로무림,2268.0,2240.0,51520.0,4508.0,8960.0,13496.0,4480.0,13440.0,13468.0,4480.0,8064.0,8960.0,0.0,0.0,40628.0,2807.0,6748.0,16004.0,27171.0,31360.0,26812.0,2240.0,17920.0,6899.0,6720.0,0.0,0.0,6720.0,12434.0,0.0,9676.0,6720.0,13223.0,20160.0,15680.0,56028.0,33600.0,31360.0,6899.0,18636.0,2240.0,6123.0,9112.0,3427.0,15789.0,630.0,24398.0,9349.0,8540.0,9450.0,13370.0,2920.0,2520.0,14529.0,2520.0,1990.0,11244.0,3928.0,14280.0,8190.0,716878.0
제97장 세계여행3,박재학,프로무림,1330.0,0.0,0.0,6650.0,0.0,11200.0,2240.0,4270.0,13090.0,3990.0,10570.0,5460.0,3780.0,15680.0,20230.0,19110.0,2240.0,6230.0,2240.0,10150.0,5740.0,91840.0,4480.0,0.0,40320.0,6720.0,3990.0,4550.0,40530.0,57330.0,42560.0,3780.0,2240.0,2310.0,20160.0,3220.0,1960.0,20160.0,10990.0,18690.0,0.0,0.0,24640.0,12600.0,70.0,42140.0,8960.0,4480.0,3500.0,30870.0,17290.0,210.0,0.0,630.0,6440.0,1050.0,0.0,28420.0,1190.0,10430.0,712950.0
한월,사마달,프로무림,15100.0,9330.0,12006.0,8652.0,19734.0,11685.0,9705.0,15357.0,15055.0,5903.0,30927.0,12980.0,15080.0,7431.0,2737.0,8229.0,21017.0,10339.0,5852.0,11094.0,19278.0,30195.0,13493.0,18952.0,3715.0,7770.0,17938.0,11515.0,13738.0,17553.0,21196.0,4690.0,10537.0,1610.0,20495.0,7152.0,21775.0,6907.0,7229.0,21658.0,17787.0,15423.0,8402.0,11018.0,4499.0,5390.0,12367.0,14902.0,8235.0,8980.0,3070.0,8303.0,14801.0,1260.0,8043.0,3912.0,1260.0,8220.0,2064.0,24455.0,708000.0
블러드 투 다크 문,사야,포텐,0.0,0.0,0.0,0.0,0.0,0.0,0.0,0.0,0.0,0.0,11620.0,24311.0,18694.0,14658.0,26810.0,300599.0,86339.0,8866.0,45443.0,58027.0,18788.0,6972.0,22685.0,6439.0,2016.0,0.0,0.0,0.0,0.0,14112.0,0.0,0.0,0.0,0.0,0.0,0.0,0.0,0.0,0.0,0.0,0.0,0.0,1260.0,3150.0,0.0,12703.0,0.0,0.0,0.0,0.0,4410.0,0.0,67.0,0.0,0.0,0.0,75.0,14112.0,1890.0,2520.0,706566.0
핵재벌 개망나니,방탄리무진,포텐,205386.0,120996.0,319222.0,21946.0,56268.0,-9450.0,-350.0,0.0,-840.0,-560.0,0.0,0.0,-980.0,0.0,0.0,0.0,0.0,0.0,0.0,0.0,0.0,0.0,0.0,0.0,0.0,0.0,0.0,-4141.0,0.0,0.0,0.0,0.0,-67.0,0.0,0.0,-1018.0,-407.0,0.0,0.0,0.0,0.0,0.0,0.0,0.0,0.0,0.0,0.0,0.0,0.0,0.0,0.0,0.0,0.0,0.0,0.0,0.0,0.0,0.0,0.0,0.0,706005.0
위대한 가문의 망나니가 되다,바나바다,포텐,0.0,0.0,0.0,0.0,0.0,0.0,0.0,0.0,0.0,0.0,0.0,0.0,0.0,0.0,0.0,0.0,0.0,0.0,0.0,0.0,0.0,0.0,0.0,0.0,0.0,0.0,0.0,0.0,0.0,0.0,0.0,0.0,0.0,0.0,0.0,0.0,0.0,0.0,0.0,0.0,0.0,0.0,0.0,0.0,0.0,0.0,0.0,0.0,0.0,0.0,0.0,0.0,0.0,0.0,0.0,0.0,0.0,6.0,134392.0,571383.0,705781.0
천심기,검궁인,프로무림,37214.0,14347.0,15245.0,5807.0,9709.0,17899.0,7422.0,8910.0,7312.0,15048.0,18265.0,10103.0,13414.0,22729.0,14138.0,6611.0,6638.0,9455.0,14684.0,7560.0,7139.0,11748.0,6647.0,5053.0,24934.0,19908.0,3331.0,2041.0,10537.0,16355.0,53095.0,20069.0,5485.0,2400.0,6530.0,15728.0,10531.0,26647.0,5952.0,7908.0,8306.0,9980.0,10094.0,26691.0,10121.0,5052.0,7711.0,10254.0,19871.0,4841.0,15924.0,8485.0,3873.0,630.0,13311.0,13209.0,630.0,4944.0,5002.0,1890.0,705367.0
마법천재 마술방송,라마현,포텐,0.0,0.0,0.0,0.0,0.0,0.0,0.0,0.0,0.0,0.0,0.0,0.0,0.0,0.0,0.0,0.0,0.0,0.0,0.0,0.0,0.0,0.0,0.0,0.0,0.0,0.0,0.0,0.0,0.0,0.0,0.0,0.0,0.0,0.0,0.0,0.0,0.0,0.0,0.0,0.0,0.0,0.0,0.0,113003.0,18964.0,871.0,6951.0,207244.0,43661.0,76603.0,77726.0,20528.0,10064.0,32041.0,12934.0,5479.0,25867.0,22516.0,7160.0,22692.0,704304.0
검명도살,몽월,프로무림,32100.0,4500.0,4500.0,0.0,0.0,80600.0,2700.0,3600.0,53400.0,2700.0,143500.0,89300.0,2700.0,17600.0,3600.0,64800.0,0.0,14400.0,6300.0,15300.0,4500.0,3600.0,4500.0,17100.0,19400.0,11700.0,8190.0,495.0,0.0,10935.0,0.0,4285.0,2520.0,1260.0,4410.0,630.0,3187.0,3780.0,1890.0,3780.0,2520.0,0.0,0.0,3780.0,0.0,2520.0,3150.0,3780.0,0.0,1260.0,0.0,5110.0,2520.0,0.0,7385.0,9485.0,9800.0,0.0,0.0,1890.0,700962.0
화룡비천록,사마달,프로무림,7170.0,13916.0,4295.0,14439.0,9648.0,18259.0,24681.0,16275.0,15750.0,12517.0,9329.0,12502.0,15370.0,7784.0,13462.0,6169.0,21648.0,5054.0,8013.0,7722.0,6617.0,8167.0,4344.0,20851.0,15917.0,7758.0,5222.0,12369.0,13982.0,11053.0,25990.0,18369.0,10425.0,10002.0,10143.0,15031.0,7537.0,13722.0,10772.0,15053.0,5677.0,14922.0,10791.0,19354.0,7657.0,11767.0,6119.0,16827.0,21048.0,10221.0,18771.0,7044.0,10791.0,10870.0,5441.0,4830.0,5138.0,3507.0,10232.0,9846.0,698180.0
절대자류,서효원,프로무림,14583.0,9779.0,9600.0,900.0,11700.0,5600.0,2700.0,21600.0,4500.0,12600.0,26351.0,3505.0,5760.0,13500.0,19240.0,26970.0,18600.0,26700.0,17460.0,2700.0,6300.0,17374.0,8900.0,8640.0,14552.0,2068.0,5292.0,18000.0,237.0,16623.0,17971.0,6809.0,28584.0,33120.0,15516.0,8501.0,22489.0,5141.0,8008.0,2454.0,49633.0,17812.0,7632.0,10260.0,5648.0,8003.0,14274.0,9579.0,983.0,1800.0,7079.0,18257.0,7320.0,1800.0,5075.0,2700.0,5400.0,9000.0,11700.0,3227.0,698109.0
질풍시대,이원호,프로무림,22300.0,0.0,0.0,0.0,0.0,0.0,0.0,0.0,0.0,0.0,0.0,0.0,0.0,0.0,0.0,0.0,0.0,0.0,25824.0,64321.0,25600.0,24732.0,11100.0,756.0,18313.0,13300.0,17560.0,3240.0,11124.0,11608.0,20844.0,44776.0,21508.0,10960.0,21600.0,21600.0,45160.0,66552.0,29892.0,11016.0,8316.0,0.0,12956.0,10692.0,9721.0,5000.0,0.0,17713.0,1079.0,8640.0,20908.0,10779.0,9613.0,0.0,521.0,3560.0,13152.0,12984.0,0.0,5292.0,694612.0
기검광혈무,사마달,프로무림,22909.0,19733.0,25019.0,16661.0,30572.0,19029.0,15980.0,15805.0,13502.0,11218.0,8089.0,13495.0,10880.0,12985.0,8995.0,29072.0,10316.0,11062.0,16086.0,12521.0,18151.0,16491.0,13643.0,7614.0,2380.0,9016.0,15750.0,3813.0,21510.0,3572.0,1960.0,8529.0,1524.0,13229.0,5437.0,5233.0,7220.0,5514.0,9354.0,13299.0,13607.0,12320.0,6082.0,6993.0,9580.0,9394.0,9766.0,6688.0,17811.0,18469.0,8712.0,11219.0,17340.0,7600.0,9072.0,1260.0,7095.0,11474.0,1111.0,630.0,693391.0
Baseball Country 완,김군0619,포텐,0.0,0.0,0.0,0.0,0.0,0.0,0.0,0.0,0.0,0.0,182686.0,2240.0,38528.0,6048.0,2240.0,11113.0,0.0,0.0,0.0,0.0,14112.0,10654.0,2419.0,94080.0,0.0,0.0,0.0,0.0,0.0,75264.0,6174.0,0.0,2240.0,31360.0,0.0,45472.0,0.0,0.0,38259.0,6720.0,2240.0,3887.0,0.0,0.0,0.0,1881.0,0.0,0.0,32831.0,16845.0,17122.0,0.0,0.0,0.0,0.0,4480.0,34043.0,7727.0,0.0,0.0,690665.0
고독천년 제58장 다시 암자에서,와룡강,프로무림,1750.0,8260.0,15750.0,7140.0,20160.0,13000.0,0.0,0.0,31100.0,1800.0,58500.0,12600.0,13500.0,9900.0,10800.0,5200.0,22500.0,10800.0,30500.0,1800.0,7200.0,3600.0,3400.0,18000.0,27000.0,19800.0,7200.0,4500.0,24300.0,2700.0,1800.0,2700.0,7200.0,4500.0,9900.0,7200.0,67500.0,14400.0,7200.0,10600.0,2700.0,0.0,900.0,4500.0,22500.0,0.0,0.0,3400.0,22100.0,23500.0,30200.0,17100.0,0.0,3600.0,0.0,900.0,900.0,15300.0,14200.0,0.0,687560.0
내 몸속에 던전이 있다,웹중,포텐,0.0,0.0,0.0,0.0,0.0,0.0,0.0,0.0,0.0,0.0,0.0,0.0,0.0,0.0,0.0,0.0,0.0,0.0,0.0,0.0,0.0,0.0,0.0,0.0,0.0,0.0,0.0,0.0,0.0,0.0,0.0,0.0,0.0,0.0,0.0,0.0,0.0,0.0,0.0,0.0,0.0,0.0,0.0,14701.0,11216.0,6695.0,105180.0,7283.0,5762.0,4383.0,2949.0,6372.0,69836.0,57676.0,12671.0,36479.0,194247.0,114837.0,26929.0,9592.0,686808.0
전사몽,강태산,프로무림,17262.0,17003.0,12486.0,10956.0,9754.0,11658.0,43109.0,23470.0,8190.0,30459.0,5900.0,17687.0,8489.0,4410.0,15750.0,8629.0,3717.0,24152.0,14910.0,13860.0,13230.0,2520.0,24776.0,10137.0,18270.0,6300.0,7448.0,8001.0,14213.0,3780.0,3848.0,7406.0,14086.0,5417.0,13860.0,23282.0,9240.0,6930.0,3780.0,8190.0,9597.0,6671.0,3409.0,2520.0,8820.0,12411.0,5266.0,4730.0,17325.0,0.0,5566.0,16045.0,10347.0,7999.0,1458.0,18900.0,12474.0,14716.0,13479.0,6300.0,684598.0
독왕유고,설봉,프로무림,35840.0,35200.0,9600.0,16000.0,24320.0,12800.0,6400.0,23040.0,7300.0,28800.0,3200.0,28800.0,19200.0,0.0,17920.0,0.0,6400.0,0.0,16400.0,19200.0,16000.0,3200.0,30720.0,25856.0,16000.0,0.0,16000.0,3200.0,0.0,0.0,3200.0,0.0,3200.0,0.0,3200.0,0.0,13650.0,2268.0,0.0,25240.0,23940.0,900.0,20543.0,29508.0,3600.0,9140.0,900.0,0.0,900.0,14720.0,9820.0,11472.0,3888.0,17372.0,9216.0,11061.0,20500.0,4716.0,1872.0,16884.0,683106.0
제51장 사필귀정,와룡강,프로무림,17710.0,5250.0,10710.0,4410.0,11340.0,10500.0,11700.0,9200.0,16900.0,19200.0,9100.0,9100.0,9400.0,12400.0,11600.0,16600.0,26400.0,13100.0,4500.0,10700.0,26500.0,5700.0,25500.0,12500.0,4300.0,11300.0,16700.0,8100.0,5200.0,1700.0,8500.0,10400.0,8900.0,7700.0,3000.0,4600.0,7700.0,8300.0,2600.0,9800.0,14200.0,18600.0,2300.0,3300.0,3000.0,5500.0,15100.0,8600.0,11000.0,8000.0,8000.0,5700.0,2300.0,3800.0,47500.0,12600.0,6600.0,7200.0,26150.0,44750.0,683020.0
창업의 신,정현우,프로무림,29400.0,21430.0,23600.0,13900.0,4300.0,5060.0,12200.0,16700.0,21700.0,10050.0,41220.0,2700.0,17700.0,14500.0,28000.0,8290.0,1600.0,1180.0,16100.0,6880.0,3816.0,900.0,5500.0,5274.0,18458.0,7770.0,7660.0,900.0,5100.0,1900.0,9400.0,19900.0,16800.0,9724.0,16100.0,2056.0,22260.0,9292.0,22000.0,1300.0,2500.0,7848.0,4780.0,-3999.0,19800.0,45617.0,17085.0,0.0,38580.0,2645.0,32888.0,3600.0,600.0,1800.0,10450.0,0.0,4500.0,4500.0,5000.0,2070.0,682884.0
검,천중행,프로무림,15355.0,15359.0,10854.0,6484.0,17965.0,19819.0,7759.0,12951.0,7809.0,14561.0,6061.0,12617.0,17956.0,18148.0,6908.0,1611.0,14388.0,20585.0,7992.0,13923.0,15337.0,10886.0,11217.0,8208.0,15329.0,11535.0,19497.0,9987.0,25330.0,9806.0,17218.0,15968.0,17785.0,4106.0,6400.0,10228.0,9186.0,10133.0,13266.0,7461.0,14063.0,10385.0,10071.0,3909.0,7577.0,10747.0,12180.0,11933.0,10810.0,10550.0,15717.0,13263.0,8869.0,4221.0,3972.0,10953.0,7866.0,3497.0,8281.0,5468.0,682320.0
창천신영,사마달,프로무림,11154.0,8018.0,9334.0,20137.0,19979.0,12219.0,14466.0,12199.0,17374.0,13479.0,10504.0,6298.0,13353.0,10035.0,5242.0,4931.0,4497.0,6017.0,6479.0,7479.0,12249.0,13519.0,17443.0,3850.0,12946.0,30552.0,19068.0,17449.0,15440.0,6474.0,6073.0,17839.0,6148.0,10090.0,7711.0,5188.0,9099.0,20414.0,14685.0,7560.0,11442.0,7605.0,5184.0,11334.0,9057.0,14824.0,24197.0,15544.0,9079.0,5854.0,14477.0,20435.0,7299.0,14986.0,4953.0,4965.0,9694.0,9611.0,7524.0,6615.0,681670.0
호화대협,강태산,프로무림,15852.0,12113.0,17756.0,8834.0,16902.0,5517.0,2913.0,23436.0,5075.0,7668.0,7758.0,21425.0,17429.0,8351.0,3796.0,10210.0,4863.0,5371.0,22053.0,1394.0,18919.0,22306.0,8820.0,8667.0,15944.0,19304.0,16863.0,8248.0,7628.0,5086.0,2778.0,3924.0,4601.0,15584.0,25348.0,21888.0,15314.0,16981.0,10730.0,4323.0,2184.0,1890.0,10920.0,18776.0,34258.0,5207.0,11418.0,7409.0,23425.0,15200.0,5626.0,9156.0,5030.0,5575.0,16820.0,11022.0,2184.0,865.0,14382.0,7901.0,681220.0
용왕쟁패,사마달,프로무림,29953.0,6734.0,31177.0,19242.0,16971.0,10253.0,19039.0,10366.0,21097.0,32276.0,4855.0,15211.0,6814.0,6819.0,20071.0,7480.0,17526.0,14222.0,10928.0,2778.0,19451.0,14247.0,5766.0,5871.0,15458.0,10971.0,16884.0,19913.0,3938.0,8660.0,2923.0,12771.0,17818.0,2628.0,2141.0,20381.0,8139.0,365.0,4762.0,4538.0,22144.0,27801.0,10311.0,8772.0,1512.0,10365.0,1319.0,2242.0,3900.0,11564.0,14729.0,14955.0,10397.0,12725.0,9963.0,3250.0,2148.0,2057.0,1247.0,4991.0,677829.0
검웅영제,천중행,프로무림,9050.0,8750.0,14180.0,3360.0,9030.0,8260.0,25830.0,13090.0,11200.0,24150.0,7280.0,6230.0,21070.0,21140.0,10920.0,15190.0,6025.0,7840.0,8260.0,8960.0,24850.0,3290.0,14910.0,18550.0,17150.0,11060.0,9240.0,22400.0,7910.0,27440.0,10360.0,2380.0,6160.0,5110.0,9100.0,26796.0,14420.0,11480.0,6790.0,10780.0,9940.0,9100.0,9660.0,7140.0,12110.0,13650.0,10990.0,10010.0,8050.0,3150.0,14490.0,12250.0,8820.0,1540.0,8050.0,6020.0,4480.0,11830.0,5670.0,9030.0,675971.0
사형령주,서효원,프로무림,21969.0,29115.0,34400.0,5700.0,5400.0,13500.0,2700.0,19260.0,2700.0,19890.0,10175.0,3600.0,11592.0,6900.0,1431.0,29632.0,5400.0,4915.0,2700.0,22200.0,8154.0,19906.0,35798.0,10627.0,6673.0,9886.0,22510.0,13926.0,10606.0,19980.0,6900.0,19064.0,8961.0,7200.0,6300.0,8700.0,11329.0,900.0,19141.0,2760.0,3251.0,4401.0,900.0,10341.0,25660.0,15480.0,3789.0,15140.0,14678.0,0.0,6847.0,4067.0,9158.0,7200.0,15464.0,19980.0,4680.0,0.0,4590.0,7284.0,675410.0
필살검주,서효원,프로무림,7856.0,5694.0,3600.0,10500.0,28500.0,21400.0,0.0,10800.0,7692.0,11700.0,22500.0,0.0,13861.0,9537.0,16925.0,21563.0,14418.0,5800.0,11800.0,22140.0,14220.0,10116.0,9630.0,7954.0,17700.0,8627.0,33153.0,8100.0,23360.0,20070.0,5400.0,2700.0,13075.0,6300.0,5940.0,13024.0,22500.0,8460.0,1300.0,13522.0,6203.0,15962.0,3819.0,12780.0,4860.0,6660.0,4500.0,6300.0,22434.0,12528.0,3700.0,13092.0,11589.0,4905.0,14631.0,11016.0,0.0,2700.0,7452.0,17508.0,674076.0
용존,사마달,프로무림,8557.0,20941.0,12528.0,19554.0,22093.0,19658.0,10217.0,8076.0,10501.0,6592.0,11373.0,7265.0,11723.0,17988.0,12259.0,18940.0,9068.0,15563.0,31677.0,12306.0,18585.0,6743.0,6055.0,17117.0,15893.0,6702.0,18923.0,22495.0,20106.0,2876.0,4740.0,4254.0,14764.0,4945.0,9222.0,12597.0,8808.0,8584.0,9732.0,4498.0,3771.0,14772.0,6875.0,10511.0,14061.0,3667.0,6119.0,11920.0,19349.0,5430.0,7943.0,14402.0,4060.0,5893.0,2535.0,4473.0,3927.0,6511.0,7481.0,13952.0,672170.0
풍진만리,검궁인,프로무림,17652.0,12199.0,27848.0,5831.0,8517.0,9100.0,18330.0,8205.0,10332.0,12671.0,18799.0,10968.0,11000.0,13524.0,3024.0,6706.0,2750.0,38657.0,61898.0,27126.0,4296.0,11579.0,4797.0,12695.0,19058.0,9790.0,8035.0,38129.0,48337.0,14082.0,9336.0,10307.0,6598.0,9841.0,7393.0,11487.0,3215.0,3643.0,3161.0,5296.0,2806.0,5140.0,2895.0,4257.0,6331.0,12386.0,8071.0,9531.0,4624.0,3899.0,6262.0,3515.0,5501.0,2671.0,2671.0,7849.0,0.0,6099.0,7056.0,4200.0,671976.0
검중검,검궁인,프로무림,19323.0,15987.0,7127.0,15267.0,24332.0,11134.0,22878.0,20431.0,10892.0,12727.0,4236.0,10633.0,2521.0,13327.0,8415.0,3492.0,8379.0,8859.0,9056.0,8152.0,83382.0,31726.0,5023.0,10873.0,9212.0,6268.0,5670.0,28128.0,7148.0,22714.0,13655.0,9815.0,1197.0,6513.0,2386.0,7210.0,8931.0,11970.0,8141.0,8615.0,11524.0,12760.0,6186.0,6589.0,4090.0,8190.0,8933.0,9178.0,13586.0,5271.0,11005.0,6409.0,4326.0,3790.0,12349.0,2557.0,1260.0,7246.0,6148.0,3880.0,671022.0
생사번천,사마달,프로무림,17347.0,11387.0,5276.0,9450.0,17378.0,10612.0,9841.0,5529.0,11625.0,19935.0,13191.0,7313.0,7956.0,14363.0,4968.0,9536.0,13049.0,10014.0,14917.0,5124.0,23762.0,18370.0,13859.0,34698.0,12006.0,15344.0,8987.0,8735.0,13339.0,9927.0,3461.0,10886.0,11229.0,6590.0,7226.0,5842.0,16418.0,4283.0,6715.0,15224.0,21648.0,8255.0,3492.0,12611.0,7650.0,15915.0,8974.0,3473.0,7445.0,6298.0,6114.0,4886.0,7471.0,18405.0,11507.0,11611.0,23861.0,6411.0,10797.0,2364.0,664900.0
풍야혈천록,사마달,프로무림,19051.0,15206.0,7486.0,4525.0,6219.0,4815.0,9560.0,11123.0,6307.0,11690.0,9459.0,11685.0,11007.0,6805.0,5752.0,9492.0,9379.0,2457.0,11817.0,6869.0,22880.0,12381.0,7088.0,20419.0,13597.0,11625.0,11343.0,10178.0,15373.0,4435.0,3500.0,22194.0,5241.0,13647.0,10386.0,14512.0,14311.0,15472.0,17136.0,14650.0,23859.0,15779.0,18181.0,3240.0,9756.0,3150.0,19268.0,7027.0,11945.0,10862.0,9653.0,9629.0,20298.0,885.0,5655.0,5535.0,8993.0,7822.0,15733.0,16454.0,664796.0
무맥,고월,프로무림,14250.0,10260.0,8162.0,18023.0,18857.0,16984.0,20201.0,16575.0,21585.0,8514.0,2555.0,18210.0,11512.0,17880.0,4097.0,5737.0,10336.0,13919.0,4279.0,14459.0,19933.0,9421.0,11045.0,16109.0,16240.0,8882.0,5659.0,26129.0,15174.0,14680.0,11589.0,9663.0,12862.0,12401.0,1646.0,1671.0,20110.0,9600.0,5500.0,8100.0,11438.0,13617.0,7512.0,11055.0,9500.0,6400.0,1064.0,7972.0,12217.0,5820.0,10996.0,10013.0,6520.0,1800.0,6580.0,7329.0,19980.0,5400.0,1800.0,11965.0,661787.0
소설 속 악당으로 살아가는 법,백범,포텐,0.0,0.0,0.0,0.0,0.0,195200.0,299652.0,67760.0,27720.0,-935.0,2585.0,4345.0,55.0,19800.0,110.0,1100.0,9900.0,648.0,0.0,11664.0,7549.0,7646.0,0.0,108.0,0.0,2214.0,3618.0,0.0,0.0,108.0,0.0,194.0,-291.0,0.0,0.0,0.0,0.0,0.0,0.0,0.0,0.0,0.0,0.0,0.0,0.0,0.0,0.0,0.0,0.0,0.0,0.0,0.0,0.0,0.0,0.0,0.0,0.0,0.0,0.0,0.0,660750.0
환골탈태2,와룡강,프로무림,15610.0,11590.0,2790.0,4340.0,8680.0,5300.0,14200.0,9800.0,10330.0,9700.0,9000.0,8000.0,29300.0,14200.0,6200.0,25000.0,8000.0,5400.0,16100.0,8100.0,9800.0,32400.0,11600.0,25900.0,11600.0,21300.0,13400.0,13300.0,10700.0,15200.0,9000.0,3400.0,4400.0,5400.0,12000.0,24800.0,7200.0,2400.0,8000.0,9800.0,8800.0,8100.0,11600.0,4500.0,6200.0,21400.0,3600.0,1800.0,9800.0,9700.0,1800.0,8800.0,7900.0,7000.0,3600.0,24400.0,17920.0,5800.0,8400.0,16090.0,660450.0
유랑소,사마달,프로무림,27073.0,20400.0,6283.0,13574.0,7385.0,17378.0,9282.0,13880.0,9964.0,12034.0,6919.0,13879.0,8986.0,11325.0,10562.0,2741.0,34089.0,6138.0,13999.0,25632.0,53447.0,11559.0,10754.0,20129.0,2538.0,5355.0,7508.0,4413.0,10144.0,21918.0,14748.0,12985.0,8347.0,6181.0,2721.0,11593.0,4498.0,2730.0,9873.0,6755.0,4682.0,16474.0,6575.0,7862.0,3137.0,2139.0,7150.0,12542.0,2079.0,6316.0,15419.0,4987.0,7702.0,12670.0,4521.0,17462.0,8528.0,9507.0,5365.0,4532.0,659368.0
대해무적,사마달,프로무림,11994.0,7567.0,7398.0,8145.0,14072.0,11712.0,8107.0,15202.0,22965.0,15841.0,10589.0,14657.0,8504.0,11768.0,12452.0,9387.0,22816.0,4722.0,6039.0,12147.0,9030.0,888.0,11181.0,20145.0,14004.0,2829.0,10731.0,12746.0,24105.0,9070.0,12711.0,15205.0,960.0,8125.0,5670.0,19180.0,3282.0,17112.0,4170.0,23243.0,6312.0,12033.0,12846.0,1990.0,24656.0,6741.0,8454.0,0.0,8282.0,8696.0,6009.0,7594.0,15127.0,9730.0,7067.0,9309.0,12282.0,15247.0,10082.0,14981.0,657909.0
야망의 눈동자,강산(江山),포텐,14014.0,-4844.0,20580.0,19600.0,49980.0,0.0,31500.0,17597.0,0.0,9198.0,5712.0,168.0,21504.0,12684.0,1568.0,294.0,7000.0,5481.0,21168.0,36750.0,5628.0,0.0,0.0,0.0,252.0,11900.0,18144.0,8862.0,1722.0,252.0,2772.0,2688.0,5796.0,12936.0,4200.0,259.0,1.0,0.0,0.0,126.0,1050.0,0.0,0.0,0.0,41510.0,26250.0,0.0,210.0,0.0,6258.0,8988.0,0.0,714.0,149058.0,7434.0,46340.0,0.0,0.0,12222.0,9912.0,655438.0
천애폭풍기,서효원,프로무림,12265.0,18579.0,30900.0,6000.0,10800.0,900.0,2700.0,2700.0,11700.0,9090.0,6300.0,21600.0,5400.0,8100.0,9300.0,22600.0,9500.0,7020.0,4320.0,8700.0,10410.0,15336.0,15720.0,8640.0,10620.0,10980.0,16920.0,11520.0,13255.0,7380.0,5670.0,3420.0,13824.0,18356.0,6966.0,10640.0,16308.0,14061.0,14580.0,6660.0,12438.0,13552.0,24480.0,0.0,6840.0,19800.0,5711.0,20588.0,2666.0,5400.0,1890.0,29633.0,17356.0,7701.0,5346.0,0.0,1152.0,14634.0,17778.0,5615.0,652320.0
리턴 오브 로드,정현우,포텐,32879.0,21921.0,11490.0,11025.0,11430.0,11310.0,5761.0,10675.0,15820.0,7595.0,25905.0,23269.0,13650.0,4851.0,10409.0,9695.0,4995.0,2268.0,14385.0,9850.0,10219.0,14540.0,30647.0,8526.0,11004.0,14912.0,5107.0,882.0,5720.0,15442.0,7560.0,6885.0,3477.0,0.0,2570.0,2268.0,13923.0,9509.0,8941.0,7451.0,5441.0,3297.0,567.0,7471.0,1423.0,3220.0,14665.0,13545.0,10034.0,54070.0,6300.0,22661.0,8986.0,5200.0,5038.0,9057.0,8823.0,6118.0,17340.0,9713.0,651735.0
환희밀공,설봉,프로무림,6400.0,24400.0,19400.0,11300.0,24400.0,3200.0,3200.0,3200.0,16000.0,3200.0,100.0,96000.0,3200.0,3500.0,8500.0,7300.0,19200.0,19200.0,25600.0,19200.0,0.0,28800.0,9600.0,12800.0,800.0,41600.0,19840.0,12800.0,24000.0,0.0,3200.0,0.0,0.0,1800.0,3200.0,0.0,22400.0,9600.0,12630.0,6400.0,6400.0,3200.0,0.0,9600.0,3200.0,900.0,12400.0,1600.0,6700.0,0.0,6400.0,28800.0,400.0,2200.0,12800.0,0.0,0.0,8000.0,21500.0,1000.0,651070.0
천리무영,사마달,프로무림,16320.0,2265.0,10037.0,26310.0,26243.0,24341.0,14749.0,10451.0,12220.0,13498.0,17541.0,17335.0,6603.0,5710.0,13883.0,11495.0,11210.0,5368.0,13126.0,13587.0,11863.0,29346.0,11076.0,9279.0,9947.0,12548.0,17661.0,13206.0,16202.0,5937.0,6770.0,14849.0,17307.0,2721.0,4347.0,5584.0,8110.0,7438.0,8801.0,11060.0,13858.0,13159.0,12229.0,18004.0,9619.0,3897.0,12123.0,4117.0,6921.0,6707.0,4696.0,1014.0,5446.0,7158.0,1140.0,4179.0,6782.0,9057.0,4459.0,9060.0,649969.0
십검애사,설봉,프로무림,19200.0,41600.0,3200.0,12200.0,23000.0,24100.0,19200.0,16000.0,17800.0,0.0,19200.0,3600.0,0.0,25600.0,0.0,16000.0,0.0,0.0,48000.0,3200.0,0.0,25600.0,0.0,16000.0,19200.0,28800.0,5000.0,25000.0,1800.0,28800.0,22400.0,38400.0,22400.0,0.0,6400.0,6400.0,16567.0,0.0,0.0,0.0,0.0,16000.0,12287.0,0.0,0.0,0.0,0.0,16000.0,11520.0,0.0,16000.0,2835.0,0.0,0.0,9600.0,0.0,0.0,0.0,3200.0,0.0,642109.0
기인총사,검궁인,프로무림,20884.0,12895.0,11167.0,30805.0,15521.0,15578.0,24416.0,20177.0,17488.0,15621.0,10046.0,10428.0,6285.0,10345.0,3654.0,8222.0,7489.0,9545.0,15415.0,5756.0,17867.0,15493.0,1209.0,13894.0,10955.0,10187.0,13965.0,3028.0,6615.0,7990.0,21013.0,8110.0,13039.0,13656.0,1890.0,16204.0,4689.0,6426.0,11923.0,12042.0,4884.0,7562.0,3614.0,14780.0,9243.0,10522.0,4221.0,8274.0,12380.0,4203.0,6950.0,10161.0,7398.0,11626.0,12145.0,3780.0,2670.0,12115.0,5466.0,7980.0,641906.0
실명 시리즈전 작,서효원,프로무림,58000.0,9100.0,-9000.0,0.0,0.0,0.0,0.0,0.0,0.0,39600.0,0.0,100.0,28300.0,3200.0,15000.0,23000.0,900.0,0.0,25740.0,5850.0,1710.0,10670.0,4500.0,7119.0,50058.0,21816.0,13410.0,3600.0,12438.0,17568.0,6399.0,4860.0,53082.0,90.0,10530.0,17370.0,16884.0,1575.0,630.0,0.0,0.0,0.0,16416.0,17573.0,10884.0,990.0,-449.0,9000.0,7062.0,42186.0,3240.0,40860.0,10800.0,0.0,270.0,0.0,0.0,0.0,0.0,28347.0,641278.0
군,천중행,프로무림,14036.0,11324.0,16631.0,9654.0,12275.0,7251.0,9046.0,8537.0,13028.0,6822.0,10700.0,16858.0,12964.0,15044.0,6544.0,8033.0,9764.0,7789.0,8300.0,9874.0,11949.0,7954.0,10624.0,11043.0,21986.0,21738.0,5948.0,15008.0,15089.0,7514.0,13386.0,8876.0,14480.0,8607.0,7092.0,9569.0,13588.0,14052.0,6401.0,7746.0,6035.0,12466.0,15506.0,10725.0,13830.0,11305.0,11056.0,4396.0,1260.0,10659.0,17944.0,10406.0,4851.0,19354.0,6659.0,5768.0,12429.0,7350.0,2716.0,9384.0,641223.0
사신마전,서효원,프로무림,23649.0,5400.0,12092.0,12000.0,11700.0,8700.0,6900.0,19620.0,10800.0,18430.0,19228.0,13590.0,21420.0,10249.0,18177.0,34432.0,19800.0,13500.0,0.0,22399.0,50029.0,7871.0,6696.0,3240.0,28867.0,16461.0,1339.0,9467.0,15519.0,6840.0,8190.0,7317.0,1080.0,1015.0,15930.0,5724.0,18030.0,1328.0,0.0,900.0,5013.0,13139.0,6940.0,18494.0,8201.0,8375.0,2673.0,7380.0,10268.0,3780.0,5870.0,3653.0,3276.0,1800.0,0.0,0.0,16506.0,8316.0,4007.0,3552.0,639172.0
난중무사,이원호,프로무림,25600.0,22400.0,32000.0,25600.0,12800.0,19200.0,25600.0,9600.0,16000.0,19200.0,12800.0,12800.0,3200.0,3200.0,6400.0,22400.0,9600.0,22400.0,0.0,12800.0,12800.0,16000.0,28800.0,6400.0,6400.0,3200.0,9600.0,12800.0,6400.0,9600.0,9600.0,9600.0,12800.0,22400.0,12800.0,12800.0,0.0,3200.0,9600.0,6400.0,0.0,0.0,0.0,12800.0,0.0,0.0,12800.0,0.0,0.0,9600.0,0.0,0.0,16000.0,9600.0,9600.0,7680.0,19840.0,0.0,12800.0,3200.0,638720.0
위풍당당 스토리,박시원,포텐,19703.0,26285.0,13440.0,19460.0,7770.0,20090.0,5348.0,13951.0,8148.0,8441.0,2380.0,22617.0,17332.0,7210.0,7490.0,11214.0,10871.0,6020.0,20548.0,8247.0,14413.0,10646.0,3150.0,17683.0,8439.0,10130.0,10708.0,9476.0,13190.0,19180.0,12810.0,11009.0,7333.0,4561.0,630.0,1890.0,12466.0,5127.0,13971.0,16873.0,5418.0,1750.0,18089.0,8353.0,434.0,25764.0,34515.0,3186.0,1604.0,6930.0,3024.0,24788.0,2520.0,1015.0,9886.0,6352.0,5367.0,2520.0,8083.0,7308.0,637156.0
표절도,풍혼,프로무림,8041.0,4752.0,13500.0,12486.0,2848.0,24224.0,27161.0,25654.0,2006.0,19107.0,3465.0,23450.0,11215.0,14004.0,14753.0,6363.0,2450.0,14386.0,15344.0,5040.0,2268.0,6022.0,5159.0,7761.0,18185.0,16606.0,8837.0,6463.0,7640.0,7308.0,2741.0,7043.0,14570.0,10319.0,3969.0,10294.0,2495.0,567.0,7527.0,9202.0,13608.0,89985.0,17500.0,1809.0,3560.0,4672.0,17307.0,2023.0,1197.0,5019.0,6987.0,630.0,7437.0,8506.0,7174.0,8462.0,2891.0,18425.0,8448.0,2401.0,633266.0
대륙풍,서효원,프로무림,11920.0,3466.0,10827.0,11400.0,5400.0,2700.0,7200.0,14400.0,12600.0,21300.0,21777.0,3706.0,17640.0,19079.0,12086.0,10132.0,12600.0,6260.0,12487.0,5292.0,5940.0,10890.0,11899.0,11112.0,14347.0,5400.0,10678.0,7599.0,11037.0,14237.0,9360.0,14220.0,8640.0,8640.0,12890.0,11127.0,9259.0,9360.0,2700.0,3600.0,5400.0,10644.0,10116.0,15623.0,6480.0,900.0,7641.0,21691.0,9256.0,6876.0,16620.0,15792.0,12440.0,5878.0,9732.0,15273.0,0.0,19008.0,18065.0,10430.0,633072.0
신독보강호,검궁인,프로무림,15204.0,13769.0,16445.0,12863.0,14263.0,23741.0,2152.0,14776.0,14500.0,5930.0,5992.0,6200.0,20728.0,16146.0,12533.0,12404.0,12300.0,17028.0,6194.0,15065.0,10761.0,9017.0,19032.0,15390.0,5509.0,9661.0,7378.0,4933.0,23389.0,12308.0,12732.0,15949.0,11524.0,14675.0,6458.0,8647.0,10308.0,5103.0,11907.0,12405.0,8411.0,31553.0,3554.0,3880.0,13834.0,5363.0,3389.0,9203.0,8379.0,7180.0,11589.0,4224.0,6144.0,4938.0,5239.0,3891.0,4820.0,4480.0,2760.0,3344.0,631494.0
마제참회기,서효원,프로무림,38517.0,10020.0,2081.0,900.0,24000.0,8280.0,900.0,1800.0,11556.0,9990.0,9300.0,5700.0,4100.0,10800.0,15240.0,62119.0,15800.0,4279.0,22724.0,2219.0,20220.0,6156.0,5490.0,7596.0,19510.0,14069.0,15132.0,23277.0,18832.0,1980.0,3977.0,12246.0,3060.0,7380.0,0.0,11160.0,12300.0,7803.0,6516.0,6480.0,180.0,5076.0,11874.0,10184.0,9482.0,108.0,900.0,14130.0,14560.0,18756.0,1656.0,477.0,10296.0,12489.0,4788.0,21348.0,13968.0,11610.0,900.0,4824.0,631115.0
레드 클라우드,한세,프로무림,28161.0,8631.0,16821.0,7371.0,35721.0,12887.0,14742.0,630.0,20475.0,36855.0,8960.0,13580.0,11466.0,21609.0,29897.0,5922.0,7308.0,6753.0,24290.0,0.0,12108.0,8694.0,5103.0,0.0,9639.0,7371.0,0.0,11123.0,24696.0,6552.0,4571.0,0.0,6615.0,5670.0,6451.0,567.0,27240.0,2590.0,27783.0,2835.0,5720.0,1134.0,5490.0,26275.0,0.0,567.0,1260.0,9450.0,2920.0,17437.0,22632.0,9639.0,5103.0,2721.0,2142.0,13302.0,2268.0,1134.0,17878.0,1134.0,629893.0
마왕출사,청산,프로무림,11595.0,16452.0,25760.0,119700.0,62860.0,3150.0,630.0,3150.0,28360.0,6525.0,7515.0,14490.0,27190.0,11130.0,8551.0,6390.0,6930.0,8010.0,3780.0,630.0,1260.0,3780.0,1890.0,6300.0,12726.0,5040.0,16030.0,8648.0,16660.0,6930.0,10710.0,3780.0,18345.0,15540.0,1260.0,5670.0,17904.0,7459.0,2520.0,710.0,3128.0,10010.0,5490.0,3780.0,4469.0,10080.0,1260.0,1260.0,15570.0,3710.0,0.0,0.0,10480.0,4410.0,6930.0,630.0,630.0,0.0,6790.0,4760.0,629347.0
구룡겁,천중행,프로무림,12538.0,6300.0,15890.0,3931.0,10556.0,5040.0,14145.0,8470.0,8248.0,3740.0,5950.0,21565.0,12292.0,4211.0,10710.0,18481.0,14675.0,12810.0,7102.0,6669.0,11245.0,11334.0,15204.0,13367.0,9405.0,11130.0,11143.0,20870.0,20020.0,11781.0,10080.0,8685.0,5042.0,14700.0,21840.0,7630.0,19705.0,8673.0,10220.0,13650.0,5040.0,11441.0,4662.0,8134.0,8330.0,16940.0,7070.0,12334.0,15139.0,6962.0,4112.0,7893.0,3780.0,7047.0,1890.0,4527.0,10080.0,14910.0,7454.0,10184.0,626976.0
건곤일척,검궁인,프로무림,17620.0,8159.0,8158.0,10457.0,25602.0,9799.0,20729.0,6808.0,10557.0,4877.0,11771.0,5829.0,14982.0,8400.0,16264.0,7255.0,16831.0,15961.0,11315.0,4135.0,9044.0,13793.0,4963.0,22274.0,16914.0,5821.0,8665.0,15881.0,909.0,11591.0,7228.0,12653.0,2762.0,11632.0,8570.0,5459.0,8419.0,3870.0,5748.0,7230.0,13340.0,11444.0,10689.0,6867.0,6829.0,5997.0,13980.0,18655.0,22602.0,20443.0,9097.0,5076.0,7321.0,14876.0,7490.0,13002.0,5464.0,8037.0,2526.0,4162.0,626832.0
티끌 모아 대박,흑곰작가,포텐,0.0,0.0,0.0,0.0,0.0,0.0,0.0,0.0,0.0,0.0,0.0,0.0,0.0,0.0,0.0,0.0,0.0,0.0,0.0,0.0,0.0,0.0,0.0,0.0,0.0,0.0,0.0,0.0,0.0,0.0,0.0,0.0,0.0,0.0,0.0,0.0,0.0,0.0,0.0,0.0,0.0,0.0,0.0,0.0,0.0,0.0,0.0,0.0,0.0,0.0,0.0,0.0,85699.0,700.0,160838.0,168656.0,48859.0,20507.0,51774.0,88139.0,625172.0
모방에서 창조까지 하는 에이전트,킹묵,포텐,0.0,0.0,0.0,0.0,0.0,0.0,0.0,0.0,0.0,0.0,0.0,0.0,0.0,0.0,0.0,0.0,0.0,0.0,0.0,0.0,0.0,0.0,0.0,0.0,0.0,0.0,0.0,0.0,0.0,0.0,0.0,0.0,0.0,0.0,0.0,0.0,0.0,0.0,0.0,0.0,0.0,0.0,0.0,0.0,0.0,0.0,0.0,0.0,0.0,0.0,0.0,0.0,0.0,0.0,2781.0,146086.0,147038.0,101072.0,166397.0,58080.0,621454.0
가인혈사록,사마달,프로무림,13126.0,13354.0,10829.0,22570.0,9566.0,8809.0,10417.0,15402.0,18056.0,18257.0,7022.0,15892.0,13373.0,3647.0,13947.0,4333.0,7425.0,6504.0,8770.0,5091.0,8556.0,7328.0,4233.0,1560.0,8397.0,8610.0,10523.0,14510.0,10356.0,19459.0,8009.0,10019.0,14235.0,20346.0,3717.0,11168.0,22933.0,5883.0,4885.0,8172.0,6743.0,4615.0,11435.0,7346.0,10485.0,18894.0,24996.0,14238.0,5673.0,4133.0,9460.0,10455.0,6206.0,12840.0,12397.0,7180.0,630.0,12232.0,6926.0,3107.0,619280.0
절정검도,서효원,프로무림,35979.0,15210.0,18200.0,10800.0,15800.0,4500.0,4900.0,900.0,20700.0,10890.0,10500.0,7844.0,10800.0,8100.0,24600.0,4968.0,5600.0,15700.0,20972.0,32476.0,2700.0,25866.0,12480.0,900.0,15800.0,9245.0,20384.0,10426.0,13320.0,0.0,9180.0,11700.0,16200.0,14616.0,14392.0,14206.0,8942.0,8160.0,3780.0,4140.0,10935.0,9000.0,2900.0,0.0,10055.0,1966.0,900.0,4748.0,4590.0,0.0,12816.0,5400.0,12609.0,11214.0,5334.0,2700.0,2700.0,2700.0,8100.0,14640.0,619183.0
제33장 처절한 종막2,와룡강,프로무림,7910.0,9240.0,10360.0,11550.0,10010.0,7300.0,8800.0,4200.0,4500.0,37600.0,9600.0,3000.0,12300.0,21500.0,5400.0,29900.0,5400.0,400.0,10700.0,17500.0,4800.0,11400.0,27300.0,11500.0,14100.0,9100.0,13900.0,16200.0,7200.0,1800.0,6300.0,5900.0,13700.0,5300.0,7400.0,1700.0,900.0,10900.0,9900.0,15100.0,10400.0,14000.0,12100.0,7100.0,14100.0,8600.0,8600.0,7000.0,5700.0,6600.0,1800.0,3300.0,5600.0,3400.0,9300.0,1300.0,4600.0,2100.0,30200.0,39700.0,617070.0
팔조신검,사마달,프로무림,12021.0,8903.0,28782.0,12541.0,19096.0,22070.0,11565.0,12607.0,9418.0,4703.0,2815.0,9198.0,14056.0,9912.0,7454.0,4843.0,9580.0,9831.0,2521.0,3591.0,9008.0,21248.0,19555.0,18906.0,22645.0,4314.0,12035.0,8070.0,13187.0,7554.0,7458.0,21031.0,12159.0,3511.0,48616.0,818.0,8749.0,12802.0,5622.0,12444.0,7874.0,5294.0,5103.0,3434.0,16747.0,5670.0,6074.0,5521.0,4716.0,4082.0,2520.0,10575.0,8994.0,2772.0,1130.0,11612.0,0.0,3780.0,675.0,24224.0,616036.0
마인드 뮤직,얼끼,프로무림,0.0,0.0,0.0,0.0,0.0,0.0,0.0,0.0,0.0,0.0,0.0,0.0,0.0,0.0,0.0,0.0,0.0,0.0,0.0,0.0,0.0,0.0,0.0,0.0,0.0,4480.0,44800.0,89510.0,21056.0,33600.0,12320.0,13440.0,37408.0,12992.0,41664.0,43904.0,47936.0,19712.0,27328.0,4256.0,2240.0,8512.0,14560.0,8512.0,0.0,0.0,4480.0,17920.0,8512.0,4480.0,4032.0,27968.0,6720.0,8960.0,12096.0,22400.0,0.0,2240.0,2016.0,4032.0,614086.0
절대검종,사마달,프로무림,11778.0,9117.0,14297.0,10894.0,29217.0,13799.0,15237.0,12770.0,3082.0,9144.0,10332.0,6207.0,15016.0,11226.0,2719.0,12365.0,5204.0,6828.0,3785.0,10739.0,8982.0,16497.0,4132.0,11687.0,11245.0,9753.0,7308.0,3969.0,8384.0,21642.0,13761.0,5487.0,18727.0,8254.0,4225.0,4493.0,7085.0,13169.0,12516.0,20603.0,6648.0,8198.0,9574.0,5005.0,6408.0,10216.0,3680.0,14086.0,27226.0,11294.0,7530.0,1720.0,12502.0,21235.0,3274.0,11377.0,3202.0,12131.0,3839.0,7632.0,612452.0
절대무가,검궁인,프로무림,15417.0,12071.0,17695.0,9876.0,10229.0,6058.0,10991.0,11137.0,12125.0,10488.0,11817.0,16262.0,22712.0,15176.0,17661.0,16175.0,14120.0,6350.0,8515.0,9397.0,14512.0,15793.0,14714.0,13462.0,15285.0,11810.0,10245.0,10910.0,11658.0,13244.0,3965.0,8975.0,13891.0,9959.0,4369.0,18160.0,13383.0,7278.0,8304.0,3356.0,8078.0,12062.0,9923.0,5199.0,4348.0,2640.0,4507.0,10694.0,6896.0,5548.0,7759.0,4487.0,5035.0,2091.0,6909.0,14908.0,6261.0,12512.0,0.0,4033.0,611435.0
십왕책,천중행,프로무림,12589.0,11867.0,10780.0,6052.0,20790.0,18270.0,10710.0,17955.0,11905.0,14836.0,16469.0,11205.0,12852.0,10455.0,20034.0,7425.0,9787.0,14088.0,13979.0,13014.0,18900.0,9900.0,14783.0,32130.0,14850.0,11970.0,16183.0,8190.0,9450.0,7319.0,11340.0,23106.0,15750.0,3780.0,11149.0,6930.0,6300.0,7812.0,8064.0,12285.0,1890.0,3780.0,7560.0,7560.0,2520.0,7560.0,4410.0,0.0,4410.0,7560.0,5572.0,4410.0,7371.0,10406.0,2520.0,3780.0,6580.0,1890.0,3780.0,1260.0,610072.0
메탈헌터,와이번스,포텐,14175.0,12250.0,24367.0,9219.0,30450.0,23625.0,0.0,70.0,2660.0,5425.0,6111.0,1750.0,12250.0,140.0,0.0,17500.0,5250.0,5950.0,6825.0,0.0,22239.0,28000.0,0.0,0.0,0.0,0.0,6300.0,3780.0,1134.0,6274.0,5292.0,0.0,3500.0,280.0,700.0,0.0,140.0,25270.0,9800.0,6726.0,85199.0,19416.0,18307.0,6790.0,2003.0,10586.0,13954.0,4979.0,15652.0,6402.0,11794.0,16590.0,20998.0,4000.0,2067.0,7649.0,15656.0,7075.0,13539.0,26252.0,606360.0
대한국인,이원호,프로무림,12000.0,24000.0,45000.0,0.0,30000.0,15000.0,3000.0,12000.0,12000.0,18000.0,21000.0,6000.0,24000.0,3000.0,0.0,24000.0,0.0,21000.0,0.0,3000.0,12000.0,24000.0,18000.0,24000.0,9000.0,3000.0,0.0,0.0,12000.0,6000.0,12000.0,12000.0,18000.0,0.0,0.0,9000.0,9000.0,12000.0,9000.0,0.0,9000.0,0.0,3000.0,0.0,18000.0,18000.0,0.0,0.0,0.0,6000.0,6000.0,30000.0,6000.0,0.0,0.0,24000.0,0.0,18000.0,0.0,0.0,600000.0
여자들이 집착하는 축구 선수가 되었다,쓰고또쓰고,포텐,0.0,0.0,0.0,0.0,0.0,0.0,0.0,0.0,0.0,0.0,0.0,0.0,0.0,0.0,0.0,0.0,0.0,0.0,0.0,0.0,0.0,0.0,0.0,0.0,0.0,0.0,0.0,0.0,0.0,0.0,0.0,0.0,0.0,0.0,0.0,0.0,0.0,0.0,0.0,0.0,0.0,0.0,0.0,0.0,0.0,0.0,0.0,0.0,0.0,0.0,0.0,0.0,50951.0,226805.0,88751.0,54728.0,110911.0,41837.0,4252.0,21283.0,599518.0
천궁혈,사마달,프로무림,3662.0,11749.0,13374.0,12963.0,15768.0,6459.0,28162.0,20186.0,14703.0,14461.0,5785.0,1342.0,9405.0,9747.0,11719.0,9000.0,6233.0,5930.0,7579.0,9240.0,6869.0,32092.0,22446.0,11048.0,3282.0,5476.0,11648.0,11663.0,9112.0,13597.0,8784.0,23058.0,13316.0,5481.0,3950.0,11592.0,13814.0,3326.0,3282.0,11767.0,16602.0,5577.0,8309.0,13727.0,13716.0,3475.0,4568.0,16061.0,17355.0,6246.0,6008.0,6742.0,7430.0,7964.0,0.0,3780.0,1260.0,5651.0,7501.0,4183.0,599225.0
지옥제일검,서효원,프로무림,30077.0,4161.0,6300.0,0.0,0.0,0.0,0.0,11340.0,11292.0,11700.0,25467.0,7804.0,18900.0,15291.0,18200.0,3832.0,8041.0,3600.0,900.0,7200.0,6900.0,4428.0,22874.0,18200.0,3879.0,11906.0,3219.0,10659.0,13601.0,33968.0,4500.0,14915.0,6030.0,2124.0,0.0,6971.0,16743.0,16890.0,20240.0,16632.0,16306.0,6730.0,12240.0,9900.0,12240.0,10719.0,17100.0,6005.0,8978.0,4080.0,13894.0,3132.0,23280.0,5373.0,5864.0,3683.0,0.0,972.0,14400.0,4884.0,598564.0
군신,강태산,프로무림,11513.0,8912.0,8942.0,7096.0,5637.0,5283.0,18320.0,14467.0,7641.0,3085.0,7981.0,7240.0,7714.0,15869.0,2475.0,11611.0,6473.0,10031.0,9503.0,13122.0,8845.0,7754.0,4410.0,16012.0,9175.0,31369.0,15153.0,4270.0,11970.0,6489.0,6176.0,3876.0,10057.0,17405.0,8397.0,12339.0,15372.0,4060.0,7567.0,3671.0,5750.0,18053.0,13784.0,14373.0,8728.0,21558.0,11513.0,14702.0,12874.0,20337.0,644.0,16817.0,8729.0,3435.0,3591.0,6300.0,13682.0,4305.0,292.0,10454.0,597203.0
혈왕파,사마달,프로무림,21425.0,8193.0,10272.0,5887.0,10458.0,11537.0,18361.0,10350.0,10364.0,11554.0,14437.0,14103.0,5785.0,9718.0,21442.0,29422.0,7843.0,8533.0,17194.0,6279.0,5284.0,6679.0,11051.0,14638.0,39868.0,22639.0,11235.0,3307.0,10000.0,8551.0,11144.0,3708.0,13515.0,10420.0,3748.0,22901.0,10437.0,14736.0,12339.0,1779.0,3150.0,6455.0,3449.0,4775.0,4369.0,2620.0,9204.0,3878.0,3559.0,20525.0,7961.0,3942.0,6149.0,5091.0,2520.0,1890.0,1197.0,1890.0,6996.0,5796.0,596552.0
검무흔,천중행,프로무림,13499.0,15997.0,9756.0,9198.0,18557.0,13852.0,15002.0,16188.0,15555.0,32929.0,10216.0,10494.0,8790.0,11568.0,9954.0,9708.0,6826.0,11076.0,5695.0,11615.0,15583.0,11232.0,5788.0,14742.0,8121.0,7596.0,12791.0,8257.0,7747.0,5868.0,11838.0,6330.0,10102.0,6162.0,10375.0,3714.0,6093.0,3618.0,10386.0,7352.0,4387.0,6975.0,7270.0,13356.0,6140.0,6888.0,8159.0,12698.0,9329.0,6684.0,10472.0,8590.0,9749.0,5188.0,11272.0,8581.0,5908.0,10705.0,8684.0,5202.0,596407.0
환골탈태5,와룡강,프로무림,11560.0,14040.0,4880.0,11690.0,13650.0,5300.0,15000.0,11500.0,16700.0,13200.0,9900.0,5300.0,17700.0,6200.0,11500.0,13300.0,19400.0,8000.0,14200.0,6300.0,15900.0,9000.0,12500.0,8100.0,7200.0,11500.0,17800.0,12400.0,4500.0,13400.0,16000.0,16700.0,9700.0,2100.0,5400.0,14200.0,5300.0,11500.0,3500.0,900.0,15800.0,5400.0,6200.0,11200.0,5300.0,8900.0,4500.0,8800.0,4400.0,7600.0,1800.0,7100.0,4400.0,21000.0,3500.0,17000.0,4400.0,11400.0,12400.0,5930.0,593950.0
철검무정,서효원,프로무림,22430.0,20319.0,11127.0,3600.0,4230.0,11700.0,6300.0,5670.0,25200.0,7000.0,12600.0,36990.0,18450.0,16056.0,27342.0,10800.0,18300.0,3715.0,15032.0,8806.0,3780.0,10611.0,7610.0,19780.0,17417.0,8886.0,5400.0,8280.0,27871.0,5041.0,6840.0,9346.0,8846.0,6030.0,2900.0,900.0,2700.0,900.0,15675.0,9900.0,6842.0,4748.0,8100.0,2948.0,4500.0,2513.0,900.0,16394.0,6797.0,7760.0,15636.0,4100.0,20948.0,0.0,4583.0,2600.0,0.0,2969.0,5400.0,11700.0,593818.0
신마겁,사마달,프로무림,10581.0,9830.0,7937.0,6664.0,27034.0,12269.0,7157.0,7586.0,6321.0,10018.0,8590.0,10602.0,8946.0,7041.0,5852.0,6994.0,9193.0,10232.0,5241.0,11904.0,3554.0,12840.0,5044.0,19978.0,2525.0,12357.0,6155.0,8777.0,11930.0,7025.0,10688.0,6262.0,12377.0,19671.0,15498.0,18544.0,16993.0,18298.0,13206.0,23543.0,14257.0,1161.0,6486.0,5343.0,6874.0,17744.0,3880.0,9814.0,5414.0,3452.0,3834.0,3403.0,29238.0,13684.0,4100.0,3591.0,3717.0,12457.0,4312.0,5764.0,593782.0
마중제일령,서효원,프로무림,59913.0,9736.0,4500.0,0.0,19200.0,0.0,0.0,900.0,3600.0,4500.0,18551.0,6904.0,4680.0,2700.0,6309.0,10963.0,7600.0,7200.0,12622.0,26071.0,4416.0,16270.0,15409.0,15558.0,10623.0,11764.0,12998.0,1119.0,6458.0,23800.0,5940.0,5226.0,8467.0,18234.0,4428.0,5046.0,4039.0,9132.0,2529.0,3240.0,10469.0,9729.0,13692.0,5202.0,12888.0,8025.0,3752.0,8856.0,15605.0,900.0,27580.0,3537.0,28996.0,13912.0,9059.0,9990.0,8154.0,4410.0,3600.0,4116.0,593117.0
제56장 가화불여야화향不,설봉,프로무림,2900.0,0.0,19200.0,0.0,1800.0,6400.0,0.0,0.0,0.0,0.0,16000.0,10000.0,19200.0,21300.0,0.0,3200.0,9600.0,300.0,22400.0,89600.0,0.0,22400.0,6400.0,3200.0,0.0,44800.0,60800.0,44800.0,22400.0,0.0,25600.0,0.0,0.0,12800.0,9600.0,22400.0,0.0,0.0,0.0,0.0,0.0,0.0,16000.0,9600.0,12800.0,0.0,0.0,28800.0,0.0,0.0,19200.0,0.0,0.0,0.0,0.0,0.0,0.0,0.0,9600.0,0.0,593100.0
더 게이트,백범(白帆),포텐,0.0,0.0,0.0,0.0,0.0,225940.0,64840.0,35200.0,16533.0,42625.0,34760.0,61710.0,44880.0,68695.0,16703.0,0.0,0.0,0.0,-931.0,0.0,-1338.0,-174.0,0.0,-3201.0,-1280.0,-931.0,0.0,0.0,-291.0,0.0,0.0,-1862.0,0.0,-407.0,0.0,0.0,-2095.0,-3724.0,-950.0,0.0,0.0,0.0,0.0,0.0,-1833.0,0.0,0.0,0.0,0.0,0.0,0.0,0.0,0.0,0.0,0.0,0.0,0.0,0.0,0.0,0.0,592869.0
혈신,강태산,프로무림,13565.0,6542.0,19771.0,22281.0,26203.0,12849.0,26496.0,23052.0,7560.0,12502.0,7922.0,8820.0,11487.0,2774.0,8213.0,16895.0,1260.0,8568.0,10770.0,7292.0,3143.0,8072.0,4410.0,7349.0,6683.0,15598.0,27082.0,3780.0,11927.0,6300.0,13652.0,6139.0,4726.0,17541.0,4284.0,15589.0,18273.0,7623.0,4410.0,2268.0,1602.0,3780.0,4536.0,8353.0,4063.0,6115.0,12474.0,15933.0,17672.0,8584.0,7034.0,13099.0,2579.0,6161.0,8612.0,6195.0,6902.0,2520.0,4510.0,8406.0,592801.0
등용문,검궁인,프로무림,6011.0,12931.0,6334.0,20049.0,14526.0,7184.0,11470.0,9248.0,8533.0,9552.0,9673.0,9785.0,15787.0,3005.0,11438.0,15098.0,4113.0,9196.0,6545.0,5463.0,10612.0,9102.0,9532.0,3780.0,9851.0,4225.0,18262.0,10025.0,7440.0,3579.0,16033.0,6399.0,10017.0,3795.0,11760.0,7138.0,9205.0,8584.0,7440.0,6761.0,6741.0,13744.0,3780.0,13965.0,17016.0,10735.0,10671.0,2604.0,11763.0,11335.0,8822.0,25417.0,11634.0,5848.0,3985.0,11625.0,13122.0,14016.0,15265.0,7449.0,589018.0
전국무조,천중행,프로무림,19984.0,17635.0,10064.0,14644.0,6641.0,8414.0,21751.0,10679.0,13193.0,6455.0,5324.0,16979.0,8114.0,8573.0,12705.0,8219.0,13151.0,7258.0,7183.0,5220.0,14359.0,10765.0,9165.0,17516.0,15162.0,14996.0,11695.0,20568.0,10527.0,2520.0,6300.0,13160.0,12822.0,5283.0,15330.0,6086.0,5598.0,8921.0,5261.0,7003.0,12044.0,11501.0,7978.0,9838.0,2580.0,9436.0,12075.0,5301.0,2457.0,4165.0,8978.0,8018.0,11786.0,16221.0,4677.0,7230.0,3968.0,4746.0,3106.0,7410.0,588738.0
혈류,검궁인,프로무림,21973.0,1612.0,13555.0,12344.0,10635.0,8629.0,10492.0,7729.0,5319.0,4774.0,9082.0,10229.0,17301.0,6294.0,17248.0,5876.0,5669.0,8336.0,5962.0,7216.0,8435.0,10197.0,6737.0,11411.0,12600.0,10690.0,9963.0,9198.0,17005.0,13408.0,11883.0,11382.0,5439.0,14886.0,6559.0,5138.0,12249.0,9045.0,16234.0,6311.0,9441.0,11097.0,21122.0,19003.0,13097.0,11280.0,9840.0,13393.0,2520.0,9324.0,7917.0,7181.0,15463.0,11844.0,4182.0,1890.0,4230.0,630.0,9303.0,4696.0,586498.0
군마지존도,서효원,프로무림,10632.0,17663.0,23400.0,13800.0,5700.0,9000.0,0.0,2700.0,10800.0,16290.0,5400.0,5400.0,5400.0,9900.0,11700.0,42768.0,6300.0,13526.0,3046.0,5256.0,10858.0,6862.0,12067.0,17040.0,5545.0,8986.0,29443.0,26507.0,10915.0,9288.0,900.0,3330.0,6300.0,4500.0,1015.0,4140.0,31716.0,3780.0,5515.0,10260.0,9362.0,17010.0,5832.0,13566.0,8842.0,1800.0,5648.0,2160.0,2700.0,3600.0,21132.0,1773.0,9008.0,1800.0,12750.0,8181.0,2916.0,15498.0,900.0,11036.0,583162.0
최강의 타이탄 라이더,강산,포텐,0.0,0.0,0.0,0.0,0.0,0.0,0.0,0.0,0.0,0.0,0.0,0.0,0.0,0.0,0.0,0.0,0.0,0.0,0.0,0.0,0.0,0.0,0.0,0.0,0.0,0.0,0.0,0.0,0.0,0.0,0.0,0.0,0.0,0.0,0.0,0.0,0.0,0.0,0.0,0.0,0.0,0.0,34241.0,1330.0,20649.0,34855.0,157029.0,68701.0,46566.0,62911.0,48202.0,24805.0,13645.0,20451.0,5670.0,9180.0,3121.0,12717.0,13915.0,4935.0,582923.0
신룡전설,가람검,프로무림,6615.0,11571.0,14175.0,13055.0,34881.0,6174.0,9702.0,3150.0,8505.0,14490.0,30149.0,33600.0,3528.0,19110.0,13020.0,10710.0,8351.0,21910.0,19502.0,14490.0,9240.0,17199.0,4410.0,25060.0,4410.0,0.0,7280.0,5040.0,16142.0,6300.0,12985.0,14322.0,18795.0,3150.0,3780.0,0.0,5241.0,40265.0,5110.0,30030.0,2240.0,9590.0,3500.0,2205.0,0.0,2520.0,7560.0,3150.0,0.0,4410.0,630.0,0.0,4284.0,5607.0,2835.0,0.0,0.0,0.0,6615.0,882.0,581475.0
와룡등천,동윤,프로무림,12500.0,14300.0,0.0,0.0,0.0,22500.0,0.0,7500.0,12200.0,6300.0,32500.0,4500.0,17000.0,5000.0,5400.0,21458.0,9000.0,11700.0,9000.0,12500.0,18800.0,10000.0,40400.0,14300.0,0.0,8150.0,12500.0,4542.0,17500.0,10000.0,25000.0,2500.0,17000.0,3150.0,3130.0,3400.0,3150.0,3150.0,17500.0,0.0,0.0,0.0,0.0,25000.0,15000.0,0.0,25000.0,18350.0,0.0,20000.0,2268.0,3150.0,7200.0,0.0,12500.0,4500.0,10000.0,1260.0,0.0,12500.0,574258.0
제40장 의,와룡강,프로무림,7140.0,3220.0,12040.0,7700.0,6300.0,25900.0,4200.0,7300.0,6400.0,9100.0,10300.0,21600.0,10700.0,13100.0,21000.0,4100.0,13400.0,32900.0,7900.0,6400.0,6900.0,17200.0,5500.0,3400.0,12700.0,11800.0,17100.0,14300.0,13400.0,7300.0,11800.0,5800.0,1900.0,10000.0,7000.0,4600.0,6000.0,13600.0,20100.0,2400.0,300.0,5300.0,3300.0,15900.0,6600.0,7700.0,2900.0,14800.0,11500.0,5600.0,7200.0,1000.0,36300.0,8700.0,3700.0,800.0,300.0,5200.0,5200.0,8000.0,573800.0
삼절지존4,와룡강,프로무림,32860.0,19530.0,7010.0,690.0,16770.0,4460.0,23100.0,6200.0,11800.0,9800.0,20900.0,3200.0,18930.0,7300.0,8900.0,9000.0,11300.0,8000.0,9100.0,2700.0,2700.0,10100.0,5300.0,10430.0,4500.0,30000.0,10900.0,13500.0,7100.0,13500.0,5000.0,7200.0,6200.0,12400.0,12400.0,4500.0,3700.0,6300.0,3500.0,11800.0,24300.0,900.0,6882.0,17700.0,4500.0,6300.0,7900.0,4530.0,3800.0,3700.0,9000.0,900.0,14300.0,6200.0,7000.0,4400.0,14900.0,7900.0,7500.0,7900.0,573092.0
흑첨향,천중행,프로무림,199.0,9660.0,9869.0,23796.0,8022.0,3491.0,11111.0,14330.0,1533.0,10187.0,7096.0,1600.0,15578.0,12888.0,19123.0,24991.0,9060.0,9841.0,10694.0,16816.0,12102.0,10240.0,6319.0,27759.0,4939.0,397.0,17010.0,5739.0,5753.0,4447.0,10672.0,10021.0,9070.0,8761.0,8179.0,13909.0,10501.0,8820.0,9271.0,20716.0,15075.0,7547.0,4135.0,3259.0,8486.0,4014.0,9402.0,4221.0,5924.0,7579.0,2400.0,8689.0,2307.0,12696.0,7437.0,4844.0,2170.0,29952.0,5180.0,2520.0,572347.0
환락살수,검궁인,프로무림,14922.0,12520.0,3217.0,23411.0,10295.0,19650.0,14243.0,18053.0,16080.0,15182.0,14580.0,10468.0,12068.0,4935.0,5784.0,4074.0,9701.0,10082.0,7371.0,6649.0,23728.0,8753.0,5791.0,5191.0,9334.0,5941.0,6510.0,3614.0,5074.0,8622.0,12723.0,11456.0,9429.0,7913.0,5289.0,17918.0,9005.0,3303.0,14015.0,4800.0,11546.0,8024.0,10364.0,7226.0,11315.0,4703.0,5541.0,4722.0,10729.0,7192.0,21015.0,5332.0,6433.0,6735.0,7879.0,4652.0,6451.0,3190.0,4680.0,10581.0,570004.0
역대급 야구천재의 탄생,삼십춘기,포텐,0.0,0.0,0.0,0.0,0.0,0.0,0.0,0.0,0.0,0.0,0.0,0.0,0.0,0.0,0.0,0.0,0.0,0.0,0.0,0.0,0.0,0.0,0.0,0.0,0.0,0.0,0.0,0.0,0.0,0.0,0.0,0.0,0.0,0.0,539348.0,27300.0,0.0,0.0,0.0,0.0,0.0,0.0,0.0,0.0,0.0,0.0,0.0,0.0,0.0,0.0,0.0,0.0,0.0,0.0,0.0,0.0,0.0,0.0,0.0,0.0,566648.0
제37장 아아 창룡별부,와룡강,프로무림,10430.0,2520.0,4270.0,18060.0,5950.0,7600.0,4800.0,6300.0,8300.0,18100.0,7800.0,5400.0,6500.0,8800.0,12800.0,9400.0,1100.0,23500.0,72000.0,23000.0,3200.0,12600.0,6000.0,2000.0,5100.0,10700.0,11900.0,1700.0,18700.0,5100.0,1400.0,10400.0,4500.0,2700.0,400.0,4200.0,8300.0,5100.0,7200.0,1700.0,16200.0,11200.0,9700.0,44000.0,2500.0,4100.0,5800.0,4600.0,9500.0,3300.0,14500.0,4200.0,32400.0,4100.0,2400.0,3900.0,1000.0,5600.0,2900.0,5100.0,566530.0
패배용사 약골 용사의 에로 대모험,외도정사,프로무림,0.0,0.0,0.0,0.0,0.0,0.0,0.0,0.0,0.0,0.0,0.0,0.0,0.0,0.0,0.0,0.0,0.0,0.0,0.0,0.0,770.0,4060.0,26460.0,13293.0,7280.0,70367.0,4494.0,0.0,700.0,140.0,2380.0,9023.0,12180.0,4480.0,4480.0,2580.0,11270.0,6650.0,9310.0,5836.0,20160.0,30033.0,9020.0,2520.0,0.0,3855.0,0.0,1330.0,111620.0,18396.0,8960.0,8960.0,111990.0,2156.0,6790.0,8960.0,140.0,3376.0,6724.0,14716.0,565459.0
여후배의 최면,탐욕적인창작자,프로무림,0.0,0.0,0.0,0.0,0.0,0.0,0.0,0.0,0.0,0.0,0.0,0.0,0.0,0.0,0.0,0.0,0.0,0.0,0.0,0.0,0.0,0.0,0.0,0.0,2940.0,1470.0,7679.0,45906.0,3661.0,2660.0,10220.0,13860.0,210.0,210.0,800.0,61180.0,3080.0,70.0,12940.0,1687.0,2170.0,4900.0,1120.0,22160.0,5179.0,8960.0,3190.0,3064.0,80504.0,266.0,84788.0,3820.0,5059.0,2968.0,525.0,81470.0,82560.0,2079.0,630.0,700.0,564685.0
마풍진중원,서효원,프로무림,19557.0,8887.0,1800.0,900.0,0.0,6000.0,0.0,900.0,4500.0,16948.0,25000.0,11000.0,14860.0,11937.0,14177.0,7663.0,10600.0,1080.0,6084.0,180.0,8496.0,17004.0,3996.0,11800.0,37973.0,16398.0,5818.0,15024.0,1661.0,3546.0,9630.0,5490.0,4968.0,14931.0,6300.0,671.0,10213.0,1565.0,18900.0,11619.0,21744.0,24624.0,4247.0,10521.0,12247.0,6402.0,4050.0,8648.0,9515.0,12330.0,29690.0,6282.0,19038.0,8305.0,2673.0,5771.0,6732.0,1890.0,900.0,540.0,564225.0
타워 디펜서 방어중,리벨스톤,포텐,19740.0,22372.0,19992.0,27440.0,41440.0,33740.0,38220.0,27230.0,11970.0,14770.0,14630.0,2170.0,4620.0,10570.0,23345.0,630.0,19600.0,-730.0,9093.0,12642.0,3385.0,21674.0,43117.0,-979.0,12032.0,-5142.0,13064.0,-1066.0,-1398.0,6108.0,3666.0,10080.0,3666.0,19726.0,334.0,10626.0,8863.0,2247.0,-2478.0,7641.0,-4271.0,0.0,1561.0,63.0,6085.0,3918.0,3024.0,10180.0,2199.0,-155.0,0.0,9617.0,0.0,1969.0,0.0,1086.0,680.0,0.0,18949.0,0.0,563555.0
광무록,검궁인,프로무림,11371.0,24716.0,14617.0,5135.0,10710.0,5905.0,16096.0,30397.0,17729.0,16697.0,8237.0,7816.0,16722.0,17513.0,4275.0,13873.0,2970.0,7617.0,6831.0,4384.0,7098.0,5733.0,12852.0,4271.0,16146.0,18715.0,5967.0,33201.0,22926.0,16887.0,6601.0,15628.0,1992.0,5389.0,1134.0,15769.0,4725.0,0.0,4321.0,3591.0,6417.0,3115.0,592.0,0.0,681.0,6155.0,6969.0,4564.0,17148.0,4165.0,13831.0,8210.0,6447.0,4647.0,2569.0,1260.0,3815.0,4973.0,14407.0,4927.0,561449.0
단장절심가,사마달,프로무림,14708.0,18096.0,18752.0,8113.0,17296.0,15244.0,10102.0,11824.0,22470.0,7889.0,13373.0,14799.0,10376.0,6300.0,8744.0,12083.0,12735.0,3990.0,1709.0,9273.0,9135.0,4480.0,8993.0,4530.0,17877.0,1424.0,7773.0,10857.0,10418.0,1940.0,9842.0,9387.0,5101.0,3780.0,3150.0,3294.0,5330.0,10067.0,3998.0,8109.0,11981.0,12134.0,8771.0,7505.0,2520.0,7201.0,11773.0,8010.0,12474.0,12359.0,13108.0,10745.0,11701.0,5309.0,11259.0,1260.0,5784.0,21660.0,5834.0,1890.0,560639.0
천괴,한성수,프로무림,0.0,8316.0,25614.0,14616.0,19719.0,9639.0,7371.0,11121.0,3717.0,4536.0,1134.0,7812.0,6930.0,4725.0,13041.0,15120.0,11403.0,13671.0,4984.0,25768.0,18159.0,9380.0,8766.0,17472.0,15296.0,1197.0,20588.0,8150.0,5292.0,4410.0,5490.0,7182.0,15136.0,9250.0,1990.0,5390.0,16884.0,567.0,1701.0,567.0,567.0,10500.0,0.0,9361.0,5054.0,5971.0,37926.0,10682.0,11466.0,4130.0,6361.0,5140.0,630.0,1750.0,16984.0,3150.0,6273.0,16354.0,10332.0,15743.0,560478.0
건곤만리,검궁인,프로무림,6559.0,16377.0,8427.0,16896.0,25417.0,14459.0,24850.0,21231.0,7420.0,6333.0,11090.0,9975.0,9152.0,3868.0,11648.0,24216.0,17623.0,12554.0,3613.0,1658.0,21557.0,9027.0,2381.0,4909.0,9342.0,2872.0,7754.0,8500.0,6675.0,10583.0,11281.0,7008.0,7144.0,7974.0,10856.0,7125.0,14842.0,3141.0,2062.0,3594.0,12896.0,12797.0,7762.0,2667.0,3276.0,3626.0,1857.0,6202.0,10943.0,11987.0,12309.0,10732.0,13961.0,7458.0,9160.0,1764.0,4094.0,1688.0,4155.0,8160.0,559487.0
귀축기담,외도정사,프로무림,0.0,0.0,0.0,0.0,0.0,0.0,0.0,0.0,0.0,0.0,0.0,0.0,0.0,0.0,0.0,0.0,0.0,0.0,14770.0,15400.0,13650.0,18529.0,40537.0,40033.0,13529.0,67400.0,20538.0,5782.0,15666.0,6020.0,140.0,29540.0,33880.0,22638.0,7140.0,37898.0,13860.0,6580.0,15077.0,2380.0,2205.0,630.0,3668.0,6972.0,133.0,8750.0,8260.0,6720.0,10556.0,1360.0,15162.0,14420.0,0.0,1904.0,676.0,630.0,4480.0,17490.0,4725.0,8260.0,557988.0
알피지 시티RPG CIY,킹메이커,포텐,0.0,0.0,0.0,0.0,0.0,0.0,0.0,0.0,0.0,0.0,0.0,0.0,0.0,0.0,0.0,0.0,0.0,0.0,0.0,0.0,0.0,0.0,0.0,0.0,0.0,0.0,0.0,0.0,0.0,0.0,0.0,0.0,0.0,0.0,0.0,0.0,0.0,0.0,0.0,0.0,0.0,0.0,0.0,0.0,0.0,12216.0,17054.0,34436.0,84720.0,20705.0,54361.0,52151.0,62622.0,34810.0,32402.0,29821.0,26370.0,18456.0,57941.0,19896.0,557961.0
천년마제,서효원,프로무림,6224.0,5954.0,8454.0,0.0,8100.0,1800.0,4500.0,9000.0,7200.0,19433.0,28352.0,8905.0,10480.0,5216.0,14180.0,9232.0,7500.0,12204.0,2700.0,9659.0,5940.0,11028.0,14399.0,3960.0,6879.0,3587.0,15738.0,19500.0,7192.0,18636.0,7210.0,7419.0,9000.0,3046.0,7638.0,7214.0,5040.0,12791.0,10980.0,15300.0,8244.0,12897.0,33553.0,5660.0,12373.0,5859.0,900.0,15696.0,900.0,5606.0,12834.0,3464.0,1080.0,12929.0,7061.0,19258.0,2700.0,18550.0,4440.0,1596.0,557190.0
갤럭시the Galaxy 세계대전,박재학,프로무림,3240.0,4850.0,1620.0,2385.0,2961.0,7910.0,7145.0,2556.0,1071.0,630.0,1890.0,23940.0,441.0,630.0,1125.0,17010.0,14490.0,3645.0,2520.0,2196.0,2880.0,15750.0,38925.0,3015.0,47409.0,17072.0,3375.0,29475.0,4140.0,15615.0,22779.0,12330.0,9945.0,6930.0,4948.0,2926.0,27090.0,21065.0,6300.0,2354.0,2520.0,2520.0,5236.0,37469.0,9284.0,22349.0,5040.0,16821.0,11524.0,2417.0,1653.0,15750.0,5401.0,6930.0,1071.0,1260.0,0.0,0.0,6300.0,3780.0,553903.0
롬베른의 영주,김정민,프로무림,22262.0,21231.0,11254.0,18017.0,15369.0,8640.0,30658.0,14038.0,4849.0,14567.0,10216.0,11991.0,9274.0,21031.0,14948.0,8862.0,5053.0,12243.0,17909.0,7981.0,13129.0,6270.0,10463.0,3813.0,6071.0,13204.0,16352.0,5643.0,13612.0,14104.0,630.0,9183.0,8713.0,15079.0,11116.0,12183.0,1798.0,5342.0,15217.0,4221.0,9538.0,0.0,10409.0,15453.0,2772.0,0.0,2658.0,8880.0,1897.0,5040.0,3780.0,12145.0,3499.0,1223.0,1990.0,5670.0,0.0,1046.0,0.0,619.0,553155.0
삼랑소,천중행,프로무림,19229.0,12810.0,15750.0,7872.0,10567.0,17360.0,17290.0,27981.0,22394.0,6613.0,5425.0,17080.0,7988.0,5017.0,3150.0,22680.0,1470.0,5580.0,11060.0,1260.0,23892.0,20634.0,13314.0,18710.0,6689.0,17438.0,11647.0,5040.0,795.0,2520.0,12530.0,2520.0,0.0,630.0,4802.0,4923.0,9731.0,18130.0,19723.0,1890.0,3150.0,3780.0,10920.0,17899.0,2940.0,3150.0,1260.0,13160.0,12049.0,4410.0,1242.0,5666.0,1890.0,9016.0,3440.0,759.0,8631.0,9776.0,0.0,0.0,547272.0
대법왕,몽월,프로무림,2700.0,15300.0,9300.0,0.0,2700.0,900.0,0.0,0.0,0.0,0.0,0.0,11700.0,1800.0,2700.0,0.0,900.0,4500.0,0.0,315500.0,13500.0,900.0,1800.0,1800.0,9000.0,3600.0,31500.0,20690.0,10800.0,7560.0,5670.0,0.0,4500.0,5040.0,5040.0,8120.0,3150.0,4410.0,10080.0,5950.0,2870.0,0.0,5040.0,0.0,0.0,2016.0,3780.0,0.0,0.0,0.0,3150.0,0.0,0.0,0.0,0.0,2520.0,1260.0,0.0,5021.0,0.0,0.0,546767.0
간웅,조건상,프로무림,0.0,0.0,0.0,1400.0,5950.0,14140.0,0.0,0.0,42490.0,0.0,0.0,0.0,0.0,0.0,0.0,0.0,101430.0,67200.0,19740.0,0.0,42000.0,36820.0,0.0,0.0,99050.0,35770.0,48930.0,14700.0,13440.0,2870.0,0.0,0.0,0.0,0.0,0.0,0.0,0.0,0.0,0.0,0.0,0.0,0.0,0.0,0.0,0.0,0.0,0.0,0.0,0.0,0.0,0.0,0.0,0.0,0.0,0.0,0.0,0.0,0.0,0.0,0.0,545930.0
용혈명,사마달,프로무림,25264.0,7350.0,3803.0,10444.0,10197.0,8221.0,17208.0,12431.0,6366.0,4497.0,4498.0,9976.0,5080.0,3720.0,15026.0,9961.0,10180.0,14028.0,13066.0,13481.0,17228.0,19012.0,7538.0,22584.0,1470.0,6185.0,7954.0,9577.0,6961.0,3717.0,11307.0,10657.0,4244.0,2126.0,11193.0,5906.0,6440.0,5518.0,7458.0,17340.0,10097.0,13353.0,8493.0,8038.0,5585.0,8175.0,11189.0,14710.0,11451.0,3829.0,4196.0,10344.0,5821.0,2634.0,2520.0,3894.0,3350.0,11125.0,9766.0,4350.0,542132.0
제46장,와룡강,프로무림,3150.0,6370.0,1400.0,2660.0,6720.0,8100.0,2000.0,8300.0,7400.0,2600.0,900.0,3400.0,15500.0,18200.0,10700.0,16500.0,9000.0,10000.0,6300.0,18100.0,14000.0,23500.0,13500.0,13900.0,12200.0,10700.0,17000.0,26100.0,3800.0,10100.0,14400.0,11700.0,6400.0,21900.0,9000.0,12600.0,7900.0,11800.0,17400.0,8900.0,7300.0,5000.0,13800.0,2200.0,2700.0,1900.0,5700.0,4800.0,5400.0,7200.0,10400.0,15300.0,6000.0,8800.0,7300.0,6300.0,0.0,2800.0,3700.0,0.0,540700.0
용병왕 루크,현자림,프로무림,10295.0,16875.0,5148.0,27544.0,13796.0,8264.0,12877.0,18691.0,5647.0,630.0,16173.0,5607.0,7962.0,9446.0,23807.0,14093.0,15988.0,23841.0,15683.0,4175.0,11898.0,6426.0,12482.0,3554.0,5600.0,2598.0,12744.0,10913.0,4502.0,16366.0,15185.0,657.0,8351.0,5823.0,2520.0,13798.0,3820.0,21950.0,11800.0,4366.0,0.0,16089.0,4762.0,18598.0,630.0,12422.0,1260.0,2520.0,4664.0,9163.0,10077.0,2335.0,7132.0,0.0,1260.0,3780.0,0.0,9425.0,630.0,2524.0,539166.0
환골탈태3,와룡강,프로무림,11920.0,10060.0,4590.0,4970.0,9310.0,5300.0,15900.0,8900.0,9700.0,10600.0,9000.0,6200.0,17600.0,6200.0,8000.0,18700.0,8000.0,7100.0,8100.0,6300.0,9700.0,5400.0,11600.0,20500.0,5400.0,16900.0,12500.0,11500.0,15100.0,10700.0,11700.0,10100.0,8800.0,900.0,8500.0,18700.0,8800.0,3600.0,2700.0,3600.0,5300.0,5150.0,9800.0,3700.0,900.0,4500.0,6200.0,2600.0,7100.0,9700.0,2700.0,8800.0,7900.0,7000.0,1800.0,22400.0,12520.0,18900.0,8400.0,8630.0,537150.0
듀얼 레전드,이형석,포텐,0.0,0.0,0.0,0.0,0.0,0.0,0.0,7140.0,0.0,43890.0,23429.0,7000.0,27566.0,22106.0,3825.0,21831.0,5060.0,38453.0,5529.0,2597.0,0.0,6635.0,8859.0,19074.0,11458.0,3614.0,6020.0,7989.0,8569.0,2854.0,391.0,5320.0,58.0,3512.0,8750.0,2137.0,4074.0,5059.0,10187.0,13480.0,4391.0,4482.0,11551.0,1084.0,7843.0,85590.0,12763.0,6620.0,7556.0,675.0,6204.0,7658.0,0.0,147.0,22631.0,378.0,6162.0,6912.0,7760.0,0.0,536873.0
숭산,서효원,프로무림,29779.0,21502.0,14400.0,7574.0,36600.0,3600.0,3600.0,9900.0,12494.0,7200.0,25101.0,2001.0,3780.0,12600.0,21954.0,6832.0,1800.0,10800.0,15652.0,3343.0,2671.0,10757.0,2556.0,15355.0,15946.0,21626.0,10663.0,14323.0,9777.0,3816.0,11340.0,5400.0,6646.0,8059.0,9115.0,3600.0,12566.0,3240.0,7020.0,1800.0,10951.0,0.0,3335.0,4500.0,2880.0,3780.0,7304.0,14048.0,900.0,900.0,10788.0,2700.0,6960.0,16200.0,5400.0,4320.0,900.0,0.0,6300.0,4902.0,533856.0
정마협,검궁인,프로무림,19994.0,4511.0,5535.0,17623.0,8949.0,7498.0,9230.0,11970.0,16761.0,10417.0,4965.0,9267.0,3427.0,19717.0,7434.0,6471.0,3875.0,5796.0,5437.0,5689.0,9820.0,5516.0,5670.0,16034.0,15873.0,10591.0,20401.0,5263.0,9227.0,17037.0,6093.0,7826.0,6823.0,6705.0,5180.0,9220.0,5040.0,1260.0,8610.0,5365.0,7238.0,10982.0,5301.0,3490.0,6549.0,3931.0,1890.0,13995.0,9469.0,8455.0,2884.0,6172.0,17960.0,14071.0,8190.0,6199.0,11726.0,9548.0,10720.0,5355.0,526245.0
타이거맨,정우식,프로무림,11746.0,12956.0,29521.0,13370.0,18889.0,15742.0,16120.0,15449.0,10588.0,21381.0,17348.0,13187.0,3535.0,11066.0,15839.0,8518.0,7755.0,5805.0,16114.0,24549.0,14222.0,21458.0,1716.0,5057.0,10793.0,3762.0,2491.0,9424.0,7082.0,24938.0,8159.0,13850.0,2793.0,7960.0,13758.0,7579.0,2781.0,5807.0,0.0,2116.0,0.0,11251.0,3517.0,3131.0,2542.0,560.0,6975.0,1989.0,7246.0,375.0,2701.0,4977.0,1690.0,2330.0,4925.0,3928.0,4050.0,900.0,900.0,6907.0,526118.0
천마삼,서효원,프로무림,11546.0,9719.0,5481.0,0.0,1800.0,0.0,1800.0,12600.0,8346.0,5400.0,17351.0,12308.0,10800.0,18800.0,8603.0,7432.0,900.0,16200.0,2880.0,6930.0,8172.0,6606.0,0.0,21186.0,19640.0,13667.0,16620.0,23647.0,7797.0,8820.0,14026.0,7656.0,17100.0,5400.0,6860.0,5090.0,1800.0,16416.0,18660.0,9483.0,4966.0,6219.0,22847.0,7406.0,1505.0,6468.0,983.0,12282.0,3279.0,375.0,9032.0,3690.0,1944.0,6924.0,16941.0,20340.0,900.0,6620.0,4860.0,624.0,525747.0
야망검,서효원,프로무림,8384.0,10775.0,6300.0,2700.0,2900.0,0.0,900.0,900.0,8100.0,12285.0,15054.0,15500.0,16200.0,18154.0,9000.0,13063.0,8071.0,8100.0,7200.0,11140.0,6480.0,7884.0,19774.0,14672.0,10890.0,8820.0,6178.0,3265.0,8677.0,17640.0,2700.0,13306.0,4220.0,15226.0,6300.0,12600.0,31579.0,3600.0,900.0,16292.0,10006.0,12782.0,5385.0,5679.0,3600.0,7823.0,5948.0,0.0,8280.0,2700.0,0.0,900.0,22248.0,9045.0,2100.0,4500.0,3240.0,11588.0,2948.0,18113.0,522614.0
현대영웅전,인기영,프로무림,20105.0,16395.0,17876.0,5015.0,9250.0,14345.0,5760.0,1890.0,5205.0,3455.0,7735.0,4610.0,6935.0,8771.0,48165.0,38400.0,28315.0,12374.0,10034.0,8433.0,18887.0,10435.0,12204.0,3626.0,3870.0,16240.0,8781.0,7041.0,891.0,7731.0,4145.0,9053.0,11081.0,1260.0,-4772.0,22347.0,11280.0,7185.0,1890.0,10822.0,10909.0,4662.0,2855.0,1890.0,4360.0,2610.0,2000.0,8118.0,2560.0,3190.0,0.0,2221.0,10082.0,0.0,403.0,2725.0,7680.0,5871.0,7151.0,5437.0,521789.0
왕도,검궁인,프로무림,6545.0,10217.0,4957.0,10397.0,7437.0,2612.0,11729.0,4099.0,14918.0,17244.0,6564.0,4483.0,17490.0,10977.0,6195.0,7618.0,10290.0,13791.0,11022.0,13023.0,18576.0,2557.0,5278.0,5016.0,7332.0,12462.0,19236.0,4876.0,7998.0,11628.0,17016.0,22625.0,12495.0,4690.0,6804.0,5218.0,2646.0,7578.0,1813.0,8439.0,10024.0,17951.0,8320.0,2142.0,7195.0,5002.0,3663.0,7057.0,5821.0,6241.0,2331.0,16599.0,11550.0,4221.0,6909.0,12768.0,984.0,4561.0,6654.0,5081.0,520965.0
환상비도,사마달,프로무림,13804.0,1742.0,9997.0,4598.0,22084.0,9908.0,6448.0,12068.0,9066.0,5063.0,6893.0,8858.0,15763.0,10391.0,9240.0,3623.0,6076.0,13545.0,7863.0,5593.0,5959.0,5641.0,12706.0,15392.0,7918.0,5994.0,5070.0,5067.0,6682.0,11464.0,14348.0,5785.0,10778.0,9017.0,11491.0,7897.0,3008.0,10114.0,4140.0,11859.0,11611.0,7307.0,3231.0,8089.0,20958.0,5994.0,4871.0,7126.0,7990.0,10764.0,11253.0,11117.0,10631.0,7021.0,1890.0,3402.0,6734.0,7797.0,10388.0,9263.0,520390.0
유라시아의 꿈,이원호,프로무림,0.0,3000.0,27000.0,6000.0,15000.0,21000.0,21000.0,9000.0,18000.0,6000.0,6000.0,6000.0,9000.0,15000.0,0.0,21000.0,27000.0,3000.0,18000.0,9000.0,15000.0,39000.0,9000.0,3000.0,0.0,9000.0,3000.0,9000.0,6000.0,0.0,6000.0,9000.0,6000.0,9000.0,21000.0,4200.0,0.0,9000.0,0.0,11100.0,0.0,6000.0,0.0,0.0,6000.0,0.0,0.0,0.0,3000.0,0.0,0.0,15000.0,0.0,27000.0,0.0,9000.0,27000.0,18000.0,0.0,0.0,519300.0
팔왕예조,천중행,프로무림,9182.0,9745.0,8127.0,7398.0,14738.0,8935.0,7523.0,6508.0,5321.0,5187.0,8460.0,11566.0,3148.0,6413.0,9522.0,1422.0,7194.0,6518.0,15040.0,3837.0,50625.0,35329.0,17555.0,17201.0,13962.0,7345.0,7187.0,4676.0,12347.0,4901.0,8873.0,12676.0,674.0,5018.0,997.0,1856.0,7659.0,12756.0,3678.0,9152.0,9280.0,7446.0,2987.0,972.0,6070.0,10521.0,8428.0,4833.0,11599.0,3099.0,8532.0,0.0,15819.0,12936.0,140.0,7080.0,923.0,13438.0,1071.0,2970.0,518395.0
화령의 제왕,정우식,프로무림,23183.0,40203.0,68663.0,11470.0,9858.0,22893.0,6493.0,14541.0,4500.0,19800.0,826.0,7364.0,8100.0,5400.0,0.0,11186.0,8058.0,29400.0,2978.0,9300.0,19050.0,12751.0,4230.0,12586.0,8100.0,7690.0,3600.0,2700.0,0.0,4913.0,6937.0,4966.0,12544.0,0.0,1800.0,900.0,4500.0,4500.0,8100.0,4500.0,6353.0,1615.0,9294.0,7650.0,0.0,6300.0,4500.0,4433.0,2414.0,1500.0,3600.0,0.0,7680.0,0.0,3600.0,9000.0,3600.0,0.0,7500.0,9000.0,516622.0
정자부터 레벨업,범탈,포텐,0.0,0.0,0.0,0.0,0.0,0.0,0.0,67815.0,27720.0,37427.0,7040.0,33825.0,29590.0,20691.0,52415.0,13695.0,24640.0,10562.0,23201.0,5842.0,21871.0,6750.0,11152.0,-25.0,9864.0,6496.0,2306.0,3906.0,108.0,6696.0,1675.0,259.0,6285.0,13065.0,-308.0,0.0,766.0,2298.0,-2640.0,-12163.0,3148.0,10594.0,2851.0,985.0,6414.0,15994.0,3270.0,-814.0,21729.0,0.0,0.0,3175.0,0.0,0.0,0.0,2639.0,3478.0,8283.0,-3911.0,5682.0,516341.0
사채업자,형상준,프로무림,3422.0,21557.0,31089.0,15962.0,3280.0,28824.0,10531.0,14668.0,9936.0,20992.0,8383.0,10120.0,5315.0,1764.0,21562.0,11909.0,8685.0,30814.0,1990.0,7696.0,3526.0,6975.0,637.0,14272.0,24888.0,18218.0,13218.0,7866.0,14545.0,5617.0,7466.0,13536.0,3198.0,219.0,1764.0,11967.0,20467.0,1686.0,24130.0,515.0,527.0,5580.0,0.0,5270.0,4376.0,6571.0,0.0,0.0,2394.0,3780.0,0.0,0.0,4410.0,3713.0,1939.0,5225.0,630.0,0.0,5376.0,2374.0,515374.0
나 혼자만 마인,서초,포텐,0.0,0.0,0.0,0.0,0.0,0.0,0.0,0.0,0.0,0.0,0.0,0.0,0.0,0.0,0.0,0.0,0.0,0.0,0.0,0.0,0.0,0.0,0.0,25690.0,33670.0,6312.0,41022.0,21628.0,63849.0,56895.0,103013.0,3603.0,33686.0,5670.0,5040.0,0.0,29.0,148.0,0.0,0.0,3528.0,75.0,70.0,13760.0,0.0,0.0,7560.0,0.0,0.0,0.0,63.0,1692.0,0.0,2280.0,1827.0,67.0,41559.0,21248.0,5120.0,12067.0,511171.0
무림백서,검궁인,프로무림,21583.0,5932.0,7182.0,7631.0,16876.0,6307.0,8013.0,10333.0,10391.0,10643.0,6060.0,13407.0,15486.0,9276.0,17955.0,1873.0,2881.0,4604.0,2571.0,6425.0,4828.0,4134.0,23017.0,2853.0,12672.0,7206.0,1672.0,2014.0,6338.0,1013.0,22186.0,6731.0,10384.0,5283.0,3150.0,8574.0,9029.0,12401.0,14415.0,8688.0,15397.0,12109.0,14025.0,3961.0,7461.0,5957.0,837.0,5922.0,6755.0,4917.0,6125.0,17305.0,20042.0,5280.0,8036.0,1442.0,6972.0,5729.0,2538.0,7767.0,510594.0
천검록,사마달,프로무림,8821.0,15264.0,4128.0,8510.0,4677.0,3697.0,11615.0,26862.0,11329.0,12960.0,2770.0,7293.0,4716.0,6865.0,13584.0,17165.0,9489.0,6649.0,6480.0,11257.0,4674.0,15756.0,16896.0,11689.0,10022.0,12279.0,8377.0,3774.0,5552.0,3728.0,15704.0,19171.0,12000.0,6411.0,6624.0,5572.0,4253.0,6284.0,6965.0,3911.0,8204.0,1973.0,1202.0,3363.0,4254.0,6426.0,2976.0,11942.0,4807.0,17669.0,19608.0,3477.0,11272.0,5995.0,5047.0,1360.0,5453.0,12186.0,0.0,9311.0,510298.0
검루,사마달,프로무림,8197.0,15489.0,8840.0,6579.0,16347.0,8254.0,20572.0,15053.0,9703.0,21045.0,8134.0,7730.0,4316.0,12371.0,16480.0,7960.0,7149.0,6336.0,3865.0,11539.0,12024.0,14906.0,10445.0,3890.0,2310.0,2930.0,4977.0,7168.0,5349.0,3199.0,14076.0,18515.0,4868.0,3591.0,4861.0,985.0,7215.0,9629.0,5444.0,9709.0,9946.0,6953.0,16231.0,5639.0,10231.0,11476.0,12926.0,8590.0,4569.0,5632.0,11264.0,2426.0,6282.0,672.0,9624.0,3150.0,3731.0,10254.0,3717.0,2242.0,507605.0
추야우색혼검,사마달,프로무림,10800.0,3457.0,6199.0,4688.0,9128.0,9630.0,9430.0,7552.0,16249.0,7197.0,6840.0,13343.0,13176.0,20471.0,8057.0,6012.0,5974.0,1596.0,8726.0,12524.0,3728.0,8250.0,19339.0,7785.0,8741.0,11818.0,3239.0,10819.0,9062.0,6457.0,11057.0,12509.0,7955.0,6244.0,9667.0,5697.0,7563.0,6169.0,11563.0,10047.0,2026.0,8567.0,6533.0,4119.0,7268.0,4986.0,9572.0,9310.0,6457.0,9323.0,8104.0,6774.0,23072.0,7311.0,6111.0,9849.0,1417.0,6889.0,5870.0,5042.0,507358.0
너의 스탯이 보여,월운,포텐,0.0,0.0,211302.0,220752.0,54936.0,20160.0,0.0,0.0,0.0,0.0,0.0,0.0,0.0,0.0,0.0,0.0,0.0,0.0,0.0,0.0,0.0,0.0,0.0,0.0,0.0,0.0,0.0,0.0,0.0,0.0,0.0,0.0,0.0,0.0,0.0,0.0,0.0,0.0,0.0,0.0,0.0,0.0,0.0,0.0,0.0,0.0,0.0,0.0,0.0,0.0,0.0,0.0,0.0,0.0,0.0,0.0,0.0,0.0,0.0,0.0,507150.0
광화사,검궁인,프로무림,9622.0,5880.0,2312.0,7866.0,14990.0,8766.0,11413.0,9701.0,3049.0,7558.0,16707.0,7160.0,4086.0,10988.0,2457.0,8649.0,13200.0,2137.0,8022.0,3831.0,9588.0,17107.0,11238.0,10659.0,10563.0,2732.0,4277.0,9379.0,6680.0,19687.0,14574.0,7866.0,2520.0,8071.0,10785.0,2257.0,4284.0,29098.0,2633.0,10823.0,2837.0,7638.0,3374.0,6437.0,8480.0,5847.0,6218.0,3240.0,16698.0,18871.0,5203.0,9239.0,11435.0,7679.0,4096.0,11258.0,5051.0,3698.0,11997.0,4042.0,506553.0
신출귀몰,강태산,프로무림,16735.0,12275.0,16766.0,10653.0,13435.0,14145.0,7910.0,8142.0,16536.0,8746.0,11732.0,5661.0,5662.0,3178.0,10003.0,14398.0,8091.0,8312.0,6062.0,9323.0,6381.0,14148.0,8791.0,6188.0,8646.0,5736.0,5693.0,5420.0,6798.0,10876.0,10814.0,7715.0,16175.0,11202.0,2164.0,9335.0,6540.0,14096.0,3207.0,10328.0,4505.0,4969.0,12304.0,2214.0,9278.0,11649.0,7058.0,5847.0,3929.0,7559.0,4541.0,7581.0,3156.0,6073.0,8447.0,11190.0,2473.0,6595.0,6566.0,2569.0,506521.0
천년대하,강태산,프로무림,4250.0,22122.0,13044.0,9565.0,14102.0,4200.0,10856.0,6064.0,2030.0,14003.0,3816.0,5042.0,8900.0,15215.0,4136.0,2019.0,9245.0,2273.0,3075.0,9539.0,444.0,5786.0,6874.0,10110.0,20661.0,10467.0,7285.0,4099.0,6237.0,9562.0,13266.0,13591.0,10500.0,350.0,13020.0,12047.0,5937.0,5630.0,6090.0,10351.0,10572.0,6551.0,10541.0,2198.0,7546.0,12814.0,10650.0,11626.0,23427.0,9182.0,3120.0,11395.0,3506.0,7319.0,5476.0,7512.0,9380.0,5092.0,4480.0,7720.0,505910.0
창궁비연,서효원,프로무림,10729.0,9063.0,8700.0,5700.0,4500.0,14700.0,2700.0,10620.0,9000.0,11700.0,5326.0,14600.0,15300.0,11879.0,15300.0,7432.0,16441.0,17100.0,5400.0,2700.0,2700.0,3780.0,28211.0,11914.0,10194.0,0.0,4939.0,3600.0,17503.0,6480.0,18000.0,5220.0,8446.0,15768.0,1710.0,4500.0,14239.0,18720.0,6208.0,18360.0,5364.0,5566.0,6113.0,1773.0,5072.0,3848.0,3321.0,10800.0,7560.0,0.0,5616.0,3177.0,5592.0,3789.0,2916.0,0.0,12360.0,6620.0,12694.0,3275.0,504838.0
십정천하,검궁인,프로무림,13328.0,1342.0,7033.0,21612.0,18481.0,14362.0,5252.0,7028.0,11881.0,3888.0,3908.0,7385.0,11167.0,4842.0,1729.0,7722.0,1437.0,7669.0,6239.0,7757.0,5595.0,7842.0,3941.0,10784.0,12872.0,9274.0,14400.0,3706.0,3150.0,14225.0,11488.0,8327.0,4591.0,8530.0,12461.0,13448.0,99.0,1890.0,3678.0,3729.0,9218.0,31413.0,15231.0,1789.0,7512.0,630.0,9913.0,5819.0,16076.0,6818.0,10380.0,4900.0,9107.0,5178.0,8312.0,12602.0,6264.0,7536.0,2898.0,9689.0,499377.0
용투야,천중행,프로무림,11978.0,3844.0,11001.0,11674.0,15235.0,9521.0,6712.0,6532.0,7721.0,4390.0,1850.0,14761.0,2898.0,6516.0,3150.0,7797.0,10903.0,9303.0,8105.0,8978.0,6303.0,10093.0,20342.0,20616.0,6742.0,7714.0,6052.0,8838.0,5173.0,5739.0,4297.0,4473.0,4941.0,6422.0,8190.0,14283.0,5797.0,19885.0,5221.0,4406.0,12666.0,17484.0,13608.0,4058.0,5547.0,3591.0,12189.0,8021.0,8190.0,12359.0,7336.0,6755.0,10764.0,10113.0,592.0,2944.0,732.0,7481.0,8190.0,7679.0,498695.0
요마겁,강태산,프로무림,5440.0,23376.0,7744.0,4964.0,16828.0,3195.0,19281.0,5493.0,7191.0,19958.0,4802.0,20186.0,16116.0,6579.0,16073.0,6575.0,4713.0,525.0,15971.0,1737.0,12323.0,4061.0,46450.0,17509.0,3780.0,5989.0,7792.0,27874.0,9536.0,14159.0,13707.0,7673.0,4410.0,8518.0,0.0,7000.0,3289.0,876.0,11270.0,8820.0,6865.0,3700.0,4410.0,0.0,10080.0,2100.0,1890.0,6137.0,3363.0,4558.0,5436.0,5225.0,3868.0,3774.0,4245.0,0.0,3439.0,4616.0,2520.0,0.0,498009.0
악중협,청산,프로무림,13428.0,7490.0,8215.0,10080.0,21404.0,5988.0,11970.0,2189.0,8190.0,12320.0,0.0,7308.0,6048.0,5085.0,6930.0,5256.0,14112.0,7095.0,18973.0,12600.0,5040.0,5040.0,23660.0,23030.0,9196.0,10299.0,4410.0,7497.0,10744.0,6300.0,6930.0,10080.0,16884.0,5670.0,4799.0,5866.0,13937.0,8568.0,2520.0,2897.0,5803.0,1890.0,7934.0,9310.0,18510.0,1764.0,0.0,0.0,18368.0,2520.0,0.0,14210.0,10241.0,7497.0,2520.0,2520.0,6300.0,10430.0,0.0,9618.0,497483.0
S2급 결혼 헌터,백견(百見) ,포텐,2016.0,8960.0,6720.0,0.0,16800.0,0.0,16380.0,31360.0,15232.0,0.0,23450.0,14560.0,31360.0,4480.0,4480.0,15680.0,12180.0,11200.0,2700.0,13900.0,4480.0,5383.0,0.0,0.0,8512.0,13440.0,15211.0,3238.0,231.0,15442.0,16914.0,7718.0,12040.0,3240.0,16600.0,2240.0,1620.0,4480.0,13999.0,11200.0,11040.0,14007.0,5220.0,1900.0,2160.0,3600.0,4860.0,5480.0,540.0,540.0,6020.0,12240.0,540.0,10960.0,14280.0,5390.0,0.0,1620.0,3780.0,5020.0,496643.0
상담 클리닉,얼끼,프로무림,0.0,0.0,0.0,0.0,0.0,0.0,0.0,0.0,0.0,0.0,0.0,0.0,0.0,0.0,0.0,0.0,0.0,0.0,0.0,0.0,0.0,0.0,0.0,0.0,0.0,2240.0,51520.0,72800.0,28000.0,11200.0,12499.0,15680.0,32480.0,2016.0,10976.0,32032.0,2240.0,15008.0,8960.0,6765.0,8064.0,6048.0,19488.0,16352.0,11200.0,13440.0,6720.0,20160.0,2016.0,22848.0,8736.0,6720.0,7680.0,15680.0,8064.0,4480.0,0.0,0.0,6518.0,6720.0,495350.0
제 장 중원십지의 영웅들,서효원,프로무림,200.0,9900.0,1800.0,4500.0,15300.0,4500.0,0.0,900.0,900.0,6300.0,17700.0,12900.0,4000.0,2700.0,5800.0,6800.0,8100.0,0.0,4500.0,7300.0,10800.0,7200.0,900.0,7500.0,6300.0,25000.0,9700.0,8300.0,6700.0,6800.0,6900.0,11000.0,25200.0,27300.0,12600.0,18900.0,17100.0,26400.0,900.0,5000.0,4500.0,12900.0,4100.0,9000.0,8100.0,900.0,8200.0,800.0,12100.0,1800.0,27300.0,12000.0,3600.0,5400.0,0.0,12900.0,5400.0,4500.0,1600.0,3600.0,493300.0
마인,검궁인,프로무림,10564.0,7518.0,3512.0,11323.0,22067.0,10239.0,7379.0,4026.0,7342.0,12046.0,15474.0,7556.0,8430.0,14125.0,4444.0,3682.0,8397.0,3649.0,9179.0,10418.0,9157.0,12107.0,7593.0,8624.0,9811.0,6331.0,10064.0,8366.0,16563.0,6055.0,12800.0,12543.0,3654.0,13714.0,10122.0,3191.0,20568.0,3249.0,9213.0,3582.0,2876.0,9962.0,8840.0,3765.0,11678.0,892.0,2869.0,2754.0,10354.0,7927.0,4239.0,4623.0,15192.0,3869.0,7716.0,1260.0,4964.0,9502.0,4454.0,6160.0,492573.0
환생혈마,관측불가,포텐,0.0,0.0,0.0,0.0,0.0,0.0,0.0,0.0,0.0,0.0,0.0,0.0,0.0,0.0,0.0,0.0,0.0,0.0,0.0,0.0,0.0,0.0,0.0,0.0,0.0,0.0,0.0,0.0,0.0,0.0,0.0,0.0,0.0,0.0,12927.0,195390.0,93100.0,19040.0,38080.0,21347.0,2647.0,12776.0,1260.0,630.0,22183.0,14112.0,13171.0,0.0,2520.0,4410.0,12096.0,6930.0,0.0,1360.0,18396.0,0.0,0.0,0.0,0.0,0.0,492375.0
풍륜,사마달,프로무림,7098.0,8360.0,4466.0,6995.0,22708.0,10822.0,10368.0,6929.0,3786.0,3197.0,4290.0,5865.0,7600.0,11235.0,4702.0,5794.0,10080.0,1469.0,2989.0,18278.0,3930.0,3682.0,7650.0,8016.0,6369.0,9576.0,10038.0,12754.0,13080.0,11538.0,4200.0,10809.0,3678.0,6273.0,3156.0,10481.0,41748.0,12013.0,4759.0,27333.0,4450.0,5953.0,11431.0,4309.0,4872.0,0.0,11873.0,11087.0,7995.0,2234.0,3416.0,2377.0,5722.0,10159.0,5355.0,7838.0,2419.0,7677.0,7133.0,6152.0,490566.0
소야전기,사마달,프로무림,13644.0,7696.0,5502.0,4990.0,3131.0,20676.0,6701.0,17014.0,12347.0,12346.0,10945.0,11901.0,8224.0,16120.0,6079.0,4262.0,19210.0,4022.0,8952.0,8827.0,7979.0,9131.0,8043.0,4400.0,11786.0,6525.0,12834.0,11916.0,7041.0,630.0,7973.0,10210.0,3493.0,10809.0,680.0,4803.0,14257.0,5169.0,2818.0,7116.0,9378.0,6843.0,2774.0,1827.0,8358.0,2040.0,8918.0,26899.0,12072.0,3250.0,4110.0,7146.0,4837.0,5577.0,11113.0,10641.0,3843.0,0.0,4017.0,6376.0,490221.0
서큐버스 프로게이머,스즈나,올나이트노벨,0.0,0.0,0.0,0.0,0.0,0.0,0.0,0.0,0.0,0.0,0.0,0.0,0.0,0.0,0.0,0.0,0.0,0.0,0.0,0.0,0.0,0.0,0.0,0.0,0.0,0.0,0.0,0.0,0.0,0.0,0.0,0.0,0.0,0.0,0.0,0.0,0.0,0.0,0.0,0.0,0.0,0.0,0.0,0.0,32697.0,5894.0,22575.0,36834.0,42325.0,72016.0,76884.0,112616.0,6020.0,15680.0,2240.0,8260.0,2240.0,15000.0,2473.0,35840.0,489594.0
무정마검,서효원,프로무림,14712.0,7164.0,4500.0,9600.0,0.0,4500.0,3600.0,2700.0,15546.0,5400.0,22352.0,3611.0,5400.0,20700.0,8454.0,5032.0,4800.0,1080.0,2700.0,4112.0,59983.0,6444.0,14472.0,11443.0,46336.0,6214.0,7878.0,4896.0,9028.0,2646.0,900.0,6084.0,4140.0,1800.0,2700.0,5822.0,6739.0,5040.0,14130.0,10555.0,9607.0,2099.0,8815.0,3901.0,7115.0,3780.0,0.0,4140.0,9600.0,2948.0,0.0,6486.0,3600.0,5699.0,7448.0,20016.0,7272.0,1944.0,3005.0,5712.0,486400.0
네안데르탈 각성차원의 지배자,테서스,올나이트노벨,0.0,0.0,0.0,0.0,0.0,0.0,0.0,0.0,0.0,0.0,0.0,0.0,0.0,0.0,0.0,0.0,0.0,0.0,0.0,0.0,0.0,0.0,0.0,0.0,0.0,0.0,0.0,0.0,0.0,0.0,0.0,0.0,0.0,0.0,0.0,0.0,0.0,0.0,0.0,0.0,0.0,0.0,0.0,0.0,0.0,0.0,0.0,0.0,0.0,0.0,0.0,0.0,0.0,0.0,0.0,0.0,0.0,291277.0,132307.0,62489.0,486073.0
공작풍,사마달,프로무림,12617.0,11564.0,5954.0,13341.0,13647.0,6415.0,15627.0,15380.0,7654.0,9392.0,3003.0,7313.0,9747.0,11669.0,9273.0,11012.0,8323.0,5106.0,14200.0,6039.0,8624.0,12921.0,6718.0,2829.0,4121.0,5588.0,10912.0,4824.0,4197.0,7161.0,14519.0,4905.0,3032.0,0.0,3454.0,12618.0,3598.0,4576.0,16807.0,1825.0,6552.0,2629.0,5401.0,6444.0,7182.0,3615.0,9222.0,7883.0,7798.0,8255.0,17483.0,5778.0,7639.0,6652.0,15474.0,1890.0,4779.0,16561.0,4387.0,9749.0,485878.0
오렌다의 제국,권우현,프로무림,9121.0,17202.0,8595.0,12831.0,30058.0,4848.0,10104.0,13683.0,7866.0,7436.0,8438.0,32705.0,8101.0,2923.0,3965.0,15931.0,6064.0,6561.0,1215.0,6409.0,3553.0,5220.0,8860.0,1199.0,10395.0,4047.0,5151.0,630.0,8932.0,10580.0,19519.0,1990.0,15599.0,1987.0,630.0,1596.0,12139.0,6827.0,5503.0,4410.0,5361.0,630.0,18376.0,2579.0,0.0,0.0,0.0,25382.0,1196.0,4935.0,1990.0,0.0,20689.0,36942.0,1059.0,4548.0,1.0,4959.0,14084.0,0.0,485554.0
절검도,검궁인,프로무림,16192.0,5173.0,10061.0,4999.0,8671.0,2520.0,31174.0,7538.0,14907.0,16222.0,3245.0,3113.0,5405.0,5547.0,7111.0,5083.0,9294.0,4662.0,6680.0,971.0,6516.0,16741.0,9538.0,0.0,3854.0,2721.0,7119.0,4054.0,16206.0,7470.0,15606.0,7278.0,9309.0,15674.0,8991.0,3721.0,6845.0,12261.0,3897.0,9443.0,1258.0,11446.0,1260.0,8293.0,2703.0,40712.0,3767.0,6711.0,3150.0,10422.0,5567.0,2412.0,2908.0,2694.0,4561.0,5754.0,16593.0,5909.0,6879.0,3407.0,482218.0
지배의 법칙,민서,프로무림,22229.0,14487.0,8890.0,13119.0,27304.0,9797.0,17660.0,13448.0,5155.0,6787.0,11342.0,7490.0,23356.0,4033.0,6845.0,9492.0,11814.0,15950.0,6185.0,10515.0,4008.0,1260.0,11899.0,4311.0,1799.0,11125.0,2712.0,11460.0,14161.0,7841.0,8949.0,7802.0,14866.0,10358.0,7599.0,6034.0,480.0,2461.0,6978.0,1302.0,9035.0,5263.0,2714.0,2827.0,16416.0,10572.0,6603.0,4304.0,9538.0,1448.0,782.0,1106.0,1766.0,0.0,9632.0,6353.0,5198.0,3612.0,1360.0,343.0,482175.0
스톰 블레이드,진현,프로무림,15506.0,16481.0,13068.0,6628.0,16176.0,17500.0,11700.0,3266.0,20257.0,11849.0,15300.0,7460.0,13261.0,4418.0,7200.0,7737.0,10474.0,4500.0,7443.0,12189.0,11974.0,3836.0,3600.0,4500.0,14678.0,20892.0,9143.0,8371.0,16963.0,3127.0,1800.0,13344.0,4358.0,7904.0,5281.0,14031.0,0.0,1731.0,3600.0,6758.0,6654.0,20085.0,7704.0,9243.0,4500.0,4500.0,5400.0,900.0,9725.0,0.0,5400.0,900.0,4140.0,4500.0,6428.0,0.0,0.0,0.0,1313.0,10262.0,479958.0
신풍낙영,사마달,프로무림,12605.0,6837.0,6423.0,22400.0,3591.0,13699.0,1833.0,13184.0,10841.0,10223.0,3042.0,8153.0,2458.0,4753.0,7785.0,1582.0,21417.0,9442.0,2460.0,3480.0,12461.0,12276.0,33725.0,4204.0,2686.0,9954.0,12273.0,670.0,11043.0,5881.0,8060.0,2241.0,415.0,1260.0,14227.0,9314.0,4613.0,4552.0,6319.0,11555.0,7612.0,3616.0,1963.0,4617.0,16700.0,32382.0,9977.0,14418.0,5218.0,10379.0,2041.0,2545.0,2188.0,8428.0,6798.0,0.0,3070.0,9483.0,675.0,3645.0,479692.0
아렌,사이딘,프로무림,14700.0,33565.0,0.0,0.0,27685.0,9800.0,30135.0,4410.0,0.0,0.0,9800.0,0.0,26460.0,9800.0,7350.0,0.0,0.0,0.0,0.0,49735.0,12250.0,15435.0,0.0,36750.0,15680.0,2450.0,15435.0,15435.0,41650.0,2450.0,34300.0,0.0,12250.0,22785.0,0.0,0.0,0.0,0.0,0.0,0.0,0.0,0.0,0.0,0.0,0.0,0.0,0.0,0.0,0.0,0.0,0.0,0.0,0.0,0.0,0.0,0.0,13891.0,15435.0,0.0,0.0,479636.0
용신의 후예,김현각,포텐,15870.0,6148.0,7870.0,29120.0,70.0,70.0,6125.0,6489.0,10070.0,620.0,70.0,8750.0,10640.0,0.0,3010.0,16660.0,12915.0,6020.0,10777.0,2043.0,6472.0,6804.0,4508.0,3402.0,15113.0,12019.0,3150.0,9870.0,8750.0,11900.0,6381.0,0.0,18022.0,567.0,4977.0,5922.0,249.0,0.0,63.0,0.0,567.0,567.0,2569.0,1260.0,8694.0,0.0,0.0,0.0,104493.0,35000.0,0.0,5000.0,10000.0,10000.0,0.0,29979.0,0.0,0.0,0.0,0.0,479635.0
무당귀환,앤서,포텐,0.0,0.0,0.0,0.0,0.0,0.0,0.0,0.0,0.0,0.0,0.0,0.0,0.0,0.0,0.0,0.0,0.0,0.0,0.0,0.0,0.0,0.0,0.0,0.0,0.0,0.0,0.0,0.0,0.0,0.0,0.0,0.0,0.0,0.0,0.0,0.0,0.0,0.0,0.0,0.0,0.0,0.0,0.0,0.0,0.0,0.0,0.0,0.0,0.0,0.0,0.0,0.0,0.0,0.0,0.0,0.0,0.0,0.0,365260.0,113626.0,478886.0
귀검행,서효원,프로무림,2899.0,802.0,2700.0,900.0,2700.0,43200.0,0.0,4500.0,2700.0,6300.0,20452.0,4500.0,10080.0,10433.0,1254.0,12725.0,32200.0,4500.0,13500.0,5132.0,7200.0,17640.0,6300.0,2700.0,16866.0,28859.0,11880.0,0.0,5400.0,7380.0,9600.0,900.0,8444.0,1530.0,13370.0,5612.0,2746.0,4691.0,7200.0,3600.0,18232.0,1980.0,8280.0,5616.0,14860.0,0.0,5940.0,9728.0,8700.0,4748.0,4320.0,0.0,24421.0,2673.0,9879.0,5108.0,2700.0,4212.0,1890.0,1524.0,478206.0
공공도수,청산,프로무림,7398.0,9475.0,8353.0,6153.0,5408.0,4839.0,10437.0,8885.0,15416.0,5537.0,2896.0,7742.0,2469.0,7180.0,8222.0,9914.0,16109.0,14809.0,9014.0,6708.0,13323.0,9450.0,10196.0,9513.0,7672.0,6542.0,12679.0,10458.0,5670.0,630.0,16469.0,4195.0,9198.0,9092.0,13029.0,13644.0,6327.0,8289.0,8750.0,5670.0,11864.0,4586.0,7061.0,5530.0,15687.0,9608.0,4347.0,0.0,1529.0,5618.0,8820.0,10533.0,6870.0,12126.0,3474.0,6300.0,1680.0,10866.0,0.0,0.0,474259.0
폭풍의 제황,박시원,포텐,9090.0,12726.0,8904.0,5605.0,25850.0,6651.0,5285.0,21884.0,23828.0,3577.0,12198.0,10605.0,10500.0,11214.0,2261.0,6867.0,0.0,4311.0,0.0,12271.0,0.0,3561.0,13198.0,13930.0,5618.0,26110.0,6951.0,9268.0,14462.0,6720.0,10570.0,16449.0,3920.0,490.0,10841.0,5416.0,7243.0,11047.0,10605.0,8576.0,18407.0,1477.0,1833.0,8865.0,19766.0,3855.0,2367.0,6993.0,5796.0,420.0,980.0,0.0,1392.0,0.0,10314.0,0.0,4107.0,8285.0,0.0,0.0,473459.0
현자귀환,류화수,포텐,0.0,0.0,0.0,0.0,0.0,0.0,0.0,0.0,0.0,0.0,0.0,0.0,0.0,0.0,0.0,0.0,0.0,0.0,0.0,0.0,0.0,0.0,0.0,0.0,0.0,0.0,0.0,0.0,0.0,0.0,0.0,0.0,0.0,0.0,0.0,0.0,0.0,0.0,0.0,0.0,0.0,0.0,0.0,0.0,0.0,0.0,0.0,0.0,0.0,0.0,124880.0,236599.0,19307.0,18784.0,648.0,13916.0,34976.0,0.0,17801.0,4284.0,471195.0
나 홀로 고인물 플레이어,웹중,포텐,0.0,0.0,0.0,0.0,0.0,0.0,0.0,0.0,0.0,0.0,0.0,0.0,0.0,0.0,0.0,0.0,0.0,0.0,0.0,0.0,0.0,0.0,0.0,0.0,0.0,0.0,0.0,0.0,0.0,0.0,0.0,0.0,0.0,0.0,0.0,0.0,0.0,0.0,0.0,0.0,0.0,0.0,0.0,4196.0,33618.0,4491.0,95609.0,15810.0,9622.0,214.0,33780.0,-2668.0,26142.0,43889.0,25590.0,2647.0,1953.0,3717.0,5819.0,166582.0,471011.0
학원 폭력물의 회귀 특전자,원하,올나이트노벨,0.0,0.0,0.0,0.0,0.0,0.0,0.0,0.0,0.0,0.0,0.0,0.0,0.0,0.0,0.0,0.0,0.0,0.0,0.0,0.0,0.0,0.0,0.0,0.0,0.0,0.0,0.0,0.0,0.0,0.0,0.0,0.0,0.0,0.0,0.0,0.0,0.0,0.0,0.0,0.0,0.0,0.0,0.0,0.0,0.0,0.0,0.0,0.0,0.0,0.0,0.0,0.0,0.0,0.0,0.0,0.0,0.0,0.0,0.0,470291.0,470291.0
천명,검궁인,프로무림,12435.0,4920.0,5349.0,9943.0,28874.0,4697.0,8413.0,17929.0,10008.0,9169.0,4439.0,6168.0,11444.0,1335.0,8059.0,12873.0,2980.0,2747.0,4494.0,8245.0,6581.0,7913.0,9852.0,13827.0,9139.0,13716.0,5230.0,13570.0,14433.0,22597.0,5464.0,1501.0,12451.0,3970.0,6242.0,3825.0,7986.0,11466.0,1521.0,6285.0,10365.0,5305.0,4773.0,7529.0,2313.0,8666.0,4649.0,6723.0,7334.0,5269.0,3183.0,5628.0,3780.0,4151.0,7788.0,6474.0,6993.0,11937.0,1890.0,1445.0,468285.0
음양마검사,진현,프로무림,18907.0,7993.0,23097.0,11881.0,12559.0,3786.0,10346.0,10159.0,6881.0,11983.0,11717.0,6578.0,4321.0,12405.0,14173.0,2605.0,3578.0,3769.0,4510.0,10885.0,4141.0,1728.0,8942.0,2828.0,5936.0,10414.0,4636.0,10222.0,4258.0,9711.0,14514.0,6588.0,8749.0,1431.0,3600.0,6512.0,2486.0,8639.0,6300.0,11879.0,545.0,1321.0,12149.0,5014.0,3909.0,12513.0,20234.0,9635.0,3963.0,9675.0,9248.0,477.0,4490.0,2332.0,19174.0,7648.0,14475.0,1139.0,387.0,3399.0,467374.0
적혈룡,강태산,프로무림,14178.0,21148.0,25411.0,7258.0,12798.0,6136.0,8848.0,12618.0,6716.0,9747.0,6873.0,14859.0,5874.0,13851.0,5312.0,4291.0,8581.0,5407.0,10810.0,4974.0,5093.0,2809.0,23814.0,4723.0,15851.0,13841.0,3905.0,7298.0,12304.0,1762.0,8242.0,10699.0,3430.0,3282.0,6510.0,5662.0,8170.0,140.0,12096.0,9682.0,8106.0,10573.0,6440.0,3290.0,14091.0,1465.0,3239.0,980.0,8346.0,4881.0,6461.0,2531.0,2039.0,5524.0,3023.0,3148.0,11109.0,2080.0,2660.0,783.0,465772.0
패왕독보2,와룡강,프로무림,5940.0,20330.0,3690.0,2520.0,16800.0,3600.0,10800.0,15300.0,17800.0,3600.0,8900.0,8630.0,13400.0,4500.0,8000.0,10600.0,5400.0,8000.0,2700.0,8900.0,5300.0,6300.0,12300.0,3330.0,3600.0,6200.0,9800.0,4500.0,13200.0,15900.0,2700.0,16000.0,1800.0,10700.0,3600.0,9700.0,7200.0,4500.0,20601.0,6300.0,7830.0,11500.0,4230.0,9700.0,10700.0,2700.0,8900.0,1800.0,4400.0,7200.0,1800.0,1800.0,9800.0,1800.0,12300.0,2700.0,5300.0,7100.0,5300.0,5300.0,465101.0
무영탑,검궁인,프로무림,3690.0,11445.0,8856.0,11120.0,12180.0,8547.0,9201.0,13851.0,9621.0,9900.0,2114.0,5852.0,126.0,7135.0,8627.0,7092.0,18056.0,0.0,7898.0,9610.0,4945.0,15869.0,10454.0,12925.0,5040.0,6489.0,7056.0,8595.0,6414.0,10553.0,4748.0,6899.0,5982.0,9172.0,5886.0,7297.0,6778.0,15939.0,6903.0,17353.0,3742.0,8535.0,4158.0,7482.0,10623.0,3725.0,10657.0,3175.0,8212.0,8590.0,11179.0,4047.0,10151.0,3565.0,6300.0,4697.0,5241.0,1319.0,3552.0,3641.0,462809.0
리메모리,김민우,프로무림,5514.0,21124.0,11487.0,15325.0,2273.0,8888.0,27813.0,7494.0,3780.0,9601.0,4415.0,18827.0,3711.0,13580.0,5217.0,13709.0,12636.0,11456.0,7818.0,2631.0,8728.0,3641.0,1843.0,15779.0,13893.0,6844.0,14855.0,5708.0,2225.0,8006.0,5149.0,2958.0,18396.0,3503.0,5819.0,1701.0,17573.0,14629.0,565.0,10788.0,5706.0,12061.0,14319.0,4611.0,9193.0,2467.0,1247.0,9932.0,6128.0,4461.0,3795.0,2335.0,674.0,0.0,3548.0,6804.0,0.0,4304.0,0.0,0.0,461487.0
제132장 진남2,설봉,프로무림,12600.0,11400.0,12700.0,1400.0,900.0,67000.0,56900.0,14100.0,3000.0,6200.0,2300.0,0.0,3400.0,500.0,0.0,0.0,11800.0,2000.0,3400.0,10300.0,15100.0,13400.0,7100.0,19900.0,5800.0,1500.0,6000.0,100.0,900.0,7500.0,0.0,44100.0,9400.0,1600.0,0.0,100.0,0.0,6400.0,13900.0,100.0,700.0,4800.0,11500.0,7000.0,14200.0,8000.0,2100.0,2900.0,13600.0,7300.0,0.0,6600.0,4200.0,0.0,0.0,1700.0,0.0,0.0,800.0,2400.0,460600.0
영웅산맥,일주향,프로무림,4704.0,16520.0,14915.0,7646.0,11568.0,2908.0,11540.0,17841.0,12241.0,11713.0,8665.0,7683.0,9127.0,13753.0,1077.0,4320.0,1027.0,6654.0,6258.0,12588.0,8784.0,1427.0,6528.0,12983.0,5424.0,6923.0,259.0,5958.0,8100.0,9670.0,13680.0,6660.0,1684.0,5300.0,10460.0,5429.0,6566.0,8633.0,22404.0,18269.0,7808.0,1200.0,11922.0,9956.0,7256.0,2294.0,1964.0,7013.0,7000.0,2588.0,4385.0,12938.0,0.0,6642.0,3933.0,5400.0,6300.0,801.0,9677.0,1957.0,458923.0
무림외사,서효원,프로무림,7242.0,9440.0,7800.0,10800.0,8700.0,0.0,0.0,900.0,9000.0,2700.0,14400.0,6300.0,7920.0,15596.0,16731.0,5632.0,4500.0,5400.0,3600.0,900.0,8100.0,3960.0,15829.0,8100.0,17145.0,5207.0,13387.0,5697.0,3175.0,3994.0,8460.0,19800.0,10934.0,13018.0,9630.0,21600.0,2700.0,5040.0,10927.0,9756.0,12159.0,2034.0,3683.0,0.0,900.0,9347.0,8700.0,11708.0,4140.0,0.0,9180.0,3177.0,9660.0,13617.0,840.0,8348.0,8280.0,3420.0,12528.0,2424.0,458165.0
백미혈,몽월,프로무림,3600.0,0.0,100.0,0.0,92700.0,1800.0,3600.0,0.0,0.0,12600.0,16400.0,3600.0,0.0,4500.0,900.0,37900.0,7200.0,5400.0,75700.0,6300.0,0.0,3600.0,4500.0,10400.0,5000.0,8100.0,5090.0,3600.0,0.0,5670.0,4970.0,10220.0,3850.0,8820.0,210.0,12732.0,3078.0,1260.0,3920.0,2800.0,0.0,0.0,1890.0,8960.0,3780.0,8960.0,0.0,1610.0,9940.0,2170.0,3780.0,3780.0,1330.0,280.0,21875.0,8610.0,630.0,3150.0,3150.0,630.0,454645.0
독행록,검궁인,프로무림,20135.0,7382.0,7725.0,6330.0,9383.0,7161.0,20367.0,11365.0,1550.0,6069.0,3800.0,3034.0,7560.0,9813.0,5747.0,5009.0,461.0,3816.0,1759.0,7102.0,1970.0,10897.0,27447.0,10363.0,7998.0,12144.0,23509.0,29368.0,8467.0,13604.0,8898.0,20785.0,3150.0,2731.0,7856.0,4049.0,4370.0,7841.0,5436.0,5656.0,6783.0,7481.0,1450.0,5394.0,7393.0,4542.0,5955.0,9661.0,8435.0,2257.0,3930.0,4555.0,3072.0,3639.0,5337.0,1393.0,882.0,1827.0,0.0,5879.0,451972.0
듀얼 세이버,이형석,포텐,0.0,0.0,0.0,0.0,0.0,0.0,2450.0,700.0,1050.0,22470.0,8120.0,18130.0,19810.0,17468.0,11015.0,26112.0,13440.0,17115.0,70.0,12222.0,0.0,0.0,4480.0,3276.0,685.0,0.0,5075.0,6576.0,2708.0,10150.0,17766.0,16910.0,7171.0,2240.0,6160.0,3240.0,28.0,630.0,12800.0,8194.0,2205.0,0.0,7992.0,70.0,0.0,110000.0,10000.0,540.0,0.0,0.0,561.0,0.0,0.0,10000.0,8232.0,0.0,0.0,18080.0,4480.0,0.0,450421.0
마도공학자,김형석,프로무림,34510.0,15680.0,21000.0,11130.0,9800.0,8505.0,7350.0,2520.0,6650.0,2520.0,6720.0,10850.0,10850.0,0.0,4410.0,0.0,7560.0,5670.0,0.0,35840.0,4480.0,15680.0,7560.0,4410.0,0.0,15680.0,7875.0,18900.0,4410.0,630.0,10780.0,2240.0,0.0,6720.0,0.0,0.0,4480.0,2240.0,0.0,20034.0,6363.0,6111.0,0.0,2552.0,2835.0,20552.0,33111.0,1260.0,0.0,0.0,1890.0,44800.0,0.0,0.0,0.0,0.0,0.0,0.0,0.0,0.0,447158.0
사신마곡,서효원,프로무림,3800.0,15300.0,1000.0,0.0,0.0,0.0,0.0,0.0,0.0,4800.0,13400.0,0.0,2900.0,7180.0,14500.0,6300.0,8700.0,13320.0,10404.0,7884.0,2612.0,8526.0,9748.0,2268.0,14238.0,-108.0,2520.0,6732.0,630.0,90.0,23310.0,6048.0,-1422.0,4716.0,7380.0,6976.0,7182.0,9360.0,7452.0,15102.0,3690.0,19535.0,22821.0,16994.0,8496.0,5400.0,11562.0,12545.0,18121.0,3024.0,21242.0,9072.0,8784.0,0.0,15350.0,12890.0,540.0,4586.0,9367.0,0.0,446867.0
추혼귀사,사마달,프로무림,7927.0,4344.0,5587.0,5206.0,7502.0,9774.0,5409.0,5893.0,1290.0,8396.0,7379.0,5660.0,4814.0,8453.0,10540.0,10836.0,4156.0,6721.0,1552.0,11431.0,4442.0,10614.0,6787.0,8709.0,12345.0,58878.0,27045.0,8008.0,9455.0,7434.0,4165.0,3249.0,5900.0,2630.0,12873.0,4561.0,6308.0,5951.0,3471.0,10409.0,8201.0,8824.0,4727.0,2898.0,4368.0,9271.0,9479.0,567.0,2211.0,5258.0,1260.0,6059.0,2840.0,3703.0,1260.0,10847.0,2331.0,5214.0,10710.0,629.0,446761.0
가족,이원호,프로무림,35200.0,12800.0,16000.0,13440.0,19200.0,0.0,0.0,3200.0,0.0,28800.0,19200.0,3200.0,12800.0,6400.0,3200.0,3200.0,19200.0,16000.0,5440.0,3200.0,9600.0,19200.0,0.0,0.0,3200.0,6400.0,3200.0,3200.0,0.0,6400.0,0.0,0.0,0.0,3200.0,6400.0,6400.0,17920.0,3200.0,24640.0,0.0,0.0,0.0,3200.0,9600.0,0.0,6400.0,6400.0,6400.0,22400.0,0.0,3200.0,0.0,22400.0,9600.0,10880.0,9600.0,0.0,0.0,0.0,3200.0,446720.0
천리무애,검궁인,프로무림,9505.0,15787.0,5899.0,17891.0,16215.0,9578.0,8709.0,9155.0,6955.0,8799.0,9588.0,5776.0,10665.0,4083.0,927.0,5168.0,4579.0,9605.0,11644.0,6979.0,3411.0,14996.0,9220.0,10578.0,10191.0,4594.0,11907.0,8451.0,6231.0,10303.0,24814.0,8349.0,6735.0,7427.0,0.0,5118.0,4210.0,10626.0,3406.0,5593.0,2857.0,8204.0,1879.0,4704.0,2444.0,12722.0,5540.0,3496.0,5425.0,10049.0,4676.0,5534.0,1889.0,3494.0,3262.0,7415.0,4701.0,5048.0,1890.0,3702.0,442598.0
극악 연쇄간살마로 회귀했다,테서스,포텐,0.0,0.0,0.0,0.0,0.0,0.0,0.0,0.0,0.0,0.0,0.0,0.0,0.0,0.0,0.0,0.0,0.0,0.0,0.0,0.0,0.0,0.0,0.0,0.0,0.0,0.0,0.0,0.0,0.0,0.0,0.0,0.0,0.0,0.0,0.0,0.0,0.0,0.0,0.0,0.0,0.0,0.0,0.0,8064.0,32480.0,173174.0,21145.0,11069.0,110304.0,19922.0,4480.0,14810.0,15680.0,2016.0,0.0,0.0,0.0,2240.0,15456.0,11200.0,442040.0
사신혈로,사마달,프로무림,0.0,11409.0,6135.0,2046.0,891.0,12204.0,2938.0,4462.0,7704.0,7045.0,7310.0,7016.0,10153.0,6435.0,3031.0,4661.0,3388.0,3505.0,2573.0,8362.0,6520.0,5413.0,7043.0,9325.0,7107.0,30330.0,27379.0,6764.0,8034.0,1291.0,4378.0,8694.0,13992.0,13638.0,9954.0,10850.0,9268.0,5988.0,2041.0,2419.0,4449.0,16286.0,3604.0,5744.0,10515.0,13741.0,6673.0,6980.0,5047.0,2564.0,7704.0,7620.0,18364.0,14516.0,4455.0,2331.0,3780.0,1495.0,3301.0,400.0,441265.0
얀데레에게 찍혔습니다,LOCOLOCO,프로무림,0.0,0.0,0.0,0.0,0.0,0.0,0.0,0.0,0.0,0.0,0.0,0.0,0.0,0.0,0.0,0.0,0.0,0.0,0.0,0.0,0.0,0.0,0.0,0.0,0.0,5390.0,1141.0,350.0,2226.0,70.0,0.0,4550.0,910.0,0.0,126.0,14476.0,2016.0,9170.0,1960.0,2016.0,0.0,0.0,0.0,0.0,16800.0,181608.0,3220.0,2240.0,110430.0,23590.0,11200.0,0.0,0.0,0.0,0.0,1120.0,2242.0,17878.0,24703.0,0.0,439432.0
팔왕난,강태산,프로무림,20153.0,10804.0,17676.0,20577.0,8755.0,12465.0,9616.0,9695.0,8524.0,7782.0,1685.0,10316.0,9772.0,5977.0,3717.0,14742.0,7803.0,7308.0,6429.0,3399.0,3436.0,4281.0,9343.0,10405.0,13212.0,9741.0,3567.0,4630.0,7700.0,5875.0,8830.0,5869.0,3290.0,4620.0,4277.0,3352.0,7606.0,13152.0,14560.0,8770.0,4410.0,5845.0,6210.0,2520.0,9442.0,11740.0,9286.0,2520.0,6717.0,5513.0,5556.0,1107.0,6452.0,2310.0,1450.0,3780.0,2520.0,0.0,2261.0,3710.0,437060.0
용황호,김능하,프로무림,4967.0,1338.0,1960.0,1141.0,3023.0,2307.0,6234.0,4671.0,3991.0,3150.0,7128.0,1260.0,42573.0,83580.0,9476.0,3009.0,5208.0,37022.0,41154.0,19041.0,6332.0,5791.0,3150.0,4516.0,15352.0,26475.0,1260.0,3383.0,3150.0,679.0,17640.0,5320.0,3353.0,1050.0,0.0,1067.0,4562.0,0.0,549.0,0.0,6237.0,1453.0,2940.0,3324.0,1890.0,4473.0,630.0,1561.0,630.0,2034.0,2520.0,330.0,0.0,1890.0,872.0,5464.0,3744.0,6027.0,2041.0,2727.0,436649.0
복마구층탑,서효원,프로무림,8380.0,11700.0,12027.0,8700.0,8700.0,13700.0,0.0,900.0,11100.0,4500.0,16251.0,2700.0,720.0,25012.0,16171.0,232.0,9000.0,0.0,0.0,12532.0,9120.0,14280.0,0.0,0.0,4076.0,9000.0,7560.0,8700.0,10364.0,2000.0,6000.0,7320.0,900.0,1260.0,5960.0,900.0,8359.0,13200.0,2700.0,10560.0,15390.0,567.0,11651.0,66.0,18540.0,16476.0,6300.0,9000.0,11700.0,13124.0,11362.0,0.0,5940.0,5616.0,6150.0,2700.0,5400.0,0.0,9720.0,312.0,434598.0
환골탈태4,와룡강,프로무림,12460.0,10330.0,2430.0,4340.0,10570.0,5300.0,11600.0,20500.0,16900.0,14100.0,8900.0,2700.0,10600.0,6200.0,6200.0,9800.0,9800.0,8000.0,8100.0,6300.0,6200.0,5400.0,8000.0,9000.0,8100.0,8900.0,8100.0,8000.0,10700.0,9000.0,10450.0,9700.0,6200.0,1200.0,4500.0,7200.0,4400.0,1950.0,1800.0,2700.0,4400.0,7500.0,8000.0,3700.0,900.0,6300.0,6200.0,2700.0,4400.0,7100.0,1800.0,5300.0,3500.0,7000.0,4400.0,18800.0,6200.0,3500.0,8900.0,4400.0,431630.0
야구를 못할 수가 없음,관측불가,포텐,0.0,0.0,0.0,0.0,0.0,0.0,0.0,0.0,0.0,0.0,0.0,0.0,0.0,0.0,0.0,0.0,0.0,0.0,0.0,0.0,0.0,0.0,0.0,0.0,0.0,0.0,0.0,0.0,0.0,0.0,0.0,0.0,0.0,0.0,0.0,0.0,0.0,0.0,0.0,0.0,0.0,177312.0,40557.0,21546.0,7371.0,2279.0,1134.0,10824.0,25159.0,7371.0,26217.0,18408.0,16984.0,8883.0,4536.0,13608.0,0.0,6237.0,11302.0,29597.0,429325.0
빌어먹을 메테오,김하준,프로무림,5878.0,9728.0,25686.0,21731.0,9701.0,6408.0,8946.0,9509.0,2520.0,3412.0,3643.0,4362.0,5955.0,15103.0,6300.0,10485.0,1260.0,8511.0,25745.0,1972.0,5567.0,5326.0,20296.0,7972.0,1821.0,2526.0,7734.0,22542.0,14166.0,4490.0,4629.0,4664.0,2174.0,2090.0,6930.0,5222.0,3072.0,0.0,16268.0,5629.0,2554.0,16892.0,5016.0,3880.0,0.0,0.0,2882.0,1350.0,13612.0,1425.0,1888.0,5324.0,19152.0,2524.0,919.0,698.0,0.0,6429.0,1299.0,13395.0,429212.0
노룡탄,강태산,프로무림,7795.0,14870.0,19329.0,15600.0,12831.0,10676.0,8970.0,15144.0,12555.0,13800.0,12180.0,4345.0,5096.0,5810.0,4268.0,8140.0,7383.0,6406.0,12018.0,2453.0,6571.0,3032.0,9595.0,4054.0,8298.0,10897.0,15466.0,8101.0,3676.0,4674.0,7660.0,2266.0,5425.0,12620.0,1764.0,6300.0,5090.0,1890.0,6770.0,3332.0,2520.0,6250.0,3112.0,1260.0,3644.0,5460.0,6867.0,1179.0,9839.0,8145.0,5397.0,272.0,7504.0,2991.0,5742.0,8378.0,5794.0,2520.0,8241.0,5371.0,427636.0
마창6,류운,프로무림,2700.0,15070.0,3870.0,630.0,10640.0,15960.0,3780.0,2520.0,5670.0,9450.0,14140.0,4221.0,6930.0,6930.0,3780.0,11818.0,8050.0,8820.0,5670.0,4340.0,5670.0,10570.0,17127.0,19845.0,3710.0,4410.0,16660.0,14490.0,9450.0,3780.0,6790.0,6300.0,8120.0,4781.0,8316.0,3780.0,4410.0,11970.0,17920.0,3717.0,10155.0,13072.0,10710.0,4410.0,8820.0,1890.0,13230.0,2520.0,11340.0,630.0,4410.0,0.0,0.0,3780.0,5040.0,1260.0,1260.0,630.0,3150.0,4410.0,427522.0
야월,사마달,프로무림,870.0,1976.0,5342.0,7245.0,6483.0,8090.0,3261.0,15982.0,4174.0,6028.0,5138.0,10742.0,6647.0,8201.0,20540.0,4494.0,3488.0,10162.0,8178.0,10462.0,11204.0,4205.0,7408.0,9927.0,8214.0,21549.0,16975.0,6754.0,3900.0,4950.0,11426.0,6111.0,13132.0,3105.0,1260.0,13479.0,2422.0,9500.0,8006.0,6174.0,5004.0,5033.0,15389.0,2288.0,5359.0,1890.0,9406.0,4891.0,10143.0,970.0,3512.0,1890.0,10979.0,4978.0,4410.0,3402.0,1890.0,3954.0,3267.0,6951.0,422810.0
보스몹이 너무 강함,민작가,포텐,0.0,0.0,0.0,0.0,0.0,0.0,0.0,0.0,0.0,0.0,0.0,0.0,0.0,0.0,0.0,0.0,0.0,0.0,0.0,0.0,0.0,0.0,0.0,0.0,0.0,0.0,0.0,0.0,0.0,0.0,0.0,0.0,0.0,0.0,0.0,0.0,0.0,0.0,0.0,0.0,0.0,0.0,0.0,0.0,0.0,0.0,0.0,0.0,0.0,0.0,0.0,0.0,11382.0,170756.0,72795.0,21227.0,13333.0,17735.0,10701.0,103618.0,421547.0
무극대도,사마달,프로무림,7846.0,3667.0,3354.0,13297.0,13713.0,4670.0,6288.0,11965.0,13417.0,19251.0,8009.0,3774.0,1422.0,3476.0,1652.0,1481.0,3941.0,2295.0,5506.0,5334.0,4396.0,8351.0,5160.0,6700.0,11975.0,22549.0,15288.0,8505.0,2975.0,10584.0,4381.0,2448.0,4421.0,5065.0,6543.0,3905.0,3624.0,5211.0,5314.0,7120.0,6570.0,14307.0,5812.0,1467.0,10078.0,7110.0,14788.0,9987.0,13101.0,5726.0,7978.0,3901.0,3780.0,2859.0,11251.0,7697.0,2747.0,4410.0,2012.0,6923.0,421377.0
폭풍무림,청운하,프로무림,5501.0,3647.0,8690.0,3633.0,10484.0,7828.0,4345.0,11615.0,7093.0,4300.0,4294.0,10282.0,1821.0,8171.0,12746.0,8153.0,4178.0,7600.0,8890.0,5894.0,8591.0,11911.0,12133.0,2636.0,6605.0,5876.0,3780.0,7320.0,4936.0,11337.0,10839.0,26481.0,6741.0,5390.0,3290.0,7284.0,4321.0,4071.0,7140.0,14624.0,9450.0,4211.0,9126.0,6370.0,7560.0,6392.0,8694.0,7717.0,5150.0,6166.0,8050.0,1260.0,2357.0,4480.0,1890.0,6482.0,8347.0,5146.0,5880.0,2107.0,421306.0
내가 매니지먼트다,윤준모,포텐,0.0,0.0,0.0,0.0,0.0,0.0,0.0,0.0,0.0,0.0,0.0,0.0,0.0,0.0,0.0,0.0,0.0,0.0,0.0,0.0,0.0,0.0,0.0,0.0,0.0,0.0,0.0,0.0,0.0,0.0,0.0,0.0,0.0,0.0,0.0,0.0,0.0,0.0,0.0,0.0,0.0,45497.0,14910.0,34020.0,700.0,45258.0,51945.0,15058.0,6841.0,5910.0,14485.0,11566.0,18069.0,32253.0,23882.0,40068.0,15469.0,11626.0,24638.0,9090.0,421285.0
삼절지존2,와룡강,프로무림,8320.0,19130.0,3420.0,1260.0,11130.0,7100.0,13400.0,10600.0,7100.0,14300.0,6300.0,4230.0,7730.0,1800.0,6200.0,8900.0,3600.0,7100.0,2700.0,1800.0,4500.0,11500.0,6200.0,11330.0,5400.0,12500.0,6200.0,11500.0,12400.0,7200.0,1800.0,8100.0,6200.0,11500.0,6200.0,5400.0,6300.0,4500.0,4400.0,3600.0,15900.0,0.0,7682.0,13400.0,4500.0,9000.0,4500.0,3330.0,3500.0,6200.0,4500.0,1800.0,15000.0,5300.0,6200.0,900.0,3600.0,7100.0,10700.0,5300.0,421262.0
종횡만리,검궁인,프로무림,7383.0,1837.0,5331.0,5446.0,10530.0,2634.0,8095.0,7199.0,3850.0,1755.0,9929.0,11161.0,1923.0,10249.0,7552.0,8993.0,10207.0,5370.0,12072.0,2414.0,15506.0,12140.0,16322.0,14666.0,7405.0,1963.0,5897.0,15661.0,10331.0,4473.0,6063.0,5029.0,2570.0,10642.0,7266.0,3800.0,5147.0,2757.0,3228.0,3364.0,4299.0,14435.0,6278.0,4847.0,4709.0,4753.0,5595.0,11247.0,7276.0,9061.0,4442.0,4947.0,4410.0,4194.0,4845.0,3792.0,5662.0,19504.0,612.0,2924.0,415992.0
무해검마전,서효원,프로무림,25513.0,9012.0,3631.0,3600.0,2000.0,2900.0,9000.0,5400.0,10884.0,16800.0,8300.0,5400.0,5400.0,15090.0,10800.0,4500.0,1800.0,7800.0,4500.0,3600.0,23400.0,5371.0,3600.0,0.0,6950.0,12946.0,12960.0,4500.0,11160.0,10015.0,5400.0,1080.0,3060.0,3600.0,9000.0,1080.0,2880.0,8446.0,4140.0,11280.0,2083.0,5040.0,10827.0,3780.0,10593.0,2160.0,17247.0,8584.0,4230.0,2700.0,2700.0,6030.0,7020.0,13439.0,5706.0,10260.0,4500.0,0.0,900.0,0.0,414597.0
불행을 보는 재벌집손자,유재무,포텐,0.0,0.0,0.0,0.0,0.0,0.0,0.0,0.0,0.0,0.0,0.0,0.0,0.0,0.0,0.0,0.0,0.0,0.0,0.0,0.0,0.0,0.0,0.0,0.0,0.0,0.0,0.0,0.0,0.0,0.0,0.0,0.0,0.0,0.0,0.0,0.0,0.0,0.0,0.0,0.0,0.0,0.0,0.0,0.0,0.0,0.0,0.0,0.0,0.0,0.0,0.0,71674.0,160782.0,24596.0,30470.0,1862.0,26745.0,88656.0,1862.0,7449.0,414096.0
환골탈태6,와룡강,프로무림,10390.0,5930.0,5030.0,4970.0,8050.0,5300.0,10700.0,14200.0,11500.0,7100.0,9800.0,2700.0,9800.0,5300.0,8000.0,8900.0,8000.0,6200.0,6300.0,4500.0,8900.0,11600.0,10700.0,8100.0,6200.0,11600.0,7200.0,8000.0,6300.0,9900.0,15100.0,14100.0,3600.0,9800.0,4500.0,8100.0,1800.0,2700.0,900.0,1800.0,5300.0,5400.0,6200.0,2700.0,2700.0,5300.0,3600.0,5300.0,5300.0,3600.0,2700.0,9700.0,4400.0,7900.0,900.0,11450.0,5300.0,8020.0,7750.0,6200.0,413290.0
환골탈태7,와룡강,프로무림,12190.0,5930.0,5930.0,5600.0,9940.0,5300.0,7100.0,14200.0,11500.0,5300.0,6300.0,2700.0,16800.0,5300.0,10600.0,12400.0,4500.0,5300.0,3600.0,2700.0,8900.0,8900.0,10700.0,8100.0,6200.0,11600.0,12500.0,5400.0,3600.0,7200.0,10700.0,10600.0,1800.0,12100.0,8400.0,13300.0,1700.0,7900.0,3900.0,1800.0,4400.0,4500.0,6800.0,3300.0,5300.0,3600.0,2700.0,1800.0,7900.0,8000.0,1800.0,5300.0,4400.0,4400.0,3500.0,9000.0,9700.0,4400.0,7500.0,6200.0,412990.0
내가 키운 용사가 나한테 집착한다,그림,프로무림,0.0,0.0,0.0,0.0,0.0,0.0,0.0,0.0,0.0,0.0,0.0,0.0,0.0,0.0,0.0,0.0,0.0,0.0,0.0,0.0,0.0,0.0,0.0,0.0,0.0,0.0,9366.0,30100.0,3920.0,70.0,11170.0,37800.0,56070.0,18200.0,20160.0,17920.0,4543.0,2429.0,2240.0,8960.0,81130.0,70.0,63.0,34328.0,0.0,70.0,0.0,0.0,17990.0,17920.0,0.0,7680.0,4485.0,2240.0,4800.0,8499.0,511.0,4207.0,4835.0,0.0,411776.0
초인의 전설,이원호,프로무림,12100.0,0.0,0.0,0.0,0.0,0.0,0.0,0.0,0.0,0.0,0.0,0.0,0.0,0.0,0.0,0.0,0.0,0.0,8532.0,44056.0,23171.0,11016.0,19056.0,2500.0,18468.0,16200.0,1079.0,587.0,5400.0,24729.0,6900.0,40700.0,10200.0,3240.0,3821.0,12421.0,11187.0,11700.0,20495.0,15400.0,5400.0,0.0,863.0,600.0,6695.0,10800.0,0.0,0.0,11300.0,2808.0,3024.0,14176.0,10000.0,2152.0,18400.0,0.0,0.0,216.0,0.0,0.0,409392.0
공감의 요리사,진시월,포텐,32984.0,21840.0,8380.0,2380.0,76809.0,21820.0,3590.0,11620.0,26110.0,2940.0,8680.0,210.0,13160.0,56350.0,2940.0,5490.0,2660.0,16041.0,12629.0,3150.0,2783.0,2075.0,5155.0,8520.0,7620.0,151.0,0.0,1285.0,346.0,991.0,3146.0,0.0,2520.0,2800.0,70.0,11433.0,145.0,651.0,3892.0,0.0,1.0,1050.0,2783.0,0.0,0.0,3969.0,0.0,70.0,1814.0,1154.0,10519.0,0.0,0.0,1820.0,1330.0,0.0,75.0,0.0,0.0,1103.0,409054.0
패왕독보3,와룡강,프로무림,4050.0,17250.0,3690.0,0.0,16800.0,3600.0,10800.0,8100.0,7200.0,3600.0,9800.0,8630.0,11600.0,5400.0,6200.0,6200.0,7200.0,9800.0,2700.0,8000.0,5300.0,10700.0,8800.0,2430.0,3600.0,7100.0,8900.0,4500.0,12300.0,9700.0,3600.0,13300.0,0.0,8900.0,2700.0,5300.0,9800.0,1800.0,12618.0,5400.0,9530.0,8900.0,2700.0,6200.0,9800.0,1800.0,8900.0,900.0,4400.0,5400.0,2700.0,5300.0,8000.0,4400.0,14000.0,3600.0,2700.0,9700.0,6200.0,5300.0,407798.0
영세제일인,청운하,프로무림,17373.0,8691.0,8476.0,7230.0,5559.0,2275.0,4282.0,5720.0,10000.0,12879.0,3964.0,8491.0,5728.0,4316.0,5391.0,4808.0,4370.0,10500.0,2373.0,3429.0,6565.0,6416.0,3878.0,26492.0,27414.0,15155.0,6094.0,8992.0,11587.0,5880.0,8631.0,9021.0,5418.0,9547.0,2282.0,4376.0,4519.0,8227.0,7350.0,7302.0,3393.0,8478.0,3010.0,6863.0,0.0,4975.0,2759.0,16202.0,3762.0,2575.0,2737.0,2520.0,4888.0,913.0,12751.0,259.0,2865.0,1523.0,1890.0,3434.0,406798.0
스타 러버즈,깃털펜,프로무림,900.0,2700.0,34830.0,11700.0,23400.0,1800.0,3600.0,33300.0,21700.0,14400.0,9900.0,9700.0,8100.0,3330.0,2700.0,0.0,900.0,37800.0,1800.0,3780.0,8100.0,0.0,900.0,0.0,900.0,12600.0,5400.0,0.0,0.0,0.0,0.0,0.0,15190.0,4020.0,9000.0,5463.0,900.0,2916.0,8100.0,22500.0,900.0,900.0,0.0,0.0,0.0,0.0,15000.0,0.0,0.0,8100.0,0.0,15700.0,15200.0,200.0,0.0,900.0,0.0,0.0,3600.0,22500.0,405329.0
검은 달 그림자,사이딘,프로무림,0.0,0.0,13230.0,7350.0,14700.0,13230.0,0.0,13230.0,29400.0,0.0,0.0,0.0,0.0,0.0,0.0,0.0,0.0,0.0,0.0,0.0,12250.0,2450.0,61250.0,26705.0,0.0,13475.0,26460.0,0.0,0.0,0.0,14700.0,27930.0,0.0,0.0,11907.0,0.0,0.0,0.0,4994.0,22932.0,0.0,0.0,0.0,0.0,0.0,25401.0,13230.0,0.0,0.0,0.0,0.0,23814.0,11907.0,13230.0,0.0,0.0,0.0,0.0,0.0,0.0,403775.0
만무총록,검궁인,프로무림,3747.0,5774.0,11793.0,18084.0,12409.0,7992.0,19134.0,6360.0,11598.0,8575.0,7531.0,3986.0,4568.0,10161.0,10232.0,2035.0,7033.0,6139.0,7299.0,4827.0,3347.0,8890.0,5138.0,3150.0,5416.0,7463.0,9113.0,10737.0,7283.0,7895.0,12847.0,2831.0,3337.0,6769.0,5670.0,5703.0,8927.0,7497.0,8727.0,6094.0,8375.0,9303.0,2579.0,1242.0,1093.0,2467.0,6172.0,6834.0,7342.0,7157.0,5859.0,1627.0,9097.0,3426.0,2305.0,3565.0,2874.0,6149.0,4762.0,3362.0,401701.0
십매어황,청운하,프로무림,5684.0,10861.0,21267.0,847.0,4678.0,6726.0,7558.0,4234.0,3374.0,2344.0,1302.0,4375.0,2520.0,5492.0,2152.0,9316.0,11419.0,674.0,3811.0,7466.0,5184.0,0.0,1731.0,2060.0,15741.0,32315.0,46086.0,22145.0,9289.0,8034.0,6450.0,6336.0,5731.0,1798.0,0.0,1571.0,3626.0,6070.0,11433.0,15423.0,514.0,2842.0,3793.0,4068.0,6930.0,3290.0,5309.0,3170.0,3591.0,5484.0,2937.0,1890.0,3118.0,3570.0,10404.0,7182.0,3025.0,5378.0,4963.0,2570.0,401151.0
난전 무림기사,이문혁,프로무림,12746.0,21625.0,31631.0,8004.0,11995.0,27022.0,6322.0,14197.0,12319.0,1890.0,3150.0,1613.0,10719.0,11265.0,13860.0,8844.0,18661.0,18326.0,1502.0,3780.0,17493.0,1890.0,37234.0,7661.0,6804.0,9702.0,1890.0,8190.0,1701.0,1890.0,1890.0,9918.0,630.0,10383.0,8222.0,630.0,630.0,34639.0,0.0,0.0,0.0,0.0,0.0,0.0,0.0,0.0,0.0,0.0,0.0,0.0,0.0,0.0,0.0,0.0,0.0,0.0,0.0,0.0,0.0,0.0,400868.0
도종밀야,사마달,프로무림,20474.0,8309.0,9610.0,1782.0,3746.0,12617.0,10384.0,8064.0,9519.0,2125.0,13473.0,7160.0,7300.0,4107.0,5718.0,12969.0,6160.0,5303.0,3873.0,946.0,4788.0,7824.0,14255.0,6462.0,7635.0,4887.0,3894.0,5013.0,17823.0,3876.0,14799.0,3427.0,4292.0,4169.0,4589.0,872.0,2360.0,2263.0,3864.0,4037.0,13416.0,5143.0,9243.0,4527.0,630.0,1587.0,19477.0,10099.0,7239.0,2290.0,5403.0,3827.0,8820.0,12082.0,4059.0,0.0,2287.0,6954.0,5123.0,3797.0,400771.0
천애광정기,서효원,프로무림,9260.0,14227.0,2700.0,1800.0,5400.0,4900.0,0.0,4500.0,3600.0,8100.0,0.0,13500.0,7200.0,14400.0,8190.0,4500.0,3600.0,2700.0,8700.0,10440.0,5760.0,0.0,17856.0,7020.0,12220.0,18240.0,7380.0,3780.0,11880.0,5400.0,14220.0,2700.0,3240.0,8712.0,16470.0,900.0,3715.0,2700.0,900.0,8460.0,9500.0,4590.0,5832.0,3914.0,3240.0,0.0,8316.0,11216.0,15720.0,5580.0,5400.0,0.0,21228.0,4860.0,3303.0,2948.0,0.0,2700.0,4446.0,8676.0,400739.0
플라이 미 투 더 문,이수영,프로무림,16632.0,6160.0,8624.0,14168.0,8624.0,5852.0,8624.0,25564.0,3080.0,5544.0,0.0,8932.0,3080.0,0.0,8624.0,5544.0,3080.0,5544.0,12504.0,8316.0,0.0,17740.0,40656.0,35728.0,14784.0,11396.0,3080.0,26488.0,6160.0,8932.0,3080.0,11704.0,6160.0,6160.0,14168.0,0.0,2772.0,3080.0,0.0,5852.0,6160.0,5852.0,3080.0,2772.0,0.0,0.0,6160.0,0.0,0.0,0.0,0.0,0.0,0.0,0.0,0.0,0.0,0.0,0.0,0.0,0.0,400460.0
검한몽,천중행,프로무림,7728.0,3780.0,4177.0,1260.0,2657.0,3957.0,2520.0,441.0,3150.0,1260.0,7350.0,1890.0,8288.0,9965.0,34650.0,11508.0,4286.0,5498.0,12660.0,5816.0,11635.0,932.0,10239.0,9828.0,16435.0,5104.0,2520.0,2196.0,2055.0,3049.0,0.0,6650.0,630.0,20251.0,18957.0,13020.0,4022.0,1890.0,3230.0,5670.0,1323.0,630.0,5390.0,22040.0,5670.0,8820.0,7523.0,13230.0,8190.0,4984.0,11723.0,5652.0,8610.0,9091.0,1941.0,6883.0,1890.0,630.0,1890.0,1890.0,399154.0
유산 받아 레벨 업 완,북홀릭,포텐,10350.0,1800.0,9000.0,3600.0,69440.0,22500.0,8100.0,8550.0,1350.0,900.0,9000.0,1800.0,3150.0,900.0,9000.0,2250.0,14040.0,21240.0,39240.0,0.0,0.0,900.0,0.0,450.0,450.0,1350.0,0.0,0.0,900.0,2950.0,10500.0,46438.0,900.0,5130.0,0.0,0.0,0.0,900.0,2430.0,1310.0,2250.0,450.0,900.0,0.0,0.0,0.0,0.0,0.0,0.0,0.0,4500.0,59346.0,900.0,17650.0,0.0,0.0,0.0,0.0,0.0,0.0,396814.0
무정마검,관측불가,프로무림,7000.0,22900.0,0.0,0.0,0.0,0.0,0.0,0.0,0.0,0.0,200.0,0.0,500.0,9500.0,14500.0,3600.0,200.0,7275.0,97.0,2482.0,3240.0,11970.0,11771.0,1285.0,6264.0,0.0,2304.0,11219.0,1530.0,20520.0,6887.0,11015.0,4968.0,2160.0,90.0,198.0,6624.0,27584.0,6659.0,12222.0,13500.0,19584.0,20838.0,13536.0,27348.0,180.0,10242.0,90.0,5652.0,0.0,9177.0,0.0,0.0,10782.0,9234.0,16251.0,9045.0,1080.0,360.0,12042.0,395705.0
던전 마제스티,박제후,프로무림,16200.0,0.0,82900.0,42000.0,25900.0,3800.0,0.0,22000.0,4000.0,0.0,18000.0,34000.0,4000.0,0.0,0.0,0.0,0.0,39900.0,0.0,0.0,46300.0,0.0,0.0,0.0,0.0,0.0,0.0,0.0,24000.0,0.0,0.0,0.0,0.0,0.0,0.0,0.0,0.0,0.0,0.0,3240.0,0.0,0.0,21420.0,0.0,0.0,0.0,0.0,0.0,0.0,900.0,0.0,900.0,0.0,0.0,0.0,0.0,0.0,0.0,0.0,0.0,389460.0
마정지로,검궁인,프로무림,12140.0,374.0,4255.0,10523.0,5878.0,10766.0,3226.0,4606.0,4641.0,4000.0,11788.0,9997.0,13833.0,5904.0,9044.0,9157.0,4854.0,5693.0,11585.0,5131.0,5418.0,6447.0,5574.0,1268.0,5019.0,10915.0,5558.0,2520.0,8184.0,9478.0,8346.0,7776.0,3745.0,5502.0,2520.0,3709.0,12501.0,1359.0,5040.0,2318.0,17639.0,5652.0,10192.0,2457.0,11131.0,5690.0,3338.0,5141.0,12266.0,3035.0,5652.0,9008.0,2520.0,9167.0,2331.0,3324.0,1814.0,3017.0,8001.0,7273.0,389240.0
일궁추혼,사마달,프로무림,20457.0,9104.0,9834.0,2148.0,8665.0,7473.0,12564.0,7292.0,7947.0,17945.0,7491.0,15022.0,3218.0,5053.0,5385.0,1401.0,4173.0,5925.0,3720.0,11298.0,10391.0,958.0,1831.0,4381.0,6315.0,3557.0,9744.0,1714.0,2501.0,12012.0,5616.0,1935.0,9249.0,3583.0,2187.0,11649.0,4536.0,1360.0,11143.0,4694.0,7518.0,5145.0,2382.0,4233.0,0.0,4099.0,4025.0,4516.0,23808.0,8910.0,689.0,6174.0,3024.0,2528.0,3804.0,12156.0,3547.0,3173.0,3137.0,8349.0,386688.0
파문제자,한성수,프로무림,5535.0,5157.0,3690.0,3717.0,9387.0,15673.0,10353.0,4095.0,4494.0,3500.0,630.0,19481.0,8631.0,12201.0,0.0,0.0,17920.0,17227.0,8746.0,6300.0,3500.0,680.0,6384.0,7560.0,3326.0,567.0,6727.0,11550.0,0.0,2520.0,1260.0,13510.0,13188.0,630.0,8190.0,8750.0,9710.0,8757.0,1260.0,4410.0,1890.0,21700.0,6707.0,21637.0,9310.0,1260.0,5607.0,630.0,3010.0,5040.0,630.0,4410.0,0.0,630.0,3780.0,0.0,0.0,13281.0,3969.0,13384.0,386091.0
무색의 검향,서효원,프로무림,2704.0,6550.0,8100.0,900.0,0.0,0.0,0.0,0.0,3000.0,4500.0,20375.0,24600.0,9361.0,9375.0,5400.0,6732.0,8100.0,1800.0,8100.0,3600.0,2700.0,2592.0,456.0,3690.0,11520.0,3537.0,7099.0,0.0,9892.0,7366.0,7263.0,4500.0,8002.0,4500.0,6462.0,12411.0,5959.0,13140.0,0.0,12946.0,6338.0,1890.0,6332.0,4500.0,4572.0,8745.0,873.0,14033.0,8938.0,2844.0,900.0,10980.0,3240.0,2700.0,15260.0,7416.0,3600.0,6880.0,6300.0,21716.0,385289.0
업어 키운 사매들,앤서,포텐,0.0,0.0,0.0,0.0,0.0,0.0,0.0,0.0,0.0,0.0,0.0,0.0,0.0,0.0,0.0,0.0,0.0,0.0,0.0,0.0,0.0,0.0,0.0,0.0,0.0,0.0,0.0,0.0,0.0,0.0,0.0,0.0,0.0,0.0,0.0,0.0,0.0,0.0,0.0,0.0,0.0,0.0,0.0,0.0,0.0,0.0,0.0,0.0,0.0,0.0,0.0,0.0,0.0,0.0,0.0,0.0,0.0,0.0,303055.0,78758.0,381813.0
철혈뇌격,강태산,프로무림,7312.0,15330.0,3801.0,2011.0,16411.0,4435.0,21826.0,8982.0,1481.0,2931.0,4982.0,7980.0,1452.0,8001.0,8859.0,3467.0,6700.0,6300.0,17828.0,4061.0,1260.0,4536.0,6951.0,7966.0,8603.0,15420.0,15022.0,2271.0,15330.0,14172.0,1428.0,9801.0,1276.0,9450.0,10920.0,3591.0,6300.0,2520.0,5362.0,1513.0,6723.0,6895.0,1908.0,4200.0,8909.0,0.0,13170.0,0.0,8190.0,1634.0,3803.0,9445.0,493.0,1859.0,6439.0,0.0,4830.0,0.0,2643.0,2631.0,381614.0
암천명조,설봉,프로무림,6400.0,6400.0,7100.0,6400.0,6400.0,28800.0,6400.0,6400.0,3200.0,0.0,1300.0,12800.0,19200.0,0.0,6400.0,0.0,3600.0,0.0,12800.0,22200.0,22400.0,5580.0,9600.0,6400.0,9600.0,6552.0,16200.0,6400.0,0.0,3200.0,6400.0,9600.0,22400.0,0.0,0.0,3600.0,5392.0,0.0,0.0,0.0,0.0,2493.0,0.0,9600.0,6400.0,2268.0,12867.0,0.0,6400.0,16000.0,6400.0,0.0,567.0,12800.0,0.0,0.0,6400.0,9600.0,0.0,0.0,380919.0
삼절지존3,와룡강,프로무림,7420.0,14520.0,5240.0,630.0,11130.0,5300.0,14300.0,9700.0,8000.0,10700.0,4500.0,2700.0,11330.0,1800.0,8000.0,7100.0,3600.0,4500.0,900.0,3600.0,2700.0,9700.0,6200.0,9530.0,6300.0,10800.0,7100.0,2700.0,13200.0,4500.0,5300.0,7200.0,6200.0,11500.0,5300.0,5400.0,4500.0,2700.0,3500.0,3600.0,14100.0,0.0,7682.0,13100.0,2700.0,7200.0,900.0,2430.0,4400.0,1800.0,7100.0,2700.0,14100.0,7100.0,4500.0,3500.0,6200.0,7100.0,6300.0,4400.0,380212.0
나 혼자만 올마스터,성덕聲德,포텐,8820.0,5670.0,20790.0,14749.0,21056.0,13839.0,7938.0,0.0,2646.0,3976.0,34370.0,5670.0,20160.0,630.0,2520.0,0.0,0.0,1260.0,630.0,1260.0,32130.0,18550.0,630.0,0.0,0.0,4480.0,22470.0,0.0,0.0,0.0,5670.0,2520.0,630.0,0.0,1190.0,0.0,0.0,13440.0,0.0,4410.0,5040.0,31360.0,5110.0,630.0,3150.0,7560.0,6300.0,630.0,0.0,16934.0,5040.0,3780.0,6720.0,6720.0,1260.0,1890.0,0.0,2520.0,630.0,2419.0,379797.0
신의 알바,윤준모,포텐,0.0,0.0,0.0,0.0,0.0,0.0,0.0,0.0,0.0,0.0,0.0,0.0,0.0,0.0,0.0,0.0,0.0,0.0,0.0,0.0,0.0,0.0,0.0,0.0,0.0,0.0,0.0,0.0,0.0,0.0,0.0,0.0,0.0,0.0,0.0,0.0,0.0,0.0,1033.0,390.0,28924.0,11944.0,34126.0,19992.0,4052.0,-541.0,63.0,70947.0,14448.0,30587.0,27741.0,8554.0,126.0,1890.0,504.0,1323.0,27019.0,180.0,4233.0,91576.0,379111.0
사신마,서효원,프로무림,20500.0,-400.0,0.0,0.0,0.0,0.0,0.0,0.0,0.0,2700.0,11600.0,3400.0,14700.0,7300.0,0.0,15700.0,6800.0,5658.0,0.0,270.0,4635.0,26034.0,8154.0,4158.0,10044.0,2448.0,3919.0,900.0,1710.0,990.0,14667.0,10890.0,7884.0,396.0,0.0,2484.0,6480.0,11360.0,13813.0,17457.0,10529.0,0.0,12986.0,5166.0,12913.0,7789.0,2790.0,17298.0,9035.0,16758.0,900.0,4860.0,7416.0,7452.0,5904.0,13144.0,1260.0,4797.0,0.0,0.0,377648.0
회귀했더니 개쩔더라,쌈마이,포텐,24220.0,13510.0,7490.0,22918.0,1540.0,9170.0,630.0,18284.0,3430.0,3500.0,28070.0,-4760.0,14210.0,3290.0,8680.0,2100.0,-140.0,5228.0,13547.0,9209.0,19576.0,10141.0,32538.0,0.0,8999.0,-399.0,4010.0,-1046.0,0.0,3181.0,920.0,1568.0,1890.0,6804.0,2849.0,1561.0,-4847.0,3174.0,7560.0,0.0,3402.0,7018.0,3161.0,3695.0,8366.0,4183.0,7182.0,8454.0,799.0,0.0,18811.0,-1461.0,9230.0,0.0,0.0,13986.0,189.0,7851.0,0.0,0.0,377471.0
마영,강태산,프로무림,18688.0,4607.0,12949.0,11391.0,8400.0,0.0,8625.0,9167.0,7704.0,2520.0,11550.0,8400.0,8778.0,1887.0,1260.0,216.0,17850.0,209.0,5640.0,0.0,8101.0,2822.0,1260.0,5185.0,2024.0,350.0,12198.0,8400.0,12390.0,11921.0,16115.0,4772.0,3816.0,17367.0,1890.0,35597.0,6488.0,10290.0,4410.0,2730.0,1890.0,6342.0,5040.0,0.0,1827.0,630.0,670.0,5460.0,0.0,190.0,2898.0,540.0,13594.0,0.0,9356.0,8844.0,4368.0,2520.0,630.0,2750.0,375516.0
역천록,검궁인,프로무림,5925.0,9638.0,15664.0,6758.0,12449.0,3492.0,10004.0,5545.0,7354.0,5445.0,2177.0,9321.0,3645.0,8563.0,10622.0,5342.0,12004.0,10328.0,4794.0,11989.0,3730.0,10122.0,4717.0,7509.0,8290.0,6489.0,13042.0,2016.0,6220.0,4620.0,1175.0,12509.0,2703.0,7465.0,3742.0,5114.0,989.0,6502.0,575.0,3026.0,7033.0,17281.0,3765.0,5986.0,1733.0,8972.0,15628.0,5474.0,7545.0,1452.0,3808.0,1814.0,3150.0,3931.0,3734.0,5743.0,0.0,2268.0,0.0,4180.0,375111.0
만천과해,검궁인,프로무림,3834.0,8226.0,8936.0,9000.0,6724.0,10891.0,16219.0,18431.0,14510.0,11802.0,8818.0,5175.0,11222.0,3447.0,9240.0,3954.0,3318.0,475.0,4978.0,2718.0,4013.0,11120.0,4091.0,5129.0,15079.0,3024.0,5040.0,8322.0,3358.0,4055.0,3068.0,3798.0,7468.0,9528.0,3150.0,6688.0,5054.0,3687.0,6035.0,10532.0,1571.0,7163.0,1408.0,689.0,6078.0,2601.0,13875.0,9440.0,4933.0,4758.0,6608.0,8277.0,5759.0,0.0,2683.0,2694.0,2051.0,6093.0,1890.0,1564.0,374292.0
일구이언 이부지자,이문혁,프로무림,13941.0,15395.0,31962.0,3150.0,4919.0,2876.0,16002.0,10463.0,20790.0,8820.0,6741.0,4003.0,10080.0,18312.0,4410.0,21567.0,3150.0,17276.0,14545.0,2520.0,2681.0,0.0,5040.0,4709.0,12076.0,20890.0,5750.0,8563.0,26238.0,9102.0,20334.0,630.0,2842.0,6574.0,1890.0,3582.0,5141.0,1340.0,4970.0,0.0,0.0,0.0,0.0,0.0,0.0,0.0,0.0,0.0,0.0,0.0,0.0,0.0,0.0,0.0,0.0,0.0,0.0,0.0,0.0,0.0,373274.0
백병쟁투,조건상,포텐,51140.0,17850.0,35700.0,8260.0,25340.0,33600.0,51200.0,4896.0,29661.0,70.0,10360.0,0.0,6720.0,33880.0,7140.0,0.0,4900.0,15505.0,280.0,1026.0,1008.0,15435.0,18266.0,0.0,0.0,0.0,0.0,0.0,0.0,0.0,0.0,0.0,0.0,0.0,0.0,0.0,0.0,0.0,0.0,0.0,0.0,0.0,0.0,0.0,0.0,0.0,0.0,0.0,0.0,0.0,0.0,0.0,0.0,0.0,0.0,0.0,0.0,0.0,0.0,0.0,372237.0
남해삼십육검,설봉,프로무림,29000.0,10000.0,0.0,16000.0,0.0,0.0,12800.0,0.0,0.0,3600.0,0.0,15500.0,12800.0,12800.0,6400.0,4100.0,1600.0,32000.0,12800.0,12800.0,3600.0,5000.0,900.0,20118.0,13340.0,918.0,11520.0,1818.0,0.0,3200.0,6400.0,12300.0,12800.0,0.0,6400.0,0.0,0.0,0.0,2504.0,0.0,0.0,0.0,0.0,16000.0,6400.0,0.0,15500.0,0.0,3200.0,12800.0,0.0,0.0,3200.0,28800.0,0.0,0.0,0.0,0.0,0.0,3200.0,372118.0
내 안에 몬스터있다,형상준,프로무림,34045.0,7470.0,15680.0,990.0,11200.0,6720.0,4480.0,16175.0,12815.0,15680.0,4480.0,17430.0,0.0,12425.0,2240.0,5940.0,2255.0,1760.0,2240.0,1980.0,1485.0,14875.0,19314.0,29540.0,6165.0,18065.0,17270.0,5940.0,2475.0,0.0,4464.0,0.0,2970.0,0.0,280.0,4480.0,15680.0,0.0,0.0,0.0,0.0,0.0,0.0,140.0,0.0,630.0,0.0,0.0,15680.0,2240.0,0.0,929.0,0.0,0.0,6504.0,0.0,26880.0,0.0,0.0,0.0,372011.0
무적검,서효원,프로무림,8994.0,13402.0,3600.0,0.0,9000.0,8100.0,1800.0,4500.0,8100.0,0.0,20775.0,11901.0,18780.0,1258.0,886.0,10132.0,6300.0,10818.0,9900.0,6900.0,0.0,6300.0,9000.0,2700.0,10206.0,5940.0,7237.0,15720.0,5040.0,10114.0,4860.0,8507.0,10440.0,5130.0,6860.0,4271.0,2959.0,9436.0,3240.0,9360.0,1080.0,5736.0,11063.0,900.0,2700.0,4320.0,4223.0,9600.0,17700.0,0.0,1800.0,0.0,0.0,2619.0,6259.0,2700.0,1800.0,2700.0,1800.0,1524.0,370990.0
1422만 포인트로 환생하기,호드,포텐,22050.0,0.0,24550.0,0.0,15600.0,16050.0,100.0,0.0,0.0,15260.0,28406.0,57463.0,36649.0,5584.0,14169.0,8680.0,2240.0,490.0,2240.0,7630.0,606.0,700.0,8904.0,420.0,350.0,7490.0,62895.0,3430.0,8646.0,3388.0,0.0,0.0,1880.0,0.0,0.0,0.0,270.0,0.0,0.0,732.0,4004.0,11.0,0.0,420.0,0.0,7623.0,59.0,0.0,0.0,1701.0,0.0,0.0,0.0,0.0,0.0,0.0,0.0,0.0,0.0,0.0,370690.0
백마겁,강태산,프로무림,11735.0,4970.0,11300.0,3739.0,3507.0,13920.0,8009.0,2606.0,12027.0,8631.0,15960.0,9221.0,308.0,770.0,3451.0,13382.0,14523.0,2100.0,6713.0,7037.0,11973.0,3150.0,18106.0,4080.0,5961.0,4159.0,3990.0,10780.0,10780.0,10792.0,13450.0,11399.0,680.0,4200.0,8488.0,6222.0,0.0,4900.0,910.0,6300.0,4131.0,6181.0,6090.0,6300.0,2994.0,1343.0,2100.0,3430.0,0.0,1450.0,2771.0,6001.0,4981.0,818.0,3607.0,10290.0,6935.0,1260.0,1890.0,2100.0,368901.0
파멸욕구의 마조녀는 타락하고 싶다,붉은산푸른꽃,프로무림,0.0,0.0,0.0,0.0,0.0,0.0,0.0,0.0,0.0,0.0,0.0,0.0,0.0,0.0,0.0,0.0,0.0,0.0,0.0,0.0,0.0,0.0,0.0,2870.0,8680.0,18060.0,16093.0,19894.0,15596.0,7098.0,7406.0,8715.0,13504.0,3480.0,25795.0,39382.0,7259.0,9670.0,16037.0,4480.0,5943.0,2002.0,6289.0,15987.0,785.0,2303.0,13633.0,4375.0,13146.0,4788.0,15575.0,12841.0,22519.0,2380.0,2202.0,8066.0,4375.0,1190.0,3451.0,2030.0,367899.0
악마의 경쟁회귀 시스템에 들어와 버렸다,테서스,올나이트노벨,0.0,0.0,0.0,0.0,0.0,0.0,0.0,0.0,0.0,0.0,0.0,0.0,0.0,0.0,0.0,0.0,0.0,0.0,0.0,0.0,0.0,0.0,0.0,0.0,0.0,0.0,0.0,700.0,71960.0,7000.0,32340.0,3080.0,70.0,6090.0,0.0,11501.0,30870.0,18957.0,5712.0,8911.0,3689.0,5628.0,455.0,17410.0,1530.0,10570.0,0.0,770.0,114413.0,700.0,0.0,0.0,140.0,0.0,630.0,9324.0,189.0,3850.0,0.0,1260.0,367749.0
왕중왕,일주향,프로무림,4697.0,3600.0,1689.0,4717.0,4887.0,5090.0,12833.0,0.0,2700.0,14543.0,17552.0,1906.0,14100.0,1396.0,7500.0,1132.0,7024.0,4500.0,9700.0,5400.0,4500.0,8700.0,2918.0,8576.0,6079.0,5400.0,10938.0,9090.0,9475.0,14957.0,5400.0,12478.0,3152.0,8560.0,5060.0,1800.0,3600.0,10701.0,10680.0,6300.0,4590.0,6390.0,5400.0,900.0,2000.0,900.0,5216.0,5730.0,4320.0,4500.0,6719.0,5400.0,1800.0,3489.0,900.0,11403.0,8179.0,8943.0,6300.0,0.0,366409.0
약속,이원호,프로무림,4500.0,2100.0,13500.0,5300.0,14400.0,9300.0,0.0,0.0,9100.0,0.0,2400.0,16100.0,5000.0,5700.0,11250.0,4600.0,1200.0,8695.0,9720.0,9333.0,9304.0,864.0,18404.0,3465.0,0.0,18216.0,1383.0,0.0,270.0,4853.0,-360.0,14760.0,11754.0,0.0,4935.0,0.0,6138.0,19924.0,9972.0,8415.0,7531.0,15856.0,7308.0,11318.0,9502.0,5400.0,0.0,216.0,660.0,108.0,6390.0,11934.0,90.0,873.0,11243.0,6156.0,0.0,306.0,1602.0,4365.0,365353.0
차원기업 고구려,박시원,포텐,20310.0,6244.0,34324.0,3114.0,5740.0,4571.0,15554.0,9191.0,12180.0,8071.0,4270.0,2730.0,2191.0,7014.0,4221.0,14651.0,6720.0,7440.0,7770.0,7448.0,9590.0,10621.0,3553.0,0.0,2058.0,12909.0,4123.0,3780.0,1890.0,11386.0,11900.0,8387.0,1864.0,5202.0,2041.0,2563.0,12189.0,6702.0,16369.0,5782.0,68.0,6040.0,-1214.0,3150.0,7525.0,0.0,2515.0,2653.0,1014.0,630.0,2709.0,1701.0,3710.0,2520.0,3200.0,680.0,-453.0,2520.0,8134.0,1449.0,365214.0
유희,정우식,프로무림,3100.0,15600.0,0.0,3700.0,0.0,13900.0,3500.0,22500.0,3000.0,5200.0,500.0,29400.0,17300.0,5100.0,3600.0,13900.0,18700.0,5100.0,12000.0,1800.0,11700.0,1300.0,4008.0,6900.0,3100.0,0.0,508.0,14100.0,0.0,100.0,0.0,3100.0,108.0,0.0,0.0,31600.0,0.0,9008.0,9580.0,2700.0,200.0,10300.0,13200.0,0.0,7416.0,12300.0,13200.0,0.0,4600.0,500.0,848.0,900.0,3000.0,0.0,12500.0,0.0,208.0,700.0,6900.0,0.0,362484.0
생사대작,사마달,프로무림,911.0,7866.0,1875.0,5085.0,5165.0,2525.0,9753.0,10515.0,8533.0,3954.0,6124.0,8501.0,2811.0,10071.0,3356.0,10177.0,8399.0,3980.0,6208.0,10831.0,3625.0,6363.0,6310.0,6013.0,13563.0,6267.0,5436.0,3497.0,11721.0,4287.0,2240.0,8588.0,13773.0,2337.0,1890.0,7374.0,3635.0,13173.0,11711.0,10735.0,11666.0,1887.0,4265.0,1134.0,6465.0,2650.0,5991.0,5668.0,8790.0,3552.0,2233.0,4798.0,6184.0,2715.0,567.0,1890.0,4251.0,16949.0,331.0,1241.0,362405.0
추혈객,설봉,프로무림,12800.0,0.0,0.0,0.0,3200.0,0.0,2700.0,6400.0,2700.0,9700.0,2400.0,3200.0,4100.0,0.0,12800.0,6400.0,16900.0,3200.0,0.0,12800.0,26880.0,3600.0,2700.0,0.0,26000.0,3600.0,12800.0,700.0,3200.0,44800.0,0.0,19200.0,12800.0,3200.0,3200.0,3200.0,2100.0,0.0,0.0,14600.0,9600.0,6400.0,26900.0,200.0,567.0,200.0,0.0,0.0,12800.0,900.0,0.0,0.0,9600.0,0.0,9600.0,0.0,0.0,3200.0,0.0,0.0,361847.0
TS 에로 게임 탈출기,외도정사,프로무림,0.0,0.0,0.0,0.0,0.0,0.0,0.0,0.0,0.0,0.0,0.0,0.0,0.0,0.0,0.0,0.0,0.0,0.0,0.0,0.0,3570.0,6230.0,18753.0,3586.0,3843.0,37779.0,6930.0,1260.0,11060.0,7070.0,4060.0,26621.0,26866.0,4550.0,15680.0,7133.0,10150.0,5180.0,24710.0,420.0,13650.0,1330.0,5536.0,140.0,3220.0,7980.0,2170.0,3499.0,70.0,8960.0,14910.0,3010.0,4480.0,17905.0,2778.0,12262.0,6837.0,10503.0,2240.0,14288.0,361219.0
속으로,쉐도우스,포텐,0.0,0.0,0.0,0.0,0.0,0.0,0.0,0.0,0.0,0.0,0.0,0.0,0.0,0.0,0.0,0.0,0.0,0.0,0.0,0.0,0.0,0.0,0.0,0.0,0.0,0.0,0.0,0.0,0.0,0.0,0.0,0.0,0.0,0.0,0.0,0.0,0.0,0.0,0.0,0.0,0.0,0.0,0.0,0.0,0.0,0.0,0.0,0.0,0.0,94752.0,32704.0,50880.0,41056.0,4800.0,40864.0,22302.0,6272.0,5120.0,8608.0,52480.0,359838.0
산타,설봉,프로무림,21000.0,4500.0,6400.0,38400.0,4800.0,28800.0,3200.0,3200.0,0.0,0.0,4100.0,3200.0,1500.0,0.0,0.0,19200.0,3200.0,19200.0,0.0,0.0,3200.0,31800.0,0.0,9600.0,13700.0,0.0,5400.0,10500.0,12800.0,14900.0,19200.0,12800.0,0.0,3200.0,0.0,0.0,10167.0,0.0,0.0,15257.0,6828.0,1814.0,0.0,11800.0,0.0,0.0,3200.0,0.0,0.0,6400.0,0.0,0.0,0.0,0.0,0.0,0.0,0.0,1134.0,0.0,3200.0,357600.0
라오스 루이시안,현자림,프로무림,3641.0,9528.0,17701.0,11457.0,2520.0,2109.0,17273.0,12940.0,10933.0,9685.0,21322.0,3459.0,4461.0,4599.0,5511.0,3626.0,3378.0,6069.0,710.0,9072.0,0.0,2205.0,6300.0,9669.0,9540.0,5469.0,9337.0,10200.0,7426.0,15748.0,4297.0,14908.0,7913.0,7726.0,9378.0,1360.0,4915.0,16760.0,2826.0,0.0,5421.0,3150.0,515.0,2502.0,0.0,2450.0,4340.0,6300.0,2331.0,6377.0,3780.0,3150.0,0.0,2041.0,1260.0,1890.0,1260.0,0.0,1260.0,1701.0,355699.0
시간의 틈 사라진 검,도진,포텐,1400.0,6720.0,1750.0,770.0,0.0,0.0,0.0,0.0,0.0,0.0,4067.0,0.0,3570.0,0.0,0.0,70.0,35070.0,25883.0,22710.0,17542.0,34518.0,49641.0,29008.0,12127.0,10558.0,5229.0,9366.0,7151.0,8631.0,13545.0,5299.0,15858.0,11113.0,756.0,2961.0,327.0,252.0,63.0,567.0,252.0,441.0,441.0,945.0,315.0,693.0,252.0,252.0,322.0,1134.0,1197.0,1575.0,2520.0,1701.0,2835.0,2268.0,1008.0,1008.0,0.0,0.0,0.0,355681.0
단혈겁,강태산,프로무림,15444.0,7214.0,4410.0,15025.0,19457.0,5040.0,11182.0,6465.0,2992.0,6571.0,3360.0,13626.0,10017.0,11340.0,5040.0,6457.0,2058.0,3780.0,2236.0,2730.0,3990.0,3420.0,7815.0,1400.0,4905.0,872.0,3850.0,2520.0,8507.0,6674.0,1890.0,11259.0,2667.0,567.0,7140.0,7350.0,10773.0,12600.0,7350.0,2520.0,5670.0,630.0,630.0,4221.0,2520.0,4204.0,7280.0,8820.0,12180.0,4953.0,3332.0,9891.0,3327.0,7267.0,630.0,2520.0,4830.0,5040.0,4200.0,0.0,354658.0
만천화우,검궁인,프로무림,2090.0,3376.0,3919.0,6184.0,7493.0,6579.0,5211.0,10572.0,3683.0,2879.0,5690.0,8833.0,3717.0,4883.0,9933.0,4103.0,3071.0,752.0,5551.0,5915.0,7895.0,13438.0,1938.0,2820.0,2754.0,4275.0,16393.0,3495.0,1261.0,11697.0,17329.0,7560.0,3316.0,5401.0,2520.0,1627.0,4074.0,2946.0,3150.0,6940.0,14174.0,7829.0,681.0,3132.0,6720.0,1827.0,7552.0,2764.0,4221.0,8422.0,7306.0,7395.0,22056.0,3475.0,9147.0,8483.0,3363.0,7684.0,0.0,1310.0,352804.0
조화공자,검궁인,프로무림,7906.0,7713.0,3774.0,3909.0,7292.0,7217.0,9656.0,2962.0,4945.0,8362.0,9112.0,2864.0,10428.0,3575.0,5058.0,3400.0,309.0,6768.0,10125.0,7919.0,3151.0,9828.0,7691.0,7770.0,7150.0,5720.0,14339.0,8793.0,2171.0,8283.0,9606.0,10068.0,3402.0,4592.0,7444.0,5720.0,3474.0,2423.0,5123.0,6691.0,9882.0,7826.0,11875.0,5185.0,4699.0,1708.0,3087.0,0.0,18635.0,3302.0,1708.0,6971.0,4312.0,3069.0,2962.0,1778.0,2556.0,2781.0,1834.0,1248.0,352151.0
자객도,검궁인,프로무림,2008.0,4410.0,3016.0,18969.0,7100.0,12883.0,9654.0,5617.0,19358.0,10862.0,4525.0,7284.0,11210.0,6547.0,6385.0,3829.0,4140.0,2187.0,729.0,2772.0,3631.0,9554.0,4888.0,1347.0,8608.0,3963.0,9336.0,5884.0,8801.0,0.0,9900.0,3262.0,6528.0,4129.0,1175.0,5188.0,5071.0,2183.0,9033.0,4225.0,3931.0,4911.0,10536.0,2730.0,4831.0,1960.0,2719.0,4601.0,5908.0,2835.0,2717.0,7353.0,11101.0,1890.0,3546.0,1890.0,5289.0,10094.0,10987.0,2107.0,352127.0
나는 작가다 완,만선,포텐,19061.0,9114.0,7749.0,2240.0,1197.0,2898.0,0.0,1134.0,11781.0,4536.0,9954.0,3402.0,7023.0,12929.0,16310.0,5796.0,10787.0,0.0,0.0,18237.0,7667.0,11487.0,2268.0,3880.0,1247.0,4082.0,0.0,0.0,3780.0,7400.0,0.0,7182.0,1360.0,0.0,0.0,4649.0,0.0,0.0,0.0,2268.0,0.0,847.0,0.0,2172.0,1197.0,77168.0,567.0,8960.0,14676.0,0.0,6078.0,15736.0,4082.0,5178.0,5942.0,6804.0,0.0,0.0,0.0,0.0,350825.0
마벌,홍파,프로무림,5083.0,4008.0,16300.0,12707.0,4193.0,10850.0,10884.0,9802.0,6481.0,1439.0,1400.0,6065.0,7545.0,4900.0,4413.0,6161.0,4570.0,5125.0,6047.0,7688.0,4235.0,2764.0,7615.0,0.0,8325.0,5880.0,9120.0,3586.0,9039.0,4463.0,5065.0,3883.0,2930.0,7132.0,0.0,336.0,7281.0,2030.0,9240.0,10031.0,8613.0,4306.0,441.0,2800.0,5629.0,8474.0,468.0,4893.0,3861.0,7998.0,6173.0,5330.0,2279.0,4488.0,9059.0,16128.0,8062.0,7355.0,1260.0,4560.0,350793.0
야접몽,사마달,프로무림,2828.0,3455.0,9924.0,8666.0,14575.0,27662.0,14477.0,4396.0,9136.0,8658.0,2487.0,6933.0,6446.0,5561.0,5602.0,10371.0,3892.0,1764.0,5466.0,8833.0,3383.0,4676.0,2520.0,1958.0,3186.0,3500.0,1062.0,9734.0,1758.0,4756.0,9482.0,0.0,6300.0,9062.0,6363.0,11383.0,290.0,4845.0,3024.0,9338.0,7207.0,2692.0,4512.0,4483.0,1890.0,747.0,4620.0,12579.0,1364.0,14310.0,2661.0,903.0,1186.0,4289.0,4118.0,6107.0,3930.0,9240.0,1949.0,4232.0,350771.0
극악 연쇄간살마로 회귀했다,테서스,올나이트노벨,0.0,0.0,0.0,0.0,0.0,0.0,0.0,0.0,0.0,0.0,0.0,0.0,0.0,0.0,0.0,0.0,0.0,0.0,0.0,0.0,0.0,0.0,0.0,0.0,0.0,0.0,0.0,0.0,0.0,0.0,0.0,0.0,0.0,0.0,0.0,0.0,8694.0,25704.0,98883.0,46739.0,27311.0,15386.0,11389.0,6125.0,16583.0,1540.0,1918.0,19075.0,6573.0,5390.0,462.0,12782.0,6783.0,12523.0,886.0,7098.0,3004.0,12534.0,2503.0,821.0,350706.0
해왕,사마달,프로무림,10527.0,5099.0,15842.0,5178.0,7645.0,5349.0,12441.0,10937.0,6020.0,2142.0,1145.0,7089.0,4190.0,4991.0,6111.0,13050.0,1484.0,2793.0,7407.0,4289.0,10286.0,7847.0,13166.0,2376.0,8077.0,567.0,3787.0,6718.0,7487.0,12679.0,9060.0,2442.0,7809.0,1430.0,5674.0,2497.0,290.0,4342.0,7189.0,6767.0,9436.0,8533.0,2432.0,2502.0,10418.0,2413.0,2261.0,3470.0,10832.0,3542.0,1897.0,4051.0,8112.0,3776.0,7026.0,1890.0,5109.0,2162.0,630.0,3613.0,348324.0
,서효원,프로무림,3430.0,6610.0,5400.0,5400.0,4500.0,2700.0,2700.0,2700.0,900.0,900.0,6640.0,5340.0,5870.0,5000.0,3630.0,9900.0,5400.0,2700.0,0.0,2700.0,3600.0,5470.0,12020.0,6070.0,1190.0,5470.0,9900.0,8100.0,6300.0,900.0,5220.0,9990.0,3800.0,14900.0,3810.0,9000.0,8840.0,21750.0,4860.0,5750.0,3600.0,5400.0,3640.0,11170.0,4810.0,140.0,4780.0,6300.0,4180.0,3750.0,7850.0,2700.0,12870.0,6160.0,22110.0,900.0,5770.0,1000.0,8400.0,1800.0,346690.0
낭왕,별도,프로무림,9267.0,4759.0,5023.0,5362.0,7840.0,630.0,3473.0,4913.0,8154.0,5563.0,4759.0,10269.0,6890.0,880.0,13645.0,707.0,7997.0,4410.0,3780.0,5670.0,6930.0,11970.0,17370.0,4410.0,7925.0,3717.0,3938.0,5918.0,4082.0,14993.0,8096.0,9135.0,0.0,1701.0,4352.0,11151.0,7239.0,6056.0,0.0,16454.0,11830.0,0.0,19454.0,8135.0,18727.0,2795.0,2875.0,7824.0,10382.0,1360.0,2671.0,0.0,0.0,0.0,0.0,0.0,0.0,0.0,0.0,0.0,345481.0
위드카일러,가람검,프로무림,5677.0,0.0,6156.0,5229.0,26642.0,10633.0,17570.0,6300.0,5103.0,15680.0,8820.0,3528.0,630.0,630.0,0.0,1260.0,1260.0,21161.0,19670.0,14641.0,8890.0,17689.0,2520.0,11340.0,11529.0,0.0,16450.0,1890.0,5670.0,567.0,1197.0,630.0,630.0,1260.0,1827.0,6300.0,2520.0,630.0,0.0,0.0,8857.0,0.0,0.0,1260.0,1197.0,12560.0,0.0,0.0,7232.0,1360.0,3717.0,1260.0,3780.0,2721.0,16247.0,6804.0,1890.0,7938.0,4769.0,1134.0,344855.0
제58장 하늘을 대신해서3,강태산,프로무림,2170.0,6930.0,13020.0,6860.0,3640.0,6650.0,3010.0,3150.0,21700.0,9730.0,4060.0,20370.0,2520.0,13720.0,9520.0,70.0,3150.0,5950.0,19950.0,1540.0,15190.0,3780.0,3010.0,4340.0,3920.0,14210.0,6860.0,9030.0,4690.0,700.0,3150.0,2100.0,6790.0,5810.0,3990.0,210.0,6440.0,2870.0,1820.0,8400.0,5180.0,3220.0,3990.0,70.0,2520.0,1750.0,1610.0,210.0,3570.0,6860.0,5040.0,4410.0,700.0,1890.0,23870.0,3150.0,2100.0,3500.0,2800.0,3080.0,344540.0
묵혈랑,강태산,프로무림,16223.0,3472.0,4876.0,14573.0,16622.0,16027.0,11744.0,8300.0,13792.0,7757.0,2423.0,10152.0,3226.0,6390.0,6523.0,6681.0,4784.0,2921.0,4816.0,4185.0,8099.0,6756.0,3727.0,4465.0,3768.0,2145.0,8026.0,8207.0,10546.0,3830.0,7137.0,11739.0,6500.0,4932.0,7507.0,2026.0,4606.0,5049.0,2547.0,2031.0,7287.0,2003.0,0.0,4836.0,3723.0,4694.0,630.0,3303.0,1837.0,3965.0,4399.0,2602.0,5052.0,1178.0,4672.0,3240.0,345.0,1554.0,5214.0,3770.0,343434.0
층 탈출,을해,프로무림,11020.0,14620.0,4000.0,3700.0,6900.0,100.0,1800.0,13840.0,8380.0,13700.0,200.0,8800.0,2820.0,5500.0,15020.0,3900.0,3920.0,13671.0,5612.0,12458.0,0.0,4059.0,360.0,4142.0,2412.0,4945.0,2994.0,6844.0,7227.0,2995.0,388.0,7521.0,8840.0,4718.0,13936.0,7755.0,12139.0,8371.0,8646.0,4410.0,14100.0,3630.0,1447.0,11352.0,6195.0,7542.0,1350.0,2070.0,5821.0,97.0,2340.0,5586.0,0.0,6476.0,457.0,0.0,3062.0,2184.0,4643.0,914.0,341929.0
청룡사,일주향,프로무림,3085.0,5400.0,900.0,8423.0,7082.0,4363.0,6300.0,12000.0,10400.0,14200.0,4800.0,1401.0,3430.0,15300.0,1800.0,5632.0,7900.0,6000.0,5400.0,4500.0,6660.0,2700.0,7895.0,3986.0,6600.0,26700.0,9449.0,4995.0,6112.0,14671.0,1800.0,7170.0,0.0,1800.0,2700.0,4500.0,7200.0,1900.0,0.0,14400.0,7407.0,900.0,3412.0,1800.0,4100.0,3600.0,0.0,0.0,2713.0,4500.0,5260.0,13977.0,813.0,0.0,2700.0,16200.0,1800.0,4328.0,5400.0,2300.0,340764.0
대륙만리,검궁인,프로무림,10282.0,7758.0,7037.0,20803.0,16125.0,1651.0,8634.0,5072.0,3296.0,3347.0,11046.0,6532.0,5695.0,15261.0,5040.0,6213.0,4906.0,6929.0,5223.0,6712.0,2023.0,1609.0,4321.0,2317.0,3093.0,4674.0,13226.0,1391.0,10059.0,21973.0,11339.0,1901.0,2458.0,1953.0,0.0,4147.0,959.0,1969.0,9373.0,10365.0,2253.0,4685.0,7283.0,2479.0,2585.0,3652.0,2720.0,3731.0,8072.0,933.0,1701.0,2520.0,5313.0,3252.0,4611.0,3105.0,1891.0,5316.0,5240.0,1310.0,339364.0
강호무정,검궁인,프로무림,1030.0,4704.0,11231.0,14658.0,4792.0,5528.0,5614.0,11431.0,10834.0,6848.0,4471.0,2471.0,10175.0,9458.0,4029.0,7642.0,1200.0,4061.0,6671.0,5069.0,5503.0,7128.0,10210.0,2035.0,11840.0,8806.0,13506.0,306.0,3856.0,4814.0,1840.0,3554.0,6580.0,9199.0,3010.0,221.0,7896.0,0.0,2675.0,3150.0,2502.0,5005.0,4917.0,1197.0,1940.0,7534.0,12312.0,9673.0,6417.0,3432.0,2792.0,7458.0,5120.0,6572.0,9091.0,0.0,0.0,6972.0,5114.0,2457.0,338551.0
천인혈무록,검궁인,프로무림,12073.0,3724.0,6680.0,6767.0,10438.0,2749.0,12522.0,3088.0,10204.0,10720.0,3114.0,7225.0,7062.0,9169.0,11488.0,3942.0,6679.0,7342.0,1267.0,860.0,5746.0,6888.0,7420.0,1224.0,7938.0,2520.0,11214.0,6778.0,2438.0,5040.0,8739.0,5508.0,3739.0,3150.0,3150.0,4578.0,11379.0,3150.0,1260.0,2381.0,6750.0,5279.0,6100.0,5755.0,4724.0,8190.0,3150.0,4757.0,5731.0,3230.0,1784.0,5392.0,7400.0,3150.0,5670.0,7694.0,5031.0,1743.0,2368.0,2520.0,337771.0
화룡의 신화,사마달,프로무림,4709.0,10224.0,9761.0,8507.0,10099.0,3149.0,12603.0,7598.0,4221.0,7606.0,7740.0,14235.0,7223.0,8663.0,4731.0,9261.0,13131.0,3730.0,3341.0,3700.0,3194.0,1093.0,5803.0,6870.0,13976.0,1707.0,7497.0,6377.0,7317.0,2494.0,8417.0,14177.0,2205.0,4468.0,6955.0,7188.0,5120.0,9319.0,9125.0,2624.0,4841.0,5952.0,2410.0,1537.0,1176.0,2100.0,2474.0,3933.0,4734.0,589.0,4556.0,3427.0,5396.0,1719.0,3547.0,2226.0,462.0,0.0,1637.0,2694.0,335568.0
용천향,천중행,프로무림,10561.0,3930.0,9895.0,6615.0,25093.0,13432.0,7100.0,10527.0,11048.0,803.0,3211.0,3403.0,5147.0,12560.0,5670.0,7985.0,4096.0,1647.0,2520.0,13506.0,6541.0,5455.0,4890.0,6524.0,1923.0,6013.0,4828.0,3384.0,3945.0,1260.0,2224.0,6300.0,888.0,5433.0,7364.0,6856.0,8785.0,8410.0,3792.0,2785.0,5545.0,6700.0,2525.0,3236.0,1690.0,3696.0,3102.0,4101.0,3749.0,2064.0,6786.0,4437.0,3599.0,5040.0,1311.0,1756.0,1862.0,12301.0,4562.0,567.0,334978.0
중력술사 아스께끼맨,테서스,올나이트노벨,0.0,0.0,0.0,0.0,0.0,0.0,0.0,0.0,0.0,0.0,0.0,0.0,0.0,0.0,0.0,0.0,0.0,0.0,0.0,0.0,0.0,0.0,0.0,0.0,0.0,0.0,0.0,0.0,0.0,0.0,0.0,0.0,0.0,0.0,0.0,0.0,0.0,0.0,0.0,0.0,0.0,0.0,0.0,5103.0,74158.0,89971.0,6020.0,7175.0,108729.0,8512.0,0.0,19417.0,5120.0,4830.0,322.0,2870.0,0.0,63.0,1330.0,900.0,334520.0
바보 영주 로이,박시원,포텐,10234.0,3325.0,16940.0,3375.0,6300.0,3017.0,70.0,19075.0,12704.0,2835.0,9814.0,3969.0,3465.0,3969.0,6444.0,0.0,3087.0,6448.0,4606.0,15974.0,8369.0,24008.0,6788.0,17972.0,7435.0,12282.0,5598.0,8275.0,14819.0,0.0,9476.0,5443.0,604.0,9640.0,0.0,0.0,2837.0,5821.0,0.0,2961.0,3225.0,160.0,0.0,4309.0,3500.0,11671.0,0.0,756.0,5670.0,1120.0,2653.0,75.0,0.0,2835.0,8114.0,7268.0,1978.0,70.0,945.0,756.0,333084.0
1위 할건데 불만이세요,중용도,포텐,0.0,0.0,0.0,0.0,0.0,0.0,0.0,0.0,0.0,0.0,0.0,0.0,0.0,0.0,168840.0,15680.0,21168.0,15680.0,9387.0,32501.0,0.0,0.0,26880.0,2240.0,0.0,15680.0,0.0,11200.0,0.0,8960.0,4480.0,0.0,0.0,0.0,0.0,0.0,0.0,0.0,0.0,0.0,0.0,0.0,0.0,0.0,0.0,0.0,0.0,0.0,0.0,0.0,0.0,0.0,0.0,0.0,0.0,0.0,0.0,0.0,0.0,0.0,332696.0
도,강태산,프로무림,17389.0,8801.0,2607.0,9325.0,20002.0,5163.0,5183.0,3665.0,6376.0,10798.0,3686.0,8679.0,4352.0,5431.0,3749.0,3550.0,4978.0,6893.0,9598.0,6958.0,2823.0,6057.0,6632.0,5086.0,2947.0,7086.0,7663.0,3931.0,4038.0,6015.0,4070.0,2041.0,2721.0,3622.0,5822.0,4493.0,11555.0,5702.0,4675.0,468.0,6102.0,3805.0,14072.0,2625.0,4492.0,5108.0,2271.0,6529.0,3120.0,4275.0,10416.0,1690.0,4913.0,2747.0,1864.0,424.0,2622.0,4672.0,968.0,3805.0,331150.0
항룡유,현성,프로무림,9393.0,11300.0,2819.0,4410.0,6300.0,18524.0,12831.0,8171.0,2520.0,4773.0,1260.0,3150.0,4410.0,3150.0,3150.0,4389.0,5283.0,3451.0,7350.0,13070.0,5670.0,3150.0,2679.0,19918.0,16380.0,3780.0,11340.0,10397.0,3780.0,3570.0,3150.0,6300.0,0.0,13860.0,10822.0,7623.0,3605.0,6048.0,8190.0,721.0,2394.0,8507.0,2520.0,4949.0,1156.0,7694.0,2133.0,2520.0,1890.0,2520.0,4284.0,2520.0,5670.0,630.0,1940.0,630.0,0.0,0.0,1701.0,6375.0,330720.0
재벌세는 총수가 되고 싶다,관측불가,포텐,0.0,0.0,0.0,0.0,0.0,0.0,0.0,0.0,0.0,0.0,0.0,0.0,0.0,0.0,0.0,0.0,0.0,0.0,0.0,0.0,0.0,0.0,0.0,0.0,0.0,0.0,0.0,0.0,0.0,0.0,0.0,0.0,0.0,0.0,0.0,0.0,0.0,0.0,0.0,0.0,0.0,0.0,0.0,0.0,0.0,0.0,0.0,0.0,0.0,0.0,0.0,0.0,0.0,0.0,0.0,0.0,0.0,0.0,297535.0,33102.0,330637.0
단권 모방에서 창조까지 하는 에이전트,킹묵,포텐,0.0,0.0,0.0,0.0,0.0,0.0,0.0,0.0,0.0,0.0,0.0,0.0,0.0,0.0,0.0,0.0,0.0,0.0,0.0,0.0,0.0,0.0,0.0,0.0,0.0,0.0,0.0,0.0,0.0,0.0,0.0,0.0,0.0,0.0,0.0,0.0,0.0,0.0,0.0,0.0,0.0,0.0,0.0,0.0,0.0,0.0,0.0,0.0,0.0,0.0,0.0,0.0,0.0,0.0,0.0,0.0,0.0,0.0,0.0,330466.0,330466.0
수라문,강태산,프로무림,630.0,642.0,3954.0,2419.0,279.0,1134.0,10666.0,19206.0,18813.0,9912.0,9261.0,8497.0,6742.0,8908.0,11564.0,5795.0,2696.0,10186.0,7515.0,9483.0,5033.0,8782.0,5799.0,7875.0,1748.0,3914.0,11028.0,3540.0,4243.0,4798.0,3003.0,1835.0,8597.0,7125.0,5874.0,4311.0,4169.0,11072.0,3024.0,5487.0,7698.0,7542.0,2969.0,5866.0,6071.0,4940.0,6486.0,5923.0,3117.0,3109.0,887.0,1301.0,2285.0,4320.0,4068.0,1380.0,578.0,503.0,1088.0,0.0,329690.0
귀환병 이야기,이수영,프로무림,7840.0,5880.0,0.0,1764.0,0.0,3724.0,10976.0,0.0,1764.0,1764.0,9800.0,0.0,0.0,11172.0,0.0,0.0,0.0,0.0,0.0,1960.0,0.0,0.0,13132.0,33672.0,11172.0,11760.0,7056.0,11916.0,13720.0,1960.0,9212.0,0.0,3724.0,10976.0,5880.0,5880.0,13720.0,7996.0,1646.0,11760.0,22736.0,23951.0,7056.0,5880.0,16522.0,9800.0,5880.0,5880.0,0.0,0.0,0.0,0.0,0.0,0.0,0.0,0.0,0.0,0.0,0.0,0.0,329531.0
갤럭시the Galaxy 추적,박재학,프로무림,7325.0,7065.0,6155.0,5076.0,3780.0,4130.0,69622.0,6170.0,1260.0,630.0,66850.0,1890.0,1071.0,1260.0,4280.0,630.0,1890.0,630.0,1890.0,1701.0,3150.0,8981.0,1260.0,2520.0,1071.0,3020.0,1890.0,4410.0,2520.0,2520.0,630.0,2520.0,3780.0,3150.0,2828.0,0.0,3311.0,4987.0,1890.0,19530.0,4410.0,2283.0,1260.0,2457.0,630.0,3402.0,3402.0,1083.0,5720.0,19131.0,2913.0,3500.0,630.0,1260.0,2772.0,3654.0,0.0,1071.0,1260.0,1260.0,329371.0
왕의 투구,한세,프로무림,29204.0,10206.0,12096.0,17073.0,5531.0,16884.0,7875.0,2240.0,6867.0,0.0,5040.0,0.0,630.0,11844.0,11319.0,0.0,1197.0,4480.0,4410.0,1827.0,7875.0,5670.0,31479.0,16940.0,4410.0,2520.0,1701.0,4599.0,1260.0,0.0,3969.0,4410.0,4410.0,0.0,0.0,567.0,4032.0,0.0,11200.0,4599.0,1260.0,630.0,7245.0,10155.0,3500.0,6678.0,7917.0,0.0,0.0,0.0,4410.0,0.0,6652.0,1134.0,8164.0,1890.0,630.0,5226.0,4410.0,0.0,328265.0
순혈의 헌터,류화수,포텐,0.0,0.0,0.0,0.0,0.0,0.0,0.0,0.0,0.0,0.0,0.0,0.0,0.0,0.0,0.0,0.0,0.0,0.0,0.0,0.0,0.0,0.0,0.0,0.0,0.0,0.0,0.0,0.0,0.0,0.0,0.0,0.0,0.0,0.0,0.0,0.0,0.0,0.0,0.0,0.0,0.0,0.0,0.0,0.0,0.0,0.0,0.0,0.0,0.0,0.0,2240.0,256958.0,24864.0,15708.0,4480.0,3640.0,13771.0,4838.0,0.0,1575.0,328074.0
흑야,강태산,프로무림,9135.0,2491.0,10761.0,10447.0,287.0,2639.0,8071.0,9235.0,4012.0,4580.0,1789.0,385.0,6580.0,6814.0,3110.0,2762.0,10521.0,2748.0,4185.0,820.0,4322.0,5550.0,6421.0,12230.0,4338.0,614.0,2520.0,1890.0,6918.0,4324.0,4410.0,3275.0,2137.0,0.0,3489.0,7308.0,9702.0,10257.0,9538.0,1890.0,18396.0,3297.0,1260.0,6426.0,1268.0,7252.0,2858.0,593.0,7361.0,9199.0,12310.0,9824.0,14028.0,4060.0,8022.0,7946.0,4377.0,567.0,4790.0,1081.0,327420.0
천지쟁패,사마달,프로무림,4638.0,4547.0,6736.0,8248.0,9141.0,14657.0,5278.0,6603.0,2304.0,6168.0,11192.0,2925.0,6262.0,20198.0,3905.0,500.0,7896.0,8085.0,2532.0,1433.0,0.0,2629.0,3843.0,4481.0,389.0,10143.0,11079.0,5551.0,3333.0,11633.0,1701.0,2912.0,10544.0,0.0,1890.0,3609.0,290.0,2696.0,10241.0,4727.0,4790.0,7314.0,6017.0,3897.0,12784.0,0.0,4341.0,1701.0,6007.0,5466.0,19764.0,2188.0,4166.0,3739.0,6475.0,3324.0,544.0,967.0,2965.0,5477.0,326865.0
파우,사마달,프로무림,5078.0,15776.0,14650.0,4387.0,8744.0,6962.0,7957.0,4184.0,6453.0,5137.0,3266.0,7079.0,1947.0,2155.0,2856.0,1693.0,1225.0,1274.0,4820.0,4079.0,5503.0,7592.0,10078.0,1260.0,11948.0,5114.0,2520.0,11301.0,9024.0,6354.0,12747.0,1890.0,4956.0,3715.0,9420.0,7513.0,7370.0,6896.0,2666.0,1556.0,9162.0,10779.0,1204.0,7905.0,10598.0,6674.0,3564.0,6217.0,4469.0,2390.0,1890.0,5294.0,2968.0,0.0,0.0,1960.0,1985.0,3885.0,3871.0,2693.0,326653.0
보수적이라며 팬티는 왜 벗어,미도파,프로무림,0.0,0.0,0.0,0.0,0.0,0.0,0.0,0.0,0.0,0.0,0.0,0.0,0.0,0.0,0.0,0.0,0.0,0.0,0.0,0.0,0.0,0.0,13440.0,0.0,0.0,6720.0,4480.0,12768.0,17248.0,6048.0,24192.0,6496.0,42560.0,21728.0,6720.0,10976.0,6720.0,2240.0,7680.0,5120.0,5120.0,19776.0,7680.0,11840.0,7360.0,7360.0,7680.0,2016.0,9376.0,6496.0,8608.0,7040.0,2240.0,2560.0,2560.0,7040.0,0.0,5120.0,7040.0,4480.0,326528.0
그림자 무사,별도,프로무림,1029.0,13750.0,6970.0,312.0,3780.0,0.0,13440.0,2520.0,5670.0,0.0,2942.0,23310.0,4914.0,5188.0,6670.0,14120.0,4146.0,18550.0,0.0,630.0,1260.0,5314.0,2998.0,0.0,10710.0,3150.0,11487.0,7980.0,5205.0,4032.0,3276.0,3780.0,16590.0,4410.0,2940.0,38710.0,1260.0,630.0,6890.0,3780.0,0.0,22512.0,0.0,3500.0,0.0,441.0,4529.0,12390.0,5292.0,15330.0,0.0,0.0,0.0,0.0,0.0,0.0,0.0,0.0,0.0,0.0,326337.0
철혈마혼,홍파,프로무림,14888.0,4774.0,15432.0,10601.0,4359.0,4847.0,4682.0,12306.0,4573.0,2762.0,598.0,3526.0,2138.0,372.0,8063.0,6456.0,7888.0,2136.0,630.0,2716.0,3665.0,4729.0,965.0,2597.0,4857.0,2702.0,5947.0,9209.0,11664.0,15803.0,9186.0,4959.0,6519.0,7371.0,2653.0,630.0,5609.0,1400.0,5637.0,12390.0,9635.0,4856.0,778.0,3819.0,5628.0,7641.0,468.0,0.0,1400.0,6408.0,4843.0,602.0,5262.0,824.0,13466.0,5752.0,3300.0,8063.0,3965.0,5072.0,324021.0
골 때리는 여자 비제이들,쉐도우스,포텐,0.0,0.0,0.0,0.0,0.0,0.0,0.0,0.0,0.0,0.0,0.0,0.0,0.0,0.0,0.0,0.0,0.0,0.0,0.0,0.0,0.0,0.0,0.0,0.0,0.0,0.0,0.0,0.0,0.0,0.0,0.0,0.0,0.0,0.0,0.0,0.0,0.0,0.0,0.0,0.0,0.0,0.0,0.0,0.0,0.0,0.0,0.0,0.0,0.0,0.0,0.0,0.0,0.0,0.0,0.0,32256.0,144312.0,60557.0,35649.0,50543.0,323317.0
고독천년 미,와룡강,프로무림,0.0,22050.0,0.0,0.0,0.0,0.0,0.0,0.0,31500.0,0.0,0.0,15750.0,0.0,0.0,0.0,0.0,0.0,0.0,0.0,0.0,0.0,0.0,0.0,40000.0,0.0,0.0,87250.0,15750.0,0.0,0.0,15750.0,31500.0,0.0,0.0,0.0,0.0,0.0,0.0,0.0,0.0,31500.0,0.0,0.0,0.0,0.0,0.0,0.0,0.0,0.0,0.0,0.0,0.0,15750.0,0.0,0.0,0.0,0.0,0.0,15750.0,0.0,322550.0
제 장 의,사마달,프로무림,0.0,3500.0,4060.0,7490.0,630.0,7980.0,3220.0,1890.0,5880.0,10010.0,1260.0,5320.0,5460.0,5040.0,630.0,1820.0,3150.0,1680.0,1120.0,4130.0,350.0,1260.0,10360.0,5950.0,3080.0,2240.0,1890.0,7630.0,3290.0,7840.0,4760.0,4480.0,16450.0,5040.0,9870.0,15050.0,11690.0,2030.0,7490.0,1890.0,8890.0,1400.0,4550.0,630.0,4480.0,5600.0,4480.0,2800.0,7910.0,9730.0,5180.0,1960.0,5600.0,4410.0,3570.0,3780.0,29540.0,17360.0,1260.0,1890.0,321930.0
일검혈,서효원,프로무림,8227.0,24741.0,1800.0,0.0,900.0,2000.0,6000.0,5400.0,3600.0,3690.0,8100.0,10800.0,9300.0,10500.0,4117.0,3832.0,5400.0,0.0,3600.0,12600.0,6480.0,7452.0,12600.0,5040.0,2700.0,6647.0,12679.0,5400.0,6000.0,6480.0,0.0,2700.0,3600.0,4140.0,8757.0,3486.0,7164.0,3132.0,6300.0,5400.0,3780.0,10199.0,7361.0,3600.0,4417.0,1746.0,2916.0,3233.0,12368.0,0.0,2790.0,0.0,2844.0,873.0,2700.0,0.0,2916.0,11264.0,0.0,6219.0,319990.0
절대자는 신혼이다,관측불가,포텐,0.0,0.0,0.0,0.0,0.0,0.0,0.0,0.0,0.0,0.0,0.0,0.0,0.0,0.0,0.0,0.0,0.0,0.0,0.0,0.0,0.0,0.0,0.0,0.0,0.0,0.0,0.0,0.0,0.0,0.0,0.0,0.0,0.0,0.0,0.0,0.0,0.0,0.0,0.0,0.0,0.0,0.0,0.0,0.0,0.0,0.0,0.0,0.0,0.0,0.0,0.0,0.0,0.0,0.0,0.0,0.0,0.0,0.0,312354.0,6070.0,318424.0
황성고검,천중행,프로무림,4175.0,4382.0,10405.0,9508.0,5670.0,6425.0,5433.0,6851.0,3147.0,2799.0,8183.0,5131.0,4927.0,7195.0,2907.0,2807.0,12201.0,817.0,12978.0,2645.0,7614.0,1897.0,7205.0,11469.0,4571.0,5128.0,5670.0,630.0,10581.0,3941.0,6552.0,8385.0,6227.0,3654.0,7075.0,7946.0,7582.0,5470.0,1783.0,1150.0,3051.0,5109.0,5859.0,9637.0,1319.0,4450.0,1739.0,3407.0,9476.0,4189.0,6117.0,5337.0,6311.0,6568.0,630.0,1054.0,2438.0,7858.0,0.0,217.0,317882.0
백사전신장,강태산,프로무림,0.0,1200.0,0.0,0.0,31080.0,0.0,630.0,0.0,0.0,840.0,0.0,0.0,0.0,0.0,0.0,0.0,840.0,75390.0,29610.0,210.0,85680.0,39480.0,420.0,210.0,210.0,0.0,630.0,0.0,0.0,210.0,27930.0,0.0,0.0,210.0,1050.0,9870.0,0.0,1260.0,0.0,0.0,0.0,0.0,0.0,0.0,0.0,1680.0,630.0,0.0,0.0,0.0,0.0,0.0,6720.0,0.0,0.0,0.0,1260.0,0.0,0.0,210.0,317460.0
계약이 되었습니다,김영훈,포텐,7182.0,24809.0,21413.0,6652.0,3500.0,210.0,8512.0,17969.0,6846.0,8190.0,17455.0,4651.0,3825.0,9933.0,3990.0,252.0,6010.0,8783.0,315.0,478.0,8379.0,5514.0,198.0,9761.0,1252.0,1562.0,8345.0,4215.0,3553.0,3480.0,10776.0,6057.0,1071.0,1631.0,315.0,2331.0,6852.0,1744.0,3225.0,6468.0,427.0,3402.0,1405.0,3168.0,63.0,11068.0,135.0,11263.0,9285.0,1086.0,4278.0,700.0,10094.0,5572.0,0.0,5803.0,0.0,985.0,68.0,764.0,317270.0
마수,강태산,프로무림,3359.0,6703.0,7366.0,6539.0,5892.0,6930.0,3412.0,10290.0,6402.0,6219.0,5894.0,11970.0,5096.0,3087.0,6330.0,2085.0,5031.0,1260.0,4552.0,5233.0,9387.0,2520.0,6395.0,6324.0,3609.0,9559.0,7560.0,1260.0,5040.0,2169.0,630.0,8573.0,12330.0,11340.0,10710.0,4907.0,7560.0,6289.0,3780.0,1260.0,3780.0,3150.0,4410.0,3880.0,3780.0,3150.0,3288.0,6641.0,2922.0,1450.0,4933.0,567.0,6941.0,519.0,9751.0,10570.0,2520.0,3562.0,1260.0,1890.0,313816.0
탑 부수는 플레이어,관측불가,포텐,0.0,0.0,0.0,0.0,0.0,0.0,0.0,0.0,0.0,0.0,0.0,0.0,0.0,0.0,0.0,0.0,0.0,0.0,0.0,0.0,0.0,0.0,0.0,0.0,0.0,0.0,0.0,0.0,0.0,0.0,0.0,0.0,0.0,0.0,0.0,26497.0,96062.0,44326.0,26681.0,34535.0,0.0,0.0,2240.0,11729.0,0.0,0.0,0.0,0.0,0.0,0.0,680.0,0.0,0.0,3780.0,46015.0,2240.0,0.0,17430.0,0.0,0.0,312215.0
절대마조,천중행,프로무림,6120.0,4499.0,5037.0,4475.0,3408.0,5147.0,5034.0,5309.0,6793.0,3149.0,4284.0,6536.0,3583.0,7799.0,1890.0,5115.0,3150.0,3533.0,5050.0,12824.0,3941.0,5323.0,7057.0,11760.0,8472.0,6111.0,7760.0,5193.0,6675.0,5773.0,7050.0,2660.0,2930.0,2310.0,10570.0,5323.0,2877.0,6070.0,2740.0,4394.0,6636.0,4193.0,6738.0,5347.0,7430.0,6766.0,4907.0,8302.0,4473.0,3138.0,1799.0,7316.0,4109.0,5795.0,3080.0,4643.0,2705.0,384.0,351.0,5439.0,311275.0
신마열,강태산,프로무림,15570.0,0.0,3558.0,14197.0,11609.0,1040.0,9604.0,8139.0,9030.0,9331.0,1406.0,7640.0,945.0,2730.0,0.0,14074.0,3253.0,1260.0,6824.0,284.0,761.0,3333.0,3005.0,9261.0,12345.0,8400.0,10541.0,7986.0,5082.0,4108.0,10439.0,2982.0,1890.0,1400.0,1540.0,17290.0,1890.0,11403.0,4659.0,0.0,2872.0,3990.0,6694.0,10464.0,2041.0,1890.0,3150.0,2970.0,0.0,2521.0,6608.0,5053.0,1895.0,1260.0,6300.0,630.0,0.0,0.0,9450.0,4430.0,311027.0
연,강태산,프로무림,6850.0,16939.0,8967.0,4074.0,4410.0,9327.0,2357.0,6945.0,309.0,9787.0,7497.0,7758.0,12600.0,6679.0,4709.0,10899.0,2932.0,630.0,8638.0,2520.0,1890.0,2268.0,9642.0,16771.0,11051.0,0.0,1197.0,0.0,2388.0,6800.0,5757.0,2019.0,2100.0,3297.0,4200.0,2730.0,630.0,7660.0,9849.0,1260.0,1134.0,9611.0,1162.0,0.0,8668.0,1495.0,4200.0,1053.0,12800.0,1343.0,5213.0,3365.0,5020.0,10696.0,4496.0,1764.0,0.0,987.0,6300.0,4161.0,309804.0
엘프의 진자,스즈나,올나이트노벨,0.0,0.0,0.0,0.0,0.0,0.0,0.0,0.0,0.0,0.0,0.0,0.0,0.0,0.0,0.0,0.0,0.0,0.0,0.0,0.0,0.0,0.0,0.0,0.0,0.0,0.0,0.0,0.0,0.0,0.0,0.0,0.0,0.0,0.0,0.0,0.0,0.0,0.0,0.0,0.0,0.0,0.0,0.0,0.0,3248.0,4963.0,25746.0,13783.0,22676.0,54768.0,69326.0,32130.0,10221.0,2380.0,2560.0,18564.0,5509.0,10389.0,8510.0,22650.0,307423.0
일수탈명흑백조,천중행,프로무림,4147.0,11937.0,2933.0,6577.0,2579.0,5684.0,5604.0,4549.0,4927.0,2568.0,3035.0,7159.0,3172.0,10990.0,4924.0,5761.0,5798.0,4559.0,1017.0,2250.0,9120.0,8895.0,3957.0,11356.0,6279.0,9454.0,7820.0,1890.0,6976.0,560.0,4090.0,4773.0,4329.0,6580.0,16240.0,7272.0,3150.0,6963.0,3521.0,1878.0,6759.0,3981.0,5758.0,9327.0,4369.0,2579.0,6849.0,4961.0,4126.0,2673.0,2520.0,3948.0,11689.0,4363.0,1260.0,1260.0,2323.0,548.0,1400.0,1377.0,307343.0
서큐버스 리얼돌을 구입했다,스즈나,올나이트노벨,0.0,0.0,0.0,0.0,0.0,0.0,0.0,0.0,0.0,0.0,0.0,0.0,0.0,0.0,0.0,0.0,0.0,0.0,0.0,0.0,0.0,0.0,0.0,0.0,0.0,0.0,0.0,0.0,0.0,0.0,0.0,0.0,0.0,0.0,0.0,0.0,0.0,0.0,0.0,0.0,0.0,0.0,0.0,0.0,0.0,0.0,0.0,0.0,0.0,0.0,0.0,0.0,0.0,0.0,0.0,225064.0,31190.0,8837.0,22705.0,18200.0,305996.0
철검패도,사마달,프로무림,5134.0,7124.0,6959.0,6320.0,10994.0,6677.0,4960.0,5136.0,3866.0,4307.0,4483.0,2478.0,2286.0,1658.0,5134.0,7362.0,10312.0,4480.0,3499.0,6962.0,320.0,3204.0,7583.0,4935.0,1247.0,1562.0,20244.0,2344.0,4086.0,8379.0,5404.0,10372.0,6567.0,7098.0,7084.0,12442.0,3424.0,2885.0,7109.0,4903.0,9932.0,2622.0,3780.0,1470.0,2520.0,3020.0,4342.0,3029.0,3721.0,4005.0,630.0,7089.0,2974.0,3270.0,2548.0,1260.0,0.0,8462.0,6350.0,3610.0,305957.0
빈센트Vincent,박재학,프로무림,5040.0,1929.0,5040.0,3145.0,6628.0,0.0,7746.0,2882.0,630.0,2240.0,7020.0,7686.0,8190.0,6300.0,3150.0,783.0,10449.0,8823.0,2394.0,4519.0,7640.0,2762.0,11683.0,3524.0,4161.0,18749.0,7602.0,5706.0,5533.0,5769.0,2194.0,5661.0,10330.0,16785.0,630.0,3150.0,8852.0,4378.0,1444.0,3486.0,12975.0,6542.0,2520.0,1130.0,0.0,3376.0,4410.0,1312.0,7138.0,0.0,6166.0,612.0,1199.0,3417.0,9377.0,1890.0,630.0,14217.0,2459.0,1260.0,305263.0
이매전사,청산,프로무림,16078.0,8190.0,10033.0,9597.0,6174.0,3150.0,7784.0,8820.0,870.0,6930.0,241.0,7560.0,3971.0,5040.0,0.0,3150.0,8747.0,5670.0,6300.0,3519.0,1990.0,9005.0,7764.0,0.0,7350.0,630.0,1890.0,10445.0,7130.0,10600.0,10780.0,3087.0,1890.0,5670.0,21584.0,4536.0,8001.0,3150.0,1260.0,0.0,4161.0,630.0,2041.0,5040.0,2520.0,0.0,27545.0,12530.0,3780.0,3150.0,0.0,2520.0,630.0,1323.0,0.0,0.0,630.0,0.0,0.0,0.0,305086.0
무혈,홍파,프로무림,8261.0,7012.0,16246.0,10216.0,2498.0,3187.0,5751.0,7957.0,3169.0,6506.0,313.0,3891.0,1890.0,4298.0,5530.0,6750.0,4200.0,1052.0,4305.0,910.0,3981.0,1249.0,2527.0,19189.0,44279.0,1890.0,12724.0,10178.0,8041.0,6067.0,1890.0,5390.0,2215.0,1890.0,498.0,2520.0,1400.0,3430.0,1890.0,11550.0,3780.0,5847.0,0.0,0.0,2886.0,2030.0,768.0,1400.0,2450.0,228.0,4830.0,0.0,5180.0,5320.0,3614.0,3940.0,7035.0,700.0,420.0,7513.0,304681.0
절대검로,사마달,프로무림,12895.0,9163.0,13899.0,3968.0,3187.0,2956.0,5133.0,4344.0,5537.0,3867.0,5533.0,5093.0,11324.0,5212.0,7086.0,2882.0,6812.0,2903.0,2917.0,1660.0,12254.0,9520.0,6604.0,3845.0,8887.0,1093.0,3335.0,2272.0,332.0,567.0,10923.0,8842.0,10167.0,1047.0,4460.0,7956.0,4050.0,3714.0,5359.0,6154.0,3744.0,9905.0,6311.0,1096.0,689.0,2520.0,1035.0,2309.0,3073.0,1179.0,1396.0,1719.0,4628.0,2096.0,7542.0,4685.0,2808.0,2394.0,2671.0,14633.0,304185.0
복마지존 화,강태산,프로무림,3150.0,1890.0,15120.0,6720.0,1890.0,2520.0,1890.0,3150.0,13720.0,10920.0,6300.0,12810.0,13650.0,0.0,6930.0,0.0,8190.0,4410.0,14490.0,13440.0,10080.0,4410.0,5040.0,10080.0,12810.0,1890.0,4410.0,1890.0,3150.0,5040.0,7140.0,13860.0,1260.0,1890.0,6510.0,9240.0,1890.0,2520.0,2520.0,3780.0,3780.0,8820.0,0.0,7980.0,0.0,5040.0,5880.0,0.0,5670.0,2520.0,0.0,630.0,630.0,0.0,0.0,3150.0,3780.0,0.0,3780.0,1890.0,304150.0
북두천왕1,강태산,프로무림,8814.0,5344.0,4304.0,8186.0,10197.0,4581.0,4602.0,11189.0,2133.0,4143.0,8549.0,3290.0,6986.0,6860.0,5327.0,6812.0,8113.0,9513.0,2508.0,8327.0,2520.0,1890.0,13180.0,15943.0,11249.0,3780.0,2902.0,5040.0,8114.0,2354.0,4835.0,3839.0,6030.0,3780.0,3780.0,3087.0,1260.0,3379.0,3402.0,2520.0,3780.0,689.0,4352.0,0.0,2281.0,4797.0,5478.0,9026.0,2506.0,252.0,3786.0,2520.0,9635.0,2508.0,8491.0,4970.0,2218.0,1260.0,1701.0,846.0,303758.0
기개남아,강태산,프로무림,6676.0,775.0,2759.0,11819.0,1890.0,8113.0,5456.0,19040.0,15330.0,16191.0,5117.0,6797.0,13608.0,6672.0,899.0,11642.0,2343.0,13020.0,12891.0,4200.0,6300.0,5086.0,2049.0,6899.0,6300.0,8400.0,604.0,7295.0,0.0,8073.0,3446.0,589.0,9891.0,1260.0,490.0,4830.0,8400.0,1890.0,630.0,0.0,3867.0,1701.0,6468.0,0.0,2041.0,2041.0,4708.0,0.0,6300.0,190.0,966.0,3591.0,6228.0,466.0,0.0,2359.0,10500.0,0.0,0.0,4640.0,303736.0
사신도,강태산,프로무림,4497.0,5269.0,16377.0,2292.0,7338.0,7728.0,3990.0,4556.0,0.0,2223.0,4200.0,13492.0,5250.0,879.0,7928.0,5842.0,8041.0,3360.0,7902.0,2701.0,246.0,1885.0,340.0,10664.0,9261.0,8240.0,13570.0,5370.0,1215.0,0.0,16489.0,3256.0,4200.0,2100.0,2318.0,1203.0,680.0,2564.0,18480.0,3041.0,1890.0,4704.0,6090.0,6300.0,3873.0,630.0,3801.0,23847.0,3347.0,705.0,8886.0,2640.0,2117.0,656.0,630.0,2268.0,0.0,567.0,2100.0,9227.0,303265.0
제52장 의,와룡강,프로무림,6300.0,0.0,0.0,0.0,630.0,2400.0,0.0,0.0,6500.0,18000.0,4500.0,23100.0,20700.0,1800.0,9900.0,0.0,0.0,13800.0,29400.0,18300.0,3900.0,5400.0,900.0,20100.0,900.0,12000.0,1800.0,1800.0,3600.0,0.0,2700.0,5400.0,0.0,8100.0,2700.0,0.0,9900.0,18000.0,0.0,5700.0,0.0,900.0,3600.0,0.0,6300.0,2700.0,12000.0,0.0,0.0,0.0,0.0,900.0,0.0,0.0,0.0,900.0,2700.0,2700.0,6300.0,3600.0,300830.0
화신,강태산,프로무림,5147.0,9877.0,8872.0,5268.0,6623.0,7770.0,10839.0,6899.0,8723.0,1715.0,0.0,2091.0,2911.0,14841.0,3088.0,5454.0,2993.0,2153.0,2667.0,4327.0,5810.0,2111.0,1010.0,3981.0,4369.0,3705.0,5831.0,2721.0,3432.0,4444.0,571.0,1214.0,917.0,2138.0,2729.0,5103.0,11459.0,4311.0,2452.0,4620.0,10310.0,5620.0,6522.0,2609.0,8644.0,3242.0,7571.0,2268.0,1764.0,11573.0,6312.0,4435.0,13912.0,3126.0,6904.0,9326.0,0.0,3247.0,543.0,6441.0,299555.0
속으로,쉐도우스,올나이트노벨,0.0,0.0,0.0,0.0,0.0,0.0,0.0,0.0,0.0,0.0,0.0,0.0,0.0,0.0,0.0,0.0,0.0,0.0,0.0,0.0,0.0,0.0,0.0,0.0,0.0,0.0,0.0,0.0,0.0,0.0,0.0,0.0,0.0,0.0,0.0,0.0,0.0,0.0,0.0,0.0,0.0,0.0,0.0,0.0,0.0,0.0,6930.0,7668.0,38304.0,28764.0,16246.0,15260.0,32487.0,19880.0,17269.0,15080.0,81190.0,15960.0,3845.0,204.0,299087.0
붉은 나비 혈접인 하,사마달,프로무림,1932.0,3530.0,1623.0,5703.0,5492.0,2323.0,14715.0,4111.0,7818.0,807.0,14059.0,5291.0,2383.0,5634.0,4844.0,5145.0,20330.0,2370.0,8297.0,2521.0,10585.0,3927.0,1053.0,3527.0,2015.0,1764.0,1293.0,7484.0,8438.0,2876.0,5205.0,3525.0,5056.0,2622.0,861.0,1656.0,4460.0,3642.0,9068.0,2725.0,3120.0,2858.0,3732.0,4069.0,4346.0,4127.0,8972.0,6151.0,5445.0,4098.0,12726.0,7371.0,5186.0,5021.0,1989.0,504.0,2386.0,3351.0,2828.0,7615.0,296605.0
무법자,이원호,프로무림,15900.0,0.0,0.0,0.0,0.0,0.0,0.0,0.0,0.0,0.0,0.0,0.0,0.0,0.0,0.0,0.0,0.0,0.0,13116.0,44560.0,11440.0,1795.0,1032.0,800.0,0.0,1513.0,0.0,16408.0,12152.0,17163.0,7129.0,11144.0,640.0,4968.0,12960.0,16632.0,8587.0,3456.0,11663.0,6829.0,0.0,3800.0,0.0,4900.0,8992.0,600.0,7992.0,2000.0,0.0,16284.0,0.0,0.0,108.0,0.0,100.0,12852.0,2052.0,13932.0,2376.0,0.0,295875.0
대망,관측불가,포텐,0.0,0.0,0.0,0.0,0.0,0.0,0.0,0.0,0.0,0.0,0.0,0.0,0.0,0.0,0.0,0.0,0.0,0.0,0.0,0.0,0.0,0.0,0.0,0.0,0.0,0.0,0.0,0.0,0.0,0.0,0.0,0.0,0.0,0.0,0.0,0.0,0.0,0.0,0.0,0.0,0.0,0.0,0.0,0.0,0.0,0.0,0.0,0.0,295093.0,0.0,0.0,0.0,0.0,0.0,0.0,0.0,0.0,0.0,0.0,0.0,295093.0
100층 탈출,Dreamer 李,프로무림,15000.0,11408.0,6000.0,0.0,5520.0,8904.0,3000.0,0.0,21000.0,18000.0,3000.0,3000.0,3000.0,0.0,9000.0,0.0,3000.0,5968.0,6000.0,2552.0,8488.0,3520.0,0.0,0.0,14520.0,9368.0,5520.0,9000.0,0.0,9317.0,6240.0,8520.0,3384.0,0.0,6056.0,5520.0,11040.0,3000.0,0.0,3000.0,-60.0,0.0,0.0,0.0,0.0,6000.0,0.0,0.0,0.0,0.0,3000.0,8717.0,6000.0,8520.0,2910.0,3000.0,0.0,13920.0,5469.0,5820.0,294141.0
천의역근참수기,광무,프로무림,1293.0,6299.0,9543.0,7197.0,10341.0,10402.0,8753.0,7425.0,1496.0,3780.0,822.0,6602.0,3566.0,13092.0,7822.0,1728.0,2057.0,14490.0,0.0,10322.0,22680.0,5568.0,4410.0,2150.0,825.0,8145.0,2520.0,7560.0,2629.0,6814.0,2391.0,0.0,3350.0,2003.0,0.0,4052.0,6797.0,0.0,21595.0,11214.0,4536.0,6678.0,2268.0,5808.0,630.0,630.0,0.0,0.0,2209.0,630.0,1260.0,5320.0,4410.0,3528.0,1584.0,0.0,688.0,1310.0,1380.0,8776.0,293378.0
외도전설 마법소녀 조교기,외도정사,프로무림,0.0,0.0,0.0,0.0,0.0,0.0,0.0,0.0,0.0,0.0,0.0,0.0,0.0,0.0,0.0,0.0,0.0,0.0,4340.0,13160.0,15400.0,18179.0,13440.0,16590.0,8960.0,22764.0,9240.0,6930.0,14210.0,14070.0,770.0,5292.0,490.0,350.0,3605.0,13755.0,15407.0,13181.0,2499.0,189.0,8907.0,0.0,11438.0,4480.0,2240.0,6720.0,70.0,4480.0,8960.0,0.0,0.0,16660.0,3220.0,280.0,210.0,0.0,4032.0,1750.0,910.0,5530.0,292708.0
물약이 자꾸 땡겨,윤준모,포텐,0.0,0.0,0.0,0.0,0.0,0.0,0.0,0.0,0.0,0.0,0.0,0.0,0.0,0.0,0.0,0.0,0.0,0.0,0.0,0.0,0.0,0.0,0.0,0.0,0.0,0.0,0.0,0.0,0.0,0.0,0.0,0.0,0.0,0.0,0.0,0.0,0.0,0.0,12826.0,14261.0,33448.0,26005.0,62844.0,21001.0,20713.0,760.0,16801.0,755.0,15545.0,3600.0,1914.0,345.0,17773.0,4813.0,819.0,2402.0,17201.0,3587.0,13406.0,1764.0,292583.0
혜정이의 야한 이야기,파워레인젖,올나이트노벨,0.0,0.0,0.0,0.0,0.0,0.0,0.0,0.0,0.0,0.0,0.0,0.0,0.0,0.0,0.0,0.0,0.0,0.0,0.0,0.0,0.0,0.0,0.0,0.0,0.0,0.0,0.0,0.0,0.0,0.0,0.0,0.0,0.0,0.0,0.0,0.0,0.0,0.0,0.0,0.0,0.0,0.0,0.0,0.0,0.0,0.0,0.0,0.0,0.0,0.0,0.0,0.0,0.0,13958.0,55236.0,60630.0,44139.0,102819.0,9563.0,5870.0,292215.0
무림전사,검궁인,프로무림,1800.0,4457.0,2613.0,25098.0,3453.0,3182.0,4736.0,8424.0,10940.0,6699.0,2687.0,7353.0,2201.0,2512.0,3662.0,5277.0,4587.0,337.0,2966.0,4927.0,3005.0,2167.0,6557.0,4588.0,3680.0,1197.0,1004.0,2268.0,3698.0,4221.0,9876.0,21010.0,-1260.0,2159.0,1197.0,4567.0,1539.0,4244.0,2886.0,5657.0,8575.0,5918.0,3457.0,2529.0,18496.0,22209.0,5810.0,3324.0,5751.0,1953.0,2346.0,1242.0,2968.0,383.0,2961.0,4514.0,2853.0,1384.0,1260.0,1439.0,291543.0
실버문,사이딘,프로무림,25480.0,16660.0,6615.0,7350.0,22050.0,0.0,13230.0,0.0,0.0,13230.0,0.0,0.0,0.0,13230.0,27930.0,0.0,0.0,83300.0,14700.0,4900.0,0.0,0.0,0.0,0.0,0.0,0.0,9800.0,0.0,0.0,0.0,0.0,0.0,0.0,0.0,0.0,0.0,0.0,0.0,0.0,0.0,0.0,0.0,0.0,0.0,0.0,0.0,0.0,0.0,0.0,0.0,0.0,0.0,0.0,0.0,8820.0,0.0,23814.0,0.0,0.0,0.0,291109.0
삼절지존,와룡강,프로무림,0.0,0.0,0.0,0.0,26460.0,0.0,0.0,0.0,0.0,0.0,12600.0,0.0,0.0,0.0,0.0,12600.0,0.0,0.0,0.0,0.0,12600.0,0.0,0.0,0.0,12600.0,100800.0,0.0,0.0,0.0,0.0,37800.0,0.0,0.0,0.0,0.0,0.0,12600.0,0.0,0.0,0.0,0.0,0.0,0.0,0.0,0.0,12600.0,0.0,0.0,0.0,0.0,12600.0,0.0,0.0,0.0,0.0,25200.0,12600.0,0.0,0.0,0.0,291060.0
그랜져,홍정태,프로무림,4404.0,1260.0,3702.0,7086.0,1890.0,0.0,1330.0,1088.0,1890.0,4601.0,0.0,1890.0,6930.0,1128.0,5110.0,20730.0,0.0,4905.0,3588.0,1071.0,7063.0,441.0,5670.0,834.0,1787.0,1890.0,8865.0,4972.0,1260.0,23328.0,7226.0,1314.0,630.0,743.0,2308.0,4480.0,9384.0,2792.0,2100.0,1890.0,1953.0,439.0,1804.0,3074.0,2749.0,9011.0,2898.0,2724.0,18376.0,10341.0,8762.0,5921.0,3380.0,3674.0,6737.0,3545.0,0.0,34397.0,5220.0,1454.0,288039.0
초월인간,정우식,프로무림,15871.0,15610.0,9267.0,11177.0,11626.0,3463.0,3234.0,3128.0,900.0,9000.0,8301.0,5992.0,12624.0,2512.0,3893.0,12436.0,4158.0,2846.0,1143.0,3151.0,7560.0,9472.0,8221.0,2182.0,6735.0,1800.0,0.0,7797.0,4192.0,3049.0,0.0,11935.0,1808.0,1470.0,6444.0,630.0,4658.0,4646.0,2700.0,2700.0,12943.0,1565.0,1800.0,1928.0,0.0,4213.0,1800.0,0.0,1872.0,1798.0,1800.0,1800.0,0.0,8289.0,1932.0,4504.0,3600.0,3719.0,2783.0,0.0,284677.0
열정시대,이원호,프로무림,1800.0,4800.0,0.0,0.0,0.0,0.0,0.0,10800.0,0.0,7800.0,900.0,1800.0,6000.0,18000.0,0.0,0.0,7800.0,8700.0,3000.0,16800.0,900.0,6000.0,12000.0,9900.0,7800.0,9000.0,900.0,7500.0,0.0,3000.0,3000.0,3000.0,15600.0,9600.0,9000.0,3000.0,0.0,9000.0,13800.0,0.0,1800.0,3000.0,6600.0,2367.0,900.0,3000.0,0.0,6000.0,6000.0,7800.0,4800.0,10080.0,0.0,0.0,900.0,3000.0,9630.0,900.0,3000.0,0.0,280977.0
흑사월,청운하,프로무림,4672.0,2938.0,11069.0,2448.0,2924.0,7256.0,4926.0,7903.0,10159.0,2945.0,3227.0,5618.0,2948.0,6203.0,4530.0,2485.0,2961.0,966.0,4704.0,2400.0,8503.0,7520.0,7514.0,4005.0,8240.0,3150.0,5427.0,2721.0,4224.0,7111.0,9509.0,4200.0,3352.0,5073.0,392.0,6235.0,2734.0,5160.0,5339.0,9587.0,284.0,4819.0,1657.0,3780.0,15745.0,1585.0,4844.0,1380.0,2486.0,1315.0,630.0,0.0,0.0,1890.0,13370.0,5477.0,4008.0,2041.0,3780.0,8190.0,280559.0
투로,별도,프로무림,920.0,4617.0,6887.0,0.0,3780.0,6363.0,9261.0,2046.0,4942.0,5071.0,0.0,9467.0,630.0,5532.0,4620.0,11003.0,11981.0,4790.0,8879.0,16873.0,2835.0,12285.0,11025.0,5241.0,5355.0,1764.0,8190.0,3150.0,3567.0,0.0,9747.0,630.0,1227.0,630.0,6300.0,1890.0,630.0,3150.0,11113.0,5504.0,16884.0,2261.0,3122.0,3153.0,4726.0,10500.0,2146.0,6930.0,4284.0,8190.0,6300.0,0.0,0.0,0.0,0.0,0.0,0.0,0.0,0.0,0.0,280391.0
골 때리는 여자 비제이들,쉐도우스,올나이트노벨,0.0,0.0,0.0,0.0,0.0,0.0,0.0,0.0,0.0,0.0,0.0,0.0,0.0,0.0,0.0,0.0,0.0,0.0,0.0,0.0,0.0,0.0,0.0,0.0,0.0,0.0,0.0,0.0,0.0,0.0,0.0,0.0,0.0,0.0,0.0,0.0,0.0,0.0,0.0,0.0,0.0,0.0,0.0,0.0,0.0,0.0,0.0,0.0,0.0,0.0,0.0,14742.0,8428.0,73892.0,10927.0,27594.0,102992.0,37968.0,2849.0,980.0,280372.0
군신 체이슨,김하준,프로무림,19962.0,25447.0,17236.0,22828.0,12007.0,19322.0,19837.0,19315.0,16710.0,16577.0,9042.0,20534.0,8483.0,10295.0,990.0,6165.0,1890.0,0.0,630.0,0.0,0.0,0.0,3780.0,0.0,0.0,0.0,3780.0,3780.0,0.0,0.0,0.0,4410.0,0.0,5670.0,0.0,0.0,0.0,0.0,0.0,0.0,0.0,3852.0,0.0,0.0,7232.0,0.0,0.0,0.0,0.0,0.0,0.0,0.0,0.0,0.0,0.0,0.0,0.0,0.0,0.0,0.0,279774.0
조폭사,이원호,프로무림,5600.0,400.0,700.0,3600.0,3900.0,6100.0,5700.0,10400.0,400.0,3000.0,3400.0,4600.0,8100.0,6000.0,800.0,2700.0,2200.0,4170.0,11779.0,7569.0,3078.0,774.0,6763.0,151.0,108.0,5940.0,2376.0,3878.0,3924.0,4410.0,3672.0,3006.0,13176.0,3263.0,12186.0,277.0,3201.0,7675.0,3077.0,2977.0,6876.0,4680.0,15805.0,8454.0,1674.0,4806.0,1375.0,7524.0,4652.0,14904.0,3040.0,3456.0,990.0,1710.0,6390.0,3229.0,7066.0,3771.0,3672.0,0.0,279104.0
신전을 털어라,형상준,프로무림,5325.0,13450.0,17190.0,1260.0,8910.0,8501.0,9146.0,4747.0,5535.0,6300.0,5040.0,6300.0,5670.0,0.0,2385.0,5472.0,21238.0,1260.0,12455.0,990.0,0.0,3960.0,5040.0,17920.0,1455.0,5040.0,5040.0,21139.0,0.0,11930.0,889.0,0.0,0.0,1890.0,9009.0,5040.0,5040.0,5873.0,630.0,0.0,10080.0,0.0,0.0,5040.0,0.0,1260.0,0.0,0.0,0.0,3612.0,0.0,630.0,2520.0,0.0,6300.0,3780.0,0.0,1890.0,0.0,2464.0,278645.0
십궁지대,청운하,프로무림,10100.0,6031.0,3609.0,1040.0,4142.0,5847.0,3139.0,4012.0,7805.0,1583.0,4357.0,6049.0,3454.0,3570.0,4864.0,3019.0,1260.0,4055.0,2921.0,1389.0,15809.0,4856.0,1890.0,4438.0,4799.0,3213.0,3880.0,1260.0,1162.0,5949.0,22757.0,5040.0,4748.0,15959.0,140.0,3349.0,1890.0,4561.0,5821.0,11981.0,0.0,3648.0,5613.0,630.0,9343.0,6135.0,4797.0,1943.0,1890.0,4969.0,840.0,5493.0,1441.0,3430.0,4734.0,6804.0,2369.0,1900.0,2406.0,3502.0,277635.0
무림어사,홍파,프로무림,6467.0,2395.0,6494.0,7679.0,4525.0,4657.0,5333.0,12287.0,5957.0,2520.0,0.0,6082.0,10080.0,8190.0,3570.0,4170.0,2450.0,2732.0,3976.0,5357.0,3290.0,11257.0,3546.0,1783.0,19005.0,2863.0,9438.0,8446.0,1425.0,0.0,0.0,10080.0,2030.0,7057.0,1540.0,5040.0,0.0,4410.0,4005.0,12474.0,3360.0,5740.0,2889.0,2520.0,1260.0,0.0,0.0,5532.0,5040.0,7081.0,5306.0,1563.0,1260.0,7059.0,3124.0,6626.0,2520.0,1050.0,2179.0,338.0,277057.0
가장 나쁜 놈,이원호,프로무림,5300.0,3980.0,9000.0,8400.0,9500.0,8700.0,2800.0,2900.0,10000.0,0.0,300.0,2700.0,2500.0,4500.0,7400.0,15070.0,2500.0,0.0,0.0,4958.0,10085.0,3013.0,18036.0,1764.0,2250.0,1260.0,4446.0,11453.0,2916.0,90.0,10758.0,1890.0,5724.0,0.0,2808.0,2430.0,11250.0,4649.0,15628.0,4158.0,216.0,4068.0,5436.0,5215.0,2808.0,2700.0,0.0,9432.0,492.0,2916.0,5202.0,3456.0,2628.0,1461.0,0.0,0.0,108.0,8640.0,4667.0,2250.0,276811.0
용사 노릇이 지겨워서 마왕군에 들어갔더니 하루하루가 행복해서 인생 절반 손해봤다,FlowerJhin,올나이트노벨,0.0,0.0,0.0,0.0,0.0,0.0,0.0,0.0,0.0,0.0,0.0,0.0,0.0,0.0,0.0,0.0,0.0,0.0,0.0,0.0,0.0,0.0,0.0,0.0,0.0,0.0,0.0,0.0,0.0,0.0,0.0,0.0,0.0,0.0,0.0,0.0,0.0,0.0,8127.0,39273.0,30478.0,10815.0,7007.0,6972.0,700.0,14798.0,3136.0,2135.0,10150.0,735.0,0.0,980.0,9009.0,3143.0,2163.0,46165.0,12740.0,46539.0,4710.0,16387.0,276162.0
용사 노릇이 지겨워서 마왕군에 들어갔더니 하루하루가 행복해서 인생 절반 손해봤다,FlowerJhin ,포텐,0.0,0.0,0.0,0.0,0.0,0.0,0.0,0.0,0.0,0.0,0.0,0.0,0.0,0.0,0.0,0.0,0.0,0.0,0.0,0.0,0.0,0.0,0.0,0.0,0.0,0.0,0.0,0.0,0.0,0.0,0.0,0.0,0.0,0.0,0.0,0.0,0.0,0.0,0.0,0.0,0.0,0.0,0.0,0.0,0.0,0.0,0.0,0.0,0.0,0.0,0.0,0.0,0.0,0.0,0.0,169792.0,28924.0,3941.0,8512.0,63708.0,274877.0
六 친구여 그대는 진정한 무림의 태양이다,사마달,프로무림,14210.0,5600.0,2520.0,1960.0,2520.0,6790.0,1890.0,3780.0,0.0,5390.0,1260.0,1260.0,6300.0,6510.0,630.0,1330.0,8260.0,3710.0,3780.0,630.0,6020.0,3150.0,5320.0,2520.0,3850.0,3150.0,12600.0,5040.0,2520.0,10850.0,3780.0,2100.0,0.0,70.0,2520.0,0.0,6300.0,9450.0,2520.0,5040.0,10360.0,7700.0,3080.0,10220.0,7560.0,10360.0,4410.0,1050.0,1890.0,1890.0,3780.0,4760.0,8820.0,9660.0,5320.0,4550.0,5040.0,3430.0,3780.0,1960.0,274750.0
혼비백산,강태산,프로무림,4725.0,5250.0,5250.0,1820.0,700.0,1120.0,3150.0,9170.0,1575.0,0.0,3570.0,1645.0,9870.0,5250.0,3220.0,4725.0,4725.0,1750.0,630.0,6273.0,4725.0,15829.0,9960.0,236.0,0.0,6860.0,1190.0,1575.0,12360.0,0.0,567.0,126.0,420.0,504.0,0.0,3220.0,9868.0,4007.0,15750.0,5285.0,11695.0,11158.0,16047.0,4723.0,1890.0,3717.0,4025.0,2730.0,1890.0,3447.0,3780.0,3150.0,8500.0,8001.0,1698.0,3115.0,6790.0,0.0,7560.0,3780.0,274596.0
퐁퐁의 역습,테서스,프로무림,0.0,0.0,0.0,0.0,0.0,0.0,0.0,0.0,0.0,0.0,0.0,0.0,0.0,0.0,0.0,0.0,0.0,0.0,0.0,0.0,0.0,0.0,0.0,8820.0,7630.0,14070.0,42826.0,14672.0,9170.0,12320.0,9926.0,840.0,2016.0,0.0,4550.0,2016.0,350.0,4760.0,4256.0,5110.0,19970.0,490.0,140.0,4620.0,140.0,3080.0,0.0,0.0,100063.0,2240.0,0.0,0.0,0.0,0.0,0.0,0.0,0.0,0.0,0.0,0.0,274075.0
용사무적,만선,프로무림,9100.0,-2160.0,39200.0,-4664.0,7500.0,-200.0,1200.0,0.0,100.0,782.0,0.0,0.0,1600.0,-6300.0,0.0,2300.0,0.0,0.0,-1137.0,0.0,0.0,17143.0,16900.0,7920.0,9765.0,1928.0,-388.0,0.0,0.0,582.0,6400.0,828.0,0.0,900.0,0.0,0.0,342.0,0.0,0.0,900.0,0.0,0.0,0.0,108.0,1505.0,38592.0,0.0,32700.0,21960.0,26627.0,0.0,3456.0,0.0,0.0,100.0,0.0,7470.0,23360.0,0.0,7274.0,273693.0
할증인간,이원호,프로무림,7800.0,6900.0,1800.0,6900.0,15300.0,5700.0,900.0,900.0,3900.0,9000.0,3000.0,3000.0,3900.0,3900.0,5700.0,2700.0,10800.0,10800.0,12900.0,12900.0,18900.0,6000.0,9900.0,3000.0,9900.0,6000.0,900.0,4800.0,0.0,6900.0,3000.0,6900.0,3900.0,3000.0,0.0,900.0,1800.0,1800.0,6600.0,0.0,900.0,0.0,0.0,0.0,3900.0,3900.0,529.0,0.0,900.0,0.0,6000.0,3000.0,3000.0,3000.0,0.0,0.0,6000.0,3000.0,9000.0,6000.0,272029.0
기협만리,검궁인,프로무림,4361.0,3486.0,2729.0,1780.0,9114.0,5882.0,5746.0,6119.0,14504.0,7541.0,10165.0,4367.0,2203.0,1198.0,3062.0,4061.0,2193.0,0.0,6171.0,1310.0,8648.0,1260.0,1738.0,1807.0,5497.0,5478.0,6163.0,7151.0,4891.0,3015.0,12985.0,9160.0,1850.0,6244.0,8099.0,4733.0,2609.0,3049.0,1701.0,8332.0,1134.0,7137.0,2727.0,0.0,4688.0,828.0,4484.0,3457.0,7431.0,4052.0,3878.0,4410.0,3788.0,2752.0,1789.0,1531.0,0.0,4616.0,5022.0,5733.0,269859.0
제30장 악인의 말로2,사마달,프로무림,11620.0,210.0,8540.0,5320.0,0.0,7980.0,4270.0,3500.0,17360.0,6930.0,1540.0,2800.0,10430.0,1960.0,2730.0,5040.0,9450.0,1120.0,4340.0,910.0,770.0,19040.0,2030.0,1260.0,1120.0,15820.0,6160.0,2730.0,630.0,12320.0,6580.0,1540.0,6720.0,6230.0,70.0,1050.0,3710.0,3850.0,1330.0,5810.0,10570.0,4480.0,1190.0,140.0,4620.0,8610.0,1680.0,4830.0,3780.0,350.0,210.0,0.0,7280.0,70.0,1750.0,1050.0,1750.0,9030.0,350.0,2730.0,269290.0
서큐버스 리얼돌을 구입했다,스즈나,포텐,0.0,0.0,0.0,0.0,0.0,0.0,0.0,0.0,0.0,0.0,0.0,0.0,0.0,0.0,0.0,0.0,0.0,0.0,0.0,0.0,0.0,0.0,0.0,0.0,0.0,0.0,0.0,0.0,0.0,0.0,0.0,0.0,0.0,0.0,0.0,0.0,0.0,0.0,0.0,0.0,0.0,0.0,0.0,0.0,0.0,0.0,0.0,0.0,0.0,0.0,0.0,0.0,0.0,0.0,0.0,25704.0,131033.0,76818.0,3402.0,30080.0,267037.0
히어로 아카데미의 악당놈,기갑공룡,올나이트노벨,0.0,0.0,0.0,0.0,0.0,0.0,0.0,0.0,0.0,0.0,0.0,0.0,0.0,0.0,0.0,0.0,0.0,0.0,0.0,0.0,0.0,0.0,0.0,0.0,0.0,0.0,0.0,0.0,0.0,0.0,0.0,0.0,0.0,0.0,0.0,0.0,0.0,0.0,0.0,0.0,0.0,0.0,0.0,0.0,0.0,0.0,0.0,0.0,0.0,0.0,0.0,0.0,0.0,0.0,0.0,0.0,0.0,198418.0,35280.0,32091.0,265789.0
철가풍운,사마달,프로무림,10086.0,4422.0,10308.0,5216.0,5237.0,6071.0,5643.0,10678.0,12118.0,4171.0,4043.0,4329.0,2383.0,4677.0,2304.0,2993.0,5706.0,3128.0,6400.0,3031.0,8110.0,8579.0,4491.0,3332.0,2605.0,1689.0,1932.0,8340.0,2908.0,6224.0,5651.0,2394.0,3972.0,997.0,1360.0,2510.0,5569.0,4337.0,5439.0,5769.0,1800.0,1979.0,2065.0,2675.0,1992.0,3048.0,3739.0,4559.0,7332.0,8045.0,4657.0,7826.0,3767.0,935.0,680.0,2793.0,2980.0,1736.0,2164.0,1816.0,265740.0
철정무한,강태산,프로무림,8032.0,8827.0,495.0,1805.0,6941.0,5606.0,3742.0,11355.0,873.0,6237.0,7788.0,1890.0,2997.0,0.0,1238.0,3317.0,11348.0,7395.0,2590.0,10080.0,5320.0,844.0,2679.0,4305.0,2100.0,9421.0,4746.0,5850.0,5924.0,18480.0,2100.0,5565.0,1960.0,2037.0,7560.0,10395.0,2710.0,8750.0,70.0,2520.0,2614.0,6741.0,2730.0,1260.0,70.0,2121.0,1890.0,6741.0,4060.0,3543.0,5844.0,7505.0,5697.0,4266.0,210.0,689.0,0.0,0.0,0.0,3221.0,265094.0
동탄 미시녀 어플,쉐도우스,올나이트노벨,0.0,0.0,0.0,0.0,0.0,0.0,0.0,0.0,0.0,0.0,0.0,0.0,0.0,0.0,0.0,0.0,0.0,0.0,0.0,0.0,0.0,0.0,0.0,0.0,0.0,0.0,0.0,0.0,0.0,0.0,0.0,0.0,0.0,0.0,0.0,0.0,0.0,0.0,0.0,0.0,0.0,0.0,0.0,0.0,0.0,0.0,0.0,0.0,0.0,0.0,0.0,0.0,0.0,0.0,0.0,0.0,0.0,0.0,147578.0,116487.0,264065.0
풍마조,사마달,프로무림,13324.0,1945.0,4653.0,1370.0,7870.0,0.0,3647.0,5804.0,3330.0,5008.0,1138.0,5541.0,2409.0,15757.0,3273.0,1620.0,2344.0,0.0,2502.0,3913.0,3231.0,7046.0,1046.0,15612.0,20216.0,3986.0,1197.0,5194.0,3771.0,0.0,11890.0,3150.0,4041.0,4782.0,2456.0,10411.0,3518.0,995.0,2142.0,3296.0,5214.0,323.0,5197.0,3938.0,1260.0,14016.0,636.0,3150.0,3704.0,2556.0,6552.0,5563.0,2429.0,2128.0,630.0,630.0,1696.0,8179.0,2683.0,0.0,263912.0
더 스토리he story,가람검,프로무림,12222.0,9590.0,10206.0,6489.0,4284.0,630.0,7812.0,3150.0,1701.0,630.0,0.0,10710.0,21707.0,42980.0,3150.0,0.0,4599.0,2898.0,15120.0,20160.0,630.0,1260.0,14070.0,0.0,4410.0,0.0,0.0,4410.0,0.0,567.0,567.0,0.0,0.0,4762.0,5644.0,0.0,0.0,0.0,1134.0,0.0,2721.0,7560.0,1260.0,0.0,0.0,12700.0,2481.0,0.0,1890.0,0.0,2520.0,7400.0,1260.0,2268.0,0.0,0.0,0.0,0.0,882.0,4725.0,263159.0
리쎌암즈,강우진,프로무림,1260.0,6049.0,1565.0,5820.0,1260.0,10707.0,948.0,7762.0,7555.0,4140.0,11066.0,8405.0,6851.0,2769.0,10318.0,9495.0,7391.0,10365.0,5442.0,1432.0,9347.0,9534.0,5962.0,4668.0,6668.0,0.0,2724.0,0.0,3150.0,4714.0,2186.0,6405.0,6173.0,3200.0,1629.0,8101.0,756.0,630.0,5747.0,2268.0,11565.0,2772.0,3276.0,4284.0,4096.0,4253.0,2520.0,1491.0,1859.0,14374.0,1290.0,0.0,0.0,0.0,0.0,0.0,0.0,2520.0,464.0,2835.0,262061.0
네 멋대로 살아라 혼돈의 시대,최동환,프로무림,9845.0,6545.0,6784.0,8210.0,8143.0,14694.0,6349.0,7756.0,2778.0,5969.0,2186.0,2480.0,3117.0,5777.0,2326.0,2683.0,5849.0,2990.0,2060.0,4671.0,2555.0,4945.0,7089.0,5938.0,6256.0,10770.0,2895.0,7944.0,5044.0,3288.0,3684.0,6666.0,8605.0,6185.0,6331.0,2493.0,3366.0,2806.0,1181.0,2252.0,2333.0,2910.0,3430.0,3605.0,4495.0,2746.0,821.0,2187.0,4221.0,561.0,0.0,2586.0,1900.0,615.0,3778.0,7572.0,954.0,2581.0,1631.0,1508.0,261939.0
쾌도난마,와룡강,프로무림,8400.0,3021.0,2730.0,0.0,3360.0,3000.0,0.0,0.0,1392.0,8530.0,2790.0,1800.0,3000.0,1979.0,0.0,0.0,12000.0,13126.0,4143.0,7500.0,1800.0,900.0,8046.0,16174.0,0.0,4500.0,900.0,12300.0,2087.0,3600.0,11400.0,2270.0,3900.0,5220.0,18900.0,29352.0,900.0,6384.0,2700.0,9600.0,8400.0,2515.0,9424.0,2700.0,0.0,2895.0,0.0,0.0,900.0,0.0,0.0,0.0,2700.0,900.0,0.0,0.0,2910.0,8750.0,0.0,298.0,260096.0
제140장 이오자,설봉,프로무림,1100.0,5000.0,5800.0,400.0,49300.0,33100.0,14700.0,300.0,4800.0,3000.0,1400.0,1000.0,6200.0,9500.0,800.0,0.0,5300.0,2700.0,2800.0,0.0,0.0,600.0,9700.0,10300.0,9600.0,1800.0,700.0,0.0,5400.0,22700.0,4800.0,2900.0,0.0,1900.0,1000.0,0.0,0.0,0.0,0.0,0.0,2200.0,2200.0,1100.0,0.0,1700.0,0.0,6700.0,15100.0,0.0,0.0,0.0,300.0,2000.0,6200.0,3600.0,0.0,0.0,0.0,0.0,0.0,259700.0
황혼야우,청운하,프로무림,2356.0,2606.0,5719.0,1527.0,3636.0,10071.0,5080.0,7895.0,4401.0,2069.0,6159.0,5127.0,5650.0,14298.0,11073.0,2008.0,2854.0,1890.0,3725.0,7364.0,1383.0,1416.0,4498.0,3213.0,5316.0,7790.0,2577.0,3594.0,1775.0,6272.0,13746.0,1733.0,6716.0,6146.0,70.0,2996.0,5010.0,6358.0,3548.0,5429.0,0.0,2730.0,8671.0,2520.0,7839.0,1260.0,3144.0,0.0,6312.0,2575.0,680.0,3276.0,2687.0,2296.0,7910.0,630.0,4323.0,3031.0,2520.0,1701.0,259199.0
철혈의 제왕1,정우식,프로무림,7804.0,14369.0,10377.0,7228.0,4022.0,28361.0,5130.0,5514.0,4392.0,7546.0,4921.0,8753.0,13459.0,473.0,7128.0,5786.0,2363.0,900.0,3707.0,2633.0,5908.0,9983.0,1343.0,4365.0,1941.0,2986.0,10914.0,2984.0,4500.0,4500.0,0.0,10007.0,9632.0,0.0,0.0,5241.0,4529.0,0.0,7645.0,480.0,4255.0,2160.0,5276.0,0.0,4590.0,771.0,2337.0,1190.0,1088.0,0.0,0.0,0.0,0.0,0.0,0.0,2060.0,0.0,1529.0,0.0,0.0,257080.0
삼인조,박재학,프로무림,0.0,8250.0,0.0,0.0,0.0,8400.0,2100.0,0.0,0.0,0.0,12600.0,0.0,2100.0,0.0,18900.0,0.0,10500.0,16800.0,4200.0,0.0,6300.0,27300.0,4200.0,0.0,37800.0,2100.0,0.0,6300.0,2100.0,0.0,0.0,6300.0,0.0,4200.0,18900.0,12600.0,0.0,0.0,0.0,0.0,0.0,0.0,6300.0,0.0,6930.0,0.0,0.0,8400.0,0.0,0.0,0.0,0.0,0.0,0.0,0.0,10500.0,0.0,0.0,0.0,10500.0,254580.0
내가 법이다,전현,프로무림,17199.0,2870.0,18949.0,11907.0,10899.0,16128.0,0.0,0.0,0.0,14070.0,1890.0,0.0,0.0,16303.0,15120.0,3500.0,22400.0,4480.0,1260.0,630.0,3780.0,5040.0,1260.0,5670.0,680.0,3969.0,567.0,1260.0,1134.0,0.0,0.0,0.0,1134.0,0.0,1701.0,2240.0,4410.0,0.0,6010.0,0.0,2268.0,0.0,0.0,0.0,0.0,567.0,6300.0,3528.0,4536.0,20090.0,4410.0,4410.0,3248.0,2022.0,928.0,0.0,4410.0,0.0,0.0,0.0,253177.0
라마대,박시원,포텐,0.0,1890.0,9590.0,4518.0,1620.0,21663.0,0.0,1554.0,4410.0,2520.0,8820.0,10458.0,1260.0,1260.0,2520.0,630.0,1260.0,11073.0,0.0,3774.0,4886.0,4151.0,3570.0,630.0,2394.0,13676.0,7961.0,2380.0,6160.0,2016.0,5355.0,9664.0,756.0,1449.0,2928.0,0.0,1.0,630.0,1436.0,0.0,0.0,0.0,2041.0,756.0,76.0,630.0,3171.0,13653.0,748.0,0.0,15074.0,9556.0,6363.0,5619.0,0.0,22207.0,3297.0,2520.0,3150.0,3906.0,251630.0
이세계 차는 먼치킨 편집장으로 종횡무진합니다,쉴드태클,올나이트노벨,0.0,0.0,0.0,0.0,0.0,0.0,0.0,0.0,0.0,0.0,0.0,0.0,0.0,0.0,0.0,0.0,0.0,0.0,0.0,0.0,0.0,0.0,0.0,0.0,0.0,0.0,0.0,0.0,0.0,0.0,0.0,0.0,0.0,0.0,0.0,0.0,0.0,0.0,3591.0,17192.0,63703.0,3444.0,2205.0,595.0,5369.0,19229.0,29512.0,12663.0,5873.0,7378.0,18690.0,1393.0,4781.0,2275.0,29193.0,3136.0,5257.0,2359.0,5677.0,7980.0,251495.0
혈루몽1,강태산,프로무림,7914.0,4780.0,9322.0,2892.0,6626.0,5940.0,3769.0,14051.0,4410.0,6160.0,11147.0,6230.0,4970.0,4347.0,6338.0,9185.0,2133.0,2991.0,1260.0,630.0,2089.0,1209.0,5919.0,1409.0,5569.0,4896.0,2377.0,3233.0,3780.0,970.0,1260.0,11539.0,3080.0,1260.0,4325.0,3800.0,6130.0,6722.0,3780.0,7797.0,2433.0,630.0,4039.0,1890.0,1260.0,1605.0,4410.0,2263.0,3156.0,3692.0,2797.0,1260.0,4584.0,4504.0,630.0,3062.0,1260.0,630.0,7231.0,2961.0,250536.0
천봉종왕기,설봉,프로무림,12800.0,0.0,0.0,11400.0,0.0,0.0,3600.0,900.0,9600.0,0.0,0.0,0.0,13700.0,0.0,9600.0,0.0,12900.0,21400.0,2800.0,17000.0,10600.0,5000.0,3200.0,4100.0,6800.0,0.0,9600.0,0.0,3300.0,6400.0,0.0,0.0,0.0,9600.0,0.0,3200.0,9600.0,16567.0,0.0,0.0,1777.0,1924.0,16000.0,0.0,3200.0,9600.0,0.0,0.0,0.0,0.0,2700.0,6150.0,0.0,3840.0,0.0,0.0,0.0,567.0,0.0,0.0,249425.0
청춘 대한민국,이원호,프로무림,0.0,0.0,8000.0,900.0,2700.0,1600.0,300.0,7800.0,6900.0,4300.0,4500.0,12000.0,3000.0,4600.0,1600.0,3000.0,3500.0,11900.0,3000.0,6900.0,6000.0,7800.0,3000.0,8700.0,0.0,14500.0,3200.0,11000.0,3900.0,9900.0,7100.0,15400.0,15100.0,9900.0,3918.0,6000.0,3200.0,4134.0,1867.0,1800.0,900.0,0.0,0.0,200.0,0.0,0.0,529.0,900.0,0.0,300.0,500.0,6000.0,6900.0,900.0,400.0,200.0,0.0,6000.0,0.0,100.0,246748.0
고검명,홍파,프로무림,10732.0,9171.0,5176.0,7019.0,4070.0,24079.0,2278.0,3607.0,5185.0,630.0,3300.0,3542.0,280.0,3587.0,0.0,8575.0,-700.0,3199.0,1458.0,379.0,5293.0,5034.0,0.0,3843.0,4973.0,2520.0,2290.0,3420.0,12180.0,4200.0,4200.0,2030.0,2754.0,6440.0,0.0,338.0,11792.0,4725.0,6993.0,4410.0,2520.0,1018.0,3488.0,0.0,5450.0,2891.0,1239.0,2457.0,6230.0,1400.0,2520.0,5793.0,630.0,3780.0,3537.0,9438.0,4549.0,4140.0,0.0,808.0,244890.0
마,강태산,프로무림,10137.0,8150.0,12145.0,4440.0,7437.0,1890.0,869.0,1366.0,10069.0,4601.0,6300.0,897.0,2730.0,15459.0,357.0,9889.0,4233.0,6657.0,9823.0,0.0,6278.0,3780.0,265.0,1139.0,4407.0,11130.0,2100.0,1271.0,458.0,2100.0,7189.0,1635.0,630.0,2030.0,567.0,8190.0,406.0,3171.0,3150.0,630.0,630.0,10241.0,4200.0,6980.0,8970.0,0.0,2908.0,567.0,2165.0,4831.0,1840.0,5460.0,4144.0,5022.0,4749.0,630.0,0.0,1817.0,0.0,0.0,243129.0
임모탈,박재학,프로무림,9800.0,8610.0,5580.0,0.0,0.0,4410.0,2583.0,7070.0,0.0,4410.0,3780.0,13580.0,1260.0,14000.0,630.0,495.0,12460.0,495.0,630.0,7910.0,8820.0,19611.0,2240.0,1260.0,2475.0,8485.0,0.0,2970.0,2520.0,0.0,8960.0,1260.0,1260.0,0.0,16590.0,2240.0,4410.0,1260.0,630.0,4079.0,1094.0,9291.0,0.0,3150.0,3087.0,0.0,4410.0,2520.0,3099.0,5110.0,4410.0,4914.0,3591.0,0.0,0.0,3780.0,630.0,1260.0,2240.0,3276.0,242635.0
제33장 반전3,천중행,프로무림,4130.0,20790.0,14560.0,10290.0,2590.0,280.0,1680.0,1400.0,4550.0,0.0,1470.0,1260.0,5810.0,7350.0,2450.0,70.0,17850.0,9030.0,140.0,3500.0,8540.0,11060.0,12600.0,2660.0,8890.0,0.0,1400.0,7000.0,6300.0,2170.0,2170.0,8120.0,4760.0,840.0,280.0,5110.0,2380.0,5880.0,1890.0,1330.0,70.0,1400.0,4270.0,280.0,980.0,9240.0,3500.0,2380.0,2590.0,1610.0,490.0,2730.0,140.0,1050.0,0.0,70.0,280.0,560.0,70.0,8260.0,242550.0
초혼무 난세의 서 편,와룡강,프로무림,3600.0,1800.0,4500.0,540.0,25200.0,0.0,4500.0,4500.0,4500.0,1800.0,8500.0,6500.0,1800.0,1800.0,6300.0,4700.0,2700.0,4700.0,17000.0,1800.0,900.0,13500.0,4700.0,2700.0,7400.0,0.0,1800.0,0.0,10800.0,4000.0,2900.0,3600.0,7100.0,14800.0,10300.0,2400.0,900.0,900.0,1800.0,7400.0,0.0,6300.0,0.0,0.0,0.0,900.0,1800.0,0.0,0.0,2700.0,4500.0,900.0,900.0,3600.0,5600.0,0.0,400.0,6500.0,1800.0,900.0,241440.0
상문령,홍파,프로무림,11901.0,4227.0,10444.0,5249.0,2622.0,7725.0,1550.0,4684.0,2610.0,4933.0,630.0,3166.0,11562.0,2457.0,7748.0,2652.0,0.0,1901.0,2146.0,417.0,6606.0,630.0,1260.0,0.0,20106.0,1260.0,1986.0,1260.0,7070.0,2099.0,8869.0,5600.0,6484.0,2386.0,0.0,0.0,5460.0,0.0,1890.0,16800.0,4410.0,6190.0,2918.0,0.0,0.0,242.0,138.0,3931.0,0.0,228.0,6370.0,1890.0,2279.0,630.0,2655.0,13273.0,3780.0,7084.0,2520.0,2176.0,239104.0
밀매업자,형상준,프로무림,14269.0,2913.0,7070.0,2405.0,6409.0,5365.0,6453.0,4325.0,29890.0,6780.0,4229.0,6094.0,3654.0,5333.0,7789.0,3768.0,1059.0,14186.0,0.0,4437.0,3150.0,0.0,7846.0,3118.0,5614.0,0.0,9809.0,567.0,4135.0,810.0,2370.0,1613.0,0.0,1568.0,6787.0,1827.0,2150.0,0.0,14605.0,0.0,527.0,4353.0,0.0,0.0,4542.0,0.0,0.0,0.0,0.0,0.0,0.0,630.0,441.0,567.0,4357.0,0.0,6880.0,13440.0,569.0,0.0,238703.0
고검광무,홍파,프로무림,6346.0,5485.0,11217.0,5227.0,3550.0,4709.0,2365.0,12678.0,1243.0,2520.0,1613.0,2385.0,0.0,1750.0,0.0,2817.0,6985.0,809.0,1335.0,3440.0,5203.0,2660.0,5217.0,3643.0,4169.0,4200.0,4617.0,10062.0,2572.0,340.0,12618.0,8650.0,3191.0,0.0,1890.0,812.0,1890.0,0.0,549.0,10466.0,1400.0,5682.0,1462.0,1890.0,526.0,3010.0,210.0,5961.0,0.0,4490.0,8400.0,630.0,1890.0,0.0,7633.0,7738.0,9884.0,8846.0,4225.0,4334.0,237434.0
규한록,홍파,프로무림,9185.0,850.0,12760.0,7869.0,6290.0,3899.0,5760.0,1473.0,3350.0,4200.0,1890.0,1965.0,70.0,1890.0,1737.0,1417.0,1118.0,3430.0,3150.0,1324.0,2107.0,1890.0,3126.0,10150.0,5277.0,3249.0,726.0,5460.0,4550.0,7312.0,2450.0,4200.0,3870.0,3850.0,990.0,0.0,4200.0,1610.0,0.0,3780.0,8750.0,7030.0,1890.0,2699.0,3032.0,0.0,0.0,10500.0,10990.0,4934.0,0.0,11120.0,1330.0,6300.0,1584.0,16524.0,5761.0,1890.0,0.0,587.0,237345.0
소마무적,강태산,프로무림,17105.0,1069.0,8746.0,5408.0,2202.0,4248.0,1400.0,3148.0,4863.0,630.0,2100.0,1377.0,682.0,2597.0,1627.0,9165.0,1573.0,5334.0,4774.0,1756.0,5246.0,3776.0,1260.0,7554.0,3831.0,2132.0,2338.0,8874.0,2611.0,1750.0,22876.0,6231.0,2277.0,0.0,6930.0,3150.0,32732.0,4410.0,4557.0,2520.0,2457.0,2520.0,630.0,0.0,0.0,352.0,3105.0,372.0,0.0,3603.0,426.0,0.0,2403.0,4966.0,2357.0,2750.0,3402.0,2268.0,0.0,216.0,236686.0
소,강태산,프로무림,6650.0,8546.0,7834.0,11569.0,2442.0,9136.0,4853.0,9205.0,17821.0,2520.0,250.0,0.0,6300.0,1466.0,4492.0,4782.0,9063.0,0.0,3362.0,2524.0,0.0,0.0,4888.0,2690.0,3141.0,13348.0,0.0,1412.0,3591.0,0.0,1890.0,589.0,630.0,0.0,0.0,7784.0,0.0,0.0,1701.0,10080.0,10500.0,0.0,2240.0,14490.0,8400.0,6300.0,2041.0,630.0,8400.0,344.0,266.0,3460.0,5247.0,5136.0,0.0,0.0,1712.0,1070.0,0.0,1361.0,236156.0
제72장 유마흔 나와,강태산,프로무림,2380.0,0.0,140.0,2170.0,4830.0,2870.0,1960.0,8750.0,10710.0,3150.0,4410.0,13090.0,6020.0,10850.0,13160.0,5320.0,9870.0,16940.0,840.0,4200.0,6510.0,5180.0,3360.0,2170.0,770.0,1610.0,1680.0,630.0,3780.0,1260.0,5810.0,1890.0,910.0,70.0,3220.0,2870.0,5110.0,1330.0,1540.0,1960.0,3990.0,9590.0,4130.0,1190.0,70.0,630.0,3990.0,1750.0,2240.0,2870.0,70.0,5110.0,280.0,1470.0,12670.0,3780.0,1890.0,2380.0,2100.0,0.0,233520.0
호걸선풍,강태산,프로무림,654.0,8418.0,4965.0,7670.0,1697.0,3140.0,1400.0,5320.0,869.0,2468.0,8485.0,2461.0,6300.0,4932.0,2457.0,2042.0,991.0,2363.0,4410.0,4878.0,8677.0,2352.0,2578.0,8150.0,2730.0,5448.0,2520.0,1260.0,4200.0,4200.0,6300.0,1389.0,200.0,2100.0,8541.0,7137.0,4830.0,2100.0,7706.0,1890.0,630.0,0.0,7824.0,2405.0,12527.0,0.0,2598.0,6300.0,6300.0,6260.0,1450.0,5291.0,2281.0,0.0,2275.0,6300.0,6300.0,936.0,0.0,3551.0,233456.0
사자후,설봉,프로무림,22400.0,25600.0,0.0,20160.0,3200.0,22400.0,0.0,0.0,20160.0,0.0,0.0,6300.0,19200.0,0.0,0.0,0.0,6400.0,3200.0,0.0,0.0,0.0,3840.0,3600.0,0.0,0.0,0.0,0.0,0.0,0.0,0.0,0.0,1800.0,0.0,22400.0,22400.0,0.0,0.0,0.0,0.0,0.0,0.0,6400.0,0.0,0.0,0.0,0.0,0.0,0.0,0.0,0.0,0.0,0.0,17280.0,6425.0,0.0,0.0,0.0,0.0,0.0,0.0,233165.0
바람의 전설,이원호,프로무림,6400.0,12800.0,22400.0,7040.0,6400.0,6400.0,6400.0,6400.0,3200.0,0.0,12800.0,6400.0,9600.0,0.0,0.0,3200.0,9600.0,12800.0,0.0,0.0,9600.0,6400.0,3200.0,6400.0,0.0,9600.0,0.0,0.0,0.0,3200.0,6400.0,0.0,0.0,3200.0,0.0,3200.0,3200.0,3200.0,3200.0,0.0,2240.0,0.0,0.0,0.0,0.0,0.0,0.0,6400.0,9600.0,0.0,3200.0,0.0,0.0,9600.0,2240.0,0.0,0.0,3200.0,3840.0,0.0,232960.0
체술무적 로이안,김형석,프로무림,7980.0,5110.0,0.0,1890.0,630.0,3780.0,1260.0,9590.0,3591.0,2870.0,630.0,11200.0,22400.0,10150.0,0.0,0.0,2520.0,6020.0,2520.0,6020.0,0.0,15610.0,4130.0,13370.0,2520.0,3150.0,5670.0,630.0,0.0,3150.0,13440.0,0.0,3780.0,0.0,2772.0,5110.0,1890.0,3780.0,0.0,4130.0,3150.0,1260.0,3060.0,0.0,0.0,6720.0,14700.0,0.0,7945.0,2646.0,0.0,11200.0,0.0,0.0,0.0,0.0,0.0,0.0,0.0,0.0,231974.0
패왕무정,사마달,프로무림,4009.0,10091.0,3020.0,1963.0,2793.0,7880.0,4954.0,4744.0,3436.0,4889.0,8699.0,5478.0,6475.0,9074.0,2628.0,5979.0,3268.0,824.0,1462.0,4001.0,2875.0,1314.0,3603.0,5765.0,9142.0,2510.0,6111.0,994.0,5691.0,1260.0,0.0,5030.0,14335.0,5938.0,5126.0,2064.0,1197.0,793.0,0.0,5854.0,3449.0,10043.0,1260.0,4079.0,4060.0,2064.0,3026.0,1872.0,5395.0,5157.0,630.0,1734.0,1069.0,2629.0,0.0,1260.0,1588.0,4548.0,630.0,1260.0,231022.0
불굴의 손가락,임누리,프로무림,7900.0,500.0,900.0,3700.0,0.0,800.0,11200.0,14200.0,8000.0,23900.0,300.0,4800.0,4600.0,4500.0,1900.0,11800.0,7400.0,15588.0,900.0,1800.0,1288.0,0.0,388.0,10340.0,1378.0,367.0,420.0,4694.0,4694.0,378.0,5400.0,5400.0,972.0,0.0,0.0,0.0,100.0,439.0,2.0,2231.0,7561.0,84.0,630.0,0.0,23220.0,7600.0,8800.0,600.0,425.0,0.0,318.0,0.0,4500.0,900.0,90.0,0.0,0.0,12800.0,0.0,0.0,230707.0
흑도전사,임이모,프로무림,10661.0,13496.0,13818.0,2835.0,13496.0,13440.0,8960.0,700.0,2240.0,2240.0,0.0,2240.0,4480.0,0.0,4480.0,2408.0,2240.0,0.0,3430.0,770.0,2240.0,4480.0,2660.0,6720.0,14007.0,567.0,17920.0,0.0,0.0,567.0,4480.0,0.0,6336.0,0.0,6720.0,0.0,2240.0,0.0,6720.0,2240.0,420.0,2041.0,0.0,8960.0,4480.0,0.0,0.0,0.0,0.0,0.0,0.0,0.0,4480.0,0.0,0.0,0.0,26108.0,680.0,1134.0,1927.0,230061.0
철면피,강태산,프로무림,3268.0,5596.0,13849.0,14583.0,3105.0,3990.0,996.0,8052.0,5897.0,2130.0,2730.0,2100.0,2015.0,4200.0,1496.0,302.0,4802.0,5143.0,8544.0,1890.0,4220.0,5867.0,10941.0,779.0,630.0,8190.0,9844.0,6349.0,4200.0,0.0,0.0,3359.0,2100.0,0.0,3360.0,6111.0,13601.0,2984.0,630.0,0.0,6300.0,630.0,3654.0,630.0,4200.0,2483.0,8748.0,1260.0,680.0,1314.0,1752.0,1134.0,3191.0,0.0,870.0,0.0,6300.0,1766.0,6843.0,0.0,229608.0
SSS급 핵재벌,부가티베이론,프로무림,78820.0,34230.0,64260.0,1050.0,0.0,0.0,51100.0,0.0,0.0,0.0,0.0,0.0,0.0,0.0,0.0,0.0,0.0,0.0,0.0,0.0,0.0,0.0,0.0,0.0,0.0,0.0,0.0,0.0,0.0,0.0,0.0,0.0,0.0,0.0,0.0,0.0,0.0,0.0,0.0,0.0,0.0,0.0,0.0,0.0,0.0,0.0,0.0,0.0,0.0,0.0,0.0,0.0,0.0,0.0,0.0,0.0,0.0,0.0,0.0,0.0,229460.0
사이코패스 살인마는 살고 싶다,민작가,포텐,0.0,0.0,0.0,0.0,0.0,0.0,0.0,0.0,0.0,0.0,0.0,0.0,0.0,0.0,0.0,0.0,0.0,0.0,0.0,0.0,0.0,0.0,0.0,0.0,0.0,0.0,0.0,0.0,0.0,0.0,0.0,0.0,0.0,0.0,0.0,0.0,0.0,0.0,0.0,0.0,0.0,0.0,0.0,0.0,0.0,0.0,0.0,0.0,0.0,0.0,0.0,0.0,0.0,0.0,42716.0,76083.0,0.0,83626.0,20480.0,5120.0,228025.0
악마의 경쟁회귀 시스템에 들어와 버렸다,테서스,프로무림,0.0,0.0,0.0,0.0,0.0,0.0,0.0,0.0,0.0,0.0,0.0,0.0,0.0,0.0,0.0,0.0,0.0,0.0,0.0,0.0,0.0,0.0,0.0,0.0,0.0,0.0,0.0,0.0,0.0,0.0,0.0,0.0,0.0,0.0,0.0,2016.0,0.0,8064.0,6592.0,12800.0,24640.0,0.0,7680.0,0.0,0.0,76104.0,20160.0,0.0,10080.0,18980.0,0.0,0.0,24960.0,0.0,4480.0,2240.0,2560.0,0.0,70.0,5120.0,226546.0
헌터의 신석기,빅스마일,포텐,0.0,0.0,0.0,0.0,0.0,225330.0,0.0,0.0,0.0,0.0,0.0,0.0,0.0,0.0,0.0,0.0,0.0,0.0,0.0,0.0,0.0,0.0,0.0,0.0,0.0,0.0,0.0,0.0,0.0,0.0,0.0,0.0,0.0,0.0,0.0,0.0,0.0,0.0,0.0,0.0,0.0,0.0,0.0,0.0,0.0,0.0,0.0,0.0,0.0,0.0,0.0,0.0,0.0,0.0,0.0,0.0,0.0,0.0,0.0,0.0,225330.0
제 장 결전의 날4,사마달,프로무림,1960.0,10010.0,4480.0,1890.0,630.0,23310.0,6300.0,2450.0,0.0,39970.0,9380.0,3780.0,4130.0,2030.0,3500.0,1890.0,0.0,3780.0,0.0,2520.0,1120.0,2660.0,3220.0,12040.0,0.0,4410.0,3360.0,2940.0,210.0,1890.0,6650.0,3010.0,630.0,2870.0,3150.0,0.0,0.0,1260.0,0.0,840.0,8890.0,4900.0,1680.0,2520.0,4620.0,4760.0,7140.0,1400.0,630.0,1400.0,1750.0,1960.0,4410.0,2030.0,1890.0,70.0,70.0,1890.0,630.0,0.0,224910.0
제33장 유성流 네가 이겼다2,서효원,프로무림,3200.0,900.0,4500.0,2700.0,0.0,0.0,0.0,2700.0,900.0,8200.0,3600.0,6300.0,3900.0,1600.0,4900.0,4500.0,14200.0,800.0,5400.0,0.0,5400.0,2900.0,400.0,0.0,1800.0,1800.0,5800.0,1900.0,0.0,0.0,2700.0,2900.0,2700.0,7700.0,5000.0,12600.0,11600.0,6400.0,10500.0,6300.0,3600.0,8900.0,0.0,1800.0,0.0,1800.0,900.0,4500.0,1900.0,7300.0,7700.0,3200.0,6900.0,7900.0,2900.0,900.0,0.0,1300.0,2300.0,3600.0,224100.0
제장 천외천으로2,서효원,프로무림,0.0,0.0,0.0,0.0,0.0,0.0,0.0,0.0,0.0,11900.0,69900.0,45300.0,1400.0,1100.0,0.0,0.0,4200.0,1500.0,3600.0,3600.0,0.0,1200.0,9100.0,1200.0,0.0,0.0,6100.0,1500.0,400.0,0.0,1700.0,4600.0,2000.0,6500.0,1600.0,300.0,200.0,0.0,0.0,1500.0,600.0,2600.0,1100.0,2100.0,1400.0,1100.0,3800.0,3600.0,5700.0,6600.0,3900.0,2700.0,0.0,2400.0,200.0,200.0,0.0,0.0,1200.0,0.0,219600.0
마권찰장,사마달,프로무림,10916.0,10602.0,4743.0,5899.0,6077.0,985.0,2747.0,3985.0,2130.0,4856.0,2465.0,6431.0,3655.0,2253.0,4799.0,500.0,1958.0,5095.0,2371.0,630.0,1961.0,3458.0,4624.0,2833.0,11084.0,3270.0,3608.0,5335.0,3139.0,2135.0,1400.0,5047.0,4200.0,367.0,2619.0,4296.0,3704.0,10416.0,630.0,2028.0,7854.0,6014.0,4040.0,630.0,4014.0,630.0,8265.0,1620.0,630.0,4634.0,2244.0,2625.0,630.0,1759.0,9299.0,1764.0,732.0,2961.0,0.0,0.0,219596.0
호,강태산,프로무림,3591.0,10232.0,4896.0,3251.0,7250.0,6099.0,1072.0,3658.0,5526.0,1148.0,2428.0,914.0,1457.0,2947.0,1917.0,4537.0,2579.0,263.0,5626.0,2084.0,3934.0,0.0,2567.0,2669.0,9103.0,1819.0,2635.0,3152.0,3133.0,1310.0,630.0,1537.0,5031.0,1028.0,1050.0,9615.0,19348.0,9794.0,4970.0,8190.0,1260.0,0.0,5166.0,3673.0,2391.0,978.0,2959.0,0.0,3721.0,2717.0,1544.0,5160.0,4890.0,3199.0,1701.0,6366.0,6558.0,835.0,1631.0,567.0,218306.0
수적왕,권용찬,프로무림,0.0,15680.0,0.0,22400.0,6930.0,5670.0,0.0,2205.0,8960.0,4480.0,0.0,0.0,22400.0,0.0,1890.0,1890.0,0.0,0.0,15645.0,8960.0,0.0,2240.0,0.0,6720.0,13440.0,0.0,2240.0,0.0,6720.0,0.0,0.0,0.0,0.0,11200.0,0.0,0.0,15680.0,0.0,6720.0,0.0,2520.0,630.0,0.0,0.0,0.0,5390.0,17920.0,0.0,2240.0,0.0,0.0,630.0,2240.0,2240.0,0.0,0.0,0.0,0.0,0.0,2240.0,218120.0
갤럭시the Galaxy 휴먼 탑,박재학,프로무림,4230.0,4850.0,3150.0,3951.0,4775.0,9440.0,5022.0,5895.0,1755.0,630.0,2385.0,1755.0,441.0,1260.0,1755.0,0.0,630.0,990.0,3015.0,3186.0,3510.0,6461.0,1125.0,3015.0,44534.0,12309.0,3870.0,4005.0,5498.0,2385.0,1987.0,1755.0,3645.0,1260.0,5168.0,2809.0,1617.0,2270.0,2818.0,1724.0,3346.0,3698.0,1559.0,2489.0,2621.0,3890.0,2772.0,1083.0,4996.0,4034.0,2283.0,1260.0,991.0,1094.0,2795.0,1094.0,0.0,2475.0,2819.0,1724.0,217903.0
소마전기,강태산,프로무림,3049.0,4032.0,10008.0,5143.0,1404.0,1567.0,7612.0,10813.0,2598.0,9030.0,0.0,2701.0,378.0,0.0,3408.0,1449.0,3370.0,1054.0,9690.0,4066.0,560.0,2453.0,1108.0,630.0,6300.0,5384.0,3546.0,2528.0,4221.0,6427.0,4046.0,952.0,1592.0,6160.0,4410.0,5670.0,3340.0,10140.0,2730.0,0.0,4392.0,8071.0,4410.0,1890.0,2798.0,8122.0,3931.0,3150.0,0.0,866.0,6322.0,630.0,2870.0,1050.0,2705.0,3290.0,1260.0,1890.0,3990.0,2100.0,217306.0
영세일무존,내가위,프로무림,2769.0,6859.0,4337.0,7950.0,3092.0,3250.0,5147.0,2806.0,919.0,2561.0,1585.0,1956.0,1656.0,5842.0,3961.0,3595.0,6863.0,3867.0,1683.0,4725.0,6065.0,3513.0,4950.0,2930.0,15043.0,5002.0,8740.0,5855.0,1792.0,3780.0,3645.0,11205.0,1524.0,4285.0,1431.0,4069.0,951.0,1890.0,2520.0,2220.0,6853.0,5863.0,1519.0,1710.0,1890.0,650.0,3448.0,3850.0,1666.0,3871.0,2030.0,4584.0,0.0,2870.0,4060.0,630.0,1092.0,906.0,630.0,1910.0,216865.0
32 중원의 혼2,서효원,프로무림,8100.0,7800.0,0.0,2700.0,4500.0,900.0,1800.0,0.0,0.0,2700.0,1000.0,5000.0,3600.0,3600.0,0.0,2700.0,900.0,6500.0,1700.0,9800.0,3000.0,4500.0,11700.0,1800.0,4400.0,0.0,9200.0,0.0,2700.0,4500.0,0.0,4200.0,900.0,1800.0,6500.0,1400.0,9000.0,0.0,5400.0,7200.0,7800.0,0.0,4800.0,4600.0,1800.0,0.0,900.0,5400.0,0.0,0.0,6300.0,1800.0,4500.0,3600.0,0.0,4100.0,24400.0,2700.0,0.0,1800.0,216000.0
수라마군,설봉,프로무림,4100.0,9600.0,19200.0,9600.0,9600.0,0.0,6400.0,2700.0,6400.0,6400.0,700.0,9600.0,0.0,3200.0,0.0,0.0,1600.0,0.0,600.0,12800.0,3200.0,0.0,0.0,0.0,7400.0,7300.0,300.0,0.0,22400.0,0.0,0.0,9600.0,3200.0,0.0,7000.0,0.0,0.0,0.0,3200.0,9600.0,9600.0,3200.0,0.0,0.0,3200.0,9600.0,0.0,0.0,3200.0,3200.0,0.0,3200.0,0.0,0.0,0.0,0.0,0.0,4901.0,0.0,0.0,215801.0
야수곡,검궁인,프로무림,2566.0,6297.0,1534.0,6320.0,8529.0,5685.0,3833.0,1644.0,2593.0,3717.0,7829.0,8169.0,2969.0,2265.0,1578.0,8786.0,2945.0,1804.0,2520.0,1668.0,2457.0,1682.0,1525.0,2039.0,6160.0,1386.0,0.0,8694.0,4188.0,630.0,17965.0,2378.0,5350.0,1556.0,722.0,367.0,1755.0,1113.0,5529.0,0.0,1688.0,8266.0,2508.0,1377.0,1260.0,198.0,630.0,5407.0,1838.0,3087.0,5060.0,1834.0,2591.0,680.0,6168.0,17244.0,3780.0,2185.0,0.0,630.0,215178.0
이제 검을 묻으리,서효원,프로무림,0.0,5500.0,2700.0,0.0,1800.0,0.0,0.0,3600.0,1800.0,0.0,0.0,1800.0,2700.0,0.0,10600.0,1800.0,9400.0,1800.0,0.0,5400.0,0.0,0.0,7200.0,5700.0,17500.0,1800.0,8100.0,1800.0,3600.0,2700.0,900.0,5600.0,6300.0,2700.0,4000.0,8700.0,9100.0,19800.0,4500.0,1800.0,6300.0,2700.0,900.0,2700.0,2700.0,1600.0,4900.0,11400.0,0.0,4800.0,2700.0,6900.0,3100.0,0.0,0.0,3400.0,0.0,0.0,0.0,0.0,214800.0
초인전쟁,진현,프로무림,0.0,0.0,11368.0,29217.0,11700.0,0.0,0.0,8073.0,900.0,3500.0,1652.0,0.0,0.0,7012.0,886.0,3716.0,0.0,0.0,0.0,4206.0,360.0,1332.0,2507.0,900.0,6793.0,7485.0,1297.0,219.0,2054.0,2700.0,846.0,12365.0,0.0,1260.0,7833.0,15001.0,3173.0,9259.0,10160.0,9000.0,4908.0,4050.0,212.0,1928.0,3761.0,3252.0,3727.0,630.0,0.0,600.0,0.0,6937.0,4876.0,0.0,900.0,0.0,1800.0,0.0,0.0,0.0,214355.0
철인검왕,강태산,프로무림,3810.0,3524.0,5665.0,5271.0,1764.0,6557.0,2750.0,10428.0,13211.0,4008.0,1260.0,3777.0,1204.0,2124.0,2819.0,1809.0,8035.0,1960.0,630.0,2520.0,2667.0,3528.0,3780.0,1459.0,5697.0,2360.0,2883.0,712.0,3384.0,1260.0,4620.0,2797.0,4139.0,1890.0,2520.0,5898.0,584.0,7524.0,4105.0,6300.0,7431.0,6447.0,1067.0,539.0,7412.0,3312.0,5120.0,4851.0,2457.0,1826.0,4805.0,630.0,1462.0,1260.0,630.0,170.0,6589.0,4557.0,2030.0,507.0,214335.0
북두천왕3,강태산,프로무림,2850.0,3080.0,2450.0,3500.0,11340.0,5460.0,2520.0,1890.0,1890.0,3150.0,5075.0,8400.0,3150.0,3150.0,3710.0,3780.0,1890.0,6580.0,4410.0,1890.0,1260.0,1890.0,4410.0,6160.0,7420.0,4410.0,3570.0,3920.0,1890.0,2800.0,2880.0,6090.0,5760.0,3850.0,6300.0,5670.0,6930.0,2030.0,1071.0,560.0,3780.0,3150.0,4550.0,0.0,6930.0,3570.0,700.0,6790.0,5670.0,1260.0,1890.0,1890.0,2380.0,630.0,4970.0,1260.0,630.0,1890.0,1701.0,1260.0,213937.0
레전더Legend Maker,윤신현,포텐,0.0,0.0,0.0,0.0,0.0,0.0,0.0,0.0,0.0,0.0,0.0,0.0,0.0,0.0,0.0,0.0,0.0,0.0,0.0,0.0,0.0,0.0,0.0,0.0,0.0,0.0,0.0,0.0,0.0,0.0,0.0,0.0,0.0,0.0,0.0,0.0,0.0,0.0,0.0,0.0,0.0,0.0,0.0,0.0,0.0,0.0,0.0,0.0,0.0,10241.0,30057.0,36169.0,52455.0,23940.0,15620.0,10215.0,23040.0,75.0,7546.0,3481.0,212839.0
판타지섹스타,손글씨,올나이트노벨,0.0,0.0,0.0,0.0,0.0,0.0,0.0,0.0,0.0,0.0,0.0,0.0,0.0,0.0,0.0,0.0,0.0,0.0,0.0,0.0,0.0,0.0,0.0,0.0,0.0,0.0,0.0,15120.0,39200.0,21560.0,6580.0,140.0,0.0,17591.0,20714.0,2961.0,1260.0,8946.0,0.0,8946.0,0.0,0.0,1323.0,1071.0,8946.0,0.0,0.0,0.0,126.0,0.0,0.0,0.0,63.0,0.0,0.0,826.0,23226.0,4067.0,17857.0,7953.0,208476.0
나 혼자만 올마스터,성덕聲悳,포텐,210.0,0.0,9730.0,5530.0,9730.0,-2730.0,-1610.0,840.0,2170.0,16700.0,3830.0,13510.0,23240.0,7462.0,-3360.0,13650.0,210.0,2438.0,6597.0,2503.0,15183.0,11256.0,3192.0,10890.0,478.0,0.0,0.0,4520.0,-2590.0,252.0,126.0,4900.0,2191.0,756.0,0.0,9438.0,9316.0,2873.0,2331.0,1.0,189.0,1658.0,0.0,17838.0,340.0,0.0,0.0,63.0,886.0,0.0,0.0,58.0,0.0,0.0,75.0,0.0,78.0,0.0,0.0,0.0,206948.0
혈야,강태산,프로무림,1625.0,5947.0,2548.0,1329.0,8709.0,12901.0,3220.0,3231.0,2439.0,2410.0,0.0,3710.0,3780.0,6528.0,987.0,5004.0,3150.0,317.0,7458.0,630.0,6829.0,1260.0,3024.0,900.0,0.0,8090.0,3780.0,3150.0,488.0,0.0,630.0,11217.0,6111.0,7647.0,2268.0,4536.0,6804.0,0.0,2203.0,8951.0,1260.0,2520.0,5308.0,0.0,0.0,0.0,1711.0,2331.0,2961.0,2044.0,6774.0,3874.0,1005.0,6867.0,630.0,3402.0,0.0,3937.0,0.0,8427.0,206862.0
부동,소봉,프로무림,9900.0,24300.0,1800.0,7200.0,7300.0,7200.0,900.0,8300.0,19032.0,9800.0,27400.0,0.0,0.0,7200.0,2700.0,5400.0,0.0,0.0,0.0,0.0,0.0,0.0,0.0,0.0,0.0,900.0,7200.0,0.0,0.0,0.0,0.0,0.0,1080.0,0.0,0.0,900.0,2790.0,0.0,2700.0,0.0,3600.0,2800.0,4500.0,0.0,34700.0,0.0,0.0,0.0,0.0,0.0,0.0,0.0,0.0,0.0,0.0,0.0,0.0,7200.0,0.0,0.0,206802.0
대부,사마달,프로무림,5804.0,5500.0,1629.0,1828.0,6007.0,3762.0,6013.0,2061.0,4554.0,4331.0,1942.0,2673.0,2830.0,3842.0,3260.0,662.0,1060.0,1557.0,7397.0,4864.0,2246.0,7160.0,2907.0,2047.0,630.0,393.0,1260.0,4707.0,7010.0,2341.0,1071.0,3150.0,9585.0,680.0,2386.0,3505.0,4602.0,6224.0,2165.0,20092.0,1506.0,9472.0,1048.0,0.0,841.0,2961.0,2436.0,5034.0,3011.0,2756.0,4883.0,680.0,680.0,188.0,356.0,630.0,970.0,3780.0,4902.0,4469.0,206340.0
바람의 아스란,초몽,프로무림,3150.0,4410.0,19802.0,10710.0,1260.0,0.0,630.0,5670.0,516.0,5670.0,630.0,1890.0,1260.0,1890.0,3150.0,3996.0,2520.0,2520.0,0.0,10710.0,1340.0,2520.0,0.0,3150.0,5530.0,2520.0,2520.0,0.0,4813.0,6930.0,3150.0,0.0,2520.0,7350.0,6111.0,3150.0,2520.0,3803.0,0.0,0.0,4447.0,11690.0,3150.0,3780.0,1260.0,0.0,0.0,6300.0,3780.0,3780.0,1260.0,5530.0,3150.0,5040.0,3780.0,0.0,630.0,9800.0,630.0,0.0,206318.0
광풍겁,검궁인,프로무림,6183.0,3869.0,6657.0,2552.0,6954.0,5556.0,5753.0,3169.0,9172.0,2195.0,4845.0,2236.0,2608.0,3122.0,3342.0,1491.0,4410.0,298.0,5510.0,2170.0,1544.0,1329.0,2380.0,3150.0,4018.0,8128.0,4198.0,4329.0,3643.0,1910.0,3654.0,4047.0,2457.0,2042.0,1126.0,4141.0,1890.0,569.0,4221.0,441.0,2975.0,5737.0,1542.0,3150.0,567.0,6607.0,7139.0,4189.0,3830.0,3351.0,7008.0,810.0,2918.0,1197.0,4394.0,1141.0,955.0,3839.0,2284.0,1260.0,206202.0
검공비사,김영목,프로무림,9450.0,5670.0,810.0,2520.0,4410.0,2331.0,12460.0,1260.0,0.0,2520.0,3780.0,0.0,1890.0,1260.0,4410.0,0.0,4039.0,0.0,0.0,8190.0,6300.0,3553.0,1890.0,2520.0,11970.0,3150.0,0.0,3238.0,8820.0,6300.0,0.0,2520.0,3150.0,630.0,6300.0,630.0,9450.0,10080.0,630.0,3150.0,4410.0,630.0,5670.0,0.0,9170.0,5576.0,1260.0,3780.0,0.0,1260.0,0.0,1260.0,5040.0,0.0,3150.0,1260.0,5670.0,0.0,8190.0,0.0,205607.0
월영마,강태산,프로무림,4666.0,8587.0,1730.0,8072.0,401.0,951.0,311.0,1269.0,6593.0,1890.0,6300.0,2531.0,7434.0,2456.0,2100.0,5171.0,7501.0,7529.0,6930.0,2804.0,303.0,7098.0,6237.0,6300.0,10101.0,8859.0,4620.0,6860.0,4931.0,3360.0,5898.0,7445.0,2480.0,2100.0,0.0,8337.0,2100.0,1890.0,0.0,630.0,257.0,1018.0,0.0,4830.0,0.0,1890.0,3931.0,70.0,630.0,820.0,2540.0,1297.0,1159.0,630.0,2961.0,4032.0,0.0,307.0,3063.0,650.0,204860.0
제 장 영웅은 돌아오지 않았다,서효원,프로무림,2000.0,5400.0,0.0,12300.0,1800.0,0.0,0.0,2700.0,0.0,0.0,3600.0,800.0,2700.0,0.0,1100.0,900.0,4900.0,2700.0,0.0,0.0,4600.0,4200.0,4500.0,3100.0,4400.0,0.0,0.0,0.0,0.0,0.0,4500.0,3600.0,11700.0,7200.0,2700.0,13600.0,5400.0,900.0,1800.0,14100.0,2700.0,2700.0,1300.0,13300.0,0.0,0.0,8100.0,4500.0,5500.0,7200.0,14300.0,800.0,8100.0,2700.0,0.0,2700.0,3600.0,0.0,0.0,0.0,204700.0
초우 도서전,초우,프로무림,0.0,0.0,68040.0,0.0,0.0,0.0,0.0,0.0,0.0,0.0,0.0,0.0,0.0,0.0,0.0,0.0,0.0,0.0,0.0,0.0,0.0,0.0,68040.0,0.0,68040.0,0.0,0.0,0.0,0.0,0.0,0.0,0.0,0.0,0.0,0.0,0.0,0.0,0.0,0.0,0.0,0.0,0.0,0.0,0.0,0.0,0.0,0.0,0.0,0.0,0.0,0.0,0.0,0.0,0.0,0.0,0.0,0.0,0.0,0.0,0.0,204120.0
제29장 천하대은인2,서효원,프로무림,4500.0,200.0,0.0,0.0,7200.0,0.0,0.0,5400.0,0.0,2700.0,3600.0,2700.0,3600.0,2700.0,5700.0,7100.0,6800.0,2700.0,900.0,0.0,1000.0,10800.0,900.0,0.0,15000.0,3100.0,2700.0,1800.0,0.0,4000.0,2700.0,400.0,5000.0,4000.0,3300.0,900.0,6300.0,1800.0,8100.0,6300.0,9600.0,2600.0,1300.0,2200.0,3100.0,5400.0,900.0,5400.0,2400.0,2700.0,4100.0,3200.0,1900.0,7200.0,0.0,1800.0,2700.0,0.0,5800.0,7400.0,203600.0
재벌생활기록부,백범,포텐,0.0,0.0,0.0,0.0,0.0,0.0,0.0,0.0,0.0,0.0,0.0,0.0,0.0,0.0,0.0,0.0,0.0,0.0,0.0,0.0,0.0,0.0,0.0,0.0,0.0,0.0,0.0,0.0,0.0,0.0,0.0,0.0,0.0,0.0,0.0,0.0,0.0,145005.0,0.0,0.0,0.0,0.0,0.0,0.0,0.0,0.0,0.0,0.0,58267.0,0.0,0.0,0.0,0.0,0.0,0.0,0.0,0.0,0.0,0.0,0.0,203272.0
단권 레전더Legend Maker,윤신현,포텐,0.0,0.0,0.0,0.0,0.0,0.0,0.0,0.0,0.0,0.0,0.0,0.0,0.0,0.0,0.0,0.0,0.0,0.0,0.0,0.0,0.0,0.0,0.0,0.0,0.0,0.0,0.0,0.0,0.0,0.0,0.0,0.0,0.0,0.0,0.0,0.0,0.0,0.0,0.0,0.0,0.0,0.0,0.0,0.0,0.0,0.0,0.0,0.0,0.0,0.0,0.0,0.0,0.0,0.0,16380.0,17640.0,58098.0,91684.0,12056.0,6617.0,202475.0
봉마전설 아레스,김하준,프로무림,1649.0,10027.0,10561.0,6504.0,5934.0,1260.0,7207.0,1858.0,2583.0,868.0,3780.0,887.0,8603.0,444.0,3969.0,1143.0,983.0,17010.0,1405.0,5336.0,3364.0,3402.0,3402.0,4042.0,2037.0,1701.0,23755.0,5672.0,894.0,0.0,6698.0,1662.0,0.0,4196.0,1997.0,5085.0,2100.0,4032.0,0.0,2172.0,0.0,0.0,1134.0,4032.0,1457.0,0.0,0.0,0.0,3506.0,2126.0,1260.0,0.0,0.0,0.0,0.0,2520.0,2590.0,1803.0,681.0,12320.0,201651.0
흑랑전기,사마달,프로무림,1729.0,6630.0,1662.0,0.0,767.0,10165.0,10710.0,2641.0,8820.0,5443.0,6912.0,2331.0,1368.0,1761.0,3780.0,2214.0,5460.0,2310.0,4875.0,2910.0,1890.0,3780.0,319.0,630.0,1890.0,3150.0,1890.0,630.0,630.0,0.0,5481.0,2849.0,11886.0,1001.0,2331.0,1981.0,2520.0,5187.0,700.0,4158.0,9828.0,4410.0,5468.0,2023.0,8141.0,8631.0,0.0,0.0,3150.0,2520.0,1778.0,630.0,5040.0,3150.0,1890.0,1764.0,1953.0,1701.0,3402.0,630.0,201500.0
비가행 연심표,별도,프로무림,0.0,5670.0,3150.0,1890.0,2135.0,3150.0,3150.0,1260.0,6930.0,4410.0,3150.0,5796.0,10575.0,5670.0,5625.0,927.0,2520.0,9727.0,710.0,7585.0,1260.0,10979.0,0.0,6073.0,9377.0,2721.0,8215.0,4410.0,630.0,9649.0,926.0,12993.0,2520.0,4700.0,630.0,3860.0,3960.0,6937.0,1890.0,1260.0,7131.0,441.0,1890.0,3150.0,7220.0,630.0,3132.0,0.0,0.0,612.0,0.0,0.0,0.0,0.0,0.0,0.0,0.0,0.0,0.0,0.0,201226.0
태산북두,강태산,프로무림,5810.0,17656.0,495.0,4158.0,8473.0,4003.0,6182.0,6660.0,2913.0,630.0,3843.0,7970.0,689.0,3422.0,6492.0,3412.0,1642.0,352.0,2518.0,2552.0,8731.0,1701.0,6565.0,2520.0,4106.0,3249.0,3331.0,2100.0,985.0,1260.0,2130.0,3279.0,1260.0,219.0,1323.0,7497.0,1890.0,0.0,5213.0,630.0,2898.0,7119.0,3339.0,2601.0,7077.0,3865.0,1940.0,1260.0,325.0,489.0,1253.0,0.0,4460.0,2667.0,1223.0,2520.0,0.0,0.0,3187.0,6720.0,200804.0
무관의 제왕4,서효원,프로무림,1800.0,4200.0,2700.0,4800.0,3600.0,2700.0,0.0,2700.0,0.0,5900.0,100.0,5400.0,0.0,5400.0,4000.0,8000.0,1700.0,2700.0,2700.0,1700.0,3800.0,9900.0,1800.0,2700.0,5400.0,2700.0,9000.0,0.0,2700.0,0.0,800.0,7000.0,200.0,5400.0,2500.0,2700.0,8100.0,3600.0,16200.0,4500.0,4000.0,0.0,900.0,0.0,9800.0,2700.0,0.0,6200.0,9000.0,0.0,7200.0,100.0,1800.0,0.0,1700.0,0.0,4500.0,1800.0,0.0,300.0,199100.0
쟈이칸,김하준,프로무림,3218.0,6608.0,5880.0,4055.0,6705.0,1900.0,8413.0,6939.0,2864.0,0.0,0.0,630.0,2186.0,0.0,0.0,324.0,5471.0,3150.0,3150.0,5868.0,0.0,0.0,12950.0,2570.0,8272.0,1340.0,4647.0,8865.0,1990.0,1649.0,3707.0,630.0,13280.0,1048.0,4410.0,0.0,4693.0,1360.0,2041.0,4776.0,2520.0,630.0,4773.0,2646.0,0.0,12915.0,2807.0,0.0,761.0,0.0,0.0,0.0,2395.0,9607.0,0.0,0.0,7558.0,2758.0,1361.0,1890.0,198210.0
뇌정혈雷雷1,강태산,프로무림,5357.0,7560.0,8823.0,3236.0,4898.0,1260.0,2941.0,13221.0,9380.0,2239.0,6424.0,2594.0,2049.0,1260.0,3507.0,6979.0,1597.0,3868.0,4816.0,0.0,2307.0,3780.0,5204.0,3570.0,2475.0,4340.0,2065.0,1260.0,1260.0,1596.0,1890.0,2991.0,2170.0,630.0,1890.0,272.0,1260.0,3885.0,630.0,3150.0,0.0,0.0,2331.0,630.0,1260.0,1385.0,5379.0,2986.0,1890.0,6078.0,3126.0,630.0,7064.0,890.0,6041.0,10730.0,2170.0,1260.0,4914.0,0.0,197398.0
칠뢰진천,강태산,프로무림,13490.0,267.0,1574.0,1904.0,4978.0,4849.0,0.0,10590.0,243.0,6300.0,250.0,630.0,0.0,10524.0,2227.0,1448.0,243.0,3720.0,2100.0,0.0,2444.0,0.0,4137.0,6581.0,10290.0,25200.0,1260.0,1493.0,2379.0,0.0,2300.0,1827.0,0.0,0.0,1890.0,1701.0,7560.0,8190.0,0.0,3150.0,1590.0,0.0,10584.0,0.0,617.0,2260.0,3301.0,0.0,0.0,2682.0,0.0,1769.0,2338.0,2390.0,2037.0,1319.0,0.0,3766.0,9730.0,6831.0,196953.0
검호,홍파,프로무림,7038.0,14360.0,3621.0,2599.0,2789.0,1513.0,1897.0,1881.0,3089.0,6877.0,1378.0,1125.0,4859.0,0.0,560.0,2862.0,1485.0,4200.0,3107.0,3558.0,1355.0,0.0,3857.0,7224.0,7101.0,5048.0,861.0,6883.0,3832.0,0.0,2800.0,12759.0,3915.0,680.0,420.0,630.0,2230.0,3367.0,0.0,3780.0,12741.0,1641.0,6090.0,0.0,2671.0,630.0,0.0,0.0,2632.0,0.0,1890.0,2329.0,1524.0,5880.0,8561.0,2023.0,4087.0,5901.0,2520.0,0.0,196660.0
신기무제,홍파,프로무림,1365.0,5578.0,4860.0,3826.0,15889.0,8126.0,1291.0,5051.0,5428.0,2339.0,333.0,3791.0,1386.0,861.0,1196.0,1991.0,980.0,2072.0,4982.0,1814.0,4005.0,1502.0,0.0,1730.0,7676.0,630.0,1749.0,5044.0,4577.0,5341.0,3390.0,6343.0,2631.0,4410.0,3780.0,2856.0,2841.0,0.0,2610.0,7188.0,5211.0,2845.0,3290.0,1465.0,1230.0,4525.0,4200.0,0.0,1971.0,4428.0,3710.0,420.0,630.0,2520.0,4104.0,1297.0,0.0,5343.0,6090.0,1687.0,196428.0
적색마,백우영,프로무림,8769.0,4995.0,3330.0,1890.0,2520.0,2067.0,3780.0,2520.0,3322.0,3780.0,630.0,3735.0,1890.0,5715.0,7560.0,2520.0,9450.0,3780.0,2520.0,4410.0,6525.0,1125.0,11094.0,2670.0,22982.0,2450.0,3150.0,3303.0,3150.0,2520.0,2520.0,8820.0,1260.0,1125.0,1260.0,4340.0,1890.0,464.0,2520.0,4410.0,4410.0,1890.0,1890.0,2520.0,2520.0,2520.0,2520.0,1260.0,1890.0,630.0,896.0,1260.0,1890.0,630.0,0.0,630.0,630.0,0.0,1260.0,0.0,196007.0
요절복통,강태산,프로무림,8148.0,4887.0,0.0,1572.0,895.0,340.0,861.0,1724.0,608.0,6186.0,3069.0,0.0,643.0,1890.0,560.0,2214.0,6998.0,0.0,6633.0,344.0,16522.0,3032.0,9516.0,1572.0,11781.0,9733.0,1890.0,1977.0,10265.0,2338.0,3667.0,2150.0,8001.0,0.0,0.0,225.0,3528.0,11222.0,1890.0,966.0,3780.0,0.0,2668.0,630.0,7434.0,1100.0,3762.0,1890.0,0.0,878.0,3336.0,963.0,1008.0,1890.0,769.0,1764.0,0.0,7969.0,630.0,7560.0,195878.0
용영검왕,사마달,프로무림,2100.0,1120.0,1820.0,700.0,4410.0,1400.0,3710.0,910.0,3150.0,6160.0,4900.0,4060.0,9590.0,8680.0,840.0,11200.0,1330.0,5600.0,980.0,22540.0,1890.0,1610.0,9030.0,700.0,5670.0,420.0,1540.0,2590.0,6090.0,3290.0,3360.0,4410.0,630.0,3780.0,2450.0,0.0,910.0,3570.0,3080.0,1750.0,2030.0,70.0,2030.0,140.0,910.0,7560.0,6357.0,4106.0,3884.0,980.0,4760.0,1190.0,483.0,2870.0,1260.0,0.0,140.0,70.0,70.0,4734.0,195614.0
갤럭시the Galaxy 산업혁명,박재학,프로무림,4860.0,4850.0,2655.0,2826.0,1890.0,3500.0,5022.0,4635.0,1755.0,630.0,3015.0,1755.0,441.0,1260.0,1755.0,0.0,630.0,990.0,2385.0,3186.0,2880.0,8701.0,1125.0,2385.0,39748.0,9194.0,4005.0,3015.0,4869.0,3510.0,1494.0,1755.0,2520.0,1715.0,5168.0,1666.0,1621.0,2606.0,1470.0,1094.0,2716.0,4895.0,1559.0,2654.0,3646.0,3260.0,2331.0,1083.0,4807.0,4037.0,2283.0,1260.0,991.0,1094.0,2331.0,1559.0,0.0,1422.0,2354.0,1724.0,194587.0
제36장 천애폭풍의 종장,서효원,프로무림,2400.0,0.0,3600.0,2700.0,3600.0,5400.0,0.0,3600.0,0.0,3000.0,11600.0,0.0,0.0,0.0,200.0,1700.0,0.0,5400.0,7200.0,4800.0,8000.0,3600.0,7600.0,3900.0,3300.0,3400.0,900.0,0.0,3600.0,900.0,0.0,0.0,2700.0,100.0,8700.0,7200.0,18000.0,4500.0,900.0,12800.0,2700.0,0.0,1500.0,2700.0,900.0,0.0,900.0,5900.0,14400.0,0.0,6700.0,900.0,2400.0,0.0,0.0,900.0,7200.0,1800.0,0.0,0.0,194200.0
광,강태산,프로무림,6290.0,2396.0,0.0,9054.0,16730.0,0.0,5107.0,6318.0,1197.0,3591.0,12600.0,140.0,255.0,5375.0,4767.0,7002.0,5159.0,10360.0,2637.0,8190.0,1801.0,1434.0,2372.0,3807.0,2564.0,1960.0,8198.0,6804.0,2388.0,1600.0,2025.0,759.0,8631.0,630.0,1715.0,2835.0,567.0,919.0,3780.0,6300.0,1260.0,576.0,902.0,0.0,1890.0,306.0,0.0,1002.0,2392.0,1082.0,4768.0,743.0,1208.0,553.0,1701.0,0.0,0.0,2771.0,795.0,2730.0,192936.0
반역,이원호,프로무림,11600.0,0.0,0.0,0.0,0.0,0.0,0.0,0.0,0.0,0.0,0.0,0.0,0.0,0.0,0.0,0.0,0.0,0.0,108.0,6708.0,100.0,1513.0,0.0,11124.0,100.0,100.0,4929.0,7500.0,11100.0,10144.0,0.0,1000.0,7600.0,3708.0,0.0,0.0,6300.0,6024.0,108.0,0.0,0.0,0.0,0.0,6800.0,108.0,0.0,15444.0,13863.0,18595.0,2376.0,1513.0,7560.0,7452.0,26516.0,0.0,0.0,1621.0,0.0,0.0,1100.0,192714.0
백병쟁투,백범(白帆),포텐,0.0,0.0,0.0,0.0,0.0,64300.0,0.0,12430.0,2970.0,2145.0,495.0,1628.0,11495.0,18315.0,12485.0,20790.0,4345.0,17179.0,26045.0,-1978.0,0.0,0.0,0.0,-582.0,0.0,0.0,0.0,0.0,0.0,0.0,0.0,0.0,0.0,0.0,0.0,0.0,0.0,291.0,0.0,0.0,0.0,0.0,0.0,0.0,-67.0,0.0,0.0,0.0,0.0,0.0,0.0,0.0,0.0,0.0,0.0,0.0,0.0,0.0,0.0,0.0,192286.0
도왕,강태산,프로무림,10227.0,2713.0,1641.0,7737.0,3287.0,1071.0,3168.0,12360.0,4228.0,140.0,0.0,4925.0,4551.0,6300.0,1617.0,7597.0,5073.0,2037.0,5350.0,0.0,3444.0,2913.0,789.0,5348.0,7029.0,1890.0,7032.0,0.0,1128.0,1094.0,2819.0,759.0,0.0,0.0,0.0,11423.0,1160.0,630.0,10255.0,8631.0,2520.0,4486.0,2063.0,1701.0,2659.0,1820.0,5621.0,0.0,1047.0,570.0,3136.0,5957.0,4350.0,1701.0,192.0,0.0,0.0,1890.0,0.0,2106.0,192185.0
대항해,사마달,프로무림,5850.0,5943.0,9453.0,3207.0,1190.0,861.0,1588.0,2469.0,4994.0,1559.0,2333.0,10643.0,16595.0,645.0,2753.0,4700.0,309.0,1026.0,2547.0,624.0,7560.0,2019.0,3973.0,567.0,1468.0,2520.0,917.0,2612.0,165.0,0.0,7527.0,1019.0,4830.0,567.0,0.0,4350.0,2759.0,1075.0,0.0,2152.0,4249.0,7346.0,1949.0,3430.0,2482.0,2870.0,1134.0,6334.0,1420.0,4203.0,648.0,1593.0,2611.0,1548.0,3130.0,5593.0,1643.0,7207.0,4548.0,1093.0,190400.0
마창2,류운,프로무림,7760.0,16670.0,3870.0,1260.0,8190.0,441.0,2961.0,3150.0,3150.0,3150.0,630.0,4851.0,8820.0,2520.0,1890.0,6794.0,4900.0,1890.0,1890.0,3710.0,1260.0,3521.0,16940.0,16947.0,0.0,1260.0,10710.0,4970.0,630.0,5670.0,8050.0,1260.0,0.0,1071.0,4418.0,630.0,630.0,630.0,630.0,3087.0,2381.0,1272.0,0.0,0.0,3885.0,3255.0,3906.0,630.0,1310.0,0.0,0.0,0.0,630.0,0.0,1260.0,630.0,0.0,0.0,0.0,0.0,189970.0
시간의 마에스트로,류화수,포텐,0.0,0.0,0.0,0.0,0.0,0.0,0.0,0.0,0.0,0.0,0.0,0.0,0.0,0.0,0.0,0.0,0.0,0.0,0.0,0.0,0.0,0.0,0.0,0.0,0.0,0.0,0.0,0.0,0.0,0.0,0.0,0.0,0.0,0.0,0.0,0.0,0.0,0.0,0.0,0.0,0.0,0.0,0.0,0.0,0.0,0.0,0.0,0.0,0.0,63168.0,17920.0,95272.0,8736.0,0.0,0.0,0.0,2240.0,0.0,2073.0,0.0,189409.0
아카식 마스터,무영,프로무림,12927.0,8884.0,6924.0,5379.0,3929.0,1583.0,12633.0,1418.0,0.0,547.0,5877.0,5063.0,5033.0,739.0,519.0,463.0,8662.0,3285.0,243.0,8004.0,2473.0,861.0,11817.0,5503.0,1561.0,10520.0,6091.0,0.0,2125.0,1800.0,3863.0,2348.0,5555.0,0.0,0.0,4500.0,3150.0,8284.0,4050.0,0.0,0.0,3500.0,900.0,900.0,9766.0,0.0,0.0,0.0,0.0,0.0,0.0,0.0,3600.0,0.0,0.0,2700.0,0.0,756.0,0.0,0.0,188735.0
루한,사마달,프로무림,4807.0,2579.0,438.0,6300.0,4832.0,2473.0,7149.0,5423.0,5009.0,4267.0,339.0,6524.0,1472.0,4556.0,7560.0,7360.0,1484.0,1260.0,3109.0,2970.0,5418.0,1258.0,2757.0,4867.0,7629.0,2162.0,2696.0,630.0,332.0,0.0,3258.0,8314.0,0.0,2406.0,1081.0,2613.0,290.0,5468.0,2368.0,0.0,3928.0,1006.0,2961.0,680.0,1649.0,3591.0,5232.0,3830.0,2548.0,3041.0,5832.0,1551.0,630.0,2109.0,3780.0,4410.0,0.0,2381.0,1319.0,3932.0,187868.0
현자귀환,알렌,포텐,0.0,0.0,0.0,0.0,0.0,0.0,0.0,0.0,0.0,0.0,0.0,0.0,0.0,0.0,0.0,0.0,0.0,0.0,0.0,0.0,0.0,0.0,0.0,0.0,0.0,0.0,0.0,0.0,0.0,0.0,0.0,0.0,0.0,0.0,0.0,0.0,0.0,0.0,0.0,0.0,0.0,0.0,0.0,0.0,0.0,0.0,0.0,0.0,0.0,0.0,8960.0,121898.0,40991.0,2240.0,0.0,0.0,0.0,0.0,13440.0,0.0,187529.0
시간여행자는 재벌 황제가 된다,관측불가,포텐,0.0,0.0,0.0,0.0,0.0,0.0,0.0,0.0,0.0,0.0,0.0,0.0,0.0,0.0,0.0,0.0,0.0,0.0,0.0,0.0,0.0,0.0,0.0,0.0,0.0,0.0,0.0,0.0,0.0,0.0,0.0,0.0,0.0,0.0,0.0,0.0,0.0,0.0,0.0,0.0,0.0,0.0,0.0,0.0,0.0,0.0,0.0,0.0,0.0,0.0,0.0,0.0,0.0,0.0,0.0,0.0,0.0,0.0,48039.0,139116.0,187155.0
도제 유가량,단운(丹雲),프로무림,4023.0,385.0,4954.0,1620.0,15508.0,3526.0,7056.0,4345.0,5850.0,5922.0,3437.0,8753.0,2394.0,1260.0,3024.0,3092.0,1122.0,630.0,2878.0,4071.0,6020.0,676.0,1260.0,0.0,3495.0,3087.0,1890.0,630.0,0.0,1260.0,0.0,3024.0,0.0,680.0,0.0,1890.0,2520.0,4245.0,3150.0,6879.0,3820.0,6206.0,1890.0,2268.0,3209.0,630.0,2268.0,3021.0,4611.0,0.0,1149.0,630.0,2394.0,1701.0,0.0,560.0,0.0,4226.0,14190.0,8568.0,185897.0
플라스틱 먹고 살면 생활비 0원,테서스,프로무림,0.0,0.0,0.0,0.0,0.0,0.0,0.0,0.0,0.0,0.0,0.0,0.0,0.0,0.0,0.0,0.0,0.0,0.0,0.0,0.0,0.0,0.0,0.0,0.0,0.0,6020.0,1386.0,140.0,0.0,280.0,70.0,0.0,0.0,280.0,0.0,70.0,0.0,56070.0,3960.0,70.0,350.0,0.0,10240.0,0.0,0.0,2240.0,0.0,2380.0,100000.0,0.0,60.0,0.0,0.0,0.0,0.0,0.0,0.0,0.0,0.0,0.0,183616.0
최후의 강자,강태산,프로무림,3150.0,2520.0,9450.0,1890.0,1890.0,1260.0,630.0,3780.0,3780.0,1890.0,4410.0,0.0,1260.0,1890.0,6930.0,4410.0,0.0,0.0,5040.0,6930.0,3780.0,4200.0,5670.0,1260.0,0.0,3150.0,6930.0,3150.0,6300.0,4410.0,5670.0,1260.0,6300.0,3780.0,10710.0,5670.0,7560.0,1890.0,1260.0,4410.0,4410.0,4410.0,1260.0,1260.0,2520.0,1890.0,1890.0,630.0,0.0,7350.0,1260.0,2520.0,0.0,630.0,2520.0,0.0,0.0,0.0,630.0,1890.0,183540.0
종장 화려한 여정旅의 끝2,와룡강,프로무림,910.0,1470.0,1190.0,770.0,2450.0,600.0,5500.0,6800.0,2300.0,2200.0,5500.0,1400.0,2400.0,3500.0,2600.0,1400.0,11200.0,4800.0,5100.0,4700.0,1700.0,6800.0,2300.0,300.0,5500.0,1100.0,5500.0,3000.0,0.0,2900.0,4500.0,1800.0,6100.0,2100.0,1300.0,1400.0,2800.0,8900.0,5800.0,3700.0,0.0,1000.0,6900.0,9600.0,800.0,600.0,300.0,3300.0,5300.0,5700.0,7600.0,700.0,0.0,900.0,800.0,1200.0,800.0,100.0,1600.0,1300.0,182790.0
임파서블 흥신소,홍정태,프로무림,5110.0,0.0,0.0,0.0,0.0,0.0,0.0,0.0,0.0,0.0,0.0,8960.0,0.0,0.0,11200.0,0.0,0.0,0.0,0.0,0.0,543.0,0.0,13440.0,272.0,11263.0,3941.0,2408.0,2240.0,2366.0,4480.0,2240.0,0.0,4149.0,2604.0,7000.0,700.0,6119.0,0.0,0.0,0.0,13440.0,1428.0,0.0,0.0,0.0,0.0,0.0,2240.0,11575.0,1750.0,2681.0,3078.0,2619.0,4375.0,7000.0,357.0,0.0,16069.0,907.0,26141.0,182695.0
혈존무적,김하준,프로무림,18815.0,2700.0,2537.0,5177.0,2550.0,3155.0,4881.0,3710.0,802.0,5670.0,630.0,800.0,6846.0,4785.0,1890.0,4461.0,2203.0,16505.0,1898.0,0.0,1970.0,869.0,630.0,1260.0,2600.0,0.0,1970.0,3986.0,8618.0,1260.0,7226.0,1260.0,0.0,337.0,2675.0,10015.0,1827.0,0.0,5351.0,10438.0,-22.0,0.0,2041.0,4778.0,0.0,0.0,1745.0,1701.0,0.0,1022.0,0.0,0.0,0.0,9793.0,1094.0,3604.0,0.0,882.0,2041.0,0.0,180986.0
리와인드,초몽,프로무림,6027.0,6363.0,2168.0,3075.0,6378.0,0.0,3150.0,1864.0,11328.0,5040.0,2520.0,630.0,6860.0,0.0,1890.0,1748.0,6956.0,6048.0,4221.0,4169.0,2520.0,2520.0,1260.0,10049.0,6300.0,5351.0,11743.0,1243.0,830.0,630.0,0.0,2520.0,5670.0,2520.0,7350.0,2520.0,0.0,0.0,4564.0,0.0,2802.0,0.0,0.0,0.0,1579.0,2520.0,5216.0,3150.0,0.0,0.0,5040.0,2268.0,0.0,0.0,5570.0,1890.0,0.0,0.0,2520.0,0.0,180580.0
천하군림가,최성균,프로무림,2657.0,810.0,6852.0,1890.0,8600.0,1260.0,6930.0,0.0,1890.0,1890.0,630.0,5950.0,2520.0,2520.0,5040.0,1422.0,0.0,630.0,3150.0,5460.0,0.0,0.0,3780.0,0.0,7350.0,1890.0,2898.0,5040.0,1890.0,2745.0,10440.0,1890.0,5670.0,0.0,3290.0,3150.0,3780.0,630.0,3150.0,10544.0,630.0,1260.0,464.0,3179.0,2520.0,3780.0,1260.0,1260.0,1890.0,3150.0,0.0,6174.0,3150.0,0.0,5670.0,14630.0,630.0,630.0,0.0,1260.0,179775.0
영웅부활,인기영,프로무림,0.0,0.0,1260.0,630.0,1890.0,0.0,5110.0,0.0,5670.0,3780.0,630.0,0.0,2520.0,630.0,4725.0,38850.0,1260.0,1890.0,3780.0,2520.0,5670.0,0.0,0.0,630.0,0.0,5992.0,2600.0,2520.0,0.0,0.0,3780.0,3150.0,5040.0,5765.0,495.0,3150.0,630.0,630.0,630.0,12800.0,630.0,0.0,3150.0,5670.0,0.0,9240.0,3780.0,0.0,4410.0,1890.0,1890.0,0.0,3780.0,1260.0,5080.0,630.0,0.0,2981.0,3095.0,3150.0,179263.0
히어로,이원호,프로무림,0.0,5200.0,1600.0,9000.0,8500.0,11000.0,0.0,3400.0,0.0,0.0,3000.0,2800.0,0.0,1800.0,0.0,6100.0,300.0,5547.0,5535.0,108.0,2430.0,90.0,11574.0,504.0,3298.0,8235.0,0.0,540.0,2178.0,90.0,5824.0,0.0,8636.0,3348.0,3024.0,0.0,0.0,5795.0,4631.0,1753.0,5974.0,90.0,3618.0,6030.0,108.0,2916.0,0.0,3150.0,172.0,7308.0,198.0,4320.0,0.0,5535.0,0.0,3672.0,108.0,756.0,6570.0,2619.0,178984.0
제36장 무림에서 가장 강한 자2,서효원,프로무림,5500.0,0.0,0.0,1800.0,0.0,0.0,900.0,3600.0,0.0,7200.0,6200.0,200.0,1800.0,1800.0,0.0,4500.0,0.0,0.0,7300.0,400.0,1800.0,6300.0,6200.0,2700.0,2700.0,1800.0,8800.0,8100.0,0.0,8100.0,1000.0,5500.0,900.0,3600.0,4500.0,900.0,6300.0,2700.0,900.0,2500.0,0.0,11400.0,900.0,2700.0,14600.0,3700.0,1800.0,10400.0,0.0,2700.0,8100.0,2400.0,0.0,2700.0,0.0,900.0,0.0,0.0,0.0,0.0,178800.0
바람둥이 쿠루터 일기,김하준,프로무림,0.0,4633.0,7658.0,14971.0,11606.0,0.0,0.0,0.0,0.0,12250.0,19600.0,9800.0,7670.0,2450.0,0.0,432.0,0.0,495.0,0.0,0.0,0.0,21798.0,2721.0,3696.0,0.0,0.0,0.0,0.0,0.0,0.0,0.0,0.0,0.0,630.0,630.0,0.0,0.0,630.0,4974.0,2836.0,763.0,1377.0,0.0,0.0,0.0,2450.0,2450.0,2450.0,2450.0,2450.0,2450.0,0.0,2450.0,2450.0,0.0,17787.0,384.0,4625.0,0.0,4690.0,178706.0
금황,선우궁,프로무림,8117.0,1130.0,5384.0,4593.0,3274.0,8280.0,4411.0,1749.0,1933.0,2405.0,5652.0,3243.0,2078.0,1890.0,1737.0,4058.0,2470.0,2891.0,1415.0,3548.0,3329.0,1495.0,2356.0,9293.0,577.0,0.0,1260.0,4635.0,1896.0,2336.0,5378.0,2945.0,4916.0,1568.0,70.0,2845.0,1890.0,0.0,948.0,2527.0,8190.0,1725.0,2520.0,0.0,228.0,7003.0,138.0,2247.0,5119.0,742.0,6677.0,195.0,2276.0,498.0,8388.0,4078.0,1014.0,1865.0,3150.0,1925.0,178500.0
타락공자,청산,프로무림,0.0,0.0,0.0,45360.0,11340.0,0.0,0.0,17920.0,0.0,0.0,53760.0,0.0,0.0,0.0,0.0,0.0,0.0,0.0,0.0,0.0,0.0,0.0,0.0,0.0,0.0,0.0,0.0,0.0,4659.0,0.0,0.0,0.0,0.0,0.0,0.0,0.0,0.0,0.0,0.0,4312.0,0.0,0.0,4480.0,0.0,17920.0,5040.0,6700.0,0.0,0.0,0.0,0.0,0.0,0.0,5040.0,0.0,0.0,0.0,1360.0,0.0,0.0,177891.0
갤럭시the Galaxy 보이지 않는 적,박재학,프로무림,4230.0,4850.0,2025.0,2880.0,2331.0,2870.0,3456.0,4941.0,2196.0,630.0,2385.0,1125.0,441.0,1260.0,1755.0,0.0,630.0,495.0,1755.0,3186.0,2385.0,8071.0,1125.0,2385.0,34279.0,9194.0,2880.0,2385.0,5499.0,3510.0,1989.0,1755.0,1890.0,2520.0,5663.0,1666.0,1621.0,1976.0,630.0,1724.0,2251.0,3864.0,2024.0,1559.0,3181.0,2630.0,2331.0,1083.0,4366.0,4037.0,2283.0,630.0,991.0,1094.0,2331.0,1094.0,0.0,1422.0,2354.0,1724.0,177837.0
야수의 제왕,무영,프로무림,900.0,0.0,789.0,551.0,1812.0,6790.0,9900.0,900.0,1476.0,0.0,0.0,584.0,1800.0,5400.0,900.0,10286.0,11011.0,0.0,2770.0,0.0,7266.0,900.0,0.0,0.0,1915.0,0.0,2594.0,6991.0,0.0,5400.0,7576.0,0.0,1800.0,9000.0,2700.0,8100.0,11902.0,0.0,6300.0,4418.0,1445.0,0.0,4230.0,0.0,10061.0,900.0,1800.0,2399.0,0.0,0.0,5400.0,1800.0,0.0,0.0,0.0,0.0,0.0,900.0,15750.0,0.0,177416.0
사이코패스 살인마는 살고싶다,민작가,포텐,0.0,0.0,0.0,0.0,0.0,0.0,0.0,0.0,0.0,0.0,0.0,0.0,0.0,0.0,0.0,0.0,0.0,0.0,0.0,0.0,0.0,0.0,0.0,0.0,0.0,0.0,0.0,0.0,0.0,0.0,0.0,0.0,0.0,0.0,0.0,0.0,0.0,0.0,0.0,0.0,0.0,0.0,0.0,0.0,0.0,0.0,0.0,0.0,0.0,0.0,0.0,0.0,784.0,104303.0,37124.0,15667.0,1321.0,2421.0,11616.0,4166.0,177402.0
풍운협1,강태산,프로무림,4920.0,3780.0,6671.0,3405.0,5089.0,3150.0,2967.0,5350.0,1827.0,4778.0,1890.0,3780.0,3957.0,3710.0,2247.0,3942.0,1503.0,4027.0,2971.0,1854.0,3209.0,5600.0,2049.0,1890.0,2281.0,4340.0,3824.0,2520.0,3555.0,5600.0,2570.0,2771.0,2520.0,1890.0,3706.0,3749.0,4410.0,5351.0,2135.0,2067.0,1008.0,1260.0,2902.0,0.0,6041.0,3502.0,1260.0,1917.0,1709.0,174.0,2160.0,1744.0,2767.0,1516.0,630.0,0.0,3710.0,5092.0,1260.0,433.0,176940.0
지옥도,몽월,프로무림,0.0,14400.0,0.0,0.0,900.0,900.0,900.0,900.0,0.0,0.0,900.0,0.0,1800.0,0.0,15300.0,1800.0,0.0,0.0,18000.0,9000.0,4500.0,2700.0,1800.0,2700.0,9900.0,0.0,6930.0,6120.0,1260.0,5670.0,1890.0,7980.0,7280.0,0.0,630.0,7560.0,4410.0,2520.0,5528.0,0.0,0.0,2730.0,0.0,630.0,1224.0,0.0,5320.0,1260.0,2520.0,0.0,0.0,2310.0,3150.0,1260.0,3780.0,5040.0,1260.0,0.0,1260.0,0.0,175922.0
목숨을 건 대국,서효원,프로무림,200.0,900.0,0.0,7200.0,2700.0,900.0,900.0,900.0,0.0,2800.0,200.0,1500.0,200.0,3000.0,2900.0,1000.0,6500.0,4700.0,10800.0,4500.0,5600.0,2700.0,400.0,6600.0,900.0,10800.0,11800.0,5400.0,3500.0,0.0,4500.0,3300.0,3300.0,0.0,5700.0,0.0,7700.0,0.0,900.0,5700.0,2800.0,900.0,1900.0,8200.0,1700.0,4500.0,4500.0,3000.0,0.0,2700.0,1200.0,2600.0,0.0,0.0,6700.0,1600.0,0.0,0.0,1800.0,0.0,174700.0
지옥천하,홍파,프로무림,5671.0,1849.0,2074.0,3686.0,767.0,2754.0,655.0,721.0,3841.0,883.0,2036.0,268.0,5800.0,2189.0,1247.0,2844.0,6011.0,2030.0,0.0,2697.0,2544.0,3040.0,2527.0,630.0,4378.0,7350.0,1356.0,6794.0,5696.0,0.0,5040.0,283.0,3150.0,2520.0,0.0,2074.0,0.0,0.0,3290.0,11760.0,1890.0,1166.0,0.0,4083.0,4550.0,1100.0,1017.0,3430.0,1272.0,2579.0,2030.0,0.0,8869.0,3075.0,5605.0,4654.0,1134.0,4562.0,8157.0,4200.0,173828.0
마랑,임이모,프로무림,2125.0,10885.0,1564.0,4811.0,4671.0,4962.0,1666.0,3515.0,13296.0,3415.0,12254.0,1291.0,2013.0,249.0,572.0,4145.0,1975.0,1660.0,4480.0,1212.0,933.0,11298.0,6959.0,3220.0,7660.0,6237.0,492.0,712.0,767.0,2520.0,296.0,1855.0,0.0,587.0,630.0,1940.0,2723.0,3150.0,1324.0,1177.0,0.0,4781.0,0.0,2520.0,490.0,630.0,1260.0,2100.0,7146.0,0.0,3780.0,2520.0,756.0,0.0,1398.0,348.0,3771.0,0.0,3176.0,3431.0,173348.0
제 장 또 다른 전설의 시작4,사마달,프로무림,5670.0,4270.0,840.0,3150.0,9310.0,10710.0,630.0,5040.0,630.0,3150.0,0.0,1260.0,3290.0,2800.0,3220.0,1890.0,1260.0,1260.0,630.0,2520.0,1260.0,1260.0,7910.0,1890.0,4410.0,7770.0,8820.0,2240.0,0.0,0.0,630.0,6090.0,700.0,5390.0,700.0,4410.0,1890.0,1890.0,1890.0,8190.0,2520.0,0.0,3150.0,630.0,3780.0,3150.0,6160.0,630.0,0.0,0.0,0.0,1260.0,630.0,630.0,0.0,3290.0,630.0,3990.0,9030.0,4410.0,172760.0
백야3,강태산,프로무림,2940.0,1890.0,5810.0,3290.0,2100.0,2730.0,2100.0,630.0,0.0,3010.0,3150.0,1330.0,2450.0,5320.0,1190.0,4900.0,6720.0,1890.0,1330.0,1890.0,2170.0,2450.0,2800.0,13020.0,13720.0,630.0,4340.0,1400.0,3150.0,2380.0,2170.0,3570.0,700.0,2170.0,5040.0,3640.0,1750.0,3570.0,0.0,2520.0,5180.0,7980.0,2100.0,4620.0,0.0,2520.0,2380.0,2170.0,980.0,630.0,1260.0,1960.0,350.0,6816.0,630.0,1750.0,1470.0,280.0,3080.0,350.0,172366.0
기레기 탈출기 저널리스트,윤준모,포텐,0.0,0.0,0.0,0.0,0.0,0.0,0.0,0.0,0.0,0.0,0.0,0.0,0.0,0.0,0.0,0.0,0.0,0.0,0.0,0.0,0.0,0.0,0.0,0.0,0.0,0.0,0.0,0.0,0.0,0.0,0.0,0.0,0.0,0.0,0.0,0.0,0.0,0.0,2079.0,0.0,10514.0,37819.0,2436.0,5591.0,29644.0,4095.0,18247.0,4480.0,15573.0,6790.0,1260.0,609.0,980.0,2352.0,2016.0,10500.0,819.0,8379.0,5544.0,1779.0,171506.0
혈란의 종식 다시 무협으로2,서효원,프로무림,0.0,2500.0,6300.0,13200.0,900.0,1800.0,4500.0,2700.0,0.0,3600.0,0.0,17400.0,7400.0,3200.0,900.0,3600.0,1300.0,1900.0,2500.0,2700.0,1000.0,9900.0,200.0,900.0,1300.0,3000.0,1800.0,1800.0,2700.0,0.0,900.0,4100.0,1300.0,1300.0,2900.0,900.0,8100.0,2700.0,1800.0,0.0,4500.0,1800.0,2700.0,0.0,4500.0,0.0,2700.0,2700.0,900.0,300.0,4500.0,0.0,6700.0,0.0,0.0,0.0,13700.0,900.0,1800.0,0.0,170700.0
천하대란,방수윤,프로무림,567.0,4067.0,11634.0,1750.0,4067.0,1750.0,3969.0,567.0,1750.0,21000.0,0.0,0.0,12250.0,0.0,5719.0,0.0,0.0,16772.0,2835.0,1360.0,0.0,0.0,0.0,7917.0,0.0,1974.0,9933.0,0.0,1750.0,1974.0,0.0,15360.0,0.0,0.0,0.0,2654.0,0.0,0.0,0.0,0.0,0.0,0.0,0.0,3150.0,1697.0,0.0,11725.0,1750.0,1697.0,0.0,7593.0,4075.0,0.0,0.0,1697.0,0.0,0.0,0.0,4532.0,1134.0,170669.0
혈루몽3,강태산,프로무림,6770.0,630.0,6930.0,3430.0,8120.0,630.0,4550.0,1260.0,630.0,4340.0,1890.0,3150.0,5670.0,5040.0,3150.0,8260.0,630.0,1260.0,1890.0,1400.0,0.0,3150.0,4410.0,1260.0,2520.0,3150.0,3570.0,1890.0,1890.0,2520.0,4440.0,5040.0,3080.0,1260.0,3220.0,1890.0,2940.0,2380.0,2030.0,4970.0,3150.0,6741.0,3780.0,1890.0,4410.0,1610.0,3780.0,3220.0,2272.0,2450.0,630.0,630.0,1400.0,1260.0,630.0,1890.0,1890.0,1330.0,630.0,1260.0,170093.0
X시대의 영웅,이원호,프로무림,900.0,3000.0,6000.0,0.0,12000.0,0.0,14900.0,10500.0,3500.0,6000.0,6500.0,3500.0,3000.0,12900.0,900.0,0.0,6000.0,6000.0,6000.0,0.0,0.0,6000.0,3000.0,9900.0,3000.0,3000.0,0.0,3000.0,0.0,0.0,0.0,3000.0,3000.0,0.0,0.0,6000.0,9000.0,0.0,400.0,0.0,0.0,0.0,0.0,0.0,0.0,0.0,0.0,900.0,0.0,0.0,3000.0,0.0,0.0,3000.0,9000.0,0.0,0.0,0.0,3000.0,0.0,169800.0
흑야,이원호,프로무림,2700.0,9000.0,18900.0,0.0,0.0,0.0,4500.0,0.0,0.0,11700.0,2700.0,0.0,14400.0,0.0,4500.0,2700.0,0.0,900.0,2700.0,2700.0,9900.0,4500.0,0.0,900.0,0.0,0.0,0.0,11700.0,3600.0,2700.0,2700.0,4500.0,918.0,9000.0,0.0,2700.0,0.0,2700.0,2700.0,0.0,0.0,0.0,2601.0,0.0,0.0,3600.0,0.0,0.0,0.0,0.0,0.0,0.0,5400.0,3600.0,6300.0,4500.0,0.0,2700.0,0.0,3600.0,168219.0
뇌정혈雷雷4,강태산,프로무림,1890.0,0.0,2450.0,4340.0,1890.0,17850.0,3290.0,2520.0,3150.0,2240.0,1890.0,5670.0,6300.0,0.0,3080.0,7560.0,1890.0,11690.0,791.0,630.0,1890.0,1260.0,2520.0,1890.0,2520.0,4410.0,5600.0,1260.0,1260.0,1260.0,3780.0,5670.0,2590.0,0.0,10710.0,2170.0,6230.0,630.0,630.0,1890.0,680.0,1310.0,3641.0,0.0,1260.0,0.0,0.0,630.0,6160.0,1890.0,630.0,1820.0,0.0,3150.0,1260.0,1260.0,630.0,0.0,5166.0,0.0,166778.0
붕성,홍파,프로무림,11686.0,1241.0,8561.0,6656.0,5091.0,4224.0,2593.0,369.0,5251.0,1915.0,0.0,1753.0,3402.0,0.0,357.0,162.0,1890.0,630.0,2059.0,1297.0,2800.0,2637.0,630.0,2520.0,2279.0,486.0,5011.0,6580.0,867.0,2660.0,3290.0,3570.0,2305.0,5430.0,3150.0,1064.0,4200.0,1890.0,2485.0,4690.0,6650.0,3780.0,5040.0,0.0,616.0,0.0,0.0,0.0,1260.0,2520.0,5040.0,1470.0,9209.0,0.0,2592.0,0.0,0.0,1890.0,1890.0,6987.0,166625.0
신비대형,내가위,프로무림,3470.0,1676.0,3860.0,1144.0,2291.0,3805.0,5739.0,3078.0,893.0,3168.0,1370.0,4001.0,252.0,2764.0,4687.0,1750.0,3940.0,630.0,4566.0,4447.0,4249.0,3983.0,1579.0,3296.0,3695.0,2376.0,3453.0,0.0,1082.0,4447.0,1260.0,3198.0,4321.0,1890.0,451.0,3352.0,3751.0,567.0,5079.0,1260.0,8591.0,7210.0,0.0,270.0,1260.0,1154.0,400.0,10710.0,1177.0,1075.0,1162.0,2557.0,630.0,2041.0,7770.0,3254.0,2494.0,0.0,3977.0,0.0,166552.0
도망가용,캔따개,포텐,6692.0,14784.0,3731.0,1330.0,2303.0,9401.0,882.0,2044.0,3437.0,13881.0,770.0,9100.0,3514.0,7210.0,0.0,11074.0,3381.0,0.0,17995.0,1962.0,607.0,294.0,952.0,1260.0,126.0,3044.0,771.0,532.0,2120.0,0.0,1234.0,-32.0,540.0,2250.0,3780.0,1730.0,3395.0,1631.0,4753.0,2072.0,1190.0,540.0,2304.0,0.0,0.0,6560.0,540.0,441.0,0.0,540.0,0.0,693.0,2520.0,2476.0,540.0,0.0,0.0,0.0,1080.0,2240.0,166214.0
챔피언,이원호,프로무림,4800.0,0.0,0.0,0.0,0.0,0.0,0.0,0.0,0.0,0.0,0.0,0.0,0.0,0.0,0.0,0.0,0.0,0.0,0.0,20195.0,8532.0,13556.0,100.0,100.0,13548.0,8048.0,6479.0,0.0,2808.0,3276.0,3221.0,2300.0,1100.0,0.0,7668.0,0.0,8100.0,12852.0,11340.0,8600.0,0.0,0.0,4968.0,7500.0,7900.0,0.0,0.0,0.0,0.0,0.0,0.0,100.0,0.0,0.0,0.0,0.0,7000.0,0.0,400.0,1621.0,166112.0
종장 이별과 충격,청산,프로무림,5670.0,2870.0,0.0,1260.0,1890.0,1890.0,1260.0,8190.0,6300.0,13860.0,630.0,2520.0,16730.0,10080.0,6930.0,3150.0,3150.0,5810.0,630.0,3150.0,4550.0,18620.0,3780.0,6930.0,1050.0,0.0,630.0,0.0,1890.0,0.0,910.0,1260.0,1260.0,8190.0,1260.0,0.0,140.0,0.0,0.0,2520.0,0.0,2520.0,0.0,2730.0,3010.0,2520.0,0.0,0.0,630.0,0.0,0.0,0.0,0.0,0.0,0.0,2520.0,2520.0,0.0,0.0,0.0,165410.0
비가행 연심표장,별도,프로무림,630.0,3780.0,2060.0,0.0,4032.0,9086.0,3815.0,2191.0,630.0,1890.0,3780.0,0.0,1890.0,6426.0,495.0,3717.0,5230.0,7371.0,3528.0,8240.0,0.0,13370.0,3150.0,2394.0,7308.0,1890.0,4410.0,5467.0,0.0,630.0,3150.0,4410.0,7064.0,630.0,0.0,4624.0,1221.0,1260.0,2775.0,7921.0,630.0,2041.0,4217.0,567.0,0.0,4243.0,1260.0,8264.0,1260.0,0.0,1827.0,0.0,0.0,0.0,0.0,0.0,0.0,0.0,0.0,0.0,164774.0
다프D A F,윤신현,포텐,0.0,0.0,0.0,0.0,0.0,0.0,0.0,0.0,0.0,0.0,0.0,0.0,0.0,0.0,0.0,0.0,0.0,0.0,0.0,0.0,0.0,0.0,0.0,0.0,0.0,0.0,0.0,0.0,0.0,0.0,0.0,0.0,0.0,0.0,0.0,0.0,0.0,0.0,0.0,0.0,0.0,0.0,0.0,0.0,0.0,0.0,0.0,0.0,0.0,5532.0,26613.0,66642.0,18054.0,15792.0,628.0,2849.0,3655.0,1759.0,1905.0,21113.0,164542.0
운명이 전설로 이끌다,홍정태,프로무림,2089.0,1015.0,3240.0,8960.0,410.0,890.0,3033.0,0.0,2240.0,11120.0,0.0,1831.0,5544.0,7789.0,8720.0,5646.0,1260.0,1260.0,882.0,2520.0,4158.0,0.0,2520.0,1379.0,2520.0,1116.0,8471.0,153.0,5040.0,1359.0,3667.0,0.0,1260.0,8508.0,1890.0,4725.0,3182.0,1330.0,6955.0,7140.0,3168.0,2770.0,296.0,1979.0,0.0,650.0,434.0,373.0,2961.0,262.0,2520.0,0.0,15199.0,0.0,0.0,0.0,0.0,0.0,0.0,0.0,164434.0
무한 빙의로 세계 최강,절세초인,프로무림,150829.0,13440.0,0.0,0.0,0.0,0.0,0.0,0.0,0.0,0.0,0.0,0.0,0.0,0.0,0.0,0.0,0.0,0.0,0.0,0.0,0.0,0.0,0.0,0.0,0.0,0.0,0.0,0.0,0.0,0.0,0.0,0.0,0.0,0.0,0.0,0.0,0.0,0.0,0.0,0.0,0.0,0.0,0.0,0.0,0.0,0.0,0.0,0.0,0.0,0.0,0.0,0.0,0.0,0.0,0.0,0.0,0.0,0.0,0.0,0.0,164269.0
일로무정,내가위,프로무림,982.0,2852.0,6121.0,2874.0,5224.0,3818.0,6303.0,4093.0,2433.0,2207.0,1423.0,4689.0,2227.0,1890.0,1258.0,1807.0,6846.0,2789.0,3782.0,3494.0,2307.0,854.0,466.0,4424.0,2744.0,2375.0,7321.0,1854.0,3324.0,2924.0,504.0,2126.0,614.0,4678.0,2341.0,386.0,3202.0,3430.0,2521.0,2640.0,13288.0,5231.0,0.0,0.0,910.0,2865.0,1304.0,0.0,0.0,3150.0,896.0,1890.0,569.0,1260.0,3430.0,4304.0,4978.0,0.0,0.0,1964.0,164186.0
치우의 탈,글도깨비,프로무림,12500.0,0.0,0.0,9300.0,0.0,4200.0,3100.0,600.0,0.0,0.0,0.0,0.0,0.0,0.0,0.0,400.0,0.0,6200.0,0.0,0.0,90.0,0.0,11214.0,0.0,8790.0,5695.0,0.0,2100.0,0.0,0.0,270.0,3528.0,0.0,8964.0,8604.0,0.0,0.0,12796.0,316.0,1729.0,23076.0,0.0,0.0,600.0,0.0,97.0,0.0,0.0,13219.0,0.0,100.0,14508.0,108.0,0.0,0.0,0.0,1512.0,8755.0,2098.0,-646.0,163823.0
폼생폼사,강태산,프로무림,5260.0,1323.0,10866.0,3560.0,4928.0,2005.0,5228.0,8808.0,3293.0,1460.0,250.0,3459.0,290.0,10101.0,6634.0,1851.0,606.0,3588.0,4629.0,4779.0,1579.0,3357.0,3505.0,3763.0,551.0,1696.0,5103.0,2217.0,1741.0,1370.0,2092.0,759.0,7995.0,2776.0,0.0,1311.0,1479.0,2037.0,1890.0,7415.0,1872.0,0.0,2268.0,1400.0,0.0,0.0,3344.0,1701.0,0.0,3140.0,160.0,2504.0,2485.0,0.0,2476.0,0.0,5758.0,0.0,630.0,360.0,163652.0
계,김능하,프로무림,3862.0,7585.0,2747.0,1318.0,5362.0,2135.0,11110.0,4145.0,2558.0,0.0,4331.0,1052.0,0.0,3780.0,2857.0,1494.0,1479.0,3051.0,2662.0,700.0,4379.0,4105.0,0.0,5069.0,2715.0,1755.0,2880.0,2991.0,0.0,9450.0,6953.0,3780.0,2487.0,1618.0,2520.0,3150.0,3781.0,630.0,6230.0,1890.0,0.0,0.0,3780.0,2170.0,1260.0,0.0,5478.0,0.0,5670.0,0.0,4410.0,0.0,3830.0,0.0,2915.0,630.0,0.0,0.0,1260.0,2986.0,163000.0
네임드,민작가,포텐,0.0,0.0,0.0,0.0,0.0,0.0,0.0,0.0,0.0,0.0,0.0,0.0,0.0,0.0,0.0,0.0,0.0,0.0,0.0,0.0,0.0,0.0,0.0,0.0,0.0,0.0,0.0,0.0,0.0,0.0,0.0,0.0,0.0,0.0,0.0,0.0,0.0,0.0,0.0,0.0,0.0,0.0,0.0,0.0,0.0,0.0,0.0,0.0,0.0,0.0,0.0,0.0,0.0,0.0,25172.0,43215.0,17247.0,63986.0,8536.0,4284.0,162440.0
만수 이계 출근기,박시원,포텐,1260.0,3040.0,4407.0,3374.0,2520.0,2520.0,10640.0,11487.0,630.0,70.0,3087.0,0.0,4347.0,6230.0,1320.0,140.0,2457.0,9670.0,0.0,1764.0,4092.0,2536.0,1540.0,6004.0,1792.0,63.0,4795.0,5261.0,6132.0,6923.0,7770.0,630.0,9330.0,-1029.0,0.0,3087.0,1861.0,355.0,928.0,63.0,-1411.0,1687.0,1323.0,1750.0,630.0,712.0,71.0,1154.0,7186.0,819.0,0.0,0.0,2998.0,0.0,2646.0,0.0,0.0,0.0,9450.0,1923.0,162034.0
벽력무진1,강태산,프로무림,2079.0,1518.0,3566.0,2470.0,7767.0,270.0,4140.0,11339.0,8120.0,1034.0,630.0,4237.0,2433.0,5822.0,2584.0,1133.0,9333.0,958.0,602.0,2054.0,0.0,3004.0,2105.0,2773.0,4231.0,5233.0,3780.0,1890.0,2807.0,4555.0,4590.0,3109.0,353.0,7200.0,3591.0,3308.0,680.0,630.0,1260.0,4116.0,0.0,2073.0,148.0,2520.0,3780.0,2689.0,939.0,0.0,2079.0,4084.0,2022.0,630.0,1355.0,4358.0,828.0,630.0,794.0,0.0,0.0,1260.0,161493.0
미생법사,엔트로,포텐,0.0,0.0,0.0,0.0,0.0,0.0,0.0,0.0,0.0,0.0,0.0,0.0,0.0,0.0,0.0,0.0,0.0,0.0,0.0,0.0,0.0,0.0,0.0,0.0,0.0,0.0,0.0,0.0,0.0,0.0,0.0,0.0,0.0,0.0,0.0,0.0,0.0,0.0,0.0,0.0,0.0,0.0,0.0,0.0,0.0,0.0,0.0,0.0,0.0,0.0,0.0,98238.0,4470.0,36899.0,0.0,9408.0,12230.0,0.0,0.0,0.0,161245.0
미스터 프레지던트,박천웅,포텐,0.0,0.0,0.0,0.0,0.0,30195.0,5665.0,7865.0,2860.0,40650.0,13920.0,1180.0,2420.0,220.0,3421.0,0.0,6325.0,0.0,0.0,1425.0,0.0,0.0,0.0,0.0,0.0,0.0,151.0,189.0,0.0,0.0,0.0,0.0,0.0,0.0,75.0,0.0,0.0,0.0,0.0,4049.0,0.0,0.0,0.0,0.0,0.0,0.0,2695.0,1008.0,0.0,0.0,0.0,25536.0,0.0,0.0,0.0,6137.0,2016.0,0.0,3150.0,-339.0,160813.0
신의 연기,백락,포텐,0.0,0.0,0.0,0.0,0.0,0.0,0.0,0.0,0.0,0.0,0.0,0.0,0.0,0.0,0.0,0.0,0.0,0.0,0.0,0.0,0.0,0.0,0.0,0.0,0.0,0.0,0.0,0.0,0.0,0.0,0.0,0.0,0.0,0.0,0.0,0.0,0.0,0.0,0.0,0.0,0.0,0.0,0.0,0.0,0.0,0.0,0.0,0.0,0.0,378.0,43183.0,6100.0,94981.0,11135.0,1512.0,126.0,2240.0,0.0,669.0,63.0,160387.0
제36장 천하의 아들,서효원,프로무림,900.0,2700.0,0.0,0.0,0.0,900.0,0.0,5400.0,900.0,400.0,1500.0,900.0,0.0,9600.0,1500.0,6400.0,1800.0,900.0,4500.0,0.0,9000.0,6900.0,0.0,0.0,0.0,3600.0,300.0,6900.0,0.0,0.0,0.0,1800.0,0.0,2700.0,5400.0,4500.0,4500.0,1800.0,3600.0,2700.0,2700.0,1800.0,11500.0,6300.0,0.0,1800.0,0.0,6300.0,9100.0,15800.0,6000.0,3600.0,0.0,0.0,0.0,1800.0,0.0,0.0,0.0,0.0,158700.0
고인물은 이계가 너무 쉽다,JHK서랍,포텐,0.0,0.0,0.0,0.0,0.0,0.0,0.0,0.0,0.0,0.0,0.0,0.0,0.0,0.0,0.0,0.0,0.0,0.0,0.0,0.0,0.0,0.0,0.0,0.0,0.0,0.0,0.0,0.0,0.0,0.0,0.0,0.0,0.0,0.0,0.0,0.0,0.0,0.0,0.0,0.0,0.0,0.0,0.0,0.0,0.0,0.0,0.0,0.0,0.0,0.0,0.0,0.0,0.0,0.0,0.0,0.0,0.0,0.0,0.0,158686.0,158686.0
삼대,이원호,프로무림,0.0,2200.0,4000.0,500.0,0.0,0.0,0.0,3500.0,0.0,100.0,4000.0,0.0,0.0,0.0,2800.0,6800.0,1500.0,0.0,7776.0,0.0,3830.0,8848.0,565.0,0.0,0.0,7200.0,0.0,2070.0,0.0,2160.0,6067.0,10312.0,3888.0,0.0,944.0,1260.0,2700.0,4595.0,3093.0,2016.0,9140.0,558.0,0.0,97.0,9603.0,810.0,3510.0,198.0,1116.0,0.0,0.0,9540.0,5760.0,8719.0,720.0,5608.0,4441.0,360.0,90.0,5220.0,158214.0
마루타의 칼,정현웅,프로무림,11500.0,0.0,0.0,0.0,0.0,0.0,0.0,10350.0,10350.0,0.0,0.0,0.0,0.0,2300.0,4600.0,0.0,0.0,0.0,0.0,0.0,0.0,0.0,0.0,0.0,0.0,11500.0,0.0,0.0,0.0,0.0,11500.0,2300.0,0.0,23000.0,0.0,0.0,0.0,0.0,0.0,10350.0,0.0,0.0,10350.0,2300.0,2300.0,0.0,0.0,0.0,18400.0,2300.0,0.0,11500.0,0.0,2300.0,0.0,10350.0,0.0,0.0,0.0,0.0,157550.0
쿠베린,이수영,프로무림,5292.0,0.0,0.0,5292.0,8820.0,15680.0,0.0,0.0,0.0,0.0,0.0,0.0,0.0,0.0,0.0,0.0,0.0,0.0,0.0,0.0,0.0,0.0,0.0,15680.0,0.0,0.0,0.0,16072.0,0.0,0.0,0.0,1960.0,0.0,12700.0,0.0,12700.0,0.0,0.0,0.0,3920.0,23520.0,15680.0,0.0,19600.0,0.0,0.0,0.0,0.0,0.0,0.0,0.0,0.0,0.0,0.0,0.0,0.0,0.0,0.0,0.0,0.0,156916.0
16장 미르 사라지다4,임영태,프로무림,2870.0,0.0,840.0,0.0,4970.0,630.0,4270.0,1190.0,350.0,840.0,350.0,2310.0,2730.0,9730.0,0.0,770.0,280.0,4760.0,910.0,70.0,840.0,3570.0,280.0,70.0,6020.0,0.0,0.0,1190.0,1820.0,1120.0,4690.0,1260.0,140.0,1190.0,210.0,910.0,43190.0,16870.0,7420.0,4410.0,910.0,1190.0,1470.0,1680.0,350.0,0.0,1750.0,1400.0,1470.0,1610.0,3430.0,0.0,1260.0,0.0,910.0,1190.0,3150.0,700.0,630.0,350.0,156520.0
성공시대,관측불가,포텐,0.0,0.0,0.0,0.0,0.0,0.0,0.0,0.0,0.0,0.0,0.0,0.0,0.0,0.0,0.0,0.0,0.0,0.0,0.0,0.0,0.0,0.0,0.0,0.0,0.0,0.0,0.0,0.0,0.0,0.0,0.0,0.0,0.0,0.0,0.0,0.0,0.0,0.0,0.0,0.0,0.0,0.0,0.0,0.0,0.0,0.0,0.0,0.0,155871.0,0.0,0.0,0.0,0.0,0.0,0.0,0.0,0.0,0.0,0.0,0.0,155871.0
종결 이루지 못한 복수 그리고 추억의 장,청산,프로무림,140.0,1260.0,6580.0,0.0,490.0,2170.0,0.0,0.0,0.0,0.0,280.0,0.0,0.0,47670.0,11900.0,0.0,0.0,2590.0,0.0,0.0,0.0,1260.0,0.0,0.0,210.0,350.0,0.0,0.0,0.0,0.0,1610.0,0.0,0.0,0.0,0.0,0.0,0.0,0.0,2310.0,140.0,4550.0,0.0,0.0,2100.0,0.0,0.0,3290.0,0.0,0.0,59780.0,3080.0,210.0,0.0,0.0,0.0,0.0,3710.0,0.0,0.0,0.0,155680.0
도시의 남자,이원호,프로무림,3100.0,0.0,0.0,0.0,0.0,0.0,0.0,0.0,0.0,0.0,0.0,0.0,0.0,0.0,0.0,0.0,0.0,0.0,0.0,11200.0,0.0,7848.0,11421.0,2216.0,500.0,2376.0,7884.0,3348.0,2771.0,9863.0,0.0,29668.0,100.0,648.0,0.0,0.0,9437.0,0.0,0.0,5832.0,7500.0,0.0,0.0,0.0,1295.0,0.0,8748.0,5168.0,0.0,6048.0,0.0,0.0,0.0,7200.0,0.0,0.0,0.0,400.0,8348.0,2700.0,155619.0
창병이 돈을 밝힘,백범,포텐,0.0,0.0,0.0,0.0,0.0,0.0,0.0,0.0,0.0,0.0,0.0,0.0,0.0,0.0,0.0,0.0,0.0,0.0,0.0,0.0,0.0,0.0,0.0,0.0,0.0,0.0,0.0,0.0,0.0,0.0,0.0,0.0,0.0,0.0,0.0,0.0,15282.0,33666.0,6274.0,2947.0,13797.0,32722.0,11281.0,1801.0,4863.0,15863.0,14357.0,252.0,574.0,0.0,252.0,460.0,-289.0,945.0,0.0,0.0,0.0,0.0,0.0,0.0,155047.0
창천비도,구세,프로무림,1017.0,0.0,0.0,4791.0,8960.0,0.0,9263.0,11340.0,19390.0,8568.0,1890.0,3990.0,8190.0,5670.0,371.0,2736.0,0.0,2520.0,3990.0,3780.0,0.0,1940.0,5040.0,6300.0,4410.0,0.0,0.0,2310.0,3124.0,0.0,0.0,1508.0,3780.0,630.0,1942.0,7560.0,3150.0,2268.0,0.0,0.0,0.0,2622.0,1260.0,1323.0,441.0,0.0,0.0,0.0,0.0,0.0,0.0,630.0,630.0,0.0,1398.0,4536.0,1764.0,0.0,0.0,0.0,155032.0
백야,홍파,프로무림,4140.0,7155.0,1890.0,2520.0,347.0,177.0,1890.0,1890.0,6440.0,1400.0,0.0,0.0,4158.0,1525.0,630.0,2354.0,1890.0,630.0,1890.0,3358.0,630.0,630.0,478.0,4410.0,3539.0,6335.0,2167.0,3456.0,0.0,2525.0,1890.0,3920.0,2520.0,630.0,1960.0,5460.0,2520.0,630.0,2520.0,7560.0,1890.0,3780.0,3780.0,0.0,630.0,1260.0,630.0,1890.0,3360.0,0.0,2520.0,12236.0,1890.0,630.0,2835.0,7980.0,1890.0,630.0,2157.0,6090.0,154142.0
미끼,이원호,프로무림,100.0,1800.0,13960.0,12600.0,7000.0,300.0,0.0,6000.0,3000.0,0.0,0.0,700.0,0.0,3400.0,0.0,800.0,1400.0,4251.0,0.0,6296.0,9756.0,4374.0,6372.0,0.0,2484.0,0.0,0.0,0.0,1350.0,108.0,180.0,3564.0,8103.0,0.0,3888.0,3492.0,198.0,7756.0,399.0,1728.0,3503.0,1112.0,5778.0,450.0,0.0,3564.0,0.0,3672.0,222.0,0.0,0.0,648.0,3783.0,1710.0,1440.0,3870.0,0.0,1080.0,0.0,7554.0,153745.0
단권 다프D A F,윤신현,포텐,0.0,0.0,0.0,0.0,0.0,0.0,0.0,0.0,0.0,0.0,0.0,0.0,0.0,0.0,0.0,0.0,0.0,0.0,0.0,0.0,0.0,0.0,0.0,0.0,0.0,0.0,0.0,0.0,0.0,0.0,0.0,0.0,0.0,0.0,0.0,0.0,0.0,0.0,0.0,0.0,0.0,0.0,0.0,0.0,0.0,0.0,0.0,0.0,0.0,0.0,0.0,0.0,0.0,0.0,38770.0,24854.0,0.0,67501.0,12196.0,9788.0,153109.0
사막의 연인,이원호,프로무림,7500.0,-1700.0,7140.0,3600.0,3000.0,3800.0,3100.0,800.0,3000.0,0.0,0.0,0.0,600.0,0.0,6500.0,5000.0,0.0,604.0,3150.0,3456.0,3888.0,3194.0,3272.0,5675.0,9883.0,2610.0,5400.0,90.0,0.0,1368.0,0.0,0.0,3717.0,5947.0,0.0,0.0,3564.0,932.0,10154.0,10517.0,3240.0,1242.0,684.0,1188.0,216.0,1404.0,3456.0,0.0,328.0,3888.0,108.0,1867.0,0.0,0.0,374.0,1800.0,1641.0,3780.0,7857.0,180.0,153014.0
네안데르탈 각성차원의 지배자,테서스,포텐,0.0,0.0,0.0,0.0,0.0,0.0,0.0,0.0,0.0,0.0,0.0,0.0,0.0,0.0,0.0,0.0,0.0,0.0,0.0,0.0,0.0,0.0,0.0,0.0,0.0,0.0,0.0,0.0,0.0,0.0,0.0,0.0,0.0,0.0,0.0,0.0,0.0,0.0,0.0,0.0,0.0,0.0,0.0,0.0,0.0,0.0,0.0,0.0,0.0,0.0,0.0,0.0,0.0,0.0,0.0,0.0,0.0,31801.0,120915.0,89.0,152805.0
선자불래,사마달,프로무림,4437.0,1062.0,2969.0,2641.0,2245.0,6927.0,892.0,5859.0,1615.0,2174.0,679.0,8575.0,2270.0,4848.0,2617.0,1659.0,224.0,0.0,2852.0,3278.0,2077.0,1799.0,1046.0,2917.0,3912.0,1516.0,3968.0,3052.0,2454.0,2948.0,4707.0,1890.0,541.0,567.0,0.0,630.0,290.0,4392.0,5629.0,7625.0,4707.0,649.0,6300.0,2037.0,1315.0,1157.0,2729.0,2331.0,5273.0,2186.0,268.0,0.0,630.0,3418.0,0.0,2520.0,3780.0,689.0,1638.0,1249.0,152659.0
갤럭시the Galaxy 내전,박재학,프로무림,3600.0,4850.0,1530.0,2385.0,1701.0,2870.0,2826.0,3816.0,1071.0,630.0,2385.0,1125.0,441.0,630.0,1755.0,0.0,630.0,495.0,1755.0,2691.0,3015.0,7091.0,1125.0,2385.0,26179.0,6719.0,2745.0,2385.0,5004.0,1755.0,1494.0,2385.0,3300.0,1890.0,5798.0,523.0,2086.0,1535.0,630.0,1094.0,1621.0,2878.0,1456.0,2354.0,2251.0,2000.0,2520.0,1083.0,3736.0,3407.0,2283.0,630.0,991.0,1094.0,2331.0,630.0,0.0,1422.0,2354.0,1260.0,152625.0
난亂,강태산,프로무림,710.0,2459.0,12600.0,1282.0,5079.0,7090.0,1260.0,3990.0,3990.0,2942.0,12976.0,12600.0,2100.0,1250.0,477.0,2919.0,243.0,0.0,984.0,630.0,323.0,8190.0,6936.0,149.0,2189.0,2863.0,369.0,0.0,3574.0,1019.0,1569.0,759.0,6111.0,0.0,1701.0,1818.0,680.0,8046.0,9450.0,0.0,2100.0,2268.0,0.0,630.0,617.0,1445.0,1827.0,0.0,0.0,1891.0,0.0,3755.0,2470.0,1260.0,2136.0,0.0,0.0,0.0,0.0,617.0,152343.0
갤럭시the Galaxy 새로운 적,박재학,프로무림,5210.0,4095.0,4410.0,3951.0,3780.0,4130.0,5481.0,5540.0,1260.0,630.0,3150.0,1260.0,441.0,1260.0,3650.0,0.0,630.0,630.0,1260.0,1701.0,2520.0,8351.0,1260.0,2520.0,441.0,2390.0,1890.0,4760.0,2520.0,1890.0,0.0,1890.0,2520.0,20160.0,2198.0,0.0,1260.0,2520.0,2457.0,1260.0,2520.0,2283.0,630.0,1890.0,630.0,3402.0,2331.0,1083.0,5720.0,2331.0,2913.0,1890.0,0.0,630.0,2772.0,1890.0,0.0,1071.0,1260.0,1260.0,151782.0
중심요요 내 마음 둘 곳 없네,설봉,프로무림,0.0,6400.0,0.0,0.0,0.0,0.0,12800.0,0.0,6400.0,0.0,0.0,800.0,0.0,400.0,6400.0,0.0,16000.0,13700.0,3700.0,0.0,0.0,7600.0,0.0,0.0,9900.0,0.0,0.0,19200.0,6400.0,3200.0,3200.0,6400.0,0.0,0.0,0.0,3200.0,6400.0,0.0,0.0,0.0,3200.0,0.0,0.0,6400.0,0.0,0.0,3200.0,300.0,0.0,3200.0,0.0,0.0,0.0,0.0,0.0,3200.0,0.0,0.0,0.0,0.0,151600.0
애검몽 본 오뢰를 잊었나요,강태산,프로무림,140.0,7910.0,8610.0,0.0,0.0,7350.0,140.0,1400.0,4550.0,1960.0,8540.0,0.0,0.0,2870.0,2730.0,2590.0,5390.0,0.0,5390.0,6090.0,7350.0,4690.0,70.0,3850.0,2240.0,2940.0,770.0,2100.0,3850.0,3360.0,210.0,1190.0,70.0,1750.0,8960.0,5460.0,4830.0,2030.0,0.0,1050.0,1890.0,2520.0,1330.0,70.0,2310.0,6090.0,2800.0,0.0,2450.0,2240.0,0.0,0.0,0.0,70.0,3640.0,0.0,910.0,350.0,0.0,1890.0,150990.0
풍운도도,이유성,프로무림,479.0,2805.0,5426.0,1818.0,6085.0,8508.0,653.0,727.0,4864.0,4760.0,1786.0,3226.0,250.0,6297.0,4605.0,4713.0,3082.0,3780.0,8557.0,6300.0,4404.0,701.0,9749.0,3780.0,3780.0,8065.0,6811.0,1413.0,165.0,12459.0,6108.0,0.0,2520.0,3161.0,2435.0,1656.0,2520.0,0.0,2520.0,0.0,0.0,0.0,0.0,0.0,0.0,0.0,0.0,0.0,0.0,0.0,0.0,0.0,0.0,0.0,0.0,0.0,0.0,0.0,0.0,0.0,150968.0
철검무정,홍파,프로무림,3795.0,5840.0,4324.0,2539.0,3326.0,1440.0,1259.0,2946.0,2975.0,173.0,2279.0,1983.0,3759.0,1260.0,882.0,1368.0,1260.0,3852.0,2096.0,1890.0,2331.0,441.0,1862.0,2459.0,5020.0,2446.0,2559.0,2577.0,2422.0,8176.0,2965.0,4214.0,0.0,2627.0,3267.0,1729.0,1441.0,1260.0,1332.0,336.0,16380.0,5821.0,148.0,0.0,1850.0,2467.0,869.0,3905.0,0.0,0.0,2072.0,7003.0,1199.0,980.0,2030.0,3402.0,328.0,0.0,1197.0,1466.0,149827.0
밤의 황,이원호,프로무림,9300.0,0.0,0.0,0.0,0.0,0.0,0.0,0.0,0.0,0.0,0.0,0.0,0.0,0.0,0.0,0.0,0.0,0.0,0.0,0.0,14429.0,10800.0,4860.0,0.0,12913.0,0.0,0.0,100.0,1176.0,10000.0,108.0,20400.0,6095.0,108.0,700.0,108.0,10800.0,1944.0,3100.0,10800.0,0.0,0.0,0.0,5940.0,4860.0,0.0,0.0,0.0,0.0,0.0,0.0,9829.0,3348.0,0.0,0.0,0.0,0.0,0.0,0.0,7800.0,149518.0
철담추혼,사마달,프로무림,1384.0,417.0,3386.0,4487.0,2228.0,4539.0,2342.0,1723.0,1890.0,2520.0,1959.0,4713.0,3400.0,2577.0,1743.0,2639.0,10115.0,2462.0,6690.0,1381.0,1247.0,1979.0,2134.0,2520.0,3056.0,2100.0,3643.0,4401.0,3111.0,1827.0,0.0,2019.0,1310.0,0.0,0.0,3974.0,2180.0,4440.0,710.0,1028.0,1260.0,1591.0,1598.0,2160.0,3150.0,901.0,2844.0,1223.0,5006.0,0.0,2520.0,4921.0,1705.0,2520.0,2520.0,2331.0,542.0,1541.0,1130.0,4347.0,148084.0
천하무식 유아독존,별도,프로무림,3339.0,3204.0,3352.0,630.0,1682.0,5521.0,17514.0,2047.0,3690.0,5985.0,5985.0,1089.0,1338.0,0.0,0.0,4077.0,1319.0,4417.0,3150.0,1701.0,4410.0,3346.0,1940.0,3402.0,0.0,3220.0,1742.0,1260.0,4410.0,0.0,8601.0,0.0,2520.0,1772.0,630.0,350.0,1960.0,1890.0,443.0,1969.0,3150.0,0.0,0.0,8876.0,16346.0,0.0,2835.0,0.0,0.0,0.0,2835.0,0.0,0.0,0.0,0.0,0.0,0.0,0.0,0.0,0.0,147947.0
무림귀공자,군옥당,프로무림,7286.0,6646.0,1726.0,4799.0,2177.0,6791.0,6952.0,3769.0,2635.0,1207.0,3745.0,3979.0,522.0,1634.0,1510.0,1502.0,1610.0,1659.0,3118.0,3594.0,2453.0,3648.0,466.0,0.0,4025.0,0.0,3851.0,4142.0,1085.0,3519.0,1418.0,4605.0,870.0,2721.0,3150.0,966.0,0.0,0.0,5838.0,3780.0,3780.0,2743.0,1728.0,2283.0,630.0,1890.0,0.0,0.0,840.0,882.0,1861.0,630.0,0.0,0.0,5955.0,2864.0,0.0,630.0,3591.0,4095.0,147800.0
독행기,홍파,프로무림,5630.0,5831.0,1944.0,3684.0,5674.0,12465.0,4496.0,3446.0,2608.0,254.0,475.0,1001.0,1666.0,2772.0,4357.0,2052.0,1538.0,1571.0,3431.0,1584.0,1739.0,0.0,1134.0,1890.0,5219.0,4830.0,2434.0,0.0,4112.0,2800.0,0.0,0.0,513.0,4200.0,2218.0,4200.0,539.0,900.0,630.0,3780.0,2520.0,2756.0,2826.0,0.0,0.0,6535.0,0.0,0.0,5600.0,154.0,0.0,0.0,1526.0,5670.0,324.0,7130.0,680.0,3422.0,0.0,630.0,147390.0
암흑 제국의 패리어드,이수영,프로무림,0.0,7840.0,0.0,8467.0,0.0,0.0,0.0,1960.0,0.0,0.0,7840.0,0.0,0.0,0.0,0.0,1960.0,0.0,0.0,0.0,0.0,0.0,0.0,0.0,1764.0,0.0,7840.0,6350.0,0.0,11760.0,17640.0,1960.0,0.0,3528.0,6350.0,1960.0,0.0,0.0,0.0,0.0,5292.0,36926.0,2116.0,0.0,7840.0,0.0,0.0,7840.0,0.0,0.0,0.0,0.0,0.0,0.0,0.0,0.0,0.0,0.0,0.0,0.0,0.0,147233.0
종장 되살아난 기억,청산,프로무림,2520.0,0.0,5040.0,3780.0,0.0,630.0,3780.0,8190.0,3430.0,1050.0,3780.0,70.0,7560.0,6300.0,1960.0,6440.0,6300.0,1820.0,1260.0,7000.0,5040.0,13230.0,5040.0,0.0,6300.0,8960.0,630.0,5390.0,630.0,3150.0,5670.0,3150.0,1120.0,1260.0,5040.0,0.0,0.0,0.0,0.0,0.0,0.0,0.0,1680.0,0.0,0.0,0.0,1750.0,1400.0,0.0,0.0,0.0,0.0,0.0,0.0,0.0,0.0,1120.0,140.0,4900.0,490.0,147000.0
생사지존,강태산,프로무림,2612.0,1779.0,4541.0,1769.0,2860.0,7709.0,3303.0,3258.0,2523.0,5454.0,381.0,1886.0,5238.0,3133.0,4590.0,1186.0,3054.0,599.0,815.0,2505.0,3230.0,701.0,4611.0,4914.0,2121.0,2106.0,3220.0,0.0,2722.0,3150.0,1485.0,759.0,5733.0,1098.0,1272.0,11007.0,0.0,5922.0,837.0,1260.0,1890.0,0.0,630.0,0.0,381.0,1890.0,4042.0,1561.0,1260.0,867.0,630.0,1838.0,4349.0,680.0,2961.0,2716.0,1483.0,276.0,2839.0,1014.0,146650.0
만강홍,독고홍,프로무림,10017.0,4207.0,6255.0,3318.0,1890.0,4097.0,6300.0,6665.0,0.0,3150.0,3150.0,0.0,0.0,0.0,3150.0,270.0,3150.0,0.0,5460.0,4112.0,0.0,710.0,1668.0,4309.0,1260.0,2100.0,7214.0,11805.0,7025.0,0.0,0.0,971.0,630.0,457.0,1890.0,6547.0,4502.0,0.0,0.0,3780.0,0.0,0.0,10185.0,0.0,0.0,0.0,9072.0,2268.0,0.0,0.0,70.0,0.0,3395.0,0.0,954.0,612.0,0.0,0.0,0.0,0.0,146615.0
천강천하,김하준,프로무림,6363.0,3969.0,3742.0,7971.0,2880.0,2682.0,630.0,362.0,3192.0,4977.0,1123.0,1890.0,990.0,3150.0,5784.0,1917.0,2057.0,2394.0,1052.0,1125.0,3150.0,0.0,1890.0,630.0,7490.0,9800.0,8126.0,1089.0,2961.0,3150.0,0.0,4496.0,2209.0,2570.0,8271.0,3780.0,2671.0,3150.0,1890.0,1764.0,0.0,1890.0,630.0,0.0,0.0,0.0,1260.0,1890.0,0.0,1071.0,2520.0,0.0,1158.0,1815.0,3288.0,1360.0,0.0,0.0,2268.0,0.0,146487.0
36 혜성은 돌아오지 않는가4,서효원,프로무림,1900.0,1800.0,0.0,2700.0,3600.0,0.0,0.0,0.0,0.0,900.0,300.0,3200.0,1100.0,3600.0,100.0,0.0,1100.0,6300.0,2100.0,2700.0,11700.0,8300.0,7200.0,0.0,0.0,3100.0,4500.0,1800.0,0.0,1800.0,4500.0,0.0,3400.0,9000.0,100.0,0.0,6300.0,3600.0,8100.0,4400.0,0.0,9700.0,0.0,4500.0,2700.0,900.0,0.0,0.0,2100.0,5600.0,2700.0,2800.0,4000.0,0.0,0.0,900.0,0.0,0.0,0.0,300.0,145400.0
고검풍운,홍파,프로무림,1459.0,3060.0,14293.0,301.0,137.0,1471.0,2354.0,1361.0,417.0,630.0,6666.0,4697.0,0.0,3142.0,292.0,297.0,495.0,495.0,2276.0,2284.0,0.0,5575.0,4200.0,1260.0,9563.0,4416.0,544.0,153.0,6982.0,2235.0,3430.0,6339.0,495.0,6720.0,0.0,1890.0,770.0,0.0,3290.0,5040.0,350.0,4731.0,0.0,4200.0,0.0,630.0,630.0,0.0,0.0,2414.0,3645.0,4200.0,2308.0,3150.0,0.0,2386.0,2268.0,990.0,3530.0,630.0,145091.0
제30장 흙에 살리다,와룡강,프로무림,5670.0,1680.0,1540.0,1890.0,5390.0,560.0,840.0,1610.0,3780.0,3990.0,3150.0,3570.0,9870.0,1400.0,7280.0,1890.0,1260.0,70.0,4550.0,1750.0,4760.0,910.0,2100.0,910.0,9380.0,1680.0,490.0,1680.0,6090.0,2310.0,980.0,2870.0,770.0,1960.0,1890.0,5810.0,1050.0,3010.0,3430.0,280.0,1190.0,2240.0,4340.0,840.0,1610.0,1260.0,1750.0,420.0,0.0,1050.0,2030.0,980.0,4550.0,4410.0,490.0,210.0,900.0,0.0,0.0,2660.0,145030.0
초월자 어빈,인기영,프로무림,1470.0,2240.0,1890.0,3780.0,1260.0,630.0,0.0,0.0,0.0,0.0,1260.0,0.0,0.0,0.0,4299.0,3150.0,13720.0,6930.0,1260.0,3150.0,738.0,10064.0,410.0,3172.0,4157.0,16840.0,0.0,6930.0,0.0,4275.0,3780.0,5670.0,630.0,3150.0,3500.0,1890.0,4130.0,441.0,0.0,5120.0,6930.0,0.0,1260.0,7680.0,194.0,3150.0,0.0,0.0,0.0,0.0,0.0,0.0,3150.0,0.0,1008.0,0.0,0.0,151.0,1260.0,280.0,144999.0
화이트 크로우,눈매,포텐,0.0,0.0,0.0,0.0,0.0,0.0,0.0,0.0,0.0,0.0,0.0,0.0,0.0,0.0,5680.0,7000.0,0.0,4788.0,2968.0,6524.0,20805.0,2380.0,0.0,0.0,558.0,1762.0,15234.0,5053.0,0.0,0.0,0.0,378.0,0.0,0.0,0.0,4593.0,12.0,0.0,2520.0,0.0,0.0,2560.0,0.0,0.0,2560.0,2560.0,0.0,6750.0,0.0,0.0,15000.0,20000.0,0.0,5000.0,0.0,2560.0,0.0,6912.0,0.0,0.0,144157.0
중원영웅사,내가위,프로무림,2409.0,3058.0,3470.0,1278.0,947.0,1148.0,4924.0,2498.0,975.0,3087.0,2364.0,2100.0,1568.0,3331.0,3154.0,6006.0,0.0,1879.0,1561.0,1485.0,255.0,1601.0,0.0,149.0,2065.0,5110.0,4052.0,7563.0,1920.0,2557.0,841.0,1953.0,1701.0,1260.0,451.0,956.0,321.0,630.0,1260.0,2721.0,14543.0,2886.0,1563.0,1890.0,607.0,2865.0,0.0,8563.0,0.0,0.0,0.0,5493.0,2041.0,630.0,3150.0,3458.0,4357.0,6036.0,0.0,770.0,143460.0
겁,강태산,프로무림,635.0,915.0,0.0,15159.0,9797.0,630.0,802.0,7910.0,6783.0,227.0,6945.0,140.0,0.0,379.0,2100.0,1611.0,3638.0,1260.0,4410.0,3010.0,246.0,4050.0,630.0,630.0,1260.0,1289.0,828.0,2583.0,1260.0,627.0,2860.0,781.0,2037.0,567.0,840.0,4682.0,7798.0,2800.0,6300.0,0.0,2174.0,1587.0,0.0,0.0,0.0,3410.0,1738.0,1653.0,1260.0,0.0,0.0,1510.0,1653.0,5076.0,240.0,7938.0,0.0,504.0,1591.0,4270.0,143023.0
고혼혈루,홍파,프로무림,4420.0,5064.0,810.0,3878.0,3388.0,3711.0,690.0,6009.0,2928.0,1026.0,1510.0,645.0,222.0,1890.0,0.0,5047.0,990.0,367.0,3776.0,2376.0,3254.0,0.0,159.0,630.0,585.0,4937.0,1537.0,495.0,1495.0,1400.0,4830.0,2800.0,415.0,6974.0,630.0,0.0,2800.0,0.0,1770.0,970.0,6203.0,3717.0,6125.0,0.0,4200.0,352.0,441.0,0.0,1400.0,2748.0,630.0,4200.0,4169.0,3018.0,4986.0,7870.0,0.0,990.0,5460.0,752.0,141689.0
신의 제국,이원호,프로무림,12900.0,900.0,0.0,3000.0,3000.0,0.0,18900.0,3000.0,0.0,6300.0,900.0,6600.0,12000.0,0.0,0.0,0.0,2700.0,3000.0,0.0,0.0,3000.0,0.0,0.0,0.0,0.0,0.0,0.0,9000.0,0.0,0.0,9000.0,3000.0,0.0,0.0,3900.0,0.0,3000.0,0.0,3000.0,0.0,0.0,3000.0,0.0,0.0,0.0,2700.0,0.0,900.0,0.0,3900.0,0.0,3000.0,0.0,9000.0,3000.0,0.0,6000.0,0.0,3000.0,0.0,141600.0
제60장 새로운 시작,청산,프로무림,6230.0,3920.0,1890.0,1260.0,10150.0,4410.0,3780.0,2520.0,7560.0,8190.0,1260.0,2870.0,6230.0,3710.0,0.0,2520.0,6440.0,13230.0,1260.0,8190.0,10710.0,5040.0,3150.0,1890.0,4410.0,5320.0,0.0,630.0,0.0,6020.0,70.0,0.0,0.0,3150.0,4410.0,140.0,0.0,0.0,0.0,0.0,0.0,0.0,0.0,0.0,0.0,0.0,0.0,0.0,0.0,0.0,0.0,0.0,0.0,0.0,0.0,0.0,0.0,0.0,700.0,0.0,141260.0
갤럭시the Galaxy 변화의 물,박재학,프로무림,4095.0,4355.0,495.0,1755.0,2961.0,3500.0,4625.0,3627.0,2331.0,630.0,1890.0,1755.0,441.0,630.0,1125.0,630.0,630.0,495.0,630.0,3321.0,3375.0,4221.0,1125.0,3015.0,20734.0,5234.0,2745.0,1755.0,4014.0,2250.0,3609.0,1755.0,2880.0,1890.0,5443.0,1036.0,1618.0,2102.0,1260.0,2189.0,630.0,2251.0,1921.0,464.0,1724.0,929.0,1890.0,441.0,3901.0,2417.0,2283.0,630.0,1621.0,1094.0,1701.0,1890.0,0.0,0.0,1890.0,1260.0,141108.0
게임 속 정의로운 기사가 되었다,관측불가,포텐,0.0,0.0,0.0,0.0,0.0,0.0,0.0,0.0,0.0,0.0,0.0,0.0,0.0,0.0,0.0,0.0,0.0,0.0,0.0,0.0,0.0,0.0,0.0,0.0,0.0,0.0,0.0,0.0,0.0,0.0,0.0,0.0,0.0,0.0,0.0,0.0,0.0,0.0,0.0,0.0,0.0,0.0,0.0,0.0,0.0,0.0,0.0,0.0,0.0,0.0,0.0,0.0,0.0,0.0,0.0,0.0,0.0,0.0,123751.0,17350.0,141101.0
지존공식,라이먼,프로무림,3735.0,1521.0,2654.0,1236.0,4849.0,9810.0,754.0,2475.0,0.0,3395.0,922.0,7906.0,0.0,1059.0,8750.0,932.0,567.0,0.0,5944.0,1365.0,4655.0,2850.0,3660.0,8820.0,2835.0,7733.0,5074.0,888.0,3480.0,16702.0,0.0,1601.0,1890.0,5040.0,0.0,948.0,3588.0,0.0,0.0,0.0,0.0,0.0,0.0,2705.0,0.0,0.0,0.0,567.0,2116.0,567.0,0.0,0.0,0.0,0.0,0.0,0.0,610.0,6071.0,0.0,0.0,140274.0
쌍룡몽,사마달,프로무림,829.0,1890.0,2442.0,2250.0,4905.0,1932.0,1890.0,3964.0,1260.0,0.0,192.0,5346.0,1890.0,1890.0,1890.0,2052.0,2520.0,1260.0,630.0,999.0,0.0,5911.0,159.0,149.0,7125.0,0.0,6688.0,2349.0,2055.0,1389.0,2520.0,0.0,7094.0,630.0,0.0,0.0,1893.0,1890.0,8122.0,1970.0,608.0,0.0,1890.0,2331.0,2331.0,2520.0,1319.0,1260.0,3845.0,2579.0,2331.0,3150.0,1260.0,8664.0,4244.0,1890.0,1761.0,2936.0,2672.0,2520.0,140086.0
제33장 최후의 마전3,서효원,프로무림,6400.0,0.0,0.0,1800.0,900.0,900.0,0.0,900.0,2700.0,3300.0,0.0,1100.0,3400.0,5000.0,1000.0,7200.0,5600.0,2700.0,1800.0,3900.0,1800.0,5400.0,700.0,0.0,700.0,3200.0,900.0,0.0,5800.0,3300.0,3200.0,6400.0,200.0,1800.0,1400.0,2700.0,0.0,2700.0,2700.0,7900.0,900.0,2700.0,2700.0,3600.0,500.0,0.0,1800.0,5800.0,0.0,0.0,2700.0,3100.0,3400.0,0.0,900.0,12000.0,0.0,0.0,0.0,0.0,139500.0
북두천왕2,강태산,프로무림,4880.0,630.0,1260.0,1890.0,6790.0,4970.0,2520.0,3080.0,1260.0,2520.0,5005.0,4410.0,2520.0,1890.0,630.0,2520.0,2520.0,4340.0,1890.0,1260.0,1890.0,630.0,3150.0,6160.0,8610.0,1260.0,0.0,3780.0,3150.0,1260.0,630.0,3080.0,2520.0,1260.0,3150.0,2520.0,1890.0,1890.0,1071.0,630.0,2520.0,0.0,3780.0,0.0,630.0,630.0,1890.0,6790.0,1260.0,0.0,630.0,1260.0,1260.0,630.0,4340.0,3710.0,1260.0,2520.0,1071.0,0.0,139497.0
건국기,김현,포텐,3213.0,5250.0,3661.0,3780.0,6440.0,0.0,6300.0,13020.0,1980.0,70.0,560.0,1750.0,1540.0,1610.0,0.0,840.0,0.0,140.0,0.0,126.0,63.0,1268.0,9782.0,3500.0,6661.0,693.0,0.0,8043.0,63.0,126.0,70.0,9791.0,63.0,0.0,378.0,7000.0,68.0,8944.0,0.0,0.0,0.0,3150.0,3402.0,0.0,3847.0,75.0,209.0,1890.0,916.0,0.0,892.0,7834.0,1801.0,0.0,0.0,1054.0,0.0,6801.0,0.0,0.0,138664.0
무대포,강태산,프로무림,0.0,213.0,2927.0,2630.0,2936.0,2520.0,617.0,17778.0,630.0,366.0,1622.0,0.0,1348.0,2100.0,368.0,9057.0,918.0,1890.0,6837.0,0.0,4536.0,3599.0,319.0,2309.0,4356.0,1260.0,1330.0,5390.0,1890.0,0.0,5670.0,589.0,2891.0,366.0,0.0,2746.0,933.0,8211.0,7000.0,1701.0,4412.0,0.0,1260.0,0.0,1971.0,1260.0,2100.0,0.0,1807.0,6662.0,1478.0,1067.0,1148.0,255.0,630.0,0.0,328.0,682.0,3017.0,630.0,138560.0
갤럭시the Galaxy 라스트 휴먼 네르노바,박재학,프로무림,4725.0,4355.0,900.0,2385.0,2331.0,3500.0,2826.0,3816.0,1071.0,630.0,2385.0,1755.0,441.0,630.0,1755.0,630.0,1260.0,495.0,1125.0,3321.0,2385.0,4221.0,1125.0,2385.0,23219.0,5234.0,3375.0,2385.0,5004.0,1755.0,1989.0,1755.0,2385.0,1260.0,4313.0,523.0,1621.0,1535.0,630.0,2189.0,1157.0,2251.0,1456.0,929.0,1724.0,1559.0,1260.0,1083.0,3271.0,1787.0,2283.0,630.0,991.0,1094.0,2331.0,630.0,0.0,981.0,1890.0,1260.0,138191.0
핵재벌 개망나니 완,방탄리무진,포텐,111040.0,17738.0,8162.0,630.0,0.0,0.0,0.0,0.0,0.0,0.0,0.0,0.0,0.0,0.0,0.0,0.0,0.0,0.0,0.0,0.0,0.0,0.0,0.0,0.0,0.0,0.0,0.0,0.0,0.0,0.0,0.0,0.0,0.0,0.0,0.0,0.0,0.0,0.0,0.0,0.0,0.0,0.0,0.0,0.0,0.0,0.0,0.0,0.0,0.0,0.0,0.0,0.0,0.0,0.0,0.0,0.0,0.0,0.0,0.0,0.0,137570.0
다시 태어난 야구천재,소구장,포텐,0.0,0.0,0.0,0.0,0.0,0.0,0.0,0.0,0.0,0.0,0.0,0.0,0.0,0.0,0.0,0.0,0.0,0.0,0.0,0.0,0.0,0.0,0.0,0.0,0.0,0.0,0.0,0.0,0.0,0.0,0.0,0.0,0.0,0.0,0.0,0.0,0.0,0.0,0.0,0.0,0.0,0.0,0.0,0.0,0.0,0.0,0.0,0.0,136039.0,0.0,0.0,0.0,0.0,0.0,0.0,0.0,0.0,0.0,0.0,0.0,136039.0
구천혈사,청운하,프로무림,630.0,1120.0,2442.0,576.0,3508.0,630.0,700.0,6510.0,9380.0,0.0,3780.0,1323.0,630.0,560.0,630.0,5994.0,0.0,1263.0,2520.0,630.0,1890.0,630.0,2368.0,1080.0,1260.0,1890.0,2116.0,2948.0,700.0,7172.0,5495.0,1890.0,0.0,1890.0,630.0,0.0,7560.0,2023.0,0.0,3780.0,0.0,3780.0,1890.0,3324.0,3780.0,1310.0,6918.0,5460.0,0.0,1120.0,0.0,4004.0,0.0,0.0,9100.0,3446.0,345.0,0.0,2520.0,630.0,135775.0
초혼무,와룡강,프로무림,5040.0,0.0,15120.0,0.0,0.0,0.0,0.0,0.0,0.0,0.0,0.0,0.0,7200.0,0.0,7200.0,0.0,0.0,0.0,0.0,0.0,0.0,0.0,21600.0,0.0,0.0,0.0,36000.0,0.0,0.0,0.0,0.0,0.0,0.0,0.0,0.0,0.0,0.0,0.0,0.0,0.0,0.0,36000.0,0.0,0.0,0.0,0.0,7200.0,0.0,0.0,0.0,0.0,0.0,0.0,0.0,0.0,0.0,0.0,0.0,0.0,0.0,135360.0
혈야등,청운하,프로무림,1109.0,0.0,5110.0,1960.0,1260.0,0.0,1125.0,0.0,1890.0,630.0,2520.0,0.0,3640.0,0.0,1890.0,324.0,4620.0,2093.0,3320.0,700.0,0.0,5009.0,3015.0,2835.0,9015.0,5040.0,2520.0,70.0,962.0,3990.0,1275.0,4070.0,316.0,1890.0,0.0,4410.0,630.0,0.0,6692.0,441.0,0.0,3150.0,0.0,3700.0,4410.0,1840.0,3150.0,1890.0,0.0,8190.0,1260.0,4130.0,2520.0,3780.0,2520.0,6654.0,1890.0,0.0,1890.0,0.0,135345.0
붉은 나비 혈접인 상,사마달,프로무림,3150.0,2385.0,1890.0,1890.0,2115.0,5535.0,5790.0,4410.0,630.0,5271.0,0.0,0.0,1260.0,14775.0,0.0,5320.0,2385.0,441.0,3782.0,0.0,1890.0,4726.0,8458.0,710.0,5989.0,1890.0,0.0,4107.0,4022.0,1205.0,3617.0,0.0,0.0,680.0,6716.0,0.0,4.0,630.0,1283.0,0.0,2064.0,1528.0,4128.0,2042.0,2464.0,0.0,2730.0,630.0,612.0,1838.0,0.0,2042.0,630.0,1540.0,1071.0,4373.0,0.0,0.0,689.0,0.0,135337.0
검혼무,설풍,프로무림,1174.0,6662.0,70.0,4481.0,3220.0,714.0,10710.0,3889.0,2700.0,3430.0,2131.0,3233.0,713.0,0.0,630.0,297.0,2859.0,2100.0,1890.0,2664.0,0.0,676.0,1344.0,630.0,4200.0,6860.0,4284.0,2730.0,1890.0,630.0,2656.0,1260.0,630.0,882.0,0.0,0.0,5670.0,10605.0,3914.0,1260.0,0.0,1890.0,630.0,630.0,1260.0,1890.0,420.0,2450.0,5810.0,3570.0,630.0,157.0,0.0,0.0,2025.0,5292.0,2041.0,2250.0,0.0,315.0,134948.0
화왕세기 본 천하는 불탄다,강태산,프로무림,6440.0,6510.0,3850.0,770.0,3010.0,3150.0,3780.0,1470.0,2030.0,1470.0,4690.0,1610.0,700.0,7700.0,1680.0,0.0,0.0,0.0,0.0,980.0,630.0,4270.0,840.0,15120.0,1750.0,3290.0,70.0,0.0,3080.0,2100.0,420.0,70.0,1330.0,0.0,1750.0,280.0,2660.0,15540.0,3640.0,1120.0,1820.0,1330.0,140.0,1960.0,0.0,1540.0,280.0,2030.0,2450.0,1680.0,70.0,0.0,2310.0,770.0,1540.0,1960.0,1260.0,1400.0,1680.0,1960.0,133980.0
34 대지의 일 인,서효원,프로무림,2700.0,0.0,0.0,900.0,900.0,0.0,0.0,7200.0,0.0,5400.0,3800.0,1700.0,2700.0,0.0,2700.0,5400.0,6300.0,6900.0,0.0,900.0,900.0,0.0,900.0,4600.0,900.0,0.0,1600.0,7200.0,5400.0,1800.0,900.0,900.0,0.0,0.0,3900.0,1800.0,2700.0,2700.0,0.0,2700.0,900.0,0.0,4500.0,2700.0,5400.0,900.0,0.0,9900.0,4300.0,900.0,8600.0,300.0,2700.0,4200.0,0.0,0.0,1800.0,0.0,0.0,0.0,133500.0
제35장 붕정구만리의 장2,서효원,프로무림,1700.0,100.0,0.0,900.0,1800.0,3600.0,0.0,0.0,0.0,1800.0,1800.0,2000.0,0.0,0.0,2700.0,4100.0,6500.0,2700.0,6300.0,0.0,8100.0,0.0,5400.0,9500.0,5300.0,2700.0,3600.0,3600.0,100.0,2700.0,0.0,2700.0,900.0,2700.0,2700.0,6400.0,3600.0,0.0,900.0,4500.0,1500.0,0.0,0.0,900.0,2700.0,900.0,3600.0,0.0,3600.0,3000.0,7800.0,500.0,1800.0,0.0,900.0,0.0,1800.0,2500.0,0.0,0.0,132900.0
갤럭시the Galaxy 영지 전쟁,박재학,프로무림,6335.0,4095.0,3780.0,3951.0,5540.0,7100.0,3591.0,3780.0,1890.0,630.0,2520.0,1260.0,441.0,1260.0,1890.0,0.0,630.0,0.0,1890.0,1701.0,2520.0,4851.0,1890.0,2520.0,3961.0,2390.0,1890.0,3150.0,3150.0,1890.0,0.0,1890.0,2520.0,1890.0,1568.0,630.0,630.0,3150.0,1197.0,1260.0,1890.0,1653.0,1260.0,630.0,630.0,3591.0,2772.0,1083.0,5720.0,2520.0,4523.0,1260.0,630.0,630.0,3192.0,1890.0,0.0,1071.0,1260.0,1260.0,132696.0
제30장 결자해지,사마달,프로무림,2520.0,4480.0,1820.0,630.0,5040.0,630.0,3710.0,4410.0,3780.0,1260.0,1890.0,0.0,630.0,5670.0,5530.0,70.0,0.0,1890.0,4410.0,2310.0,3150.0,5040.0,3570.0,6930.0,1890.0,0.0,1960.0,1890.0,7630.0,630.0,0.0,0.0,0.0,2870.0,3850.0,630.0,630.0,3150.0,70.0,1260.0,7560.0,1890.0,630.0,1260.0,3150.0,1890.0,1890.0,840.0,0.0,0.0,0.0,1890.0,1890.0,1890.0,1890.0,2520.0,3150.0,630.0,3780.0,70.0,132650.0
더 메모리he Memory,가람검,프로무림,0.0,3150.0,1260.0,0.0,1701.0,630.0,0.0,3150.0,6370.0,4130.0,1890.0,0.0,0.0,0.0,10220.0,2240.0,4760.0,12740.0,3150.0,4410.0,3150.0,6930.0,0.0,0.0,630.0,2520.0,4760.0,2240.0,3780.0,11606.0,2381.0,630.0,567.0,0.0,630.0,1260.0,1260.0,11200.0,0.0,0.0,0.0,1260.0,0.0,8064.0,2268.0,1827.0,0.0,0.0,630.0,1512.0,3500.0,0.0,0.0,0.0,0.0,0.0,0.0,0.0,0.0,0.0,132406.0
혈접미랑,내가위,프로무림,4465.0,2054.0,2030.0,231.0,5485.0,254.0,6827.0,1502.0,395.0,1701.0,5126.0,4354.0,4354.0,3030.0,1890.0,1888.0,1497.0,3661.0,1817.0,3116.0,3478.0,0.0,2049.0,3533.0,630.0,2475.0,6396.0,3163.0,2459.0,1960.0,0.0,329.0,1890.0,1260.0,1081.0,386.0,321.0,2023.0,1922.0,1260.0,2428.0,630.0,4559.0,3490.0,1260.0,1180.0,434.0,3843.0,6228.0,1836.0,266.0,0.0,1890.0,1260.0,2844.0,0.0,1260.0,2331.0,1701.0,2623.0,132355.0
제장 만남,사마달,프로무림,3150.0,0.0,1890.0,1190.0,1260.0,2590.0,420.0,5040.0,0.0,0.0,630.0,630.0,0.0,0.0,3150.0,3780.0,6300.0,3150.0,1260.0,6930.0,0.0,2590.0,2520.0,3150.0,0.0,3780.0,1470.0,630.0,1890.0,840.0,1890.0,1890.0,3780.0,5040.0,3150.0,3150.0,2520.0,9450.0,1890.0,0.0,1890.0,2520.0,1260.0,3500.0,1260.0,3780.0,2520.0,2520.0,2520.0,0.0,1890.0,2520.0,630.0,630.0,3780.0,2520.0,70.0,4270.0,1890.0,630.0,131600.0
제63장 브야트의 최후,박재학,프로무림,840.0,2660.0,1540.0,70.0,3080.0,1680.0,840.0,1330.0,490.0,5110.0,4130.0,0.0,0.0,0.0,0.0,0.0,10850.0,4340.0,2870.0,0.0,0.0,0.0,0.0,140.0,8260.0,2030.0,2030.0,0.0,0.0,3920.0,1190.0,420.0,280.0,0.0,700.0,3780.0,0.0,0.0,0.0,0.0,0.0,1470.0,7350.0,3500.0,4060.0,0.0,1470.0,0.0,12950.0,11690.0,70.0,1960.0,3780.0,0.0,5670.0,210.0,4620.0,0.0,0.0,9310.0,130690.0
혈루,검궁인,프로무림,1382.0,3436.0,1569.0,1859.0,4270.0,3676.0,2405.0,3426.0,1332.0,2466.0,1221.0,1225.0,1423.0,2715.0,357.0,1790.0,3818.0,2688.0,3736.0,1122.0,2685.0,3197.0,4143.0,228.0,3453.0,1726.0,680.0,990.0,1310.0,1310.0,9525.0,2457.0,2116.0,3877.0,1173.0,1481.0,0.0,0.0,630.0,3150.0,3889.0,1716.0,1764.0,2049.0,541.0,2419.0,3645.0,5018.0,3845.0,1654.0,2714.0,630.0,2872.0,1783.0,712.0,1377.0,0.0,0.0,1173.0,1377.0,129225.0
활의 마법사,마구니,프로무림,2358.0,7442.0,381.0,2520.0,1534.0,2450.0,825.0,2620.0,10522.0,2300.0,3827.0,0.0,2962.0,3241.0,247.0,1265.0,1552.0,1767.0,706.0,4290.0,320.0,2841.0,3295.0,2991.0,9257.0,0.0,534.0,2737.0,9258.0,1048.0,4342.0,5231.0,1582.0,3437.0,0.0,0.0,1939.0,0.0,3925.0,0.0,1048.0,0.0,0.0,4343.0,2106.0,0.0,0.0,2903.0,0.0,0.0,0.0,0.0,0.0,0.0,630.0,1890.0,8820.0,0.0,0.0,0.0,127286.0
제48장 역사는 바뀌지 않는다2,강태산,프로무림,2350.0,3570.0,4620.0,1400.0,0.0,70.0,70.0,1820.0,9240.0,2100.0,2380.0,2450.0,1050.0,10220.0,3220.0,0.0,3150.0,540.0,6260.0,3080.0,3840.0,3500.0,1470.0,840.0,2660.0,2240.0,1890.0,70.0,830.0,1260.0,7420.0,630.0,1330.0,910.0,1470.0,4830.0,700.0,2100.0,1750.0,910.0,1890.0,910.0,140.0,2520.0,420.0,1260.0,2450.0,6020.0,0.0,0.0,0.0,1470.0,420.0,910.0,70.0,350.0,4060.0,0.0,560.0,5110.0,126800.0
제29장 한 명의 신랑과 세 명의 신부2,서효원,프로무림,2700.0,900.0,2700.0,0.0,0.0,0.0,0.0,0.0,1800.0,1800.0,2700.0,900.0,0.0,1900.0,100.0,0.0,0.0,4200.0,1800.0,2700.0,4500.0,0.0,1300.0,0.0,0.0,0.0,2700.0,900.0,1000.0,1900.0,5400.0,900.0,4400.0,2700.0,3800.0,8100.0,6300.0,2700.0,8100.0,1800.0,9200.0,200.0,0.0,3600.0,5600.0,3500.0,900.0,1800.0,1800.0,5400.0,2700.0,1400.0,900.0,0.0,4500.0,900.0,1800.0,900.0,0.0,900.0,126700.0
제35장 검을 그대 가슴에2,서효원,프로무림,0.0,0.0,2700.0,0.0,2700.0,0.0,0.0,2700.0,0.0,900.0,0.0,0.0,2700.0,0.0,7500.0,2700.0,0.0,4500.0,0.0,0.0,4500.0,2700.0,2700.0,900.0,0.0,900.0,1800.0,2700.0,4100.0,7800.0,5700.0,2800.0,7400.0,0.0,1800.0,0.0,0.0,2700.0,7200.0,0.0,3600.0,0.0,8200.0,0.0,0.0,2700.0,4500.0,0.0,0.0,3900.0,500.0,8300.0,2400.0,0.0,0.0,4100.0,1800.0,2700.0,0.0,1800.0,126600.0
적룡왕,김형석,프로무림,14350.0,0.0,9450.0,630.0,2870.0,3150.0,0.0,0.0,1260.0,0.0,630.0,17920.0,0.0,0.0,0.0,0.0,0.0,0.0,0.0,0.0,0.0,2240.0,0.0,24640.0,3500.0,0.0,0.0,0.0,0.0,0.0,1890.0,0.0,0.0,0.0,0.0,0.0,630.0,11396.0,0.0,2520.0,0.0,0.0,5103.0,630.0,0.0,0.0,11200.0,0.0,0.0,0.0,0.0,2268.0,0.0,8960.0,0.0,0.0,0.0,0.0,0.0,0.0,125237.0
네임드 플레이어,민작가,포텐,0.0,0.0,0.0,0.0,0.0,0.0,0.0,0.0,0.0,0.0,0.0,0.0,0.0,0.0,0.0,0.0,0.0,0.0,0.0,0.0,0.0,0.0,0.0,0.0,0.0,0.0,0.0,0.0,0.0,0.0,0.0,0.0,0.0,0.0,0.0,0.0,0.0,0.0,0.0,0.0,0.0,0.0,0.0,0.0,0.0,0.0,0.0,0.0,0.0,0.0,0.0,0.0,0.0,0.0,41640.0,33700.0,0.0,31391.0,11903.0,5619.0,124253.0
호협천추,강태산,프로무림,0.0,0.0,70.0,3500.0,1750.0,350.0,4900.0,2975.0,0.0,1750.0,5250.0,140.0,210.0,0.0,0.0,0.0,140.0,7280.0,0.0,0.0,12040.0,1750.0,0.0,0.0,0.0,0.0,0.0,0.0,0.0,75.0,10920.0,0.0,1680.0,0.0,0.0,10076.0,10920.0,3780.0,1890.0,4620.0,5681.0,5398.0,1697.0,4102.0,8680.0,70.0,5250.0,2564.0,4611.0,0.0,0.0,0.0,0.0,0.0,0.0,0.0,0.0,0.0,1.0,0.0,124120.0
무림요정,관측불가,포텐,0.0,0.0,0.0,0.0,0.0,0.0,0.0,0.0,0.0,0.0,0.0,0.0,0.0,0.0,0.0,0.0,0.0,0.0,0.0,0.0,0.0,0.0,0.0,0.0,0.0,0.0,0.0,0.0,0.0,0.0,0.0,0.0,0.0,0.0,0.0,0.0,0.0,0.0,0.0,0.0,0.0,0.0,0.0,0.0,0.0,0.0,0.0,0.0,0.0,0.0,0.0,0.0,0.0,0.0,0.0,0.0,0.0,0.0,64455.0,59257.0,123712.0
무도,방수윤,프로무림,9072.0,6237.0,0.0,3402.0,3402.0,4536.0,0.0,567.0,1134.0,1701.0,567.0,0.0,0.0,0.0,2835.0,2835.0,0.0,2835.0,0.0,0.0,5670.0,6111.0,0.0,0.0,1750.0,680.0,0.0,0.0,0.0,1750.0,567.0,0.0,0.0,567.0,2835.0,0.0,0.0,0.0,0.0,0.0,3402.0,0.0,3500.0,567.0,0.0,0.0,567.0,567.0,0.0,1750.0,7079.0,27970.0,9835.0,0.0,3061.0,2268.0,0.0,567.0,2835.0,0.0,123021.0
제31장 풍운지,서효원,프로무림,0.0,2700.0,0.0,2700.0,0.0,0.0,0.0,2700.0,0.0,1800.0,0.0,1500.0,1800.0,900.0,0.0,2700.0,0.0,0.0,5400.0,900.0,9000.0,2600.0,2700.0,4800.0,600.0,2000.0,2700.0,2700.0,0.0,0.0,2700.0,0.0,0.0,10500.0,0.0,0.0,9000.0,4500.0,900.0,2700.0,12600.0,0.0,1800.0,6300.0,5200.0,3600.0,0.0,0.0,1700.0,100.0,7400.0,0.0,1700.0,0.0,0.0,300.0,900.0,900.0,0.0,0.0,123000.0
몽유강호,강태산,프로무림,7891.0,7799.0,630.0,822.0,705.0,1260.0,2992.0,13417.0,2291.0,0.0,2520.0,0.0,510.0,567.0,2159.0,1606.0,243.0,3780.0,346.0,0.0,1260.0,9445.0,789.0,779.0,4292.0,0.0,340.0,1260.0,70.0,1649.0,2832.0,952.0,3681.0,700.0,1197.0,630.0,6930.0,2073.0,630.0,7560.0,7560.0,630.0,0.0,0.0,0.0,558.0,567.0,590.0,2331.0,820.0,3136.0,2457.0,1276.0,1382.0,0.0,0.0,289.0,2317.0,0.0,1260.0,121780.0
에필로그1,서효원,프로무림,4500.0,900.0,1800.0,8100.0,0.0,0.0,1800.0,2700.0,1800.0,5400.0,100.0,5400.0,1000.0,2700.0,0.0,2700.0,0.0,2700.0,0.0,100.0,5600.0,7200.0,2700.0,2700.0,3600.0,1700.0,8100.0,0.0,2700.0,4100.0,0.0,2800.0,9800.0,2700.0,500.0,1800.0,3600.0,0.0,0.0,900.0,1800.0,2700.0,900.0,0.0,3600.0,2000.0,2700.0,0.0,0.0,1200.0,800.0,0.0,0.0,900.0,0.0,2700.0,0.0,0.0,0.0,0.0,121500.0
최후의 비무3,서효원,프로무림,900.0,1800.0,0.0,5400.0,0.0,0.0,0.0,3600.0,0.0,0.0,1100.0,5700.0,1800.0,0.0,4300.0,0.0,0.0,2700.0,900.0,4400.0,1800.0,5400.0,3600.0,0.0,3500.0,600.0,0.0,1800.0,0.0,0.0,8600.0,4800.0,3300.0,4200.0,900.0,0.0,4500.0,0.0,1800.0,1800.0,7200.0,900.0,0.0,4500.0,4500.0,6300.0,2300.0,2000.0,2700.0,0.0,1800.0,0.0,1400.0,100.0,0.0,0.0,2700.0,3900.0,1800.0,0.0,121300.0
사자성,강태산,프로무림,278.0,2177.0,4410.0,2103.0,631.0,981.0,2298.0,1931.0,2590.0,630.0,1479.0,452.0,1260.0,1260.0,962.0,2953.0,4241.0,0.0,3095.0,1226.0,374.0,0.0,4021.0,0.0,1260.0,1890.0,2553.0,0.0,0.0,502.0,1781.0,3399.0,3794.0,5642.0,4676.0,3174.0,4460.0,301.0,1591.0,5040.0,0.0,1701.0,0.0,8875.0,5241.0,1317.0,2608.0,0.0,4727.0,2100.0,645.0,2111.0,4812.0,3113.0,630.0,1134.0,0.0,0.0,1631.0,1085.0,121145.0
63 야망의 종말2,와룡강,프로무림,4860.0,5100.0,4740.0,4740.0,60.0,600.0,7500.0,300.0,2500.0,4500.0,1100.0,6800.0,700.0,3100.0,0.0,200.0,7600.0,8500.0,700.0,5200.0,400.0,500.0,7600.0,0.0,0.0,2100.0,2900.0,500.0,1000.0,1700.0,400.0,300.0,0.0,400.0,500.0,200.0,0.0,100.0,0.0,11300.0,400.0,0.0,0.0,0.0,0.0,0.0,0.0,300.0,4300.0,1400.0,100.0,6600.0,500.0,2700.0,4200.0,100.0,1300.0,0.0,0.0,300.0,120900.0
역발산,사마달,프로무림,5723.0,3715.0,592.0,2828.0,2219.0,1241.0,1903.0,2758.0,3524.0,441.0,3638.0,7021.0,4542.0,1841.0,1753.0,2131.0,2380.0,1733.0,570.0,943.0,2060.0,1389.0,1473.0,3409.0,529.0,2255.0,1403.0,153.0,7052.0,1983.0,0.0,1551.0,1197.0,1553.0,0.0,1404.0,2810.0,1573.0,1260.0,3323.0,6270.0,2877.0,923.0,364.0,2948.0,567.0,0.0,0.0,1018.0,1503.0,1310.0,2331.0,3780.0,858.0,630.0,1473.0,1495.0,1193.0,999.0,619.0,119031.0
살검록,홍파,프로무림,2680.0,461.0,1701.0,4685.0,5600.0,5347.0,590.0,1400.0,5950.0,140.0,630.0,1593.0,2170.0,0.0,0.0,1562.0,0.0,0.0,459.0,630.0,0.0,0.0,159.0,149.0,8828.0,840.0,3290.0,2800.0,1917.0,0.0,1890.0,2800.0,1294.0,3435.0,0.0,0.0,0.0,4200.0,3304.0,1890.0,0.0,9440.0,630.0,0.0,616.0,1890.0,2520.0,0.0,2041.0,0.0,3066.0,1260.0,464.0,3150.0,6580.0,5432.0,0.0,2047.0,630.0,6447.0,118607.0
질풍의 류,현자림,프로무림,5280.0,7572.0,658.0,5930.0,6715.0,2484.0,10282.0,2331.0,802.0,6729.0,3150.0,5040.0,2268.0,630.0,192.0,216.0,2131.0,306.0,567.0,2520.0,1160.0,1260.0,3981.0,5418.0,630.0,3780.0,1973.0,6266.0,2903.0,1498.0,1890.0,0.0,960.0,2458.0,0.0,1270.0,0.0,3150.0,2041.0,1016.0,501.0,0.0,4972.0,567.0,0.0,0.0,0.0,0.0,0.0,1890.0,0.0,630.0,0.0,0.0,1890.0,0.0,0.0,680.0,0.0,0.0,118587.0
종결의 장 아직 끝나지 않은 행보2,청산,프로무림,6860.0,3780.0,0.0,1680.0,0.0,630.0,1540.0,2520.0,6370.0,3150.0,1890.0,5040.0,4620.0,4270.0,3150.0,5810.0,4410.0,3150.0,2520.0,3290.0,8190.0,7560.0,2520.0,3780.0,0.0,3220.0,0.0,0.0,0.0,420.0,3780.0,2520.0,1260.0,0.0,0.0,4410.0,0.0,0.0,3150.0,350.0,3150.0,770.0,0.0,0.0,0.0,0.0,0.0,0.0,0.0,0.0,0.0,0.0,0.0,0.0,0.0,2520.0,0.0,1890.0,3010.0,560.0,117740.0
혈루몽2,강태산,프로무림,6770.0,1260.0,3780.0,2520.0,3710.0,1260.0,2520.0,1260.0,630.0,4340.0,2520.0,2520.0,3150.0,2520.0,1890.0,2520.0,1260.0,1260.0,630.0,0.0,0.0,0.0,3780.0,1890.0,630.0,1260.0,1890.0,630.0,1890.0,630.0,630.0,4410.0,3080.0,630.0,1890.0,1890.0,4340.0,4340.0,1890.0,2450.0,4970.0,630.0,1890.0,1260.0,1260.0,630.0,3150.0,1260.0,3367.0,2977.0,630.0,1260.0,1260.0,1890.0,630.0,1260.0,1260.0,630.0,630.0,1260.0,116574.0
마창3,류운,프로무림,4500.0,16040.0,2430.0,630.0,8750.0,0.0,2961.0,0.0,0.0,1890.0,630.0,4851.0,1890.0,2520.0,1890.0,3068.0,630.0,1890.0,1890.0,3710.0,1260.0,630.0,9450.0,5481.0,0.0,1890.0,8820.0,1890.0,630.0,3780.0,8050.0,1260.0,0.0,1071.0,1260.0,630.0,0.0,630.0,630.0,2457.0,630.0,642.0,0.0,0.0,0.0,1890.0,441.0,630.0,0.0,0.0,0.0,0.0,0.0,0.0,1085.0,630.0,0.0,0.0,0.0,0.0,115937.0
갤럭시the Galaxy 갤럭시 제국,박재학,프로무림,3870.0,4850.0,990.0,1755.0,2331.0,3500.0,2385.0,4316.0,2331.0,630.0,1890.0,630.0,441.0,630.0,1125.0,630.0,1260.0,495.0,0.0,2826.0,2880.0,3780.0,1125.0,3015.0,14289.0,5739.0,2745.0,495.0,3510.0,1755.0,2619.0,2250.0,2385.0,0.0,4318.0,523.0,630.0,1535.0,1260.0,1724.0,630.0,2354.0,1558.0,464.0,1724.0,929.0,630.0,441.0,3901.0,1157.0,1653.0,0.0,991.0,630.0,1071.0,1260.0,0.0,0.0,1260.0,1260.0,115375.0
국립재벌이 회귀했는데 뭔들 못하겠어,흑곰작가,포텐,0.0,0.0,0.0,0.0,0.0,0.0,0.0,0.0,0.0,0.0,0.0,0.0,0.0,0.0,0.0,0.0,0.0,0.0,0.0,0.0,0.0,0.0,0.0,0.0,0.0,0.0,0.0,0.0,0.0,0.0,0.0,0.0,0.0,0.0,0.0,0.0,0.0,0.0,0.0,0.0,0.0,0.0,0.0,0.0,0.0,0.0,0.0,0.0,0.0,0.0,0.0,0.0,0.0,0.0,0.0,0.0,0.0,115200.0,0.0,0.0,115200.0
제장 그리고,사마달,프로무림,2170.0,0.0,1890.0,910.0,1890.0,3430.0,630.0,3780.0,0.0,630.0,1890.0,0.0,0.0,2520.0,3150.0,2520.0,6020.0,2520.0,0.0,5040.0,0.0,840.0,0.0,1260.0,2520.0,3150.0,0.0,0.0,1890.0,630.0,3150.0,1260.0,3780.0,3780.0,840.0,5040.0,0.0,7560.0,1890.0,630.0,630.0,3150.0,1890.0,1960.0,2520.0,1890.0,2520.0,3150.0,3150.0,0.0,1890.0,1890.0,0.0,1260.0,4410.0,630.0,2520.0,1820.0,2520.0,0.0,115010.0
광마,강태산,프로무림,8704.0,4084.0,0.0,3310.0,5404.0,1540.0,998.0,935.0,4200.0,0.0,1890.0,770.0,630.0,2730.0,1628.0,927.0,1210.0,630.0,3045.0,1890.0,0.0,1260.0,4086.0,450.0,1890.0,0.0,5223.0,2320.0,830.0,631.0,897.0,759.0,9324.0,0.0,0.0,4788.0,2570.0,2457.0,2772.0,2033.0,1868.0,1890.0,1937.0,0.0,0.0,3250.0,0.0,1310.0,2331.0,2656.0,1725.0,3785.0,1990.0,0.0,1374.0,0.0,0.0,0.0,1890.0,1925.0,114746.0
초혼무 초혼의 사자 편,와룡강,프로무림,3600.0,900.0,2700.0,540.0,6930.0,0.0,1800.0,1800.0,1800.0,2900.0,6700.0,4700.0,0.0,900.0,1800.0,1800.0,1800.0,5800.0,4000.0,0.0,0.0,3600.0,4900.0,3600.0,0.0,0.0,900.0,0.0,3600.0,0.0,3800.0,2700.0,1200.0,5600.0,4900.0,900.0,900.0,1800.0,900.0,3600.0,1800.0,3600.0,0.0,0.0,0.0,100.0,900.0,0.0,0.0,900.0,2100.0,900.0,0.0,2700.0,0.0,0.0,0.0,3600.0,3800.0,900.0,114670.0
운중월,홍파,프로무림,5602.0,3026.0,4482.0,3908.0,2783.0,4884.0,206.0,121.0,970.0,0.0,0.0,0.0,2140.0,0.0,929.0,792.0,0.0,375.0,0.0,369.0,630.0,4410.0,1610.0,3119.0,9297.0,1359.0,1343.0,3385.0,601.0,0.0,5741.0,625.0,3745.0,427.0,1903.0,0.0,0.0,0.0,848.0,1890.0,7630.0,2345.0,536.0,0.0,0.0,0.0,0.0,0.0,3931.0,1890.0,532.0,0.0,3928.0,5544.0,3754.0,5922.0,2811.0,1890.0,1890.0,98.0,114221.0
제31장 의,와룡강,프로무림,2730.0,980.0,1960.0,840.0,840.0,2300.0,2900.0,600.0,4600.0,200.0,700.0,2000.0,5600.0,6100.0,1600.0,1000.0,400.0,6800.0,3000.0,5700.0,0.0,0.0,100.0,100.0,3900.0,900.0,300.0,1300.0,200.0,1700.0,1700.0,1600.0,6100.0,5500.0,2700.0,400.0,1500.0,500.0,1900.0,1500.0,1600.0,900.0,0.0,2000.0,100.0,0.0,500.0,4700.0,3800.0,400.0,7300.0,100.0,200.0,100.0,1300.0,2300.0,4200.0,300.0,300.0,500.0,113350.0
야망검,강태산,프로무림,770.0,20580.0,10360.0,7280.0,2240.0,560.0,4578.0,0.0,1890.0,1540.0,1750.0,0.0,350.0,1120.0,1610.0,0.0,490.0,1227.0,0.0,0.0,0.0,611.0,0.0,0.0,0.0,0.0,0.0,0.0,79.0,5250.0,0.0,210.0,0.0,0.0,3500.0,1292.0,7625.0,1360.0,0.0,1612.0,490.0,0.0,8757.0,490.0,3500.0,2240.0,16520.0,1750.0,0.0,0.0,0.0,0.0,0.0,0.0,0.0,1008.0,0.0,0.0,0.0,0.0,112639.0
제60장 천왕의 혼2,서효원,프로무림,100.0,0.0,0.0,0.0,0.0,0.0,0.0,0.0,0.0,0.0,0.0,700.0,600.0,15100.0,10300.0,8800.0,0.0,0.0,1300.0,2400.0,0.0,3900.0,4000.0,0.0,0.0,0.0,0.0,0.0,0.0,0.0,200.0,2400.0,600.0,0.0,0.0,0.0,200.0,0.0,0.0,0.0,2500.0,3200.0,500.0,4000.0,400.0,9700.0,1200.0,1400.0,100.0,30000.0,0.0,200.0,0.0,900.0,0.0,0.0,3400.0,0.0,2400.0,2100.0,112600.0
협기만장,강태산,프로무림,1892.0,744.0,4021.0,3361.0,5243.0,1980.0,251.0,4223.0,2111.0,0.0,0.0,2100.0,2504.0,2605.0,4980.0,2239.0,1565.0,0.0,1890.0,2286.0,1573.0,0.0,2839.0,0.0,4450.0,0.0,2309.0,1890.0,332.0,2004.0,0.0,589.0,590.0,0.0,0.0,10122.0,3577.0,630.0,2292.0,6300.0,3213.0,175.0,1260.0,2100.0,1844.0,2305.0,3543.0,437.0,0.0,558.0,2645.0,0.0,630.0,630.0,2589.0,1890.0,0.0,4009.0,165.0,927.0,112412.0
환골탈태,와룡강,프로무림,0.0,0.0,0.0,0.0,0.0,0.0,0.0,0.0,0.0,28000.0,0.0,0.0,0.0,0.0,0.0,0.0,0.0,0.0,0.0,0.0,0.0,0.0,28000.0,0.0,0.0,0.0,0.0,0.0,0.0,0.0,0.0,0.0,0.0,0.0,0.0,0.0,0.0,0.0,56000.0,0.0,0.0,0.0,0.0,0.0,0.0,0.0,0.0,0.0,0.0,0.0,0.0,0.0,0.0,0.0,0.0,0.0,0.0,0.0,0.0,0.0,112000.0
소공자 가출사건,지미신,포텐,21266.0,0.0,4032.0,2240.0,0.0,8960.0,1750.0,14000.0,5250.0,3500.0,1750.0,5250.0,0.0,0.0,0.0,0.0,4480.0,4480.0,0.0,0.0,0.0,0.0,2240.0,0.0,0.0,2240.0,0.0,0.0,0.0,0.0,0.0,0.0,0.0,0.0,4480.0,0.0,4480.0,0.0,0.0,2700.0,0.0,0.0,0.0,0.0,0.0,0.0,0.0,0.0,0.0,0.0,0.0,0.0,0.0,0.0,6741.0,4410.0,0.0,3049.0,0.0,4410.0,111708.0
절정검호,홍파,프로무림,0.0,5818.0,1233.0,2836.0,5016.0,3371.0,5202.0,2981.0,121.0,1399.0,1217.0,1152.0,248.0,2520.0,1419.0,2332.0,327.0,621.0,350.0,3614.0,3269.0,0.0,3920.0,630.0,2144.0,2132.0,726.0,1734.0,1313.0,0.0,338.0,6895.0,2880.0,2559.0,630.0,0.0,630.0,0.0,2203.0,0.0,6090.0,4882.0,630.0,0.0,0.0,0.0,588.0,0.0,2637.0,1400.0,1400.0,1890.0,2339.0,0.0,5755.0,6113.0,1890.0,681.0,0.0,1620.0,111695.0
부황전설 황룡점정,이유성,프로무림,6340.0,1577.0,3146.0,2186.0,6461.0,630.0,7560.0,619.0,7532.0,5315.0,4080.0,630.0,222.0,2385.0,5670.0,3777.0,630.0,303.0,2444.0,5418.0,3344.0,1260.0,0.0,1260.0,3528.0,5555.0,3691.0,2870.0,2331.0,3780.0,3150.0,1890.0,1825.0,2880.0,0.0,630.0,3150.0,2240.0,630.0,464.0,0.0,0.0,0.0,0.0,0.0,0.0,0.0,0.0,0.0,0.0,0.0,0.0,0.0,0.0,0.0,0.0,0.0,0.0,0.0,0.0,111403.0
암흑제왕,아도인,프로무림,5789.0,0.0,1960.0,0.0,3147.0,0.0,630.0,4338.0,1755.0,630.0,770.0,630.0,1974.0,2391.0,1323.0,792.0,3080.0,630.0,0.0,1960.0,252.0,630.0,3309.0,2489.0,2909.0,3150.0,2434.0,2891.0,1960.0,2090.0,800.0,1890.0,0.0,6250.0,5670.0,3780.0,0.0,1890.0,2590.0,2520.0,1260.0,0.0,5103.0,0.0,0.0,325.0,0.0,0.0,1890.0,5932.0,4676.0,0.0,5670.0,0.0,630.0,1890.0,0.0,0.0,1050.0,3535.0,111264.0
벽력무진3,강태산,프로무림,6340.0,2580.0,280.0,630.0,2310.0,1330.0,5740.0,5460.0,2520.0,0.0,140.0,2450.0,2800.0,5150.0,1400.0,2590.0,700.0,10220.0,0.0,1120.0,210.0,1540.0,5390.0,7980.0,2660.0,1260.0,1330.0,140.0,0.0,2800.0,70.0,280.0,2450.0,0.0,1190.0,1610.0,1610.0,2520.0,1260.0,70.0,0.0,0.0,1400.0,4698.0,2030.0,2170.0,4060.0,0.0,630.0,0.0,0.0,0.0,0.0,1890.0,1470.0,1610.0,1190.0,70.0,0.0,1260.0,110608.0
제27장 멈추지 않는 流의 하늘3,사마달,프로무림,1260.0,0.0,0.0,6790.0,3290.0,1750.0,1260.0,1890.0,2940.0,630.0,0.0,2520.0,3150.0,0.0,630.0,2170.0,980.0,3150.0,0.0,630.0,1890.0,1260.0,3780.0,1890.0,0.0,630.0,2520.0,4200.0,1890.0,5040.0,630.0,1890.0,1890.0,1890.0,70.0,630.0,2590.0,0.0,0.0,1890.0,4410.0,3150.0,1190.0,2660.0,630.0,1260.0,3780.0,4410.0,3150.0,630.0,0.0,630.0,1890.0,3780.0,3150.0,0.0,3150.0,1260.0,3780.0,0.0,110530.0
옥면호리,강태산,프로무림,1431.0,0.0,1487.0,4198.0,0.0,1491.0,807.0,7928.0,5520.0,1890.0,1260.0,13090.0,632.0,297.0,2520.0,932.0,243.0,630.0,7560.0,4005.0,320.0,0.0,3397.0,4559.0,0.0,0.0,0.0,0.0,5397.0,1212.0,0.0,1581.0,3152.0,7547.0,0.0,0.0,3360.0,0.0,3990.0,6090.0,700.0,1890.0,0.0,0.0,1260.0,0.0,3381.0,593.0,0.0,669.0,266.0,2457.0,1134.0,1018.0,0.0,630.0,0.0,0.0,0.0,0.0,110524.0
광혈사혼무,설풍,프로무림,630.0,2034.0,1400.0,1347.0,3164.0,701.0,1890.0,2107.0,4385.0,630.0,2815.0,0.0,0.0,0.0,3780.0,2194.0,840.0,158.0,350.0,0.0,0.0,0.0,2520.0,5991.0,7910.0,1120.0,0.0,4410.0,3150.0,1036.0,0.0,6862.0,0.0,3780.0,0.0,1680.0,630.0,3780.0,2310.0,1260.0,0.0,6580.0,2940.0,630.0,630.0,0.0,630.0,4473.0,2437.0,0.0,0.0,0.0,899.0,630.0,2025.0,9374.0,1890.0,0.0,1890.0,0.0,109892.0
제35장 숭산이여 말하지 말라,서효원,프로무림,0.0,0.0,2700.0,3600.0,1800.0,900.0,0.0,2700.0,0.0,0.0,2700.0,2700.0,2700.0,1800.0,0.0,5400.0,0.0,1400.0,900.0,1800.0,0.0,9000.0,900.0,0.0,0.0,0.0,0.0,0.0,3600.0,0.0,2700.0,7700.0,0.0,0.0,2700.0,0.0,2700.0,5400.0,3600.0,0.0,3600.0,0.0,0.0,2700.0,2700.0,5400.0,1800.0,900.0,4500.0,900.0,7200.0,0.0,2200.0,0.0,900.0,0.0,900.0,4500.0,0.0,900.0,108500.0
야한 회사에서 대박남,파워레인젖,올나이트노벨,0.0,0.0,0.0,0.0,0.0,0.0,0.0,0.0,0.0,0.0,0.0,0.0,0.0,0.0,0.0,0.0,0.0,0.0,0.0,0.0,0.0,0.0,0.0,0.0,0.0,0.0,0.0,0.0,0.0,0.0,0.0,0.0,0.0,0.0,0.0,0.0,0.0,0.0,0.0,0.0,0.0,0.0,0.0,0.0,0.0,0.0,0.0,0.0,0.0,0.0,0.0,0.0,0.0,0.0,0.0,0.0,0.0,0.0,0.0,108475.0,108475.0
지존수 대 지존수3,서효원,프로무림,1800.0,100.0,1800.0,900.0,900.0,3600.0,900.0,0.0,0.0,2700.0,1800.0,0.0,1800.0,900.0,0.0,4400.0,1900.0,1000.0,3600.0,0.0,2700.0,11700.0,2700.0,100.0,800.0,1700.0,900.0,2700.0,0.0,2700.0,0.0,900.0,8100.0,900.0,400.0,4500.0,3600.0,2700.0,1800.0,2700.0,1800.0,2700.0,900.0,900.0,0.0,5000.0,2700.0,0.0,0.0,100.0,3100.0,1800.0,3600.0,0.0,0.0,0.0,0.0,0.0,700.0,5200.0,108200.0
제28장 일검혈일검한3,서효원,프로무림,0.0,1800.0,0.0,2700.0,2700.0,1800.0,900.0,2700.0,0.0,0.0,200.0,900.0,2700.0,2700.0,2700.0,0.0,2700.0,0.0,1800.0,0.0,2900.0,9100.0,4500.0,3600.0,900.0,2900.0,2700.0,1800.0,2700.0,4500.0,900.0,4500.0,1700.0,2700.0,3600.0,0.0,1800.0,2700.0,3600.0,0.0,2700.0,2700.0,900.0,1800.0,2700.0,1800.0,900.0,3600.0,900.0,0.0,0.0,5400.0,0.0,0.0,1300.0,0.0,0.0,0.0,0.0,0.0,108100.0
제 장,사마달,프로무림,7210.0,5600.0,3220.0,0.0,1820.0,70.0,8120.0,8050.0,770.0,0.0,0.0,0.0,840.0,0.0,1120.0,1190.0,1400.0,910.0,7000.0,0.0,1820.0,1330.0,630.0,4550.0,5040.0,5950.0,0.0,1260.0,980.0,0.0,3080.0,1190.0,1190.0,2660.0,350.0,0.0,0.0,0.0,0.0,2310.0,3010.0,0.0,6160.0,2380.0,5320.0,1960.0,910.0,70.0,2450.0,910.0,0.0,0.0,2100.0,210.0,0.0,0.0,0.0,2730.0,70.0,0.0,107940.0
제31장 최후의 여정,서효원,프로무림,2700.0,0.0,3600.0,0.0,0.0,0.0,0.0,5400.0,900.0,900.0,0.0,0.0,3600.0,0.0,1800.0,2700.0,4600.0,1500.0,0.0,0.0,4100.0,1200.0,0.0,0.0,1800.0,900.0,6000.0,1800.0,2700.0,0.0,900.0,0.0,0.0,0.0,0.0,2700.0,5400.0,0.0,2700.0,3800.0,9700.0,900.0,1800.0,1800.0,6300.0,1800.0,0.0,3600.0,1800.0,6500.0,5400.0,0.0,900.0,900.0,900.0,2700.0,0.0,1100.0,0.0,0.0,107800.0
돌아갈 길,사마달,프로무림,2660.0,0.0,840.0,2030.0,0.0,2520.0,3780.0,3780.0,2100.0,0.0,280.0,0.0,2520.0,4760.0,3780.0,0.0,2310.0,1890.0,0.0,1260.0,1890.0,630.0,3780.0,3990.0,0.0,1400.0,3920.0,3150.0,7560.0,0.0,0.0,7560.0,1400.0,0.0,70.0,0.0,1890.0,1260.0,1890.0,3150.0,4340.0,1470.0,0.0,1890.0,3150.0,1890.0,0.0,2520.0,3220.0,0.0,0.0,3150.0,910.0,1890.0,1890.0,0.0,0.0,630.0,630.0,1890.0,107520.0
제 장 비검낙마落,서효원,프로무림,0.0,8700.0,3600.0,900.0,1800.0,0.0,2700.0,0.0,0.0,3600.0,2700.0,0.0,0.0,1200.0,1300.0,3600.0,3600.0,5400.0,2700.0,0.0,900.0,2700.0,2700.0,900.0,0.0,0.0,3600.0,0.0,900.0,900.0,1800.0,2700.0,1800.0,2700.0,1000.0,0.0,4500.0,3600.0,3600.0,0.0,3600.0,0.0,0.0,4500.0,4500.0,0.0,3600.0,0.0,0.0,0.0,4600.0,0.0,0.0,3700.0,3600.0,0.0,0.0,0.0,0.0,2700.0,106900.0
마창4,류운,프로무림,2070.0,15230.0,2430.0,630.0,5670.0,4900.0,2520.0,0.0,0.0,1890.0,630.0,3591.0,1890.0,2520.0,1890.0,3068.0,0.0,1260.0,1890.0,3080.0,1260.0,630.0,8190.0,5481.0,0.0,1890.0,8190.0,1890.0,630.0,2520.0,7420.0,1260.0,420.0,1071.0,1260.0,0.0,0.0,630.0,630.0,1890.0,0.0,640.0,0.0,0.0,0.0,1890.0,0.0,630.0,0.0,0.0,0.0,0.0,0.0,0.0,1890.0,630.0,0.0,0.0,0.0,0.0,106101.0
랑1,강태산,프로무림,1373.0,645.0,4134.0,2229.0,2034.0,1466.0,1487.0,0.0,2696.0,2741.0,1018.0,630.0,630.0,0.0,368.0,4126.0,3652.0,630.0,855.0,2041.0,2348.0,1260.0,1260.0,2039.0,585.0,2465.0,1890.0,1890.0,0.0,2837.0,274.0,759.0,549.0,8735.0,2450.0,1283.0,5821.0,3795.0,1260.0,630.0,689.0,2531.0,0.0,0.0,1360.0,1595.0,5821.0,1260.0,0.0,2303.0,2614.0,1310.0,1277.0,767.0,0.0,1890.0,2331.0,307.0,2479.0,2450.0,105869.0
제삼십사장 성니 한 사람의,천중행,프로무림,0.0,140.0,11480.0,4970.0,0.0,3570.0,0.0,560.0,2800.0,9380.0,5670.0,1890.0,3360.0,1820.0,70.0,4340.0,0.0,4690.0,3780.0,1330.0,1610.0,140.0,0.0,2520.0,3430.0,0.0,1260.0,1260.0,0.0,0.0,3150.0,1330.0,5320.0,0.0,140.0,0.0,3150.0,0.0,0.0,0.0,0.0,7000.0,0.0,1260.0,0.0,630.0,2240.0,70.0,840.0,1260.0,0.0,0.0,980.0,1680.0,0.0,1260.0,2730.0,0.0,1260.0,0.0,104370.0
제 장 주인 없는,사마달,프로무림,4410.0,1610.0,840.0,0.0,3920.0,3990.0,5110.0,2240.0,3360.0,4410.0,0.0,630.0,1260.0,2730.0,630.0,2520.0,630.0,630.0,2520.0,0.0,3430.0,1260.0,1330.0,0.0,3150.0,280.0,4340.0,1820.0,1120.0,0.0,1610.0,1190.0,0.0,210.0,0.0,3780.0,1260.0,0.0,0.0,1890.0,0.0,1890.0,3150.0,1260.0,3150.0,0.0,1260.0,3150.0,5670.0,0.0,0.0,1260.0,8190.0,0.0,0.0,0.0,630.0,4130.0,0.0,2520.0,104370.0
쟁패천하,강태산,프로무림,2424.0,2520.0,980.0,1556.0,1952.0,5271.0,4520.0,7490.0,700.0,0.0,630.0,0.0,0.0,1701.0,2939.0,162.0,1924.0,0.0,0.0,630.0,0.0,2268.0,319.0,1850.0,0.0,0.0,5612.0,6129.0,2240.0,1977.0,1556.0,2664.0,2385.0,0.0,3430.0,7308.0,630.0,11242.0,0.0,1890.0,0.0,0.0,1108.0,340.0,594.0,2402.0,0.0,0.0,0.0,630.0,2763.0,4060.0,260.0,0.0,0.0,0.0,0.0,2602.0,0.0,2326.0,103984.0
영웅은 쉬고 싶다타플,만선,포텐,0.0,0.0,0.0,0.0,0.0,0.0,0.0,0.0,0.0,0.0,0.0,0.0,0.0,0.0,0.0,0.0,0.0,0.0,0.0,0.0,0.0,0.0,0.0,0.0,0.0,0.0,0.0,0.0,0.0,0.0,0.0,0.0,0.0,0.0,0.0,0.0,0.0,0.0,0.0,0.0,0.0,0.0,0.0,0.0,0.0,0.0,0.0,0.0,16382.0,23873.0,15211.0,26410.0,6220.0,4975.0,825.0,5075.0,0.0,0.0,882.0,3906.0,103759.0
제45장 천하제일검5,설봉,프로무림,900.0,0.0,2400.0,0.0,3500.0,100.0,500.0,0.0,0.0,300.0,5600.0,800.0,0.0,2200.0,0.0,0.0,0.0,0.0,0.0,0.0,0.0,18800.0,2500.0,500.0,0.0,200.0,0.0,0.0,100.0,2400.0,0.0,0.0,0.0,200.0,0.0,0.0,0.0,0.0,0.0,0.0,0.0,0.0,10000.0,25500.0,1500.0,0.0,0.0,1900.0,0.0,0.0,0.0,10600.0,6400.0,0.0,0.0,6700.0,0.0,0.0,0.0,0.0,103600.0
백야1,강태산,프로무림,2021.0,2215.0,2722.0,1802.0,2462.0,837.0,1464.0,1784.0,873.0,1515.0,1645.0,2538.0,600.0,2283.0,2357.0,271.0,1700.0,367.0,994.0,2628.0,1890.0,939.0,1584.0,4523.0,451.0,1368.0,630.0,1413.0,1390.0,2514.0,1534.0,2784.0,630.0,3076.0,2014.0,851.0,1310.0,2961.0,9480.0,1260.0,630.0,2038.0,0.0,427.0,0.0,358.0,1628.0,0.0,1071.0,1707.0,4485.0,630.0,5541.0,1813.0,2916.0,316.0,630.0,325.0,630.0,2085.0,102910.0
국립검은 머리 미국 대재벌,흑곰작가,포텐,0.0,0.0,0.0,0.0,0.0,0.0,0.0,0.0,0.0,0.0,0.0,0.0,0.0,0.0,0.0,0.0,0.0,0.0,0.0,0.0,0.0,0.0,0.0,0.0,0.0,0.0,0.0,0.0,0.0,0.0,0.0,0.0,0.0,0.0,0.0,0.0,0.0,0.0,0.0,0.0,0.0,0.0,0.0,0.0,0.0,0.0,0.0,0.0,0.0,0.0,0.0,0.0,0.0,0.0,0.0,0.0,0.0,102400.0,0.0,0.0,102400.0
무적신마에게 전한다,서효원,프로무림,0.0,3600.0,2700.0,6900.0,0.0,3600.0,0.0,900.0,0.0,1800.0,0.0,0.0,1800.0,0.0,3600.0,900.0,0.0,4500.0,3600.0,1800.0,1800.0,3600.0,1800.0,0.0,0.0,2700.0,1800.0,0.0,3600.0,0.0,0.0,2800.0,0.0,2700.0,1400.0,2700.0,3600.0,2700.0,2700.0,0.0,4500.0,5400.0,1800.0,0.0,1800.0,1800.0,0.0,4500.0,1300.0,0.0,2700.0,2700.0,0.0,0.0,0.0,0.0,3600.0,0.0,2700.0,0.0,102400.0
고향으로,강태산,프로무림,910.0,0.0,140.0,0.0,2240.0,3010.0,2380.0,1260.0,1960.0,1330.0,2240.0,4690.0,1190.0,350.0,6090.0,140.0,1400.0,1120.0,980.0,2590.0,2870.0,4690.0,1330.0,2450.0,210.0,630.0,5320.0,280.0,840.0,0.0,9170.0,0.0,910.0,2030.0,980.0,280.0,700.0,0.0,1540.0,2520.0,0.0,210.0,0.0,0.0,3780.0,0.0,2310.0,8120.0,350.0,1400.0,1050.0,0.0,10010.0,2380.0,630.0,210.0,0.0,210.0,0.0,0.0,101430.0
S급 작가가 되었다,워드벤처,포텐,0.0,0.0,0.0,0.0,0.0,0.0,0.0,0.0,0.0,0.0,0.0,0.0,0.0,0.0,0.0,0.0,0.0,0.0,0.0,0.0,0.0,0.0,0.0,0.0,0.0,0.0,5670.0,10990.0,6720.0,2800.0,3640.0,9940.0,17138.0,1438.0,2409.0,4362.0,6262.0,72.0,8664.0,690.0,3202.0,96.0,1.0,0.0,0.0,0.0,4200.0,0.0,3710.0,632.0,46.0,6732.0,139.0,508.0,63.0,453.0,4.0,0.0,649.0,0.0,101230.0
용등사해,강태산,프로무림,3087.0,2110.0,1058.0,2185.0,1647.0,3582.0,70.0,2273.0,832.0,630.0,2023.0,1260.0,0.0,2924.0,1626.0,1420.0,571.0,1701.0,0.0,1890.0,1960.0,1193.0,2049.0,300.0,630.0,1260.0,0.0,630.0,1401.0,630.0,0.0,952.0,2206.0,0.0,0.0,1890.0,3990.0,11151.0,3692.0,6300.0,0.0,5233.0,0.0,0.0,3544.0,0.0,2041.0,0.0,2520.0,2403.0,1280.0,540.0,447.0,2156.0,0.0,1658.0,0.0,2047.0,0.0,6206.0,101198.0
가장 존귀한 것,서효원,프로무림,100.0,8400.0,1800.0,2700.0,0.0,0.0,0.0,3600.0,0.0,6100.0,0.0,0.0,0.0,900.0,5300.0,2700.0,3200.0,1100.0,2700.0,0.0,700.0,2700.0,3100.0,900.0,0.0,0.0,2700.0,0.0,0.0,3600.0,900.0,1200.0,1600.0,6300.0,0.0,0.0,900.0,900.0,0.0,0.0,3600.0,0.0,0.0,0.0,7200.0,2700.0,0.0,0.0,2300.0,2700.0,0.0,2900.0,7000.0,0.0,900.0,3200.0,0.0,0.0,3100.0,0.0,99700.0
제50장 자객의 숙명,청산,프로무림,6930.0,1260.0,0.0,2520.0,0.0,2520.0,8820.0,6930.0,5040.0,0.0,630.0,4410.0,3150.0,5040.0,2520.0,630.0,5040.0,5040.0,0.0,1890.0,6930.0,3780.0,6930.0,2520.0,1260.0,0.0,1890.0,0.0,3150.0,0.0,0.0,1890.0,3780.0,2520.0,2520.0,0.0,0.0,0.0,0.0,0.0,0.0,0.0,0.0,0.0,0.0,0.0,0.0,0.0,0.0,0.0,0.0,0.0,0.0,0.0,0.0,0.0,0.0,0.0,0.0,0.0,99540.0
전설이 돼라,조건상,프로무림,8100.0,0.0,0.0,0.0,0.0,0.0,6930.0,0.0,0.0,1890.0,0.0,0.0,0.0,0.0,0.0,0.0,0.0,0.0,0.0,0.0,59850.0,0.0,0.0,0.0,0.0,0.0,0.0,0.0,1260.0,0.0,0.0,7560.0,0.0,0.0,0.0,3150.0,2450.0,0.0,0.0,0.0,0.0,0.0,0.0,0.0,0.0,0.0,0.0,0.0,0.0,6930.0,0.0,0.0,0.0,0.0,0.0,0.0,0.0,0.0,0.0,0.0,98120.0
졸부 집 망나니 외,백범(白凡),포텐,34860.0,22820.0,13860.0,1750.0,3220.0,140.0,700.0,770.0,770.0,70.0,1470.0,0.0,420.0,1190.0,0.0,700.0,1330.0,0.0,280.0,1400.0,70.0,1330.0,0.0,280.0,0.0,770.0,840.0,0.0,1190.0,1400.0,1470.0,630.0,840.0,2240.0,630.0,630.0,0.0,0.0,0.0,0.0,0.0,0.0,0.0,0.0,0.0,0.0,0.0,0.0,0.0,0.0,0.0,0.0,0.0,0.0,0.0,0.0,0.0,0.0,0.0,0.0,98070.0
보스 몹이 너무 강함,민작가,포텐,0.0,0.0,0.0,0.0,0.0,0.0,0.0,0.0,0.0,0.0,0.0,0.0,0.0,0.0,0.0,0.0,0.0,0.0,0.0,0.0,0.0,0.0,0.0,0.0,0.0,0.0,0.0,0.0,0.0,0.0,0.0,0.0,0.0,0.0,0.0,0.0,0.0,0.0,0.0,0.0,0.0,0.0,0.0,0.0,0.0,0.0,0.0,0.0,0.0,0.0,0.0,0.0,0.0,0.0,25536.0,12096.0,0.0,42089.0,10240.0,7840.0,97801.0
알피지 시티,킹메이커,포텐,0.0,0.0,0.0,0.0,0.0,0.0,0.0,0.0,0.0,0.0,0.0,0.0,0.0,0.0,0.0,0.0,0.0,0.0,0.0,0.0,0.0,0.0,0.0,0.0,0.0,0.0,0.0,0.0,0.0,0.0,0.0,0.0,0.0,0.0,0.0,0.0,0.0,0.0,0.0,0.0,0.0,0.0,0.0,0.0,0.0,0.0,0.0,0.0,2860.0,0.0,0.0,0.0,0.0,0.0,0.0,0.0,0.0,0.0,80592.0,13545.0,96997.0
전귀야행,강태산,프로무림,5407.0,570.0,0.0,2140.0,630.0,5016.0,1075.0,2863.0,2334.0,0.0,0.0,1209.0,1230.0,0.0,2227.0,2895.0,2133.0,0.0,2520.0,3780.0,638.0,630.0,1267.0,2331.0,1314.0,2291.0,3212.0,414.0,825.0,3230.0,630.0,1283.0,4143.0,6111.0,0.0,3080.0,0.0,0.0,2520.0,0.0,1898.0,1890.0,401.0,0.0,617.0,835.0,2041.0,2365.0,630.0,2416.0,630.0,333.0,3598.0,5780.0,630.0,0.0,630.0,0.0,0.0,2344.0,96986.0
마창5,류운,프로무림,2070.0,12980.0,1620.0,1260.0,5670.0,4900.0,1890.0,0.0,0.0,2520.0,630.0,2961.0,2520.0,1260.0,3150.0,2412.0,0.0,1260.0,1890.0,3080.0,630.0,630.0,6300.0,6111.0,0.0,1260.0,5670.0,2520.0,630.0,2520.0,7210.0,1260.0,630.0,1071.0,1260.0,630.0,0.0,0.0,1260.0,1260.0,0.0,642.0,0.0,0.0,0.0,630.0,0.0,630.0,0.0,0.0,0.0,0.0,0.0,0.0,1260.0,630.0,0.0,0.0,0.0,0.0,96717.0
제30장 마야여,서효원,프로무림,0.0,0.0,0.0,0.0,0.0,0.0,0.0,900.0,1800.0,900.0,5400.0,5400.0,6100.0,2700.0,0.0,0.0,900.0,4500.0,2700.0,0.0,2700.0,1800.0,2700.0,6300.0,900.0,0.0,2700.0,2700.0,1600.0,900.0,0.0,2700.0,4500.0,2700.0,900.0,1800.0,1800.0,0.0,900.0,2900.0,4500.0,2800.0,1800.0,0.0,0.0,900.0,1800.0,4300.0,0.0,0.0,4500.0,0.0,1800.0,0.0,0.0,0.0,1800.0,0.0,0.0,0.0,96000.0
제31장 오오 신이시어3,서효원,프로무림,0.0,900.0,0.0,0.0,0.0,900.0,0.0,900.0,0.0,0.0,0.0,0.0,3600.0,0.0,1800.0,0.0,3600.0,2700.0,2700.0,0.0,0.0,8600.0,4500.0,2700.0,4900.0,900.0,900.0,2700.0,0.0,0.0,900.0,2700.0,900.0,6300.0,2700.0,1800.0,900.0,0.0,0.0,1800.0,4500.0,1500.0,0.0,1800.0,0.0,7200.0,1800.0,3400.0,0.0,1800.0,0.0,0.0,100.0,5100.0,900.0,0.0,0.0,3600.0,400.0,2700.0,95100.0
슬레이어,정우식,프로무림,4500.0,1700.0,300.0,10200.0,0.0,0.0,5400.0,900.0,0.0,3600.0,0.0,0.0,2700.0,0.0,0.0,900.0,0.0,7200.0,0.0,3200.0,5400.0,8561.0,0.0,0.0,0.0,900.0,0.0,3060.0,0.0,900.0,0.0,900.0,0.0,0.0,3600.0,0.0,3600.0,324.0,0.0,100.0,1944.0,0.0,756.0,0.0,0.0,8318.0,0.0,3600.0,398.0,0.0,0.0,0.0,6400.0,4500.0,1188.0,0.0,0.0,0.0,0.0,0.0,95049.0
줍고보니 괴담백서,윤원,포텐,0.0,0.0,0.0,0.0,0.0,0.0,0.0,0.0,0.0,0.0,0.0,0.0,0.0,0.0,0.0,0.0,0.0,0.0,0.0,0.0,0.0,0.0,0.0,17399.0,26355.0,9273.0,12411.0,2583.0,0.0,3566.0,126.0,0.0,0.0,189.0,0.0,201.0,0.0,688.0,0.0,0.0,11214.0,0.0,0.0,0.0,315.0,1764.0,0.0,0.0,1890.0,0.0,410.0,1890.0,0.0,1876.0,0.0,0.0,1953.0,315.0,63.0,0.0,94481.0
버킨,라이먼,프로무림,8492.0,0.0,3862.0,2268.0,4044.0,2520.0,6221.0,11776.0,277.0,0.0,0.0,2069.0,3082.0,0.0,2520.0,4491.0,0.0,1566.0,1603.0,1176.0,1497.0,1629.0,3338.0,0.0,2722.0,5935.0,0.0,868.0,977.0,0.0,0.0,1543.0,7809.0,0.0,2842.0,4665.0,0.0,0.0,3351.0,0.0,0.0,0.0,0.0,0.0,0.0,0.0,0.0,0.0,0.0,0.0,0.0,0.0,0.0,0.0,0.0,0.0,0.0,0.0,0.0,1327.0,94470.0
야망시대 화,강태산,프로무림,1540.0,4540.0,4470.0,280.0,2240.0,4060.0,70.0,3150.0,720.0,70.0,350.0,1610.0,3290.0,420.0,1050.0,1040.0,0.0,0.0,350.0,3080.0,1540.0,8610.0,4340.0,350.0,770.0,3280.0,2170.0,0.0,3920.0,3430.0,560.0,350.0,980.0,210.0,70.0,3010.0,70.0,0.0,140.0,0.0,3150.0,980.0,70.0,140.0,2940.0,2170.0,5460.0,0.0,4690.0,0.0,770.0,0.0,4760.0,0.0,0.0,140.0,910.0,0.0,1540.0,70.0,93920.0
초혼무 전설의 부활 편,와룡강,프로무림,2700.0,1440.0,900.0,540.0,4410.0,0.0,1800.0,900.0,900.0,900.0,4000.0,3800.0,0.0,900.0,1800.0,900.0,2700.0,3800.0,6000.0,900.0,0.0,4500.0,900.0,1800.0,2900.0,0.0,900.0,0.0,4500.0,0.0,2000.0,2700.0,1800.0,4700.0,2850.0,0.0,1800.0,1800.0,0.0,2700.0,900.0,2700.0,900.0,0.0,0.0,900.0,0.0,0.0,0.0,900.0,1550.0,900.0,0.0,3600.0,0.0,0.0,0.0,1800.0,2900.0,900.0,93090.0
신독보강호 삽화판,검궁인,프로무림,1260.0,0.0,630.0,2202.0,1262.0,1755.0,0.0,630.0,2520.0,668.0,1755.0,2030.0,3486.0,0.0,877.0,2303.0,3318.0,2520.0,3780.0,0.0,2385.0,0.0,1890.0,630.0,1890.0,495.0,5040.0,2349.0,2520.0,1411.0,630.0,4851.0,1260.0,0.0,1260.0,1260.0,2819.0,630.0,2520.0,0.0,3150.0,2520.0,148.0,0.0,1260.0,3150.0,630.0,0.0,1701.0,2152.0,1260.0,3150.0,630.0,1260.0,3990.0,1890.0,630.0,630.0,0.0,0.0,92987.0
청운몽,내가위,프로무림,2506.0,295.0,4458.0,1130.0,1766.0,2240.0,2533.0,0.0,359.0,258.0,4907.0,2069.0,0.0,714.0,2988.0,3121.0,1225.0,630.0,170.0,713.0,931.0,0.0,0.0,2970.0,3071.0,630.0,2253.0,2673.0,605.0,970.0,0.0,2102.0,882.0,1001.0,451.0,827.0,321.0,0.0,1173.0,0.0,7228.0,2520.0,0.0,539.0,0.0,955.0,630.0,0.0,1807.0,630.0,2520.0,2345.0,2520.0,2520.0,6941.0,4032.0,1260.0,2166.0,630.0,796.0,92981.0
칼텐버그의 영주,서림,프로무림,9658.0,6550.0,6169.0,2067.0,5040.0,1260.0,0.0,3392.0,0.0,3843.0,1125.0,0.0,1980.0,0.0,630.0,1611.0,630.0,0.0,0.0,0.0,2520.0,1260.0,0.0,630.0,2520.0,4410.0,181.0,0.0,2222.0,1699.0,504.0,0.0,4415.0,6155.0,0.0,0.0,0.0,0.0,4782.0,5363.0,0.0,0.0,2520.0,0.0,0.0,0.0,434.0,1890.0,1523.0,2170.0,0.0,0.0,0.0,0.0,567.0,1408.0,0.0,1701.0,0.0,0.0,92829.0
로이,별도,프로무림,4275.0,771.0,730.0,301.0,289.0,1724.0,6240.0,2520.0,630.0,3402.0,0.0,1678.0,5709.0,0.0,8250.0,324.0,925.0,0.0,1571.0,0.0,0.0,0.0,0.0,0.0,0.0,0.0,738.0,0.0,0.0,16718.0,4195.0,0.0,0.0,0.0,2349.0,0.0,3402.0,0.0,8037.0,0.0,0.0,0.0,3846.0,3690.0,4778.0,0.0,630.0,441.0,0.0,0.0,4410.0,0.0,0.0,0.0,0.0,0.0,0.0,0.0,0.0,0.0,92573.0
천년대공,김형석,프로무림,8960.0,0.0,0.0,0.0,0.0,630.0,0.0,4760.0,1260.0,0.0,2240.0,14070.0,4480.0,630.0,0.0,0.0,630.0,3500.0,0.0,15680.0,2240.0,2240.0,2240.0,0.0,0.0,0.0,0.0,0.0,0.0,0.0,0.0,0.0,630.0,0.0,630.0,0.0,0.0,0.0,0.0,6720.0,4480.0,0.0,2898.0,0.0,0.0,2240.0,8960.0,0.0,0.0,0.0,0.0,0.0,0.0,2331.0,0.0,0.0,0.0,0.0,0.0,0.0,92449.0
신무의 전설,강태산,프로무림,7210.0,3360.0,1470.0,0.0,1260.0,2030.0,4970.0,630.0,490.0,10710.0,1470.0,1750.0,1820.0,1750.0,3430.0,1610.0,1330.0,140.0,1890.0,2520.0,0.0,1190.0,1260.0,4060.0,5390.0,2310.0,140.0,2310.0,420.0,910.0,1680.0,0.0,1470.0,3150.0,0.0,0.0,0.0,0.0,1050.0,0.0,0.0,0.0,210.0,350.0,0.0,2520.0,420.0,700.0,0.0,0.0,210.0,1470.0,770.0,0.0,3570.0,3430.0,0.0,0.0,1540.0,1960.0,92330.0
제31장 도검창천후,사마달,프로무림,3780.0,0.0,1890.0,0.0,630.0,630.0,630.0,2520.0,2940.0,2100.0,630.0,1890.0,2520.0,1260.0,4060.0,0.0,1260.0,0.0,1260.0,630.0,630.0,3150.0,4131.0,1890.0,630.0,630.0,0.0,630.0,0.0,630.0,5040.0,630.0,2520.0,3780.0,1890.0,3150.0,910.0,0.0,3780.0,1260.0,4410.0,7560.0,0.0,1260.0,1890.0,1260.0,630.0,1890.0,1260.0,630.0,0.0,1890.0,630.0,0.0,630.0,0.0,2520.0,630.0,1260.0,0.0,92261.0
투왕,별도,프로무림,2520.0,3197.0,1890.0,2056.0,1853.0,2861.0,1423.0,2008.0,3204.0,1428.0,630.0,567.0,1074.0,910.0,496.0,1789.0,3520.0,3532.0,1260.0,5561.0,0.0,4410.0,3309.0,2820.0,4047.0,630.0,630.0,0.0,1425.0,680.0,0.0,700.0,567.0,2198.0,1890.0,997.0,3843.0,2626.0,2439.0,4112.0,1890.0,2266.0,630.0,1260.0,541.0,0.0,0.0,1890.0,1940.0,1443.0,1260.0,0.0,0.0,0.0,0.0,0.0,0.0,0.0,0.0,0.0,92222.0
생존게임,박천웅,포텐,0.0,0.0,0.0,0.0,0.0,0.0,0.0,0.0,0.0,0.0,3654.0,5670.0,0.0,0.0,5040.0,2520.0,0.0,0.0,0.0,0.0,0.0,0.0,0.0,0.0,0.0,0.0,0.0,0.0,0.0,0.0,0.0,0.0,0.0,0.0,0.0,0.0,0.0,0.0,0.0,0.0,0.0,0.0,0.0,0.0,8064.0,0.0,0.0,4946.0,0.0,24640.0,4032.0,10304.0,14784.0,2240.0,0.0,0.0,0.0,6048.0,0.0,0.0,91942.0
수심,권천,프로무림,6026.0,5229.0,0.0,2413.0,630.0,2184.0,1774.0,309.0,1013.0,3472.0,0.0,2485.0,3556.0,2828.0,630.0,162.0,4158.0,385.0,0.0,567.0,2268.0,332.0,2564.0,7407.0,2041.0,1104.0,624.0,2152.0,0.0,1260.0,6313.0,959.0,0.0,1282.0,0.0,630.0,1890.0,1953.0,0.0,336.0,0.0,0.0,2014.0,1262.0,1890.0,1626.0,1890.0,630.0,630.0,1764.0,630.0,2332.0,630.0,3830.0,243.0,0.0,630.0,630.0,0.0,344.0,91911.0
제35장 검 그리고 영웅,서효원,프로무림,0.0,3600.0,0.0,0.0,0.0,0.0,0.0,3600.0,0.0,1800.0,4500.0,0.0,0.0,900.0,0.0,0.0,3000.0,3600.0,2700.0,0.0,1800.0,2300.0,900.0,1800.0,0.0,5700.0,1200.0,0.0,1600.0,3600.0,3600.0,0.0,0.0,900.0,0.0,7200.0,7200.0,900.0,5400.0,0.0,0.0,0.0,1800.0,2700.0,900.0,0.0,5400.0,0.0,900.0,3000.0,3000.0,3700.0,0.0,0.0,0.0,0.0,2700.0,0.0,0.0,0.0,91900.0
암왕불패不,이유성,프로무림,1459.0,1645.0,2841.0,332.0,0.0,2730.0,5154.0,121.0,3004.0,0.0,0.0,2387.0,6882.0,2785.0,0.0,3996.0,3290.0,0.0,1019.0,2561.0,5670.0,630.0,3290.0,0.0,1890.0,630.0,0.0,630.0,3150.0,5832.0,5670.0,1314.0,2139.0,0.0,8198.0,2520.0,2520.0,4760.0,2520.0,0.0,0.0,0.0,0.0,0.0,0.0,0.0,0.0,0.0,0.0,0.0,0.0,0.0,0.0,0.0,0.0,0.0,0.0,0.0,0.0,0.0,91569.0
34 마성의 최후3,서효원,프로무림,0.0,0.0,1800.0,2700.0,0.0,0.0,0.0,8100.0,0.0,0.0,0.0,0.0,0.0,2700.0,1800.0,3600.0,0.0,0.0,0.0,4500.0,3000.0,9900.0,4500.0,0.0,0.0,0.0,4700.0,0.0,0.0,0.0,1800.0,2700.0,5000.0,3600.0,900.0,900.0,0.0,0.0,7200.0,0.0,2700.0,0.0,2700.0,0.0,900.0,0.0,4500.0,0.0,0.0,1400.0,3400.0,0.0,1700.0,0.0,0.0,0.0,0.0,900.0,1800.0,1800.0,91200.0
제35장 영웅은 말이 없고2,서효원,프로무림,0.0,900.0,0.0,0.0,0.0,0.0,0.0,0.0,0.0,0.0,0.0,0.0,2700.0,1900.0,0.0,8100.0,4800.0,0.0,900.0,0.0,2800.0,0.0,4000.0,7700.0,1100.0,1700.0,3100.0,0.0,0.0,2700.0,900.0,3800.0,3600.0,900.0,2700.0,0.0,1800.0,0.0,4500.0,0.0,2700.0,900.0,3600.0,900.0,3600.0,1800.0,0.0,3100.0,2300.0,0.0,2700.0,1500.0,3600.0,600.0,1100.0,0.0,700.0,0.0,900.0,0.0,90600.0
단권 블레이즈Blaze,윤신현,포텐,0.0,0.0,0.0,0.0,0.0,0.0,0.0,0.0,0.0,0.0,0.0,0.0,0.0,0.0,0.0,0.0,0.0,0.0,0.0,0.0,0.0,0.0,0.0,0.0,0.0,0.0,0.0,0.0,0.0,0.0,0.0,0.0,0.0,0.0,0.0,0.0,0.0,0.0,0.0,0.0,0.0,0.0,0.0,0.0,0.0,0.0,0.0,0.0,0.0,0.0,0.0,0.0,0.0,13230.0,6123.0,21514.0,0.0,23988.0,18677.0,6111.0,89643.0
포황룡,아도인,프로무림,5919.0,0.0,770.0,0.0,5995.0,3940.0,3515.0,0.0,1376.0,173.0,630.0,2452.0,0.0,5460.0,6020.0,8135.0,0.0,158.0,140.0,1184.0,882.0,2520.0,2450.0,1859.0,0.0,1260.0,630.0,700.0,1890.0,0.0,910.0,1680.0,0.0,2754.0,1890.0,4662.0,2331.0,1890.0,1260.0,2226.0,0.0,1260.0,0.0,770.0,0.0,325.0,2520.0,0.0,210.0,787.0,896.0,333.0,1400.0,770.0,0.0,2310.0,0.0,0.0,0.0,0.0,89242.0
재벌이 돈을 숨김,절세초인,프로무림,8260.0,14175.0,42749.0,21980.0,60.0,0.0,0.0,0.0,0.0,0.0,0.0,0.0,0.0,0.0,0.0,0.0,0.0,0.0,0.0,0.0,0.0,0.0,0.0,0.0,0.0,0.0,0.0,0.0,0.0,0.0,0.0,0.0,0.0,0.0,0.0,0.0,0.0,0.0,0.0,0.0,0.0,0.0,0.0,0.0,0.0,0.0,0.0,0.0,0.0,0.0,0.0,0.0,0.0,0.0,0.0,0.0,0.0,0.0,0.0,0.0,87224.0
32 마도 최후의 날2,서효원,프로무림,900.0,0.0,0.0,0.0,2700.0,0.0,0.0,900.0,0.0,0.0,100.0,900.0,4500.0,0.0,0.0,500.0,2200.0,900.0,1800.0,900.0,1800.0,3600.0,1800.0,900.0,0.0,2700.0,2100.0,0.0,0.0,0.0,6400.0,1800.0,3600.0,900.0,100.0,5400.0,0.0,900.0,2700.0,4500.0,3600.0,2700.0,4500.0,1800.0,100.0,1800.0,3600.0,4800.0,0.0,0.0,0.0,100.0,0.0,900.0,900.0,4200.0,0.0,2700.0,0.0,0.0,87200.0
버스톤,최신영,프로무림,2555.0,567.0,1701.0,7968.0,6751.0,0.0,3830.0,1134.0,4862.0,0.0,0.0,1399.0,0.0,0.0,1484.0,0.0,1315.0,0.0,3150.0,3858.0,1280.0,319.0,0.0,0.0,2268.0,567.0,4082.0,1260.0,455.0,1134.0,4032.0,3389.0,1198.0,1401.0,4619.0,0.0,1752.0,0.0,2520.0,1560.0,567.0,3468.0,246.0,1360.0,2041.0,958.0,0.0,3070.0,0.0,0.0,0.0,456.0,0.0,339.0,0.0,0.0,2268.0,0.0,0.0,0.0,87183.0
천재 작가는 어플로 꿀 빱니다,관측불가,포텐,0.0,0.0,0.0,0.0,0.0,0.0,0.0,0.0,0.0,0.0,0.0,0.0,0.0,0.0,0.0,0.0,0.0,0.0,0.0,0.0,0.0,0.0,0.0,0.0,0.0,0.0,0.0,0.0,0.0,0.0,0.0,0.0,0.0,0.0,0.0,0.0,0.0,0.0,0.0,0.0,0.0,0.0,0.0,0.0,0.0,0.0,0.0,0.0,0.0,0.0,0.0,0.0,0.0,0.0,0.0,0.0,0.0,0.0,86859.0,0.0,86859.0
방랑에서 군주까지,먼스타,포텐,900.0,17500.0,900.0,900.0,17500.0,3400.0,0.0,0.0,0.0,1800.0,6750.0,900.0,6300.0,0.0,0.0,0.0,0.0,1350.0,0.0,0.0,0.0,6300.0,0.0,900.0,450.0,0.0,0.0,0.0,12600.0,3450.0,1350.0,2500.0,0.0,0.0,0.0,0.0,0.0,0.0,0.0,0.0,0.0,0.0,0.0,0.0,0.0,0.0,0.0,0.0,0.0,0.0,0.0,0.0,0.0,0.0,0.0,0.0,0.0,0.0,0.0,900.0,86650.0
판타지섹스타,관측불가,올나이트노벨,0.0,0.0,0.0,0.0,0.0,0.0,0.0,0.0,0.0,0.0,0.0,0.0,0.0,0.0,0.0,0.0,0.0,0.0,0.0,0.0,0.0,0.0,0.0,0.0,0.0,0.0,0.0,0.0,0.0,0.0,0.0,0.0,0.0,0.0,0.0,0.0,28728.0,49140.0,0.0,0.0,4032.0,2016.0,0.0,0.0,0.0,0.0,0.0,0.0,0.0,0.0,0.0,0.0,2016.0,0.0,0.0,0.0,0.0,0.0,0.0,0.0,85932.0
부황전설 무적부황,이유성,프로무림,5130.0,1755.0,1890.0,630.0,4130.0,1890.0,2520.0,0.0,1701.0,1260.0,2520.0,1071.0,630.0,3510.0,3150.0,3780.0,1890.0,0.0,2520.0,2520.0,1701.0,4760.0,1260.0,630.0,630.0,1890.0,4221.0,4130.0,3591.0,2520.0,4410.0,2520.0,2392.0,2250.0,0.0,630.0,4760.0,0.0,630.0,0.0,0.0,0.0,0.0,0.0,0.0,0.0,0.0,0.0,0.0,0.0,0.0,0.0,0.0,0.0,0.0,0.0,0.0,0.0,0.0,0.0,85422.0
의,사마달,프로무림,3780.0,560.0,630.0,1890.0,0.0,630.0,2800.0,0.0,0.0,0.0,0.0,0.0,630.0,2520.0,2520.0,630.0,1260.0,1890.0,1890.0,630.0,1260.0,2520.0,700.0,630.0,1260.0,0.0,0.0,1890.0,0.0,1260.0,3150.0,5250.0,0.0,1890.0,1890.0,1890.0,0.0,2520.0,1890.0,1260.0,630.0,0.0,3150.0,2170.0,4410.0,0.0,0.0,630.0,1260.0,0.0,1890.0,2520.0,4410.0,3780.0,1890.0,0.0,0.0,0.0,1260.0,5110.0,84630.0
광고수익핵무기도 만들어 드림,북홀릭,포텐,0.0,0.0,0.0,0.0,0.0,0.0,0.0,0.0,0.0,0.0,0.0,0.0,0.0,0.0,0.0,0.0,0.0,0.0,0.0,0.0,0.0,0.0,0.0,0.0,0.0,0.0,0.0,0.0,0.0,0.0,0.0,0.0,0.0,0.0,0.0,0.0,0.0,0.0,0.0,0.0,0.0,0.0,0.0,0.0,0.0,0.0,0.0,0.0,0.0,0.0,0.0,0.0,0.0,0.0,7955.0,5223.0,28125.0,6801.0,26739.0,9680.0,84523.0
당가의 실험체가 되었다,관측불가,포텐,0.0,0.0,0.0,0.0,0.0,0.0,0.0,0.0,0.0,0.0,0.0,0.0,0.0,0.0,0.0,0.0,0.0,0.0,0.0,0.0,0.0,0.0,0.0,0.0,0.0,0.0,0.0,0.0,0.0,0.0,0.0,0.0,0.0,0.0,0.0,0.0,0.0,0.0,0.0,0.0,0.0,0.0,0.0,0.0,0.0,0.0,0.0,0.0,0.0,0.0,0.0,0.0,0.0,0.0,0.0,0.0,0.0,0.0,83862.0,630.0,84492.0
제25장 오행마기,사마달,프로무림,350.0,2870.0,1890.0,0.0,630.0,630.0,4830.0,2730.0,630.0,1260.0,1890.0,0.0,700.0,1260.0,3780.0,0.0,1890.0,0.0,3780.0,0.0,0.0,3290.0,630.0,630.0,1260.0,0.0,0.0,2520.0,0.0,630.0,1890.0,0.0,0.0,0.0,0.0,0.0,6930.0,2520.0,1890.0,0.0,3150.0,1260.0,630.0,1890.0,5950.0,0.0,0.0,5040.0,3640.0,0.0,0.0,0.0,2520.0,1890.0,0.0,140.0,1890.0,2520.0,1890.0,0.0,83720.0
천마옥,홍파,프로무림,3023.0,1538.0,1530.0,318.0,1833.0,3507.0,1867.0,337.0,3849.0,301.0,0.0,1295.0,513.0,0.0,0.0,0.0,1119.0,0.0,572.0,496.0,320.0,0.0,1503.0,3209.0,0.0,3989.0,372.0,2395.0,2068.0,1898.0,2046.0,474.0,1471.0,1910.0,451.0,272.0,0.0,386.0,0.0,0.0,0.0,1394.0,280.0,0.0,4571.0,352.0,0.0,412.0,568.0,821.0,1040.0,2220.0,778.0,3554.0,2959.0,15932.0,680.0,1701.0,0.0,1246.0,83370.0
삼혈목3,강태산,프로무림,0.0,0.0,1890.0,0.0,0.0,0.0,0.0,1890.0,490.0,840.0,1260.0,0.0,630.0,0.0,0.0,0.0,840.0,3780.0,210.0,630.0,630.0,1260.0,3780.0,630.0,1890.0,630.0,1260.0,0.0,630.0,1890.0,1260.0,0.0,4410.0,1260.0,1890.0,9765.0,3150.0,1890.0,1890.0,6160.0,2520.0,1890.0,1890.0,0.0,0.0,0.0,1890.0,0.0,6615.0,1260.0,2590.0,1050.0,1890.0,0.0,0.0,2671.0,630.0,630.0,630.0,0.0,82891.0
뇌정혈雷雷2,강태산,프로무림,1125.0,0.0,2945.0,5530.0,630.0,3710.0,0.0,3645.0,5600.0,0.0,0.0,1260.0,630.0,0.0,1890.0,4410.0,630.0,6160.0,441.0,0.0,1260.0,3150.0,1260.0,1260.0,0.0,630.0,2450.0,1260.0,1260.0,630.0,630.0,1260.0,1890.0,630.0,1260.0,630.0,630.0,1890.0,630.0,1890.0,680.0,0.0,1701.0,210.0,1260.0,0.0,1260.0,1260.0,3710.0,630.0,630.0,630.0,2450.0,630.0,1890.0,0.0,630.0,1260.0,630.0,0.0,82567.0
드래곤 엔터테인먼트,지미신,프로무림,6400.0,0.0,0.0,800.0,12900.0,900.0,13400.0,3600.0,0.0,0.0,3600.0,100.0,12800.0,0.0,0.0,0.0,0.0,0.0,540.0,0.0,0.0,0.0,0.0,-1439.0,0.0,0.0,0.0,108.0,5850.0,0.0,12980.0,0.0,0.0,0.0,0.0,0.0,0.0,1225.0,900.0,0.0,0.0,0.0,0.0,0.0,0.0,0.0,0.0,0.0,0.0,3600.0,0.0,0.0,0.0,0.0,3200.0,0.0,0.0,0.0,0.0,0.0,81464.0
절대쌍웅,군옥당,프로무림,630.0,0.0,427.0,1413.0,3220.0,2399.0,2520.0,0.0,516.0,0.0,4305.0,2873.0,495.0,752.0,1316.0,3942.0,327.0,0.0,630.0,2730.0,0.0,0.0,0.0,228.0,195.0,630.0,7730.0,70.0,332.0,1890.0,0.0,0.0,965.0,0.0,4690.0,0.0,1890.0,850.0,280.0,680.0,6300.0,6006.0,0.0,0.0,2268.0,770.0,0.0,0.0,0.0,2064.0,2520.0,630.0,0.0,0.0,2520.0,6602.0,630.0,1890.0,0.0,309.0,81434.0
제38장 그리고 검만이 알고 있다,서효원,프로무림,0.0,900.0,0.0,2700.0,0.0,0.0,0.0,3600.0,0.0,0.0,3000.0,0.0,2700.0,0.0,900.0,1800.0,5400.0,900.0,2700.0,0.0,900.0,0.0,1800.0,0.0,0.0,1900.0,2700.0,0.0,0.0,0.0,0.0,1800.0,900.0,0.0,0.0,5400.0,900.0,2700.0,2700.0,2700.0,2700.0,0.0,4500.0,0.0,900.0,2700.0,4500.0,3600.0,100.0,0.0,3800.0,0.0,0.0,0.0,7200.0,0.0,900.0,0.0,0.0,900.0,80800.0
더 크리처,임경배,프로무림,29120.0,0.0,8960.0,4480.0,4480.0,0.0,0.0,0.0,0.0,26880.0,0.0,2240.0,4480.0,0.0,0.0,0.0,0.0,0.0,0.0,0.0,0.0,0.0,0.0,0.0,0.0,0.0,0.0,0.0,0.0,0.0,0.0,0.0,0.0,0.0,0.0,0.0,0.0,0.0,0.0,0.0,0.0,0.0,0.0,0.0,0.0,0.0,0.0,0.0,0.0,0.0,0.0,0.0,0.0,0.0,0.0,0.0,0.0,0.0,0.0,0.0,80640.0
고검낙화,홍파,프로무림,1979.0,6784.0,1133.0,4233.0,806.0,2090.0,2239.0,0.0,2523.0,173.0,0.0,637.0,2506.0,0.0,0.0,2187.0,490.0,2473.0,0.0,1444.0,0.0,630.0,474.0,1890.0,1905.0,2883.0,2389.0,0.0,165.0,0.0,1549.0,5486.0,0.0,2193.0,1890.0,0.0,680.0,0.0,0.0,5670.0,0.0,3035.0,286.0,0.0,0.0,0.0,0.0,469.0,2671.0,345.0,630.0,1134.0,0.0,1680.0,3915.0,0.0,2881.0,2250.0,914.0,748.0,80459.0
NR당한 암컷용사는 모자상간으로 복수한다,파랑깨굴,올나이트노벨,0.0,0.0,0.0,0.0,0.0,0.0,0.0,0.0,0.0,0.0,0.0,0.0,0.0,0.0,0.0,0.0,0.0,0.0,0.0,0.0,0.0,0.0,0.0,0.0,0.0,0.0,0.0,0.0,0.0,0.0,0.0,0.0,0.0,0.0,0.0,0.0,0.0,0.0,0.0,0.0,0.0,0.0,0.0,0.0,0.0,0.0,0.0,8505.0,24006.0,2079.0,63.0,378.0,0.0,2695.0,6011.0,67.0,2993.0,24409.0,3710.0,5460.0,80376.0
리라이프 에이전트,관측불가,포텐,0.0,0.0,0.0,0.0,0.0,0.0,0.0,0.0,0.0,0.0,0.0,0.0,0.0,0.0,0.0,0.0,0.0,0.0,0.0,0.0,0.0,0.0,0.0,0.0,0.0,0.0,0.0,0.0,0.0,0.0,0.0,0.0,0.0,0.0,0.0,0.0,0.0,0.0,0.0,0.0,0.0,0.0,0.0,0.0,0.0,0.0,0.0,0.0,79977.0,0.0,0.0,0.0,0.0,0.0,0.0,0.0,0.0,0.0,0.0,0.0,79977.0
갤럭시the Galaxy 신세계,박재학,프로무림,990.0,3860.0,630.0,1755.0,2196.0,3725.0,2385.0,2691.0,1125.0,0.0,1260.0,0.0,441.0,630.0,1125.0,0.0,630.0,1125.0,0.0,0.0,3951.0,3150.0,1125.0,1260.0,8709.0,3759.0,2250.0,495.0,1755.0,0.0,2619.0,1260.0,1890.0,495.0,2255.0,1549.0,630.0,905.0,630.0,1260.0,630.0,0.0,929.0,464.0,630.0,464.0,630.0,441.0,3976.0,1157.0,1653.0,0.0,527.0,630.0,630.0,0.0,0.0,0.0,1890.0,630.0,79796.0
풍운협3,강태산,프로무림,3080.0,2520.0,1260.0,1260.0,2520.0,1890.0,0.0,0.0,0.0,1260.0,0.0,1890.0,630.0,0.0,1260.0,1260.0,630.0,5600.0,630.0,630.0,1260.0,1890.0,3150.0,2520.0,630.0,2450.0,700.0,0.0,3710.0,2520.0,1890.0,0.0,4275.0,1890.0,3780.0,3150.0,2520.0,2520.0,1890.0,1890.0,0.0,0.0,0.0,0.0,1159.0,1890.0,630.0,0.0,0.0,1260.0,630.0,630.0,1890.0,1260.0,0.0,0.0,0.0,630.0,630.0,0.0,79564.0
광속의 마도사,김영목,프로무림,1075.0,2268.0,3150.0,1498.0,3473.0,0.0,3871.0,3502.0,3927.0,0.0,0.0,0.0,2978.0,0.0,247.0,252.0,0.0,0.0,0.0,1557.0,630.0,2898.0,567.0,9800.0,901.0,2766.0,3768.0,0.0,630.0,0.0,3906.0,0.0,0.0,0.0,0.0,0.0,0.0,0.0,0.0,1260.0,3435.0,0.0,0.0,612.0,0.0,0.0,5017.0,0.0,3780.0,0.0,0.0,2520.0,5721.0,0.0,0.0,0.0,0.0,0.0,3358.0,0.0,79367.0
혜정이의 야한 이야기,파워레인젖,포텐,0.0,0.0,0.0,0.0,0.0,0.0,0.0,0.0,0.0,0.0,0.0,0.0,0.0,0.0,0.0,0.0,0.0,0.0,0.0,0.0,0.0,0.0,0.0,0.0,0.0,0.0,0.0,0.0,0.0,0.0,0.0,0.0,0.0,0.0,0.0,0.0,0.0,0.0,0.0,0.0,0.0,0.0,0.0,0.0,0.0,0.0,0.0,0.0,0.0,0.0,0.0,0.0,0.0,0.0,0.0,0.0,24281.0,22768.0,16915.0,14316.0,78280.0
칠색무,광무,프로무림,1521.0,3173.0,1119.0,1038.0,6337.0,1019.0,2158.0,4418.0,1195.0,5201.0,0.0,0.0,842.0,630.0,1216.0,660.0,1593.0,4777.0,2457.0,344.0,1260.0,1260.0,2200.0,2520.0,1453.0,1969.0,1441.0,1890.0,1136.0,832.0,2139.0,1400.0,0.0,0.0,630.0,630.0,0.0,0.0,0.0,1890.0,0.0,1212.0,2041.0,1300.0,827.0,0.0,0.0,0.0,567.0,630.0,0.0,0.0,680.0,931.0,791.0,1260.0,577.0,680.0,3780.0,344.0,77968.0
부황전설 정마대연,이유성,프로무림,4140.0,1755.0,1260.0,630.0,4760.0,1890.0,1260.0,0.0,7028.0,1260.0,2520.0,630.0,630.0,3510.0,3780.0,2520.0,1890.0,0.0,2520.0,3150.0,1071.0,2520.0,630.0,0.0,1260.0,1260.0,4221.0,3500.0,1701.0,3150.0,3150.0,2520.0,1260.0,1260.0,0.0,630.0,3150.0,0.0,630.0,0.0,0.0,0.0,0.0,0.0,0.0,0.0,0.0,0.0,0.0,0.0,0.0,0.0,0.0,0.0,0.0,0.0,0.0,0.0,0.0,0.0,77046.0
리리아,인기영,프로무림,0.0,0.0,630.0,3500.0,0.0,0.0,0.0,2520.0,630.0,0.0,0.0,0.0,3150.0,0.0,7497.0,2520.0,1260.0,1890.0,2520.0,630.0,0.0,630.0,0.0,8960.0,630.0,2842.0,3654.0,0.0,54.0,0.0,0.0,0.0,0.0,0.0,0.0,1260.0,1890.0,10220.0,0.0,0.0,1260.0,10240.0,1260.0,630.0,0.0,0.0,0.0,0.0,0.0,0.0,0.0,1223.0,2520.0,0.0,0.0,0.0,0.0,0.0,0.0,2520.0,76540.0
나 혼자 무한전생,절세초인,프로무림,23786.0,30616.0,20860.0,0.0,0.0,0.0,0.0,0.0,0.0,0.0,0.0,0.0,0.0,0.0,0.0,0.0,0.0,0.0,0.0,0.0,0.0,0.0,0.0,0.0,0.0,0.0,0.0,0.0,0.0,0.0,0.0,0.0,0.0,0.0,0.0,0.0,0.0,0.0,0.0,0.0,0.0,0.0,0.0,0.0,0.0,0.0,0.0,0.0,0.0,0.0,0.0,0.0,0.0,0.0,0.0,0.0,0.0,0.0,0.0,0.0,75262.0
광고수익 천재 배우 이름을 얻다,킹묵,포텐,0.0,0.0,0.0,0.0,0.0,0.0,0.0,0.0,0.0,0.0,0.0,0.0,0.0,0.0,0.0,0.0,0.0,0.0,0.0,0.0,0.0,0.0,0.0,0.0,0.0,0.0,0.0,0.0,0.0,0.0,0.0,0.0,0.0,0.0,0.0,0.0,0.0,0.0,0.0,0.0,0.0,0.0,0.0,0.0,0.0,0.0,0.0,0.0,28360.0,0.0,4762.0,7476.0,5289.0,3830.0,1537.0,6034.0,3403.0,6787.0,3013.0,4437.0,74928.0
갤럭시the Galaxy 신흥 재벌,박재학,프로무림,990.0,3860.0,495.0,2880.0,2826.0,3725.0,2250.0,2196.0,495.0,0.0,630.0,1260.0,441.0,630.0,1755.0,0.0,1890.0,1125.0,0.0,0.0,3951.0,1260.0,495.0,1260.0,7224.0,1760.0,999.0,0.0,1125.0,495.0,2619.0,2385.0,910.0,504.0,1760.0,1666.0,1527.0,905.0,2870.0,2913.0,630.0,0.0,464.0,464.0,0.0,0.0,0.0,0.0,3346.0,1157.0,1653.0,0.0,527.0,0.0,630.0,0.0,0.0,0.0,1260.0,630.0,74837.0
낭인신화,아도인,프로무림,6720.0,0.0,630.0,1890.0,1260.0,0.0,4671.0,242.0,3920.0,0.0,1260.0,1052.0,2520.0,0.0,1890.0,2196.0,1120.0,630.0,0.0,0.0,1512.0,0.0,1671.0,3663.0,630.0,729.0,1890.0,153.0,0.0,630.0,0.0,1890.0,630.0,0.0,1890.0,3780.0,1890.0,1890.0,630.0,630.0,0.0,0.0,630.0,0.0,4099.0,1827.0,0.0,1003.0,0.0,2152.0,266.0,3892.0,1190.0,0.0,630.0,630.0,0.0,0.0,1890.0,2331.0,74649.0
령,강태산,프로무림,2180.0,2516.0,361.0,208.0,452.0,1387.0,0.0,1603.0,2979.0,670.0,558.0,1349.0,0.0,2866.0,0.0,3592.0,2859.0,5040.0,0.0,212.0,1317.0,0.0,1167.0,3585.0,3150.0,926.0,825.0,332.0,630.0,0.0,0.0,1917.0,5688.0,1178.0,0.0,0.0,0.0,0.0,70.0,0.0,3780.0,0.0,698.0,0.0,4456.0,958.0,680.0,0.0,2331.0,190.0,1260.0,5040.0,344.0,779.0,1890.0,0.0,0.0,0.0,0.0,2041.0,74064.0
갤럭시the Galaxy 마법사,박재학,프로무림,990.0,3860.0,990.0,2880.0,1890.0,2240.0,2250.0,2196.0,990.0,0.0,1260.0,630.0,441.0,630.0,1125.0,0.0,1890.0,1125.0,0.0,0.0,3456.0,2520.0,495.0,1260.0,7222.0,3254.0,495.0,495.0,495.0,495.0,2619.0,1260.0,1260.0,0.0,2255.0,1549.0,1094.0,1432.0,630.0,2913.0,630.0,0.0,929.0,464.0,0.0,0.0,0.0,0.0,3976.0,1787.0,1653.0,464.0,527.0,0.0,630.0,0.0,0.0,0.0,1260.0,630.0,73536.0
갤럭시the Galaxy 초능력자,박재학,프로무림,990.0,3860.0,1485.0,2250.0,1890.0,2240.0,2250.0,2196.0,990.0,0.0,1260.0,0.0,441.0,630.0,1125.0,0.0,630.0,1125.0,0.0,0.0,3951.0,2520.0,1125.0,1260.0,7224.0,3759.0,1620.0,0.0,1125.0,0.0,2619.0,1260.0,1890.0,0.0,2255.0,1666.0,630.0,905.0,630.0,1260.0,630.0,0.0,1559.0,464.0,0.0,0.0,0.0,464.0,4441.0,1367.0,1653.0,0.0,527.0,630.0,630.0,0.0,0.0,0.0,1260.0,630.0,73316.0
헬조선의 백수들이여 단결하라,테서스,프로무림,0.0,0.0,0.0,0.0,0.0,0.0,0.0,0.0,0.0,0.0,0.0,0.0,0.0,0.0,0.0,0.0,0.0,0.0,0.0,0.0,0.0,0.0,0.0,0.0,980.0,0.0,2289.0,343.0,11144.0,70.0,0.0,2310.0,770.0,1680.0,0.0,2590.0,0.0,7686.0,63.0,70.0,1969.0,0.0,12800.0,1050.0,0.0,1881.0,1948.0,3762.0,0.0,70.0,0.0,70.0,9590.0,0.0,0.0,0.0,10080.0,0.0,0.0,70.0,73285.0
철검무정,검궁인,프로무림,2100.0,1485.0,0.0,7665.0,3486.0,6360.0,1495.0,0.0,0.0,0.0,0.0,5600.0,0.0,0.0,0.0,1052.0,0.0,1890.0,0.0,0.0,0.0,0.0,0.0,0.0,0.0,4200.0,0.0,2898.0,2268.0,2268.0,4200.0,0.0,0.0,0.0,0.0,1543.0,2352.0,630.0,630.0,0.0,0.0,0.0,0.0,443.0,0.0,630.0,1625.0,0.0,2867.0,0.0,0.0,5300.0,680.0,2620.0,0.0,4908.0,1705.0,253.0,0.0,0.0,73153.0
제 장 의 날이 밝다3,사마달,프로무림,0.0,1470.0,0.0,0.0,4830.0,0.0,420.0,11480.0,1120.0,0.0,0.0,0.0,0.0,0.0,2660.0,5110.0,0.0,0.0,0.0,0.0,70.0,0.0,280.0,0.0,0.0,0.0,0.0,0.0,70.0,0.0,0.0,1400.0,0.0,0.0,70.0,0.0,0.0,0.0,0.0,0.0,0.0,0.0,0.0,0.0,0.0,0.0,0.0,0.0,0.0,0.0,0.0,0.0,0.0,10080.0,4830.0,0.0,630.0,20020.0,6650.0,1400.0,72590.0
포영매,설봉,프로무림,900.0,0.0,0.0,0.0,0.0,0.0,0.0,0.0,0.0,0.0,0.0,0.0,0.0,0.0,0.0,0.0,0.0,0.0,0.0,9600.0,3200.0,0.0,0.0,3840.0,9600.0,0.0,0.0,0.0,3614.0,0.0,0.0,0.0,0.0,0.0,0.0,0.0,0.0,0.0,1929.0,567.0,3767.0,0.0,3840.0,0.0,0.0,9600.0,9600.0,0.0,1701.0,9600.0,0.0,0.0,0.0,0.0,0.0,0.0,0.0,0.0,0.0,0.0,71358.0
제30장 끝난 뒤에 남은 것은 아무것도 없다,사마달,프로무림,1260.0,0.0,1890.0,630.0,3780.0,3780.0,1260.0,0.0,630.0,630.0,630.0,1260.0,630.0,3780.0,3780.0,630.0,2520.0,0.0,1890.0,1890.0,630.0,0.0,1260.0,630.0,0.0,630.0,0.0,70.0,0.0,0.0,3150.0,1260.0,0.0,4410.0,0.0,2520.0,0.0,3780.0,630.0,1260.0,630.0,210.0,0.0,1260.0,630.0,0.0,0.0,630.0,3150.0,630.0,0.0,0.0,630.0,1890.0,630.0,630.0,2520.0,0.0,3780.0,1890.0,70210.0
아머드 쓰론,먼스타,포텐,0.0,0.0,0.0,2900.0,6800.0,170.0,0.0,100.0,0.0,0.0,0.0,0.0,0.0,0.0,0.0,0.0,70.0,0.0,1170.0,0.0,7140.0,4140.0,0.0,0.0,0.0,0.0,0.0,4360.0,2570.0,0.0,0.0,0.0,0.0,20278.0,0.0,0.0,0.0,0.0,0.0,0.0,17500.0,0.0,90.0,0.0,0.0,0.0,0.0,0.0,0.0,0.0,0.0,0.0,1800.0,0.0,90.0,0.0,972.0,0.0,0.0,0.0,70150.0
제 장 대신 를,사마달,프로무림,1260.0,630.0,1890.0,0.0,70.0,0.0,1890.0,1890.0,0.0,2520.0,1260.0,1540.0,1400.0,1890.0,0.0,630.0,1890.0,1890.0,0.0,1260.0,0.0,770.0,1260.0,1890.0,3920.0,630.0,0.0,1260.0,630.0,0.0,1890.0,5670.0,70.0,0.0,0.0,1890.0,0.0,0.0,0.0,0.0,5670.0,630.0,0.0,1890.0,0.0,0.0,1260.0,3150.0,3710.0,0.0,0.0,0.0,1890.0,420.0,0.0,1260.0,0.0,2030.0,1890.0,3780.0,69370.0
킬리만자로의 마법종합학교,지미신,포텐,11550.0,0.0,0.0,0.0,0.0,0.0,4340.0,3150.0,1050.0,2100.0,3150.0,4200.0,0.0,0.0,0.0,0.0,0.0,4480.0,0.0,4480.0,2240.0,2240.0,0.0,0.0,0.0,2016.0,4121.0,2240.0,6720.0,0.0,0.0,4032.0,0.0,0.0,0.0,0.0,0.0,0.0,0.0,0.0,0.0,0.0,0.0,0.0,0.0,0.0,0.0,1260.0,0.0,0.0,1260.0,0.0,0.0,0.0,0.0,0.0,2240.0,1260.0,0.0,0.0,68129.0
제59장 최후의 승부3,청산,프로무림,4480.0,3150.0,3220.0,2520.0,70.0,5040.0,3150.0,2520.0,1260.0,630.0,3780.0,0.0,2450.0,0.0,1820.0,1540.0,0.0,70.0,1260.0,0.0,5040.0,3780.0,0.0,630.0,2520.0,630.0,0.0,0.0,0.0,3150.0,0.0,0.0,3150.0,6300.0,3150.0,0.0,0.0,0.0,0.0,490.0,0.0,0.0,420.0,0.0,1680.0,210.0,0.0,0.0,0.0,0.0,0.0,0.0,0.0,0.0,0.0,0.0,0.0,0.0,0.0,0.0,68110.0
스킬스 현대편,류화수,포텐,0.0,0.0,0.0,0.0,0.0,0.0,0.0,0.0,0.0,0.0,0.0,0.0,0.0,0.0,0.0,0.0,0.0,0.0,0.0,0.0,0.0,0.0,0.0,0.0,0.0,0.0,0.0,0.0,0.0,0.0,0.0,0.0,0.0,0.0,0.0,0.0,0.0,0.0,0.0,0.0,0.0,0.0,0.0,0.0,0.0,0.0,0.0,0.0,0.0,0.0,0.0,42244.0,18305.0,0.0,0.0,0.0,0.0,0.0,1862.0,5511.0,67922.0
뇌정혈雷雷3,강태산,프로무림,0.0,0.0,1260.0,5530.0,1260.0,3710.0,0.0,2520.0,4970.0,0.0,0.0,1260.0,630.0,0.0,1890.0,3150.0,630.0,3080.0,441.0,0.0,1260.0,1890.0,1260.0,1260.0,0.0,630.0,2450.0,1260.0,1260.0,630.0,630.0,630.0,1890.0,0.0,1260.0,630.0,630.0,630.0,630.0,1890.0,680.0,0.0,2331.0,0.0,1260.0,0.0,630.0,1260.0,3080.0,630.0,630.0,630.0,630.0,630.0,3080.0,0.0,630.0,0.0,630.0,0.0,67782.0
선검,유재무,포텐,0.0,0.0,0.0,0.0,0.0,0.0,0.0,0.0,0.0,0.0,0.0,0.0,0.0,0.0,0.0,0.0,0.0,0.0,0.0,0.0,0.0,0.0,0.0,0.0,0.0,0.0,0.0,0.0,0.0,0.0,0.0,0.0,0.0,0.0,0.0,0.0,0.0,0.0,0.0,0.0,0.0,0.0,0.0,0.0,0.0,0.0,0.0,0.0,0.0,0.0,0.0,507.0,6278.0,-474.0,21088.0,648.0,14074.0,3399.0,3564.0,17782.0,66866.0
갤럭시the Galaxy 별의 왕,박재학,프로무림,1485.0,3860.0,1125.0,2880.0,2826.0,3725.0,2250.0,2196.0,495.0,0.0,0.0,1260.0,441.0,630.0,1125.0,0.0,1260.0,1755.0,0.0,0.0,3456.0,1890.0,495.0,1260.0,5739.0,2750.0,1504.0,0.0,1125.0,0.0,2124.0,1125.0,1260.0,0.0,1760.0,1036.0,630.0,905.0,630.0,1724.0,0.0,0.0,464.0,464.0,0.0,0.0,630.0,0.0,3346.0,1157.0,1653.0,0.0,527.0,0.0,630.0,0.0,0.0,0.0,0.0,630.0,66227.0
아크리안,김민,프로무림,1115.0,2863.0,2052.0,1793.0,364.0,1294.0,2268.0,0.0,1033.0,800.0,877.0,483.0,1464.0,9152.0,0.0,566.0,0.0,0.0,630.0,1701.0,2721.0,3621.0,7472.0,1699.0,561.0,0.0,4183.0,2600.0,830.0,0.0,2183.0,0.0,0.0,0.0,2520.0,0.0,0.0,0.0,0.0,0.0,1670.0,0.0,444.0,0.0,0.0,0.0,3150.0,0.0,3402.0,76.0,0.0,0.0,0.0,0.0,0.0,0.0,0.0,0.0,574.0,0.0,66161.0
제25장 신풍,사마달,프로무림,1260.0,3570.0,0.0,1890.0,0.0,1260.0,0.0,1610.0,6510.0,0.0,770.0,630.0,1890.0,0.0,2100.0,2520.0,0.0,1890.0,630.0,0.0,1890.0,1890.0,0.0,630.0,1260.0,0.0,770.0,3990.0,1540.0,0.0,630.0,630.0,1260.0,3150.0,70.0,630.0,0.0,0.0,630.0,1890.0,0.0,0.0,0.0,0.0,1890.0,1890.0,0.0,5740.0,630.0,1890.0,0.0,0.0,630.0,630.0,0.0,140.0,0.0,1960.0,1260.0,1400.0,65450.0
무한빙의로 세계최강,절세초인,프로무림,15050.0,33012.0,8316.0,8001.0,0.0,0.0,0.0,0.0,0.0,0.0,0.0,0.0,0.0,0.0,0.0,0.0,0.0,0.0,0.0,0.0,0.0,0.0,0.0,0.0,0.0,0.0,0.0,0.0,0.0,0.0,0.0,0.0,0.0,0.0,0.0,0.0,0.0,0.0,0.0,0.0,0.0,0.0,0.0,0.0,0.0,0.0,0.0,0.0,0.0,0.0,0.0,0.0,0.0,0.0,0.0,0.0,0.0,0.0,0.0,0.0,64379.0
랑3,강태산,프로무림,2520.0,0.0,630.0,630.0,1260.0,630.0,0.0,2030.0,0.0,630.0,0.0,0.0,0.0,1890.0,1120.0,560.0,630.0,1890.0,1890.0,0.0,1890.0,1260.0,1260.0,630.0,0.0,980.0,1260.0,1260.0,3710.0,630.0,0.0,0.0,0.0,0.0,4900.0,1260.0,1890.0,1890.0,2520.0,630.0,2520.0,1890.0,1360.0,0.0,1890.0,630.0,2520.0,1260.0,1058.0,0.0,0.0,630.0,680.0,3150.0,1360.0,1890.0,0.0,0.0,0.0,1260.0,64378.0
풍운협2,강태산,프로무림,2450.0,3780.0,1260.0,3080.0,2520.0,630.0,630.0,630.0,0.0,3150.0,0.0,1260.0,0.0,0.0,1890.0,1890.0,630.0,3080.0,630.0,0.0,630.0,1260.0,1260.0,1260.0,0.0,2450.0,0.0,1890.0,3080.0,1260.0,1260.0,0.0,1125.0,1260.0,2520.0,1890.0,2520.0,0.0,630.0,1260.0,0.0,0.0,0.0,0.0,1789.0,1890.0,0.0,0.0,0.0,0.0,630.0,630.0,1260.0,0.0,630.0,0.0,630.0,3080.0,630.0,0.0,64234.0
섀도우비스트,김재한,프로무림,0.0,567.0,3150.0,0.0,0.0,0.0,0.0,0.0,0.0,0.0,0.0,4410.0,8960.0,0.0,3150.0,630.0,2520.0,6720.0,9712.0,710.0,6720.0,2240.0,0.0,0.0,0.0,0.0,0.0,0.0,0.0,8960.0,0.0,0.0,0.0,0.0,0.0,0.0,0.0,0.0,0.0,0.0,0.0,0.0,0.0,0.0,0.0,0.0,0.0,630.0,0.0,0.0,0.0,0.0,0.0,0.0,0.0,2172.0,0.0,2172.0,0.0,0.0,63423.0
부황전설 질풍강호,이유성,프로무림,3015.0,630.0,1260.0,0.0,4130.0,630.0,1890.0,0.0,5705.0,1890.0,2520.0,630.0,630.0,3645.0,3150.0,1260.0,630.0,0.0,1890.0,2520.0,1071.0,1890.0,630.0,0.0,1260.0,1890.0,3591.0,2870.0,1701.0,2520.0,1890.0,1890.0,1260.0,630.0,0.0,630.0,2520.0,0.0,630.0,0.0,0.0,0.0,0.0,0.0,0.0,0.0,0.0,0.0,0.0,0.0,0.0,0.0,0.0,0.0,0.0,0.0,0.0,0.0,0.0,0.0,62898.0
구인회 전편,검궁인,프로무림,464.0,220.0,873.0,1563.0,3382.0,815.0,2593.0,1478.0,2841.0,2960.0,1600.0,878.0,630.0,1379.0,2114.0,530.0,0.0,0.0,1134.0,0.0,0.0,0.0,641.0,0.0,195.0,1247.0,0.0,0.0,165.0,416.0,2601.0,4080.0,2241.0,681.0,0.0,367.0,0.0,0.0,704.0,1512.0,622.0,1315.0,571.0,0.0,680.0,1512.0,1134.0,567.0,3580.0,0.0,0.0,449.0,6291.0,1490.0,0.0,0.0,0.0,3024.0,0.0,1333.0,62872.0
천방지축 난리법석 亂3,강태산,프로무림,0.0,0.0,0.0,0.0,1260.0,2835.0,1260.0,3150.0,1512.0,0.0,840.0,0.0,0.0,0.0,0.0,1890.0,630.0,0.0,0.0,3080.0,630.0,1890.0,0.0,0.0,1890.0,1260.0,3780.0,0.0,0.0,0.0,0.0,0.0,630.0,3150.0,0.0,441.0,5670.0,8610.0,1890.0,1260.0,1260.0,0.0,630.0,0.0,0.0,0.0,630.0,1260.0,630.0,1260.0,0.0,0.0,630.0,630.0,2520.0,630.0,0.0,0.0,4510.0,630.0,62778.0
제37장 십육만마령六,서효원,프로무림,2200.0,0.0,0.0,0.0,0.0,0.0,0.0,0.0,0.0,800.0,2200.0,1000.0,0.0,2400.0,700.0,0.0,8100.0,5000.0,7200.0,300.0,0.0,0.0,1900.0,0.0,0.0,0.0,0.0,400.0,1600.0,0.0,0.0,1100.0,0.0,1700.0,3600.0,1700.0,0.0,0.0,0.0,700.0,3600.0,500.0,0.0,0.0,0.0,3800.0,0.0,300.0,300.0,0.0,6100.0,800.0,1500.0,100.0,2300.0,0.0,0.0,0.0,0.0,0.0,61900.0
제 장 진정한 승리자2,사마달,프로무림,70.0,3150.0,1190.0,0.0,1050.0,1610.0,0.0,1610.0,8330.0,0.0,0.0,630.0,0.0,0.0,0.0,0.0,0.0,910.0,560.0,0.0,1610.0,0.0,3220.0,2590.0,70.0,4900.0,0.0,980.0,420.0,0.0,1820.0,770.0,0.0,3710.0,0.0,0.0,0.0,0.0,0.0,140.0,700.0,1960.0,0.0,0.0,0.0,0.0,0.0,0.0,0.0,0.0,0.0,1330.0,0.0,0.0,6860.0,1610.0,1750.0,0.0,0.0,8260.0,61810.0
매화무,현규,프로무림,630.0,3097.0,1452.0,408.0,1825.0,1197.0,0.0,495.0,0.0,0.0,0.0,897.0,628.0,0.0,337.0,3292.0,10292.0,303.0,0.0,0.0,0.0,719.0,3351.0,0.0,1360.0,0.0,4348.0,153.0,0.0,0.0,296.0,1890.0,630.0,630.0,0.0,735.0,0.0,630.0,282.0,0.0,0.0,8590.0,0.0,529.0,0.0,630.0,0.0,0.0,254.0,554.0,369.0,0.0,0.0,0.0,585.0,0.0,441.0,0.0,9800.0,0.0,61629.0
독룡,냉중생,프로무림,1010.0,567.0,2677.0,899.0,317.0,0.0,1811.0,0.0,919.0,1490.0,3483.0,140.0,1356.0,2479.0,1905.0,2228.0,4365.0,630.0,2520.0,255.0,1025.0,0.0,0.0,0.0,1169.0,0.0,630.0,0.0,3200.0,680.0,3129.0,0.0,549.0,2520.0,0.0,669.0,630.0,777.0,2520.0,1260.0,630.0,465.0,0.0,0.0,381.0,1605.0,0.0,1341.0,3780.0,0.0,0.0,0.0,1889.0,1355.0,138.0,630.0,0.0,0.0,0.0,0.0,60023.0
등천불망룡,냉중생,프로무림,515.0,2909.0,1134.0,870.0,3129.0,630.0,1722.0,1010.0,1260.0,2758.0,2260.0,0.0,630.0,1260.0,2037.0,216.0,630.0,0.0,1080.0,1228.0,1543.0,888.0,0.0,1409.0,1265.0,1120.0,1260.0,783.0,1260.0,630.0,680.0,1890.0,549.0,0.0,0.0,1953.0,1890.0,1199.0,1310.0,0.0,0.0,366.0,630.0,1242.0,1474.0,0.0,4538.0,282.0,1310.0,0.0,266.0,612.0,235.0,1922.0,705.0,0.0,0.0,1319.0,0.0,0.0,59808.0
레벨원,박천웅,포텐,0.0,0.0,0.0,0.0,0.0,0.0,0.0,0.0,0.0,1260.0,0.0,0.0,0.0,0.0,0.0,0.0,0.0,0.0,0.0,0.0,0.0,0.0,0.0,0.0,0.0,0.0,0.0,13440.0,0.0,0.0,0.0,11200.0,0.0,0.0,0.0,0.0,0.0,0.0,0.0,10378.0,33.0,0.0,0.0,0.0,0.0,6854.0,0.0,12096.0,0.0,0.0,0.0,2419.0,0.0,2016.0,0.0,0.0,0.0,0.0,0.0,0.0,59696.0
갤럭시the Galaxy 시간의 지배자,박재학,프로무림,990.0,3860.0,1125.0,1125.0,2331.0,2870.0,2250.0,1125.0,495.0,495.0,630.0,630.0,441.0,630.0,1125.0,0.0,1260.0,2250.0,0.0,0.0,3321.0,1890.0,0.0,1890.0,5739.0,2255.0,495.0,0.0,1125.0,0.0,2124.0,1125.0,630.0,0.0,0.0,1666.0,630.0,905.0,630.0,1260.0,567.0,0.0,464.0,1094.0,0.0,0.0,630.0,0.0,3233.0,1157.0,0.0,0.0,0.0,630.0,630.0,0.0,0.0,464.0,630.0,630.0,59446.0
갤럭시the Galaxy 레볼루션,박재학,프로무림,990.0,3860.0,1125.0,2385.0,2331.0,2240.0,2250.0,1125.0,1125.0,495.0,630.0,630.0,441.0,630.0,1125.0,0.0,1260.0,2250.0,0.0,0.0,3321.0,1890.0,495.0,1260.0,5739.0,1760.0,999.0,0.0,1125.0,0.0,2124.0,1125.0,630.0,0.0,0.0,1036.0,1260.0,905.0,630.0,1260.0,0.0,0.0,464.0,929.0,0.0,0.0,630.0,0.0,3289.0,1157.0,0.0,0.0,0.0,527.0,630.0,0.0,0.0,0.0,630.0,630.0,59337.0
무인향,강태산,프로무림,1750.0,700.0,0.0,0.0,0.0,0.0,0.0,0.0,1575.0,0.0,0.0,0.0,0.0,0.0,4725.0,3500.0,0.0,0.0,176.0,0.0,0.0,0.0,0.0,0.0,0.0,0.0,0.0,210.0,473.0,5325.0,0.0,1750.0,0.0,910.0,0.0,18.0,1401.0,2450.0,0.0,0.0,0.0,1.0,7144.0,9100.0,0.0,420.0,0.0,63.0,5180.0,151.0,5250.0,0.0,0.0,1575.0,0.0,0.0,0.0,5250.0,0.0,0.0,59097.0
제 장 떠나버린 겨울새4,사마달,프로무림,0.0,0.0,0.0,5110.0,2240.0,1540.0,0.0,0.0,0.0,0.0,0.0,0.0,980.0,840.0,0.0,0.0,0.0,210.0,1260.0,3150.0,0.0,910.0,70.0,1680.0,0.0,0.0,0.0,630.0,140.0,0.0,0.0,0.0,980.0,1120.0,0.0,0.0,0.0,0.0,0.0,0.0,1610.0,0.0,0.0,70.0,4550.0,0.0,210.0,0.0,910.0,0.0,2310.0,0.0,0.0,0.0,0.0,1820.0,2520.0,4410.0,560.0,19250.0,59080.0
데몬듀크,김하준,프로무림,2315.0,1096.0,1858.0,3116.0,2591.0,1131.0,1033.0,3243.0,711.0,1068.0,0.0,807.0,2760.0,267.0,0.0,3438.0,1159.0,633.0,1114.0,567.0,2952.0,1441.0,2794.0,149.0,0.0,0.0,3402.0,3025.0,710.0,0.0,496.0,630.0,399.0,1260.0,1890.0,0.0,2370.0,554.0,630.0,1448.0,0.0,0.0,0.0,0.0,0.0,1890.0,0.0,0.0,1015.0,680.0,0.0,0.0,612.0,339.0,630.0,0.0,0.0,0.0,0.0,315.0,58538.0
오피스텔,이원호,프로무림,5000.0,0.0,0.0,0.0,0.0,0.0,0.0,0.0,0.0,0.0,0.0,0.0,0.0,0.0,0.0,0.0,0.0,0.0,0.0,0.0,8748.0,2052.0,0.0,0.0,9287.0,0.0,0.0,0.0,0.0,216.0,0.0,0.0,1487.0,216.0,5400.0,0.0,0.0,0.0,0.0,5000.0,5000.0,0.0,5400.0,0.0,324.0,108.0,0.0,108.0,0.0,0.0,0.0,0.0,4321.0,0.0,0.0,0.0,0.0,0.0,0.0,5400.0,58067.0
무림누나 능욕게임,탄마,올나이트노벨,0.0,0.0,0.0,0.0,0.0,0.0,0.0,0.0,0.0,0.0,0.0,0.0,0.0,0.0,0.0,0.0,0.0,0.0,0.0,0.0,0.0,0.0,0.0,0.0,0.0,0.0,0.0,0.0,0.0,0.0,0.0,0.0,0.0,0.0,0.0,0.0,0.0,0.0,0.0,0.0,0.0,0.0,0.0,0.0,0.0,0.0,0.0,0.0,0.0,0.0,0.0,0.0,0.0,0.0,0.0,0.0,0.0,0.0,0.0,57855.0,57855.0
도천무영 우정은 영원히,이유성,프로무림,0.0,2235.0,0.0,2123.0,791.0,1225.0,2337.0,2869.0,3451.0,254.0,0.0,436.0,1391.0,630.0,1301.0,2189.0,492.0,1588.0,4326.0,232.0,2620.0,206.0,0.0,973.0,2713.0,2438.0,2240.0,0.0,991.0,1890.0,2520.0,2342.0,1260.0,5501.0,630.0,0.0,2240.0,0.0,1260.0,0.0,0.0,0.0,0.0,0.0,0.0,0.0,0.0,0.0,0.0,0.0,0.0,0.0,0.0,0.0,0.0,0.0,0.0,0.0,0.0,0.0,57694.0
52 최후의 결전2,동윤,프로무림,0.0,0.0,300.0,3100.0,0.0,0.0,0.0,0.0,0.0,0.0,0.0,0.0,0.0,0.0,26700.0,300.0,0.0,0.0,0.0,0.0,0.0,12300.0,0.0,100.0,0.0,0.0,0.0,0.0,0.0,0.0,700.0,0.0,0.0,0.0,0.0,0.0,0.0,300.0,0.0,0.0,0.0,2400.0,2800.0,0.0,0.0,0.0,0.0,0.0,0.0,0.0,0.0,0.0,0.0,0.0,0.0,0.0,0.0,0.0,8600.0,0.0,57600.0
제 장 다시 찾은 소림 날아간 독수리5,사마달,프로무림,0.0,0.0,0.0,1960.0,0.0,1260.0,0.0,1890.0,0.0,70.0,0.0,630.0,630.0,0.0,0.0,2520.0,1260.0,1890.0,3150.0,0.0,2520.0,1890.0,0.0,1960.0,1190.0,1890.0,630.0,630.0,70.0,630.0,2520.0,5040.0,0.0,0.0,630.0,0.0,1890.0,0.0,630.0,1890.0,1260.0,0.0,1890.0,700.0,1260.0,630.0,770.0,840.0,3780.0,1260.0,0.0,0.0,3360.0,0.0,0.0,0.0,630.0,0.0,630.0,1260.0,57540.0
철혈의 제왕6,정우식,프로무림,1800.0,0.0,0.0,0.0,0.0,0.0,0.0,900.0,0.0,4400.0,0.0,0.0,900.0,0.0,0.0,900.0,0.0,1800.0,0.0,630.0,1800.0,0.0,900.0,6300.0,4400.0,1800.0,900.0,0.0,0.0,0.0,900.0,1630.0,3600.0,0.0,0.0,0.0,900.0,0.0,17500.0,900.0,900.0,0.0,0.0,0.0,0.0,0.0,0.0,0.0,0.0,0.0,0.0,1800.0,0.0,0.0,0.0,0.0,900.0,0.0,0.0,900.0,57360.0
창병이 돈을 밝힘,관측불가,포텐,0.0,0.0,0.0,0.0,0.0,0.0,0.0,0.0,0.0,0.0,0.0,0.0,0.0,0.0,0.0,0.0,0.0,0.0,0.0,0.0,0.0,0.0,0.0,0.0,0.0,0.0,0.0,0.0,0.0,0.0,0.0,0.0,0.0,0.0,0.0,0.0,20410.0,0.0,4592.0,0.0,0.0,0.0,11849.0,0.0,0.0,0.0,0.0,15498.0,4888.0,0.0,0.0,0.0,0.0,0.0,0.0,0.0,0.0,0.0,0.0,0.0,57237.0
스킬스,류화수,포텐,0.0,0.0,0.0,0.0,0.0,0.0,0.0,0.0,0.0,0.0,0.0,0.0,0.0,0.0,0.0,0.0,0.0,0.0,0.0,0.0,0.0,0.0,0.0,0.0,0.0,0.0,0.0,0.0,0.0,0.0,0.0,0.0,0.0,0.0,0.0,0.0,0.0,0.0,0.0,0.0,0.0,0.0,0.0,0.0,0.0,0.0,0.0,0.0,0.0,0.0,0.0,45291.0,53.0,4480.0,0.0,0.0,0.0,0.0,0.0,6335.0,56159.0
마왕협녀기,한성수,프로무림,0.0,4130.0,0.0,2835.0,3465.0,0.0,1260.0,0.0,0.0,0.0,1260.0,1260.0,1485.0,70.0,140.0,0.0,0.0,3150.0,0.0,630.0,630.0,0.0,630.0,2520.0,630.0,0.0,9884.0,0.0,3150.0,0.0,0.0,0.0,630.0,3500.0,0.0,0.0,0.0,0.0,0.0,0.0,1197.0,1750.0,7091.0,0.0,0.0,0.0,0.0,630.0,0.0,0.0,3150.0,0.0,0.0,441.0,0.0,630.0,0.0,0.0,0.0,0.0,56148.0
갤럭시the Galaxy 휴먼,박재학,프로무림,990.0,3860.0,1125.0,630.0,2331.0,2870.0,2250.0,1125.0,495.0,495.0,630.0,630.0,441.0,630.0,1125.0,0.0,1260.0,2250.0,0.0,0.0,2826.0,1890.0,0.0,1890.0,6234.0,1760.0,0.0,0.0,1125.0,0.0,1629.0,1125.0,0.0,630.0,0.0,1666.0,630.0,905.0,630.0,1260.0,567.0,0.0,464.0,929.0,0.0,0.0,630.0,0.0,3233.0,1157.0,0.0,0.0,0.0,0.0,0.0,0.0,0.0,0.0,630.0,630.0,55577.0
보험왕,형상준,프로무림,0.0,2535.0,3702.0,3150.0,0.0,0.0,0.0,0.0,344.0,0.0,0.0,0.0,8960.0,0.0,0.0,270.0,0.0,4480.0,0.0,1292.0,11200.0,0.0,0.0,350.0,0.0,0.0,0.0,0.0,0.0,0.0,3150.0,7350.0,0.0,0.0,0.0,630.0,0.0,0.0,4410.0,0.0,0.0,0.0,0.0,0.0,0.0,0.0,0.0,0.0,0.0,0.0,0.0,0.0,0.0,0.0,0.0,0.0,2073.0,0.0,0.0,1091.0,54987.0
마라밀종,강태산,프로무림,3188.0,559.0,1452.0,1668.0,1612.0,0.0,225.0,276.0,0.0,630.0,0.0,355.0,0.0,1260.0,357.0,2052.0,1503.0,630.0,1641.0,1260.0,1890.0,1890.0,630.0,1241.0,523.0,1476.0,0.0,153.0,1425.0,0.0,1801.0,1839.0,630.0,1890.0,0.0,630.0,1260.0,630.0,2667.0,630.0,1260.0,2397.0,1890.0,680.0,680.0,0.0,1310.0,282.0,994.0,190.0,1781.0,0.0,1587.0,0.0,0.0,0.0,0.0,682.0,630.0,434.0,54670.0
제 장 위대한 탄생4,사마달,프로무림,840.0,840.0,3780.0,0.0,3220.0,1540.0,2450.0,4690.0,70.0,2380.0,350.0,3360.0,6440.0,1680.0,140.0,3500.0,0.0,0.0,0.0,0.0,5740.0,210.0,350.0,210.0,1470.0,0.0,1400.0,0.0,0.0,1820.0,0.0,2170.0,980.0,210.0,0.0,0.0,0.0,0.0,980.0,0.0,140.0,280.0,0.0,0.0,280.0,140.0,0.0,0.0,0.0,1400.0,350.0,70.0,280.0,0.0,0.0,0.0,0.0,0.0,0.0,0.0,53760.0
36 이제 한은 없다2,서효원,프로무림,0.0,100.0,0.0,0.0,0.0,0.0,0.0,0.0,0.0,0.0,0.0,0.0,0.0,0.0,5500.0,0.0,2200.0,0.0,100.0,1100.0,1500.0,7100.0,2000.0,0.0,0.0,0.0,15100.0,0.0,200.0,900.0,2600.0,1900.0,0.0,0.0,0.0,0.0,500.0,0.0,0.0,0.0,0.0,0.0,0.0,200.0,0.0,0.0,0.0,800.0,0.0,200.0,0.0,0.0,1200.0,1500.0,0.0,0.0,0.0,3700.0,5200.0,0.0,53600.0
악불기행,강태산,프로무림,0.0,343.0,388.0,3997.0,1890.0,340.0,0.0,2270.0,1295.0,0.0,1323.0,1514.0,666.0,0.0,0.0,4361.0,1019.0,0.0,354.0,0.0,2307.0,4536.0,159.0,630.0,0.0,832.0,1260.0,0.0,0.0,502.0,1200.0,1156.0,0.0,0.0,630.0,6111.0,321.0,630.0,1890.0,0.0,0.0,0.0,0.0,0.0,1890.0,1637.0,0.0,0.0,0.0,1317.0,1380.0,0.0,2209.0,1639.0,0.0,0.0,0.0,0.0,569.0,654.0,53219.0
갤럭시the Galaxy 카오스,박재학,프로무림,990.0,3860.0,1125.0,1260.0,2331.0,2870.0,2250.0,1125.0,495.0,495.0,630.0,630.0,0.0,630.0,1125.0,0.0,630.0,2250.0,0.0,0.0,2196.0,1260.0,0.0,1260.0,5729.0,2255.0,0.0,0.0,1125.0,495.0,990.0,1755.0,0.0,630.0,0.0,1666.0,630.0,905.0,630.0,630.0,0.0,0.0,929.0,464.0,0.0,0.0,630.0,0.0,2704.0,1157.0,0.0,0.0,0.0,0.0,630.0,0.0,0.0,0.0,630.0,630.0,52626.0
구인회 후편,검궁인,프로무림,1620.0,70.0,630.0,0.0,2030.0,0.0,4641.0,140.0,2030.0,0.0,0.0,0.0,630.0,630.0,0.0,0.0,0.0,350.0,0.0,0.0,210.0,4207.0,3780.0,0.0,4606.0,0.0,0.0,70.0,0.0,630.0,6540.0,0.0,5600.0,0.0,0.0,0.0,0.0,0.0,700.0,1512.0,0.0,0.0,0.0,0.0,420.0,350.0,4200.0,0.0,0.0,0.0,0.0,0.0,3592.0,0.0,0.0,0.0,0.0,1260.0,630.0,0.0,51078.0
제37장 은 다시 떠오른다2,사마달,프로무림,0.0,1260.0,770.0,70.0,490.0,70.0,70.0,0.0,6930.0,210.0,0.0,0.0,1470.0,980.0,490.0,0.0,0.0,770.0,4550.0,770.0,0.0,70.0,0.0,0.0,0.0,2940.0,700.0,1470.0,0.0,0.0,1960.0,910.0,0.0,0.0,1120.0,0.0,70.0,0.0,0.0,2730.0,0.0,0.0,0.0,0.0,1820.0,140.0,6300.0,0.0,0.0,420.0,420.0,7980.0,210.0,1050.0,1540.0,0.0,0.0,0.0,0.0,0.0,50750.0
몽상마법사,유림아,프로무림,0.0,4457.0,2128.0,567.0,2730.0,1471.0,1401.0,760.0,0.0,4536.0,0.0,1500.0,0.0,0.0,0.0,0.0,1167.0,0.0,2098.0,0.0,0.0,2640.0,0.0,0.0,388.0,0.0,0.0,0.0,0.0,0.0,2721.0,4295.0,0.0,0.0,410.0,0.0,1946.0,2268.0,2765.0,0.0,0.0,0.0,0.0,0.0,4214.0,541.0,0.0,0.0,0.0,2721.0,0.0,0.0,629.0,0.0,0.0,0.0,0.0,0.0,0.0,2268.0,50621.0
천수검왕 제37장 천수검왕3,사마달,프로무림,490.0,1890.0,770.0,0.0,490.0,630.0,1190.0,630.0,1330.0,700.0,0.0,0.0,2660.0,1330.0,1120.0,3430.0,1330.0,0.0,0.0,12180.0,70.0,0.0,140.0,700.0,1750.0,0.0,630.0,0.0,1400.0,0.0,0.0,700.0,0.0,0.0,1610.0,1470.0,350.0,2310.0,840.0,0.0,1260.0,1400.0,0.0,0.0,0.0,0.0,0.0,0.0,3710.0,420.0,0.0,0.0,0.0,140.0,0.0,0.0,70.0,0.0,0.0,420.0,49560.0
불굴,이원호,프로무림,0.0,0.0,1800.0,3600.0,0.0,0.0,0.0,0.0,0.0,0.0,1800.0,3600.0,0.0,0.0,0.0,0.0,3000.0,0.0,1800.0,6000.0,0.0,0.0,0.0,0.0,630.0,0.0,0.0,0.0,0.0,0.0,0.0,0.0,0.0,0.0,0.0,0.0,0.0,0.0,0.0,1260.0,3000.0,1800.0,0.0,9000.0,0.0,9000.0,0.0,1800.0,900.0,0.0,0.0,0.0,0.0,0.0,0.0,0.0,0.0,0.0,0.0,0.0,48990.0
더 티처HE EACHER,가람검,프로무림,3150.0,0.0,5390.0,0.0,630.0,0.0,0.0,1890.0,0.0,4410.0,1890.0,1260.0,0.0,0.0,0.0,0.0,0.0,0.0,0.0,3150.0,3150.0,0.0,13188.0,630.0,1260.0,630.0,0.0,1890.0,0.0,0.0,0.0,0.0,0.0,0.0,0.0,0.0,0.0,0.0,567.0,0.0,0.0,0.0,0.0,0.0,0.0,3150.0,2041.0,0.0,0.0,0.0,0.0,630.0,0.0,0.0,0.0,0.0,0.0,0.0,0.0,0.0,48906.0
정사일통의 날,서효원,프로무림,0.0,0.0,0.0,0.0,0.0,0.0,0.0,0.0,0.0,1500.0,400.0,2300.0,3500.0,200.0,13900.0,0.0,0.0,0.0,0.0,0.0,0.0,0.0,0.0,1500.0,0.0,1800.0,0.0,0.0,0.0,0.0,300.0,0.0,1200.0,0.0,0.0,0.0,0.0,1000.0,0.0,0.0,0.0,0.0,300.0,1100.0,1000.0,100.0,0.0,400.0,100.0,0.0,6400.0,7500.0,400.0,0.0,1800.0,300.0,0.0,0.0,0.0,1900.0,48900.0
제31장 천하제일인 탄생3,서효원,프로무림,0.0,0.0,0.0,0.0,0.0,0.0,0.0,0.0,0.0,0.0,0.0,800.0,0.0,700.0,9100.0,0.0,3500.0,0.0,0.0,100.0,4100.0,0.0,100.0,1900.0,0.0,0.0,0.0,100.0,0.0,0.0,1400.0,700.0,1000.0,2600.0,1700.0,0.0,0.0,0.0,0.0,0.0,0.0,0.0,0.0,0.0,0.0,0.0,0.0,3100.0,0.0,0.0,0.0,0.0,9200.0,5200.0,0.0,1700.0,100.0,0.0,0.0,0.0,47100.0
카르세아린,임경배,프로무림,26880.0,0.0,0.0,0.0,0.0,0.0,0.0,0.0,0.0,20160.0,0.0,0.0,0.0,0.0,0.0,0.0,0.0,0.0,0.0,0.0,0.0,0.0,0.0,0.0,0.0,0.0,0.0,0.0,0.0,0.0,0.0,0.0,0.0,0.0,0.0,0.0,0.0,0.0,0.0,0.0,0.0,0.0,0.0,0.0,0.0,0.0,0.0,0.0,0.0,0.0,0.0,0.0,0.0,0.0,0.0,0.0,0.0,0.0,0.0,0.0,47040.0
천방지축 난리법석 亂1,강태산,프로무림,0.0,4410.0,1800.0,0.0,1257.0,2646.0,0.0,630.0,2142.0,2450.0,4037.0,630.0,0.0,630.0,0.0,2762.0,0.0,0.0,2324.0,0.0,0.0,0.0,1579.0,630.0,630.0,0.0,1089.0,0.0,0.0,0.0,889.0,0.0,0.0,1260.0,0.0,441.0,3150.0,1094.0,630.0,0.0,0.0,0.0,296.0,681.0,0.0,0.0,434.0,1848.0,0.0,0.0,1329.0,0.0,0.0,1911.0,0.0,0.0,1071.0,357.0,1310.0,630.0,46977.0
황홀한 연애,화연궁,프로무림,7200.0,1800.0,4500.0,0.0,20700.0,0.0,2520.0,0.0,0.0,0.0,1800.0,0.0,0.0,0.0,3600.0,0.0,0.0,0.0,0.0,0.0,0.0,0.0,0.0,0.0,3600.0,0.0,0.0,0.0,0.0,0.0,0.0,0.0,0.0,0.0,0.0,0.0,0.0,0.0,0.0,0.0,0.0,0.0,0.0,0.0,0.0,0.0,0.0,0.0,0.0,0.0,0.0,0.0,0.0,0.0,0.0,0.0,0.0,0.0,0.0,0.0,45720.0
철혈의 제왕2,정우식,프로무림,1800.0,1800.0,900.0,0.0,900.0,0.0,0.0,900.0,900.0,2430.0,900.0,0.0,0.0,1800.0,0.0,1800.0,0.0,2700.0,1260.0,900.0,2700.0,1800.0,1800.0,900.0,5300.0,1800.0,900.0,0.0,900.0,0.0,1800.0,2430.0,0.0,0.0,0.0,900.0,900.0,0.0,0.0,900.0,900.0,900.0,0.0,0.0,0.0,0.0,900.0,0.0,0.0,0.0,0.0,0.0,0.0,0.0,0.0,900.0,0.0,0.0,0.0,0.0,45620.0
34 제국의 아침5,비류수,프로무림,0.0,0.0,9600.0,0.0,0.0,0.0,0.0,0.0,900.0,0.0,0.0,0.0,0.0,0.0,0.0,12600.0,0.0,900.0,3600.0,0.0,0.0,0.0,0.0,0.0,0.0,0.0,0.0,0.0,0.0,0.0,0.0,0.0,0.0,0.0,0.0,0.0,0.0,0.0,15800.0,1900.0,300.0,0.0,0.0,0.0,0.0,0.0,0.0,0.0,0.0,0.0,0.0,0.0,0.0,0.0,0.0,0.0,0.0,0.0,0.0,0.0,45600.0
제 장 봉 문,사마달,프로무림,630.0,0.0,1890.0,1260.0,0.0,1890.0,630.0,1260.0,2170.0,0.0,1890.0,0.0,630.0,1890.0,0.0,1890.0,0.0,1890.0,1890.0,0.0,0.0,1260.0,0.0,1890.0,0.0,0.0,630.0,0.0,630.0,630.0,630.0,1260.0,0.0,630.0,0.0,630.0,630.0,1890.0,0.0,0.0,1260.0,0.0,1890.0,2100.0,630.0,0.0,1890.0,0.0,3780.0,0.0,0.0,0.0,1890.0,630.0,0.0,630.0,0.0,0.0,0.0,0.0,45220.0
27장 절대무존3,사마달,프로무림,0.0,1120.0,0.0,3150.0,420.0,0.0,0.0,0.0,1190.0,1400.0,0.0,210.0,280.0,1330.0,700.0,0.0,770.0,0.0,0.0,1330.0,2310.0,0.0,280.0,0.0,0.0,4130.0,2870.0,0.0,350.0,280.0,0.0,0.0,3640.0,1890.0,140.0,70.0,0.0,490.0,1610.0,0.0,0.0,630.0,3430.0,2590.0,0.0,280.0,0.0,0.0,0.0,980.0,0.0,770.0,0.0,140.0,1120.0,0.0,350.0,70.0,0.0,4480.0,44800.0
소림철불,종린,프로무림,0.0,0.0,770.0,1271.0,0.0,1890.0,1260.0,630.0,1625.0,0.0,0.0,0.0,1008.0,877.0,630.0,582.0,1890.0,0.0,280.0,0.0,0.0,3710.0,0.0,3015.0,630.0,0.0,363.0,1890.0,0.0,0.0,0.0,1260.0,0.0,2116.0,0.0,0.0,1890.0,0.0,0.0,630.0,1890.0,0.0,630.0,0.0,0.0,0.0,0.0,1890.0,0.0,0.0,5276.0,0.0,0.0,2205.0,0.0,1890.0,630.0,0.0,1512.0,630.0,44770.0
기개천하,몽류몽,프로무림,0.0,343.0,3931.0,1264.0,918.0,643.0,0.0,928.0,1934.0,630.0,1260.0,6300.0,126.0,630.0,1890.0,970.0,0.0,194.0,630.0,0.0,0.0,0.0,0.0,489.0,551.0,614.0,0.0,630.0,1530.0,1260.0,338.0,3505.0,718.0,0.0,0.0,1890.0,0.0,0.0,0.0,630.0,1960.0,2153.0,1549.0,0.0,0.0,1890.0,0.0,0.0,0.0,0.0,0.0,0.0,0.0,0.0,2028.0,0.0,0.0,0.0,0.0,253.0,44579.0
일로제검,유청림,프로무림,599.0,0.0,1182.0,156.0,840.0,2100.0,2030.0,0.0,630.0,630.0,0.0,140.0,406.0,980.0,0.0,1422.0,630.0,1323.0,630.0,0.0,0.0,0.0,0.0,0.0,3150.0,0.0,0.0,630.0,1400.0,0.0,0.0,0.0,0.0,3220.0,630.0,0.0,0.0,1890.0,0.0,1260.0,4410.0,0.0,0.0,3150.0,0.0,0.0,0.0,0.0,630.0,0.0,1260.0,3780.0,2240.0,0.0,0.0,0.0,0.0,0.0,1260.0,1890.0,44498.0
신들의 전쟁,정우식,프로무림,0.0,0.0,5700.0,0.0,0.0,3000.0,0.0,0.0,0.0,0.0,0.0,3900.0,0.0,0.0,900.0,0.0,0.0,0.0,0.0,0.0,0.0,0.0,0.0,0.0,0.0,0.0,3000.0,0.0,0.0,0.0,0.0,0.0,0.0,21000.0,0.0,0.0,0.0,0.0,0.0,1080.0,0.0,0.0,0.0,3000.0,0.0,0.0,0.0,0.0,900.0,0.0,900.0,0.0,0.0,0.0,0.0,0.0,0.0,0.0,0.0,1080.0,44460.0
야한 연극의 S 주인공이 되었다,파워레인젖,올나이트노벨,0.0,0.0,0.0,0.0,0.0,0.0,0.0,0.0,0.0,0.0,0.0,0.0,0.0,0.0,0.0,0.0,0.0,0.0,0.0,0.0,0.0,0.0,0.0,0.0,0.0,0.0,0.0,0.0,0.0,0.0,0.0,0.0,0.0,0.0,0.0,0.0,0.0,0.0,0.0,0.0,0.0,0.0,0.0,0.0,0.0,0.0,0.0,0.0,0.0,0.0,0.0,0.0,0.0,0.0,0.0,0.0,0.0,18674.0,18273.0,7274.0,44221.0
코스모스,인기영,프로무림,0.0,0.0,0.0,0.0,0.0,0.0,0.0,0.0,0.0,0.0,0.0,0.0,0.0,0.0,630.0,0.0,0.0,0.0,5238.0,0.0,220.0,2800.0,63.0,0.0,162.0,4324.0,2743.0,2700.0,0.0,0.0,0.0,0.0,0.0,0.0,2100.0,0.0,0.0,0.0,2560.0,0.0,162.0,4860.0,0.0,2560.0,0.0,0.0,2560.0,0.0,630.0,0.0,0.0,0.0,7128.0,0.0,612.0,0.0,0.0,0.0,0.0,1890.0,43942.0
38장 천년제일검,서효원,프로무림,0.0,0.0,0.0,0.0,0.0,0.0,0.0,0.0,0.0,2300.0,0.0,1000.0,1600.0,300.0,4300.0,0.0,0.0,2000.0,0.0,0.0,500.0,3600.0,600.0,0.0,0.0,0.0,400.0,3100.0,0.0,0.0,0.0,1400.0,1200.0,0.0,0.0,0.0,0.0,0.0,0.0,0.0,0.0,0.0,0.0,0.0,0.0,0.0,0.0,0.0,4600.0,3100.0,0.0,8100.0,1400.0,0.0,300.0,3900.0,0.0,0.0,0.0,0.0,43700.0
복싱 가이드,비수,프로무림,0.0,0.0,0.0,900.0,900.0,0.0,0.0,0.0,0.0,0.0,6300.0,8100.0,0.0,0.0,0.0,0.0,5400.0,3600.0,0.0,0.0,0.0,0.0,0.0,0.0,5400.0,0.0,2700.0,3600.0,0.0,0.0,0.0,0.0,0.0,0.0,-776.0,0.0,0.0,0.0,0.0,0.0,0.0,0.0,1800.0,0.0,0.0,0.0,0.0,0.0,0.0,0.0,0.0,0.0,0.0,0.0,5400.0,0.0,0.0,0.0,0.0,0.0,43324.0
코리아연방 프로젝트,김영수,프로무림,0.0,0.0,0.0,0.0,0.0,0.0,0.0,0.0,0.0,0.0,400.0,7000.0,7000.0,0.0,300.0,0.0,7000.0,0.0,0.0,100.0,7000.0,0.0,0.0,0.0,0.0,0.0,100.0,0.0,0.0,0.0,7000.0,0.0,0.0,0.0,0.0,200.0,0.0,0.0,0.0,100.0,0.0,7000.0,0.0,0.0,0.0,0.0,0.0,0.0,0.0,0.0,0.0,0.0,0.0,0.0,0.0,0.0,0.0,0.0,0.0,100.0,43300.0
어쌔신 나이트,홍정태,프로무림,0.0,1929.0,0.0,0.0,2520.0,0.0,2520.0,0.0,0.0,0.0,7000.0,0.0,0.0,0.0,0.0,216.0,0.0,2520.0,0.0,0.0,5040.0,630.0,2401.0,599.0,630.0,0.0,3064.0,766.0,0.0,0.0,1260.0,0.0,630.0,0.0,0.0,1764.0,0.0,0.0,2520.0,0.0,0.0,0.0,0.0,0.0,0.0,0.0,0.0,0.0,0.0,0.0,2520.0,0.0,2520.0,0.0,0.0,0.0,2073.0,0.0,0.0,0.0,43122.0
광고수익회귀로 나 혼자 독식,관측불가,포텐,0.0,0.0,0.0,0.0,0.0,0.0,0.0,0.0,0.0,0.0,0.0,0.0,0.0,0.0,0.0,0.0,0.0,0.0,0.0,0.0,0.0,0.0,0.0,0.0,0.0,0.0,0.0,0.0,0.0,0.0,0.0,0.0,0.0,0.0,0.0,0.0,0.0,0.0,0.0,0.0,0.0,0.0,0.0,0.0,0.0,0.0,0.0,0.0,41807.0,0.0,203.0,168.0,171.0,197.0,69.0,24.0,138.0,80.0,46.0,41.0,42944.0
더치프,권대현,프로무림,6075.0,521.0,2920.0,301.0,0.0,177.0,0.0,0.0,1915.0,0.0,0.0,0.0,0.0,0.0,0.0,3733.0,0.0,1883.0,316.0,1898.0,1120.0,3025.0,2829.0,0.0,4079.0,0.0,0.0,2787.0,0.0,1448.0,2760.0,0.0,513.0,948.0,0.0,1353.0,720.0,0.0,0.0,0.0,0.0,439.0,0.0,0.0,250.0,576.0,0.0,0.0,0.0,0.0,0.0,0.0,0.0,0.0,0.0,0.0,0.0,0.0,0.0,0.0,42586.0
리로드,이수영,프로무림,0.0,2520.0,0.0,0.0,0.0,0.0,0.0,0.0,5040.0,0.0,0.0,0.0,2800.0,2800.0,0.0,0.0,0.0,0.0,0.0,0.0,5600.0,0.0,0.0,0.0,0.0,5040.0,0.0,0.0,0.0,5600.0,0.0,0.0,0.0,0.0,0.0,0.0,0.0,4536.0,0.0,0.0,0.0,0.0,0.0,2800.0,0.0,5600.0,0.0,0.0,0.0,0.0,0.0,0.0,0.0,0.0,0.0,0.0,0.0,0.0,0.0,0.0,42336.0
나 혼자 먼치킨,절세초인,프로무림,8512.0,2240.0,26208.0,4032.0,0.0,0.0,0.0,0.0,0.0,0.0,0.0,0.0,0.0,0.0,0.0,0.0,0.0,0.0,0.0,0.0,0.0,0.0,0.0,0.0,0.0,0.0,0.0,0.0,0.0,0.0,0.0,0.0,0.0,0.0,0.0,0.0,0.0,0.0,0.0,0.0,0.0,0.0,0.0,0.0,0.0,0.0,0.0,0.0,0.0,0.0,0.0,0.0,0.0,0.0,0.0,0.0,0.0,0.0,0.0,0.0,40992.0
제76장 부서진 금패령,서효원,프로무림,0.0,2300.0,0.0,0.0,0.0,0.0,0.0,0.0,0.0,0.0,200.0,600.0,0.0,0.0,0.0,100.0,0.0,0.0,0.0,1600.0,4300.0,0.0,0.0,0.0,0.0,0.0,3800.0,0.0,0.0,0.0,0.0,1800.0,0.0,0.0,0.0,0.0,0.0,0.0,0.0,0.0,0.0,0.0,1000.0,0.0,22000.0,0.0,400.0,0.0,0.0,300.0,0.0,0.0,0.0,0.0,0.0,0.0,100.0,0.0,0.0,1900.0,40400.0
제 장 잡반의 품으로,매설헌,프로무림,2520.0,1890.0,0.0,1890.0,0.0,0.0,1260.0,2520.0,630.0,210.0,2310.0,5040.0,630.0,1260.0,2520.0,770.0,0.0,1260.0,1260.0,630.0,1260.0,0.0,4970.0,0.0,0.0,0.0,2520.0,1890.0,0.0,0.0,630.0,0.0,0.0,0.0,0.0,0.0,0.0,0.0,0.0,0.0,0.0,0.0,0.0,0.0,0.0,0.0,1890.0,0.0,0.0,0.0,0.0,0.0,0.0,0.0,0.0,0.0,0.0,0.0,0.0,0.0,39760.0
제 장 끝에서 다시 시작으로3,사마달,프로무림,0.0,0.0,1260.0,630.0,3780.0,0.0,0.0,0.0,630.0,1260.0,0.0,0.0,0.0,0.0,630.0,2590.0,0.0,6300.0,980.0,0.0,2520.0,0.0,630.0,630.0,0.0,0.0,0.0,70.0,1260.0,210.0,0.0,630.0,0.0,0.0,0.0,0.0,0.0,0.0,2240.0,0.0,1890.0,0.0,1260.0,0.0,630.0,0.0,0.0,2520.0,0.0,0.0,630.0,0.0,0.0,3780.0,0.0,0.0,0.0,0.0,0.0,2520.0,39480.0
나 혼자만 먼치킨,절세초인,프로무림,12474.0,6111.0,14365.0,6104.0,0.0,0.0,0.0,0.0,0.0,0.0,0.0,0.0,0.0,0.0,0.0,0.0,0.0,0.0,0.0,0.0,0.0,0.0,0.0,0.0,0.0,0.0,0.0,0.0,0.0,0.0,0.0,0.0,0.0,0.0,0.0,0.0,0.0,0.0,0.0,0.0,0.0,0.0,0.0,0.0,0.0,0.0,0.0,0.0,0.0,0.0,0.0,0.0,0.0,0.0,0.0,0.0,0.0,0.0,0.0,0.0,39054.0
제 장 의 봄,사마달,프로무림,1470.0,2940.0,0.0,0.0,0.0,0.0,1960.0,7840.0,420.0,0.0,0.0,210.0,0.0,0.0,0.0,0.0,0.0,1890.0,2170.0,0.0,0.0,0.0,350.0,770.0,0.0,420.0,4480.0,0.0,0.0,0.0,0.0,490.0,1960.0,2310.0,140.0,0.0,0.0,0.0,0.0,0.0,0.0,0.0,0.0,4060.0,0.0,980.0,0.0,2380.0,840.0,0.0,0.0,0.0,0.0,0.0,0.0,770.0,0.0,0.0,0.0,0.0,38850.0
철혈의 제왕3,정우식,프로무림,1800.0,900.0,900.0,0.0,0.0,0.0,0.0,0.0,900.0,900.0,900.0,0.0,0.0,0.0,0.0,1800.0,0.0,2700.0,0.0,1530.0,1800.0,0.0,900.0,1800.0,4400.0,1800.0,900.0,0.0,0.0,0.0,1800.0,2430.0,0.0,0.0,0.0,900.0,900.0,0.0,0.0,900.0,1800.0,900.0,0.0,0.0,0.0,0.0,0.0,0.0,0.0,0.0,0.0,0.0,0.0,0.0,0.0,4500.0,0.0,0.0,0.0,0.0,38060.0
도천무영 풍운의 서막,이유성,프로무림,0.0,1645.0,0.0,0.0,0.0,0.0,956.0,630.0,172.0,2240.0,0.0,3226.0,1764.0,630.0,3129.0,216.0,630.0,0.0,1939.0,630.0,1260.0,1890.0,159.0,630.0,630.0,630.0,2240.0,613.0,630.0,1260.0,1260.0,0.0,1260.0,0.0,2240.0,1260.0,2240.0,630.0,1260.0,0.0,0.0,0.0,0.0,0.0,0.0,0.0,0.0,0.0,0.0,0.0,0.0,0.0,0.0,0.0,0.0,0.0,0.0,0.0,0.0,0.0,37899.0
랑2,강태산,프로무림,0.0,0.0,0.0,630.0,630.0,630.0,0.0,630.0,630.0,630.0,0.0,0.0,630.0,0.0,630.0,630.0,630.0,1260.0,0.0,0.0,1260.0,0.0,1260.0,0.0,0.0,630.0,1260.0,1260.0,2450.0,630.0,0.0,0.0,0.0,2450.0,2450.0,630.0,1890.0,1890.0,1260.0,630.0,0.0,0.0,0.0,0.0,630.0,630.0,2520.0,630.0,0.0,0.0,0.0,630.0,0.0,0.0,0.0,1260.0,0.0,0.0,0.0,2450.0,36260.0
건곤쟁패,가람검,프로무림,0.0,2240.0,1890.0,2268.0,0.0,0.0,0.0,0.0,0.0,0.0,2520.0,0.0,2520.0,0.0,0.0,0.0,0.0,0.0,0.0,0.0,0.0,6773.0,0.0,0.0,0.0,0.0,2520.0,0.0,0.0,0.0,0.0,0.0,0.0,0.0,0.0,0.0,0.0,0.0,3150.0,0.0,1260.0,1260.0,0.0,0.0,0.0,0.0,9590.0,0.0,0.0,0.0,0.0,0.0,0.0,0.0,0.0,0.0,0.0,0.0,0.0,0.0,35991.0
제59장 고금 최강의 절3,청산,프로무림,0.0,0.0,0.0,630.0,0.0,4410.0,2520.0,3150.0,0.0,630.0,0.0,3150.0,0.0,1890.0,0.0,0.0,3780.0,630.0,630.0,0.0,3780.0,1260.0,630.0,3150.0,0.0,0.0,0.0,2520.0,0.0,0.0,630.0,1960.0,0.0,0.0,0.0,0.0,0.0,0.0,0.0,0.0,0.0,0.0,0.0,0.0,0.0,0.0,0.0,0.0,0.0,0.0,0.0,0.0,0.0,0.0,0.0,0.0,0.0,0.0,0.0,0.0,35350.0
풍수영웅전,박영창,프로무림,0.0,630.0,2250.0,0.0,2385.0,990.0,0.0,1890.0,0.0,346.0,3150.0,630.0,252.0,0.0,630.0,1422.0,168.0,2520.0,2158.0,630.0,0.0,1890.0,319.0,1560.0,0.0,0.0,181.0,1890.0,0.0,2520.0,630.0,657.0,0.0,0.0,0.0,0.0,0.0,0.0,1260.0,0.0,1890.0,0.0,0.0,0.0,0.0,325.0,630.0,0.0,630.0,0.0,0.0,0.0,0.0,0.0,0.0,0.0,0.0,441.0,0.0,0.0,34874.0
폭풍전야暴 암룡편,선규,프로무림,318.0,0.0,592.0,0.0,1257.0,3012.0,941.0,0.0,0.0,434.0,1036.0,2100.0,575.0,0.0,299.0,500.0,2100.0,306.0,885.0,0.0,0.0,0.0,680.0,149.0,0.0,0.0,621.0,0.0,2100.0,262.0,1126.0,441.0,2051.0,1200.0,684.0,704.0,1764.0,2100.0,2268.0,0.0,0.0,0.0,0.0,0.0,0.0,2100.0,0.0,0.0,0.0,0.0,0.0,630.0,0.0,0.0,0.0,0.0,0.0,955.0,341.0,0.0,34531.0
남자의 길,관측불가,포텐,0.0,0.0,0.0,0.0,0.0,0.0,0.0,0.0,0.0,0.0,0.0,0.0,0.0,0.0,0.0,0.0,0.0,0.0,0.0,0.0,0.0,0.0,0.0,0.0,0.0,0.0,0.0,0.0,0.0,0.0,0.0,0.0,0.0,0.0,0.0,0.0,0.0,0.0,0.0,0.0,0.0,0.0,0.0,0.0,0.0,0.0,0.0,0.0,34477.0,0.0,0.0,0.0,0.0,0.0,0.0,0.0,0.0,0.0,0.0,0.0,34477.0
새비어 매니저,김종휘,프로무림,0.0,500.0,100.0,4400.0,0.0,0.0,600.0,0.0,0.0,1800.0,0.0,0.0,0.0,100.0,700.0,0.0,0.0,0.0,0.0,0.0,0.0,0.0,0.0,0.0,0.0,0.0,0.0,0.0,0.0,0.0,0.0,0.0,0.0,84.0,0.0,0.0,0.0,0.0,0.0,0.0,0.0,0.0,0.0,11702.0,108.0,2.0,0.0,0.0,1177.0,0.0,0.0,0.0,0.0,0.0,13176.0,0.0,0.0,0.0,0.0,4.0,34453.0
소설 속 악당으로 살아가는 법,백범(白帆),포텐,0.0,0.0,0.0,0.0,0.0,0.0,0.0,0.0,7700.0,0.0,495.0,0.0,3245.0,0.0,8415.0,495.0,495.0,2916.0,0.0,0.0,0.0,0.0,0.0,0.0,0.0,0.0,3888.0,486.0,0.0,0.0,6231.0,0.0,0.0,0.0,0.0,0.0,0.0,0.0,0.0,0.0,0.0,0.0,0.0,0.0,0.0,0.0,0.0,0.0,0.0,0.0,0.0,0.0,0.0,0.0,0.0,0.0,0.0,0.0,0.0,0.0,34366.0
의,서효원,프로무림,0.0,0.0,0.0,0.0,0.0,0.0,0.0,0.0,0.0,0.0,0.0,300.0,0.0,3300.0,0.0,0.0,3200.0,0.0,0.0,0.0,0.0,0.0,2200.0,0.0,0.0,0.0,0.0,0.0,4600.0,0.0,0.0,800.0,0.0,0.0,100.0,800.0,0.0,0.0,0.0,1800.0,300.0,200.0,0.0,0.0,0.0,0.0,0.0,2200.0,100.0,4900.0,2900.0,0.0,0.0,0.0,0.0,2700.0,0.0,3800.0,0.0,0.0,34200.0
불멸의 영웅,강태산,프로무림,0.0,630.0,0.0,560.0,3500.0,0.0,630.0,0.0,0.0,70.0,630.0,210.0,1610.0,0.0,0.0,0.0,0.0,630.0,1890.0,3150.0,0.0,0.0,0.0,0.0,630.0,0.0,1890.0,140.0,2100.0,1890.0,0.0,0.0,0.0,210.0,70.0,0.0,0.0,1890.0,3430.0,1890.0,0.0,630.0,0.0,0.0,0.0,0.0,0.0,630.0,2520.0,1260.0,1260.0,0.0,70.0,0.0,0.0,140.0,0.0,0.0,0.0,0.0,34160.0
악인무적,권천,프로무림,1012.0,434.0,3765.0,1411.0,1542.0,1236.0,311.0,763.0,1260.0,0.0,459.0,523.0,126.0,125.0,752.0,162.0,506.0,0.0,567.0,0.0,0.0,0.0,1317.0,149.0,0.0,630.0,0.0,1732.0,0.0,1493.0,829.0,376.0,0.0,1724.0,0.0,0.0,0.0,1071.0,1420.0,0.0,0.0,630.0,0.0,1701.0,0.0,630.0,0.0,321.0,0.0,0.0,951.0,1593.0,0.0,0.0,0.0,1260.0,0.0,1310.0,0.0,0.0,34091.0
군왕성 화,서효원,프로무림,3600.0,0.0,0.0,0.0,0.0,0.0,0.0,0.0,0.0,1600.0,9200.0,1300.0,1100.0,0.0,0.0,0.0,0.0,0.0,0.0,0.0,600.0,3600.0,0.0,0.0,0.0,0.0,1600.0,0.0,0.0,900.0,0.0,0.0,0.0,600.0,0.0,0.0,0.0,0.0,0.0,0.0,0.0,0.0,1200.0,700.0,1900.0,200.0,1600.0,1800.0,100.0,0.0,0.0,0.0,0.0,0.0,2200.0,0.0,0.0,0.0,0.0,0.0,33800.0
제 장 피 피 피,사마달,프로무림,980.0,0.0,1120.0,2100.0,1470.0,700.0,560.0,4480.0,1120.0,2100.0,0.0,0.0,0.0,1260.0,910.0,630.0,910.0,0.0,1120.0,980.0,0.0,420.0,2240.0,2240.0,0.0,1120.0,280.0,280.0,0.0,980.0,910.0,350.0,70.0,0.0,140.0,0.0,0.0,0.0,140.0,0.0,280.0,700.0,0.0,0.0,0.0,0.0,0.0,1260.0,0.0,210.0,1610.0,0.0,0.0,0.0,0.0,0.0,0.0,0.0,0.0,0.0,33670.0
34 이제 장막은 없다2,서효원,프로무림,2100.0,1000.0,0.0,0.0,0.0,0.0,0.0,0.0,0.0,0.0,0.0,2200.0,0.0,0.0,2000.0,0.0,4200.0,0.0,3100.0,1300.0,800.0,1200.0,0.0,100.0,0.0,0.0,1500.0,0.0,0.0,0.0,0.0,0.0,0.0,0.0,0.0,4500.0,0.0,100.0,0.0,0.0,0.0,1500.0,0.0,0.0,0.0,0.0,0.0,0.0,0.0,0.0,400.0,0.0,1800.0,0.0,0.0,0.0,0.0,0.0,0.0,4200.0,32000.0
나한대협,와룡강,프로무림,0.0,0.0,0.0,0.0,0.0,0.0,0.0,0.0,0.0,0.0,0.0,15750.0,0.0,0.0,0.0,0.0,0.0,0.0,0.0,0.0,0.0,0.0,0.0,0.0,0.0,0.0,0.0,0.0,0.0,0.0,0.0,0.0,0.0,0.0,0.0,0.0,0.0,0.0,0.0,0.0,0.0,0.0,15750.0,0.0,0.0,0.0,0.0,0.0,0.0,0.0,0.0,0.0,0.0,0.0,0.0,0.0,0.0,0.0,0.0,0.0,31500.0
게더링,박제후,프로무림,0.0,6000.0,3000.0,1500.0,3000.0,1500.0,2000.0,1500.0,0.0,1500.0,1500.0,0.0,1500.0,0.0,1500.0,1600.0,0.0,0.0,1800.0,1500.0,1710.0,0.0,0.0,0.0,0.0,0.0,0.0,0.0,0.0,0.0,0.0,0.0,0.0,0.0,0.0,0.0,0.0,0.0,0.0,0.0,0.0,0.0,0.0,0.0,0.0,0.0,0.0,0.0,0.0,0.0,0.0,0.0,0.0,0.0,0.0,0.0,0.0,0.0,0.0,0.0,31110.0
삼혈목1,강태산,프로무림,604.0,0.0,388.0,0.0,3082.0,0.0,1105.0,0.0,0.0,630.0,1486.0,630.0,0.0,0.0,0.0,555.0,864.0,367.0,0.0,326.0,1360.0,0.0,159.0,149.0,1361.0,4327.0,398.0,0.0,165.0,502.0,0.0,759.0,0.0,0.0,0.0,1554.0,680.0,683.0,0.0,0.0,630.0,0.0,541.0,0.0,1055.0,0.0,0.0,820.0,0.0,686.0,645.0,680.0,588.0,0.0,0.0,1134.0,1134.0,0.0,1036.0,0.0,31083.0
부황전설 초출강호,이유성,프로무림,0.0,1890.0,0.0,0.0,0.0,5040.0,2776.0,2723.0,6421.0,0.0,0.0,986.0,0.0,877.0,4132.0,981.0,3240.0,791.0,0.0,739.0,0.0,0.0,0.0,300.0,0.0,0.0,0.0,0.0,0.0,0.0,0.0,0.0,0.0,0.0,0.0,0.0,0.0,0.0,0.0,0.0,0.0,0.0,0.0,0.0,0.0,0.0,0.0,0.0,0.0,0.0,0.0,0.0,0.0,0.0,0.0,0.0,0.0,0.0,0.0,0.0,30896.0
새벽의 오트,달다,프로무림,0.0,0.0,0.0,0.0,0.0,0.0,0.0,0.0,0.0,0.0,0.0,0.0,0.0,0.0,0.0,0.0,0.0,0.0,0.0,0.0,0.0,0.0,0.0,0.0,0.0,0.0,0.0,0.0,0.0,0.0,0.0,29050.0,0.0,140.0,0.0,1.0,0.0,1026.0,0.0,0.0,0.0,0.0,0.0,0.0,0.0,0.0,0.0,0.0,0.0,0.0,0.0,0.0,630.0,0.0,0.0,0.0,0.0,0.0,0.0,0.0,30847.0
제35장 그리고 그들은,서효원,프로무림,2600.0,0.0,0.0,0.0,0.0,0.0,0.0,0.0,0.0,0.0,1700.0,0.0,2400.0,0.0,0.0,0.0,400.0,0.0,300.0,0.0,3200.0,0.0,700.0,0.0,0.0,0.0,400.0,600.0,0.0,0.0,0.0,2500.0,4000.0,1000.0,0.0,0.0,0.0,0.0,0.0,0.0,1900.0,1900.0,2400.0,400.0,0.0,0.0,0.0,200.0,0.0,0.0,1500.0,0.0,0.0,0.0,0.0,0.0,1900.0,600.0,0.0,0.0,30600.0
무림천하,김형석,프로무림,2520.0,0.0,0.0,4480.0,0.0,0.0,1260.0,630.0,0.0,0.0,0.0,0.0,630.0,0.0,630.0,0.0,0.0,2520.0,0.0,0.0,3500.0,8960.0,0.0,0.0,0.0,0.0,0.0,0.0,0.0,0.0,0.0,630.0,0.0,0.0,0.0,0.0,0.0,0.0,0.0,0.0,2268.0,0.0,0.0,0.0,0.0,0.0,2520.0,0.0,0.0,0.0,0.0,0.0,0.0,0.0,0.0,0.0,0.0,0.0,0.0,0.0,30548.0
판듀라스,박성호,프로무림,0.0,0.0,0.0,0.0,0.0,0.0,0.0,0.0,0.0,0.0,0.0,0.0,0.0,0.0,0.0,0.0,6300.0,0.0,0.0,0.0,0.0,0.0,0.0,0.0,0.0,0.0,5250.0,0.0,0.0,0.0,0.0,3150.0,0.0,0.0,0.0,0.0,0.0,5250.0,0.0,0.0,1750.0,5250.0,0.0,1750.0,0.0,0.0,0.0,0.0,0.0,1784.0,0.0,0.0,0.0,0.0,0.0,0.0,0.0,0.0,0.0,0.0,30484.0
김석산 파이브,지미신,프로무림,0.0,0.0,3000.0,0.0,0.0,0.0,3000.0,0.0,0.0,0.0,0.0,3000.0,0.0,0.0,0.0,0.0,0.0,0.0,0.0,0.0,0.0,0.0,0.0,0.0,0.0,0.0,0.0,0.0,0.0,0.0,0.0,0.0,0.0,0.0,0.0,8904.0,3000.0,7500.0,0.0,0.0,0.0,0.0,0.0,0.0,0.0,0.0,0.0,0.0,0.0,0.0,630.0,0.0,0.0,0.0,0.0,0.0,0.0,0.0,900.0,0.0,29934.0
마지막 손오공,조경휘,프로무림,0.0,295.0,0.0,387.0,9800.0,0.0,0.0,121.0,0.0,0.0,1888.0,2972.0,0.0,0.0,123.0,378.0,0.0,209.0,3647.0,0.0,0.0,302.0,0.0,0.0,0.0,260.0,0.0,630.0,567.0,630.0,905.0,329.0,0.0,0.0,630.0,0.0,630.0,0.0,0.0,0.0,0.0,0.0,630.0,630.0,0.0,0.0,1071.0,373.0,254.0,0.0,707.0,0.0,756.0,0.0,0.0,630.0,0.0,0.0,0.0,0.0,29754.0
능력 믿고 막 간다29,반취객,포텐,0.0,0.0,0.0,0.0,0.0,0.0,0.0,0.0,0.0,0.0,0.0,1275.0,0.0,0.0,0.0,0.0,0.0,630.0,0.0,5670.0,0.0,0.0,0.0,0.0,5040.0,0.0,0.0,0.0,0.0,630.0,0.0,630.0,0.0,0.0,0.0,0.0,0.0,0.0,5670.0,0.0,0.0,0.0,10206.0,0.0,0.0,0.0,0.0,0.0,0.0,0.0,0.0,0.0,0.0,0.0,0.0,0.0,0.0,0.0,0.0,0.0,29751.0
제34장 운명의 장2,서효원,프로무림,0.0,0.0,0.0,0.0,0.0,0.0,0.0,0.0,0.0,0.0,2600.0,200.0,0.0,2200.0,400.0,200.0,0.0,0.0,0.0,0.0,0.0,0.0,0.0,0.0,700.0,0.0,500.0,3400.0,0.0,0.0,0.0,0.0,0.0,0.0,3100.0,200.0,0.0,200.0,0.0,700.0,0.0,0.0,3900.0,0.0,1800.0,0.0,0.0,0.0,1200.0,0.0,0.0,0.0,0.0,0.0,0.0,1300.0,5100.0,1000.0,0.0,0.0,28700.0
제27장 대척살5,사마달,프로무림,490.0,140.0,0.0,0.0,0.0,210.0,3640.0,0.0,0.0,0.0,0.0,0.0,0.0,0.0,3990.0,2170.0,0.0,0.0,0.0,1960.0,0.0,0.0,0.0,0.0,3220.0,840.0,0.0,0.0,0.0,0.0,0.0,1400.0,0.0,2240.0,0.0,0.0,0.0,0.0,0.0,70.0,0.0,0.0,0.0,7210.0,280.0,0.0,0.0,0.0,0.0,280.0,0.0,0.0,0.0,0.0,0.0,0.0,70.0,0.0,0.0,140.0,28350.0
여명천하黎,사마달,프로무림,1890.0,0.0,0.0,0.0,0.0,1610.0,700.0,0.0,1330.0,0.0,0.0,2100.0,0.0,0.0,0.0,0.0,2030.0,0.0,0.0,280.0,0.0,0.0,0.0,0.0,980.0,3500.0,0.0,0.0,0.0,0.0,280.0,0.0,3780.0,0.0,770.0,0.0,0.0,0.0,0.0,0.0,0.0,0.0,0.0,0.0,0.0,0.0,420.0,70.0,0.0,0.0,1120.0,70.0,0.0,0.0,490.0,0.0,0.0,2240.0,4620.0,0.0,28280.0
스폰서 재벌 암살사건,정현웅,프로무림,0.0,0.0,0.0,4000.0,0.0,0.0,0.0,4800.0,0.0,0.0,0.0,0.0,0.0,4000.0,0.0,0.0,0.0,0.0,0.0,4000.0,0.0,0.0,0.0,0.0,0.0,0.0,0.0,0.0,0.0,0.0,0.0,0.0,0.0,0.0,0.0,0.0,0.0,0.0,0.0,0.0,0.0,0.0,0.0,0.0,0.0,0.0,0.0,4000.0,0.0,0.0,0.0,0.0,0.0,3360.0,0.0,0.0,4000.0,0.0,0.0,0.0,28160.0
철혈의 제왕4,정우식,프로무림,0.0,0.0,0.0,0.0,0.0,0.0,0.0,0.0,0.0,4400.0,0.0,0.0,0.0,0.0,0.0,3600.0,0.0,1800.0,0.0,630.0,1800.0,900.0,900.0,900.0,4400.0,900.0,900.0,0.0,0.0,0.0,900.0,1530.0,900.0,0.0,0.0,0.0,0.0,0.0,0.0,900.0,900.0,900.0,0.0,0.0,0.0,0.0,0.0,0.0,0.0,0.0,0.0,0.0,0.0,0.0,0.0,0.0,900.0,0.0,0.0,0.0,28060.0
일리언,사이딘,프로무림,0.0,0.0,0.0,0.0,0.0,0.0,0.0,0.0,0.0,0.0,0.0,0.0,0.0,0.0,0.0,0.0,0.0,0.0,0.0,0.0,0.0,0.0,0.0,27930.0,0.0,0.0,0.0,0.0,0.0,0.0,0.0,0.0,0.0,0.0,0.0,0.0,0.0,0.0,0.0,0.0,0.0,0.0,0.0,0.0,0.0,0.0,0.0,0.0,0.0,0.0,0.0,0.0,0.0,0.0,0.0,0.0,0.0,0.0,0.0,0.0,27930.0
제 장 그들의 미래3,사마달,프로무림,0.0,0.0,0.0,1890.0,1890.0,0.0,0.0,0.0,0.0,0.0,0.0,0.0,0.0,1890.0,0.0,630.0,0.0,0.0,630.0,630.0,1260.0,0.0,0.0,0.0,0.0,0.0,1890.0,0.0,0.0,630.0,0.0,0.0,0.0,0.0,630.0,0.0,630.0,0.0,0.0,1260.0,630.0,70.0,4620.0,0.0,700.0,630.0,0.0,0.0,630.0,630.0,0.0,1260.0,630.0,630.0,0.0,0.0,0.0,630.0,630.0,1890.0,27440.0
카사노바 플레이어,신사J,프로무림,4100.0,0.0,4100.0,700.0,0.0,0.0,0.0,0.0,10500.0,1800.0,0.0,0.0,0.0,0.0,0.0,0.0,0.0,0.0,0.0,0.0,0.0,0.0,0.0,0.0,0.0,5400.0,0.0,0.0,0.0,0.0,0.0,0.0,0.0,0.0,0.0,0.0,0.0,0.0,0.0,0.0,400.0,0.0,0.0,0.0,0.0,0.0,0.0,0.0,0.0,0.0,0.0,0.0,0.0,0.0,0.0,0.0,0.0,0.0,0.0,0.0,27000.0
블레이즈,윤신현,포텐,0.0,0.0,0.0,0.0,0.0,0.0,0.0,0.0,0.0,0.0,0.0,0.0,0.0,0.0,0.0,0.0,0.0,0.0,0.0,0.0,0.0,0.0,0.0,0.0,0.0,0.0,0.0,0.0,0.0,0.0,0.0,0.0,0.0,0.0,0.0,0.0,0.0,0.0,0.0,0.0,0.0,0.0,0.0,0.0,0.0,0.0,0.0,0.0,0.0,7308.0,2817.0,8459.0,3563.0,420.0,151.0,423.0,701.0,789.0,0.0,495.0,25126.0
철혈의 제왕5,정우식,프로무림,0.0,0.0,0.0,0.0,0.0,0.0,0.0,0.0,0.0,4400.0,0.0,0.0,0.0,0.0,0.0,1800.0,0.0,1800.0,0.0,630.0,1800.0,0.0,900.0,900.0,4400.0,900.0,900.0,0.0,0.0,0.0,900.0,900.0,900.0,0.0,0.0,0.0,0.0,0.0,0.0,900.0,900.0,0.0,0.0,0.0,0.0,0.0,0.0,0.0,0.0,0.0,0.0,0.0,0.0,0.0,0.0,0.0,1800.0,0.0,0.0,0.0,24730.0
붉은 나비 혈접인 중,사마달,프로무림,0.0,0.0,0.0,0.0,2115.0,990.0,2775.0,0.0,0.0,441.0,441.0,0.0,0.0,495.0,0.0,495.0,495.0,441.0,1650.0,0.0,0.0,0.0,630.0,0.0,0.0,1125.0,0.0,0.0,2520.0,495.0,1494.0,0.0,0.0,0.0,0.0,0.0,0.0,0.0,527.0,0.0,0.0,0.0,1071.0,0.0,630.0,0.0,2100.0,0.0,1260.0,0.0,0.0,0.0,630.0,1260.0,441.0,0.0,0.0,0.0,0.0,0.0,24521.0
샷 오브 데스티니,박성호,프로무림,0.0,0.0,0.0,0.0,0.0,0.0,0.0,0.0,0.0,0.0,0.0,0.0,0.0,0.0,0.0,0.0,0.0,0.0,0.0,0.0,7000.0,0.0,0.0,0.0,0.0,1750.0,7000.0,0.0,0.0,0.0,0.0,0.0,0.0,0.0,0.0,0.0,0.0,0.0,0.0,0.0,0.0,0.0,0.0,0.0,0.0,0.0,0.0,0.0,0.0,0.0,5250.0,0.0,0.0,0.0,0.0,0.0,0.0,0.0,3500.0,0.0,24500.0
무한존재,묵룡,프로무림,0.0,0.0,0.0,0.0,0.0,0.0,0.0,0.0,0.0,0.0,0.0,0.0,0.0,0.0,0.0,0.0,0.0,0.0,0.0,0.0,0.0,0.0,0.0,0.0,2450.0,22050.0,0.0,0.0,0.0,0.0,0.0,0.0,0.0,0.0,0.0,0.0,0.0,0.0,0.0,0.0,0.0,0.0,0.0,0.0,0.0,0.0,0.0,0.0,0.0,0.0,0.0,0.0,0.0,0.0,0.0,0.0,0.0,0.0,0.0,0.0,24500.0
바늘꽃 연가,정현웅,프로무림,6000.0,0.0,0.0,0.0,0.0,6000.0,0.0,0.0,3000.0,3000.0,0.0,0.0,0.0,0.0,0.0,0.0,0.0,0.0,0.0,0.0,0.0,0.0,0.0,3384.0,0.0,3000.0,0.0,0.0,0.0,0.0,0.0,0.0,0.0,0.0,0.0,0.0,0.0,0.0,0.0,0.0,0.0,0.0,0.0,0.0,0.0,0.0,0.0,0.0,0.0,0.0,0.0,0.0,0.0,0.0,0.0,0.0,0.0,0.0,0.0,0.0,24384.0
제36장 너 다 가져라1,사마달,프로무림,140.0,700.0,840.0,1540.0,0.0,0.0,0.0,0.0,3780.0,770.0,490.0,0.0,0.0,0.0,210.0,0.0,0.0,0.0,840.0,0.0,0.0,0.0,0.0,0.0,0.0,0.0,2380.0,70.0,0.0,0.0,0.0,2100.0,0.0,560.0,0.0,140.0,0.0,980.0,1470.0,0.0,560.0,0.0,70.0,0.0,0.0,0.0,0.0,0.0,0.0,0.0,0.0,0.0,0.0,0.0,2030.0,0.0,1540.0,3080.0,0.0,0.0,24290.0
익스트림 프로젝트 제로1,정우식,프로무림,3300.0,6000.0,0.0,0.0,0.0,0.0,0.0,0.0,0.0,0.0,0.0,0.0,0.0,0.0,0.0,0.0,0.0,0.0,564.0,13440.0,240.0,0.0,0.0,0.0,0.0,0.0,0.0,0.0,0.0,0.0,0.0,0.0,0.0,0.0,0.0,0.0,30.0,0.0,0.0,0.0,0.0,109.0,0.0,0.0,0.0,0.0,0.0,0.0,0.0,0.0,0.0,0.0,0.0,2.0,0.0,0.0,0.0,0.0,0.0,0.0,23685.0
도천무영 불사멸혼대와 천궁,이유성,프로무림,0.0,1260.0,0.0,0.0,0.0,0.0,630.0,630.0,0.0,630.0,0.0,0.0,630.0,630.0,630.0,0.0,630.0,0.0,630.0,0.0,1260.0,630.0,0.0,630.0,0.0,630.0,2870.0,0.0,630.0,1890.0,1260.0,0.0,630.0,0.0,2870.0,0.0,2240.0,0.0,1260.0,0.0,0.0,0.0,0.0,0.0,0.0,0.0,0.0,0.0,0.0,0.0,0.0,0.0,0.0,0.0,0.0,0.0,0.0,0.0,0.0,0.0,23100.0
제 장 모든 것의 끝2,사마달,프로무림,0.0,0.0,420.0,0.0,0.0,0.0,0.0,910.0,560.0,1330.0,0.0,0.0,560.0,560.0,70.0,0.0,140.0,0.0,630.0,0.0,2240.0,1540.0,0.0,0.0,0.0,0.0,0.0,0.0,840.0,1470.0,0.0,0.0,2940.0,910.0,0.0,0.0,0.0,0.0,0.0,0.0,0.0,0.0,420.0,0.0,0.0,3080.0,2100.0,0.0,70.0,0.0,0.0,0.0,0.0,0.0,0.0,0.0,980.0,0.0,0.0,1260.0,23030.0
진정한 절대자들,천중행,프로무림,0.0,0.0,0.0,0.0,210.0,770.0,0.0,0.0,280.0,0.0,1400.0,1190.0,140.0,0.0,0.0,0.0,0.0,630.0,0.0,0.0,0.0,910.0,0.0,3010.0,2660.0,0.0,4130.0,630.0,0.0,1470.0,70.0,0.0,0.0,0.0,0.0,0.0,1890.0,0.0,0.0,0.0,0.0,0.0,0.0,0.0,0.0,1890.0,0.0,0.0,0.0,0.0,0.0,1330.0,0.0,0.0,0.0,0.0,0.0,0.0,0.0,0.0,22610.0
광고수익 아 아이돌 그렇게 하는 거 아닌데,김악개,포텐,0.0,0.0,0.0,0.0,0.0,0.0,0.0,0.0,0.0,0.0,0.0,0.0,0.0,0.0,0.0,0.0,0.0,0.0,0.0,0.0,0.0,0.0,0.0,0.0,0.0,0.0,0.0,0.0,0.0,0.0,0.0,0.0,0.0,0.0,0.0,0.0,0.0,0.0,0.0,0.0,0.0,0.0,0.0,0.0,0.0,0.0,0.0,0.0,0.0,0.0,0.0,0.0,0.0,0.0,0.0,0.0,0.0,0.0,13940.0,8460.0,22400.0
혈풍천하,권용찬,프로무림,700.0,0.0,700.0,700.0,700.0,700.0,0.0,0.0,700.0,0.0,0.0,0.0,0.0,0.0,0.0,0.0,0.0,0.0,0.0,700.0,700.0,0.0,0.0,2100.0,0.0,0.0,700.0,700.0,0.0,700.0,0.0,0.0,700.0,0.0,0.0,700.0,0.0,0.0,0.0,0.0,0.0,700.0,1400.0,1400.0,0.0,0.0,700.0,700.0,700.0,700.0,700.0,0.0,1400.0,0.0,0.0,700.0,0.0,0.0,0.0,1400.0,21700.0
위소보,전용,프로무림,0.0,2667.0,0.0,632.0,0.0,3017.0,1067.0,0.0,0.0,70.0,0.0,0.0,0.0,1890.0,0.0,162.0,0.0,0.0,0.0,0.0,0.0,0.0,265.0,0.0,0.0,1890.0,0.0,0.0,0.0,0.0,0.0,0.0,706.0,0.0,0.0,0.0,0.0,0.0,0.0,0.0,0.0,0.0,612.0,0.0,0.0,6300.0,0.0,0.0,0.0,0.0,0.0,0.0,0.0,0.0,2064.0,0.0,344.0,0.0,0.0,0.0,21686.0
1 프롤로그,정우식,프로무림,0.0,100.0,100.0,0.0,0.0,100.0,300.0,6500.0,100.0,0.0,1000.0,3100.0,300.0,0.0,0.0,100.0,0.0,0.0,0.0,0.0,0.0,0.0,0.0,0.0,0.0,0.0,0.0,0.0,0.0,0.0,0.0,9000.0,0.0,300.0,0.0,176.0,0.0,0.0,0.0,0.0,0.0,0.0,109.0,0.0,0.0,109.0,0.0,0.0,0.0,0.0,0.0,0.0,0.0,0.0,0.0,0.0,0.0,0.0,0.0,0.0,21394.0
기사들의 왕,현자림,프로무림,399.0,2031.0,0.0,0.0,2870.0,0.0,326.0,0.0,732.0,0.0,630.0,0.0,0.0,0.0,0.0,216.0,1890.0,158.0,3150.0,0.0,0.0,302.0,159.0,0.0,0.0,0.0,0.0,0.0,830.0,0.0,296.0,0.0,2520.0,0.0,0.0,0.0,0.0,0.0,0.0,1343.0,2290.0,0.0,148.0,0.0,0.0,0.0,0.0,0.0,254.0,0.0,0.0,0.0,0.0,0.0,0.0,0.0,630.0,0.0,0.0,0.0,21174.0
최종진화소년,지미신,프로무림,0.0,0.0,0.0,0.0,7000.0,0.0,0.0,0.0,0.0,0.0,0.0,0.0,0.0,0.0,0.0,0.0,0.0,0.0,0.0,0.0,0.0,0.0,0.0,0.0,0.0,0.0,0.0,0.0,0.0,0.0,0.0,0.0,0.0,0.0,0.0,2450.0,3500.0,3150.0,0.0,0.0,0.0,0.0,0.0,0.0,0.0,3434.0,900.0,0.0,0.0,0.0,0.0,0.0,0.0,0.0,0.0,0.0,0.0,0.0,0.0,0.0,20434.0
벽력무진2,강태산,프로무림,630.0,0.0,0.0,0.0,0.0,0.0,3150.0,2450.0,2450.0,0.0,0.0,2450.0,0.0,2915.0,0.0,0.0,0.0,1260.0,0.0,0.0,0.0,0.0,0.0,0.0,1890.0,0.0,0.0,0.0,0.0,0.0,0.0,0.0,0.0,0.0,630.0,0.0,0.0,630.0,630.0,0.0,0.0,0.0,0.0,0.0,0.0,0.0,0.0,0.0,0.0,0.0,0.0,0.0,0.0,1260.0,0.0,0.0,0.0,0.0,0.0,0.0,20345.0
용과 파수꾼 달과 숲,마테,프로무림,337.0,1816.0,0.0,1013.0,483.0,742.0,726.0,745.0,172.0,0.0,531.0,332.0,708.0,0.0,337.0,107.0,389.0,0.0,374.0,0.0,228.0,499.0,1487.0,0.0,0.0,0.0,306.0,0.0,0.0,262.0,0.0,657.0,396.0,371.0,198.0,270.0,280.0,301.0,2100.0,468.0,243.0,0.0,0.0,0.0,0.0,441.0,0.0,0.0,0.0,0.0,0.0,0.0,0.0,0.0,0.0,316.0,291.0,714.0,341.0,767.0,19748.0
마스터의 정체2,홍정태,프로무림,1323.0,0.0,0.0,0.0,0.0,0.0,0.0,0.0,70.0,1750.0,0.0,0.0,0.0,0.0,0.0,0.0,0.0,0.0,0.0,0.0,0.0,63.0,408.0,0.0,0.0,136.0,0.0,0.0,0.0,0.0,0.0,630.0,0.0,611.0,0.0,4287.0,0.0,0.0,3969.0,0.0,0.0,0.0,204.0,0.0,0.0,0.0,0.0,0.0,1190.0,0.0,4480.0,0.0,0.0,0.0,0.0,0.0,0.0,0.0,0.0,0.0,19121.0
플레이 다이스,선자은,포텐,0.0,0.0,0.0,0.0,0.0,0.0,0.0,0.0,0.0,0.0,0.0,0.0,0.0,0.0,0.0,0.0,0.0,0.0,0.0,0.0,0.0,0.0,0.0,0.0,0.0,4184.0,0.0,0.0,0.0,0.0,6650.0,0.0,0.0,0.0,0.0,0.0,0.0,0.0,0.0,0.0,0.0,0.0,0.0,0.0,0.0,1008.0,882.0,567.0,630.0,630.0,0.0,0.0,0.0,0.0,63.0,0.0,0.0,0.0,1008.0,3150.0,18772.0
백야2,강태산,프로무림,0.0,900.0,0.0,630.0,0.0,630.0,0.0,0.0,0.0,0.0,0.0,630.0,0.0,630.0,0.0,0.0,0.0,0.0,0.0,630.0,0.0,0.0,0.0,2450.0,0.0,0.0,1260.0,0.0,630.0,0.0,0.0,0.0,0.0,630.0,1260.0,630.0,0.0,1260.0,0.0,630.0,630.0,1260.0,0.0,0.0,0.0,0.0,1260.0,0.0,0.0,0.0,0.0,630.0,0.0,630.0,630.0,0.0,630.0,0.0,0.0,0.0,18470.0
야한 연극의 S 주인공이 되었다,파워레인젖,포텐,0.0,0.0,0.0,0.0,0.0,0.0,0.0,0.0,0.0,0.0,0.0,0.0,0.0,0.0,0.0,0.0,0.0,0.0,0.0,0.0,0.0,0.0,0.0,0.0,0.0,0.0,0.0,0.0,0.0,0.0,0.0,0.0,0.0,0.0,0.0,0.0,0.0,0.0,0.0,0.0,0.0,0.0,0.0,0.0,0.0,0.0,0.0,0.0,0.0,0.0,0.0,0.0,0.0,0.0,0.0,0.0,0.0,0.0,10080.0,8304.0,18384.0
도천무영 종횡무진,이유성,프로무림,0.0,630.0,0.0,0.0,0.0,0.0,630.0,630.0,0.0,0.0,0.0,0.0,630.0,630.0,630.0,0.0,0.0,0.0,630.0,0.0,1260.0,630.0,0.0,630.0,0.0,630.0,2240.0,0.0,630.0,1260.0,1260.0,0.0,630.0,0.0,1260.0,0.0,2240.0,0.0,1260.0,0.0,0.0,0.0,0.0,0.0,0.0,0.0,0.0,0.0,0.0,0.0,0.0,0.0,0.0,0.0,0.0,0.0,0.0,0.0,0.0,0.0,18340.0
창조의 정령술사,전현성,프로무림,0.0,0.0,0.0,0.0,0.0,0.0,0.0,0.0,0.0,0.0,0.0,0.0,0.0,0.0,0.0,0.0,0.0,2940.0,0.0,0.0,0.0,3500.0,0.0,0.0,0.0,3948.0,0.0,0.0,0.0,0.0,0.0,0.0,0.0,0.0,0.0,0.0,0.0,3750.0,2940.0,0.0,0.0,0.0,0.0,0.0,0.0,0.0,0.0,0.0,0.0,0.0,0.0,0.0,900.0,0.0,0.0,0.0,0.0,0.0,0.0,0.0,17978.0
제30장,사마달,프로무림,0.0,2730.0,840.0,0.0,0.0,910.0,490.0,0.0,0.0,0.0,0.0,0.0,0.0,140.0,0.0,1330.0,840.0,560.0,70.0,0.0,0.0,700.0,350.0,0.0,0.0,980.0,1050.0,0.0,0.0,0.0,840.0,0.0,0.0,840.0,1400.0,0.0,0.0,1050.0,0.0,0.0,1120.0,0.0,0.0,0.0,0.0,0.0,0.0,1120.0,0.0,0.0,350.0,0.0,0.0,0.0,0.0,0.0,0.0,0.0,0.0,0.0,17710.0
리얼 킹 후기,가프,프로무림,0.0,0.0,0.0,0.0,0.0,0.0,0.0,0.0,0.0,0.0,210.0,0.0,0.0,0.0,0.0,0.0,280.0,0.0,0.0,0.0,0.0,0.0,0.0,2605.0,13230.0,79.0,0.0,0.0,0.0,0.0,0.0,0.0,0.0,0.0,0.0,0.0,980.0,0.0,0.0,0.0,0.0,0.0,0.0,0.0,0.0,0.0,0.0,0.0,0.0,0.0,0.0,0.0,0.0,0.0,0.0,0.0,0.0,0.0,0.0,0.0,17384.0
37 검중제일검3,서효원,프로무림,0.0,0.0,0.0,0.0,0.0,0.0,0.0,0.0,0.0,0.0,0.0,0.0,0.0,0.0,0.0,0.0,3900.0,5700.0,1900.0,0.0,0.0,0.0,0.0,0.0,0.0,0.0,0.0,800.0,0.0,0.0,0.0,0.0,0.0,200.0,0.0,0.0,0.0,0.0,0.0,0.0,0.0,0.0,0.0,0.0,0.0,0.0,0.0,0.0,0.0,0.0,0.0,0.0,0.0,0.0,0.0,0.0,0.0,0.0,0.0,3200.0,15700.0
천마대전,강태산,프로무림,0.0,0.0,0.0,0.0,0.0,0.0,0.0,0.0,0.0,0.0,0.0,0.0,0.0,0.0,0.0,0.0,0.0,0.0,0.0,0.0,0.0,0.0,0.0,0.0,0.0,0.0,0.0,0.0,0.0,0.0,0.0,0.0,0.0,0.0,0.0,0.0,0.0,0.0,0.0,0.0,0.0,0.0,0.0,0.0,0.0,15680.0,0.0,0.0,0.0,0.0,0.0,0.0,0.0,0.0,0.0,0.0,0.0,0.0,0.0,0.0,15680.0
폭주상인,배성만,프로무림,0.0,0.0,0.0,0.0,0.0,0.0,0.0,2450.0,0.0,0.0,0.0,0.0,0.0,0.0,0.0,0.0,0.0,0.0,13230.0,0.0,0.0,0.0,0.0,0.0,0.0,0.0,0.0,0.0,0.0,0.0,0.0,0.0,0.0,0.0,0.0,0.0,0.0,0.0,0.0,0.0,0.0,0.0,0.0,0.0,0.0,0.0,0.0,0.0,0.0,0.0,0.0,0.0,0.0,0.0,0.0,0.0,0.0,0.0,0.0,0.0,15680.0
드림 컨트롤러,최소혜,포텐,700.0,840.0,3640.0,70.0,0.0,0.0,70.0,70.0,0.0,210.0,70.0,280.0,1610.0,1050.0,0.0,0.0,0.0,0.0,0.0,3150.0,0.0,0.0,0.0,0.0,0.0,0.0,0.0,0.0,0.0,0.0,3150.0,0.0,0.0,0.0,0.0,0.0,0.0,611.0,0.0,0.0,0.0,0.0,0.0,0.0,0.0,0.0,0.0,0.0,0.0,0.0,0.0,0.0,0.0,0.0,0.0,0.0,0.0,0.0,0.0,0.0,15521.0
제42장 원흉수악2,설봉,프로무림,0.0,2100.0,300.0,0.0,0.0,0.0,0.0,3300.0,6100.0,0.0,0.0,0.0,0.0,200.0,2200.0,1100.0,0.0,0.0,0.0,0.0,0.0,0.0,0.0,0.0,0.0,0.0,0.0,0.0,0.0,0.0,0.0,0.0,0.0,0.0,0.0,0.0,0.0,0.0,0.0,0.0,0.0,0.0,0.0,0.0,0.0,100.0,0.0,0.0,0.0,0.0,0.0,0.0,0.0,0.0,0.0,0.0,0.0,0.0,0.0,0.0,15400.0
크라스니 눈물이 내리는 숲,남수아,프로무림,8750.0,567.0,0.0,3500.0,0.0,0.0,630.0,0.0,0.0,630.0,0.0,0.0,0.0,0.0,0.0,0.0,0.0,0.0,0.0,0.0,0.0,0.0,0.0,1260.0,0.0,0.0,0.0,0.0,0.0,0.0,0.0,0.0,0.0,0.0,0.0,0.0,0.0,0.0,0.0,0.0,0.0,0.0,0.0,0.0,0.0,0.0,0.0,0.0,0.0,0.0,0.0,0.0,0.0,0.0,0.0,0.0,0.0,0.0,0.0,0.0,15337.0
33 무너진 군림천하탑,서효원,프로무림,0.0,0.0,0.0,0.0,0.0,0.0,0.0,0.0,0.0,0.0,0.0,0.0,0.0,0.0,0.0,0.0,100.0,600.0,2400.0,400.0,0.0,0.0,0.0,0.0,600.0,3000.0,100.0,0.0,0.0,300.0,0.0,0.0,900.0,0.0,0.0,0.0,0.0,3600.0,0.0,0.0,0.0,0.0,0.0,0.0,0.0,0.0,0.0,1100.0,0.0,2200.0,0.0,0.0,0.0,0.0,0.0,0.0,0.0,0.0,0.0,0.0,15300.0
망자 사냥꾼,지완,프로무림,0.0,0.0,900.0,0.0,0.0,0.0,0.0,0.0,0.0,0.0,0.0,0.0,0.0,0.0,0.0,0.0,0.0,0.0,0.0,0.0,0.0,0.0,0.0,0.0,0.0,0.0,0.0,0.0,0.0,0.0,0.0,0.0,0.0,0.0,2400.0,4.0,8.0,0.0,0.0,11988.0,0.0,0.0,0.0,0.0,0.0,0.0,0.0,0.0,0.0,0.0,0.0,0.0,0.0,0.0,0.0,0.0,0.0,0.0,0.0,0.0,15300.0
대협 무식칸,조광윤,프로무림,0.0,0.0,0.0,0.0,0.0,356.0,0.0,0.0,0.0,0.0,0.0,0.0,5292.0,0.0,0.0,216.0,0.0,0.0,0.0,0.0,0.0,0.0,0.0,0.0,0.0,0.0,0.0,630.0,0.0,0.0,0.0,0.0,0.0,0.0,630.0,3150.0,0.0,0.0,0.0,0.0,1260.0,0.0,0.0,2520.0,630.0,0.0,0.0,0.0,0.0,0.0,0.0,0.0,0.0,0.0,0.0,0.0,0.0,0.0,0.0,0.0,14684.0
달인,앤서,포텐,0.0,0.0,0.0,0.0,0.0,0.0,0.0,0.0,0.0,0.0,0.0,0.0,0.0,0.0,0.0,0.0,0.0,0.0,0.0,0.0,0.0,0.0,0.0,0.0,0.0,0.0,0.0,0.0,0.0,0.0,0.0,0.0,0.0,0.0,0.0,0.0,0.0,0.0,0.0,0.0,0.0,0.0,0.0,0.0,0.0,0.0,0.0,0.0,0.0,0.0,0.0,0.0,0.0,0.0,0.0,0.0,0.0,0.0,14204.0,0.0,14204.0
혈신 본 이젠 정리하자,강태산,프로무림,0.0,0.0,420.0,0.0,0.0,0.0,2520.0,1330.0,0.0,0.0,0.0,0.0,0.0,0.0,1400.0,980.0,0.0,70.0,0.0,0.0,0.0,0.0,0.0,0.0,0.0,2030.0,770.0,0.0,0.0,0.0,0.0,0.0,0.0,0.0,0.0,0.0,0.0,1050.0,210.0,0.0,0.0,0.0,0.0,0.0,910.0,0.0,0.0,0.0,0.0,420.0,0.0,1470.0,0.0,0.0,0.0,0.0,0.0,0.0,0.0,0.0,13580.0
풍운협,강태산,프로무림,0.0,0.0,0.0,0.0,0.0,0.0,0.0,0.0,0.0,0.0,0.0,0.0,0.0,0.0,0.0,0.0,0.0,0.0,0.0,0.0,6615.0,0.0,0.0,0.0,0.0,0.0,0.0,0.0,0.0,0.0,0.0,6615.0,0.0,0.0,0.0,0.0,0.0,0.0,0.0,0.0,0.0,0.0,0.0,0.0,0.0,0.0,0.0,0.0,0.0,0.0,0.0,0.0,0.0,0.0,0.0,0.0,0.0,0.0,0.0,0.0,13230.0
라인 온 더 뱀파이어,편린,프로무림,0.0,0.0,0.0,2100.0,2100.0,0.0,0.0,0.0,0.0,0.0,0.0,0.0,0.0,0.0,0.0,0.0,0.0,0.0,0.0,0.0,0.0,0.0,0.0,0.0,0.0,0.0,2261.0,2100.0,2394.0,0.0,0.0,0.0,0.0,0.0,0.0,0.0,0.0,0.0,0.0,0.0,0.0,0.0,0.0,0.0,0.0,0.0,0.0,0.0,0.0,2100.0,0.0,0.0,0.0,0.0,0.0,0.0,0.0,0.0,0.0,0.0,13055.0
영웅은 죽어서 말한다2,서효원,프로무림,0.0,0.0,0.0,0.0,0.0,0.0,0.0,0.0,0.0,0.0,0.0,0.0,2000.0,0.0,0.0,0.0,0.0,2100.0,1300.0,0.0,0.0,0.0,0.0,2000.0,0.0,0.0,0.0,0.0,1800.0,0.0,0.0,0.0,300.0,0.0,0.0,0.0,1300.0,0.0,0.0,0.0,0.0,0.0,0.0,0.0,0.0,0.0,0.0,0.0,0.0,300.0,1700.0,0.0,0.0,0.0,0.0,0.0,0.0,0.0,0.0,0.0,12800.0
노가다 마스터,깃털펜,프로무림,1100.0,0.0,8200.0,900.0,-1900.0,0.0,0.0,0.0,0.0,0.0,2300.0,0.0,0.0,400.0,400.0,600.0,0.0,0.0,0.0,0.0,200.0,0.0,0.0,0.0,0.0,0.0,0.0,0.0,200.0,0.0,0.0,0.0,0.0,180.0,0.0,0.0,0.0,0.0,0.0,0.0,0.0,0.0,0.0,0.0,0.0,0.0,0.0,0.0,0.0,0.0,0.0,0.0,0.0,0.0,0.0,0.0,0.0,0.0,180.0,0.0,12760.0
사립루레인학원 윤리선생,지미신,프로무림,0.0,0.0,0.0,0.0,0.0,0.0,0.0,0.0,0.0,0.0,0.0,0.0,0.0,0.0,0.0,0.0,0.0,12000.0,0.0,0.0,0.0,0.0,0.0,0.0,0.0,0.0,0.0,0.0,0.0,0.0,0.0,0.0,0.0,0.0,0.0,0.0,0.0,0.0,0.0,0.0,0.0,0.0,0.0,0.0,0.0,0.0,0.0,0.0,0.0,0.0,0.0,0.0,0.0,0.0,0.0,0.0,0.0,0.0,0.0,0.0,12000.0
잃은 것과 얻은 것4,사마달,프로무림,0.0,1890.0,0.0,0.0,0.0,0.0,0.0,0.0,1610.0,140.0,0.0,0.0,0.0,0.0,0.0,0.0,0.0,0.0,3080.0,70.0,0.0,0.0,0.0,0.0,1330.0,1470.0,0.0,0.0,420.0,0.0,910.0,0.0,0.0,0.0,0.0,0.0,0.0,0.0,0.0,0.0,0.0,70.0,0.0,0.0,0.0,0.0,0.0,0.0,770.0,0.0,0.0,0.0,0.0,0.0,0.0,0.0,0.0,0.0,0.0,0.0,11760.0
무원,매설헌,프로무림,0.0,0.0,0.0,630.0,630.0,0.0,0.0,0.0,0.0,0.0,0.0,0.0,0.0,0.0,0.0,630.0,0.0,0.0,0.0,0.0,0.0,0.0,2520.0,0.0,0.0,630.0,0.0,0.0,1890.0,0.0,0.0,0.0,1260.0,0.0,0.0,0.0,0.0,0.0,0.0,0.0,0.0,0.0,0.0,0.0,0.0,0.0,0.0,1587.0,0.0,0.0,0.0,0.0,1260.0,0.0,0.0,0.0,0.0,0.0,0.0,630.0,11667.0
제 장 사 대 일,사마달,프로무림,0.0,0.0,0.0,0.0,0.0,0.0,0.0,0.0,0.0,0.0,0.0,0.0,0.0,2450.0,0.0,2730.0,0.0,0.0,350.0,630.0,0.0,0.0,0.0,0.0,70.0,2170.0,280.0,0.0,0.0,0.0,0.0,0.0,910.0,0.0,140.0,0.0,0.0,0.0,0.0,0.0,0.0,0.0,140.0,910.0,770.0,0.0,0.0,0.0,0.0,0.0,0.0,0.0,0.0,0.0,0.0,0.0,0.0,0.0,0.0,0.0,11550.0
신들의 전쟁 에필로그,정우식,프로무림,0.0,0.0,0.0,0.0,0.0,0.0,0.0,0.0,0.0,0.0,0.0,0.0,0.0,0.0,0.0,0.0,0.0,0.0,0.0,0.0,0.0,0.0,0.0,0.0,0.0,0.0,0.0,0.0,0.0,0.0,0.0,0.0,0.0,0.0,0.0,0.0,0.0,0.0,0.0,0.0,0.0,0.0,0.0,0.0,0.0,0.0,0.0,6192.0,0.0,972.0,972.0,0.0,3240.0,0.0,0.0,0.0,0.0,0.0,0.0,0.0,11376.0
철혈기인 미,와룡강,프로무림,0.0,0.0,0.0,0.0,0.0,0.0,0.0,0.0,0.0,0.0,0.0,0.0,0.0,0.0,0.0,0.0,0.0,0.0,0.0,0.0,0.0,0.0,11250.0,0.0,0.0,0.0,0.0,0.0,0.0,0.0,0.0,0.0,0.0,0.0,0.0,0.0,0.0,0.0,0.0,0.0,0.0,0.0,0.0,0.0,0.0,0.0,0.0,0.0,0.0,0.0,0.0,0.0,0.0,0.0,0.0,0.0,0.0,0.0,0.0,0.0,11250.0
군신 카라가스,봉사,프로무림,0.0,0.0,0.0,0.0,0.0,0.0,0.0,0.0,0.0,0.0,0.0,0.0,0.0,0.0,0.0,0.0,0.0,0.0,0.0,0.0,0.0,0.0,0.0,0.0,0.0,0.0,0.0,0.0,0.0,0.0,0.0,0.0,0.0,0.0,0.0,0.0,0.0,0.0,0.0,0.0,0.0,0.0,0.0,0.0,0.0,0.0,0.0,0.0,0.0,0.0,0.0,2240.0,8960.0,0.0,0.0,0.0,0.0,0.0,0.0,0.0,11200.0
아웃 오브 프레임,최진호,포텐,0.0,0.0,0.0,0.0,0.0,1330.0,0.0,0.0,0.0,0.0,0.0,0.0,0.0,0.0,0.0,70.0,0.0,0.0,0.0,1393.0,0.0,0.0,70.0,0.0,0.0,1260.0,0.0,0.0,0.0,1330.0,1330.0,0.0,0.0,0.0,0.0,1293.0,0.0,0.0,0.0,0.0,0.0,0.0,0.0,0.0,0.0,1197.0,0.0,0.0,411.0,0.0,0.0,0.0,0.0,0.0,0.0,0.0,0.0,1330.0,0.0,0.0,11014.0
차 대,정우식,프로무림,0.0,0.0,0.0,0.0,0.0,0.0,0.0,0.0,0.0,0.0,0.0,0.0,0.0,0.0,5400.0,0.0,0.0,0.0,0.0,0.0,0.0,0.0,0.0,0.0,0.0,0.0,5400.0,0.0,0.0,0.0,0.0,0.0,0.0,0.0,0.0,0.0,0.0,0.0,0.0,0.0,0.0,0.0,0.0,0.0,0.0,0.0,0.0,0.0,0.0,0.0,0.0,0.0,0.0,0.0,0.0,0.0,0.0,0.0,0.0,0.0,10800.0
불사,이원호,프로무림,0.0,0.0,0.0,0.0,0.0,0.0,0.0,0.0,0.0,0.0,0.0,0.0,0.0,0.0,0.0,0.0,0.0,0.0,4105.0,4463.0,0.0,0.0,0.0,2052.0,0.0,0.0,0.0,0.0,0.0,108.0,0.0,0.0,0.0,0.0,0.0,0.0,0.0,0.0,0.0,0.0,0.0,0.0,0.0,0.0,0.0,0.0,0.0,0.0,0.0,0.0,0.0,0.0,0.0,0.0,0.0,0.0,0.0,0.0,0.0,0.0,10728.0
태평천하,갈라전,프로무림,0.0,0.0,0.0,0.0,0.0,0.0,0.0,0.0,0.0,0.0,0.0,0.0,0.0,0.0,0.0,0.0,0.0,0.0,0.0,700.0,700.0,0.0,700.0,0.0,0.0,0.0,0.0,0.0,0.0,0.0,700.0,0.0,2100.0,0.0,0.0,0.0,0.0,700.0,0.0,0.0,0.0,1400.0,0.0,0.0,0.0,0.0,0.0,700.0,0.0,0.0,2856.0,0.0,0.0,0.0,0.0,0.0,0.0,0.0,0.0,0.0,10556.0
추경록,종린,프로무림,0.0,0.0,840.0,0.0,0.0,0.0,0.0,0.0,0.0,0.0,0.0,0.0,378.0,125.0,630.0,162.0,0.0,0.0,0.0,0.0,0.0,630.0,0.0,0.0,630.0,0.0,630.0,153.0,0.0,0.0,0.0,0.0,0.0,0.0,0.0,0.0,0.0,630.0,0.0,630.0,0.0,0.0,0.0,0.0,0.0,0.0,0.0,3780.0,0.0,0.0,0.0,0.0,0.0,0.0,0.0,1260.0,0.0,0.0,0.0,0.0,10478.0
천방지축 난리법석 亂2,강태산,프로무림,0.0,0.0,0.0,0.0,0.0,2205.0,0.0,630.0,1512.0,0.0,0.0,0.0,0.0,0.0,0.0,1890.0,0.0,0.0,0.0,0.0,0.0,0.0,630.0,0.0,630.0,0.0,0.0,0.0,0.0,0.0,0.0,0.0,0.0,0.0,0.0,441.0,1260.0,0.0,0.0,0.0,0.0,0.0,0.0,0.0,0.0,0.0,0.0,0.0,630.0,0.0,0.0,0.0,0.0,0.0,0.0,0.0,0.0,0.0,630.0,0.0,10458.0
일단 고등학생이 이계로 왔습니다만,프로스트,프로무림,0.0,0.0,0.0,0.0,0.0,0.0,0.0,0.0,0.0,0.0,0.0,0.0,0.0,0.0,0.0,0.0,0.0,0.0,0.0,0.0,0.0,0.0,0.0,0.0,0.0,0.0,0.0,0.0,0.0,0.0,0.0,0.0,0.0,0.0,0.0,0.0,0.0,0.0,75.0,1263.0,443.0,81.0,0.0,0.0,0.0,0.0,0.0,529.0,3178.0,0.0,3439.0,1436.0,0.0,0.0,0.0,0.0,0.0,0.0,0.0,0.0,10444.0
어쌔신나이트,홍정태,프로무림,630.0,0.0,0.0,0.0,0.0,0.0,0.0,0.0,0.0,0.0,0.0,0.0,0.0,0.0,0.0,0.0,0.0,0.0,0.0,0.0,0.0,0.0,0.0,0.0,4662.0,887.0,0.0,0.0,0.0,0.0,0.0,315.0,2516.0,0.0,0.0,0.0,0.0,204.0,953.0,0.0,0.0,0.0,0.0,0.0,0.0,0.0,0.0,0.0,0.0,0.0,0.0,0.0,204.0,0.0,0.0,0.0,0.0,0.0,0.0,0.0,10371.0
마도군주,한승현,프로무림,2268.0,567.0,1134.0,567.0,0.0,567.0,0.0,2268.0,0.0,0.0,0.0,0.0,0.0,0.0,0.0,0.0,0.0,0.0,0.0,0.0,0.0,0.0,0.0,2268.0,0.0,0.0,0.0,0.0,0.0,0.0,0.0,0.0,0.0,0.0,0.0,0.0,0.0,0.0,0.0,0.0,0.0,0.0,0.0,0.0,0.0,0.0,0.0,0.0,0.0,0.0,0.0,0.0,0.0,680.0,0.0,0.0,0.0,0.0,0.0,0.0,10319.0
제로 디멘션,정우식,포텐,0.0,2100.0,0.0,4410.0,0.0,2300.0,0.0,0.0,0.0,700.0,0.0,0.0,0.0,0.0,0.0,0.0,0.0,0.0,0.0,240.0,0.0,0.0,0.0,126.0,0.0,0.0,0.0,0.0,0.0,0.0,100.0,114.0,100.0,0.0,0.0,0.0,0.0,0.0,0.0,0.0,0.0,0.0,0.0,0.0,0.0,0.0,0.0,0.0,0.0,0.0,0.0,0.0,0.0,0.0,0.0,0.0,0.0,0.0,0.0,0.0,10190.0
패황,별도,프로무림,0.0,210.0,210.0,350.0,1050.0,70.0,0.0,70.0,0.0,0.0,0.0,0.0,350.0,2100.0,0.0,0.0,0.0,140.0,0.0,0.0,0.0,0.0,0.0,0.0,0.0,0.0,70.0,0.0,0.0,0.0,0.0,0.0,2520.0,0.0,0.0,0.0,0.0,1890.0,0.0,0.0,189.0,189.0,189.0,0.0,189.0,0.0,0.0,0.0,0.0,0.0,0.0,0.0,0.0,280.0,0.0,0.0,0.0,0.0,0.0,0.0,10066.0
태평천하,갈라전(曷懶甸),프로무림,700.0,0.0,0.0,0.0,0.0,0.0,0.0,0.0,0.0,0.0,0.0,700.0,0.0,0.0,700.0,0.0,0.0,0.0,0.0,0.0,1400.0,0.0,0.0,0.0,0.0,700.0,0.0,700.0,0.0,0.0,700.0,0.0,0.0,0.0,0.0,0.0,0.0,0.0,700.0,0.0,0.0,0.0,0.0,700.0,0.0,0.0,0.0,700.0,0.0,0.0,0.0,2100.0,0.0,0.0,0.0,0.0,0.0,0.0,0.0,0.0,9800.0
구대마왕,관측불가,프로무림,0.0,0.0,0.0,0.0,0.0,0.0,0.0,0.0,0.0,0.0,0.0,0.0,0.0,0.0,0.0,0.0,0.0,0.0,0.0,0.0,0.0,0.0,0.0,0.0,0.0,0.0,0.0,0.0,0.0,0.0,0.0,0.0,0.0,0.0,0.0,0.0,0.0,2448.0,0.0,0.0,3674.0,0.0,0.0,0.0,3674.0,0.0,0.0,0.0,0.0,0.0,0.0,0.0,0.0,0.0,0.0,0.0,0.0,0.0,0.0,0.0,9796.0
환락도보행,이광주,프로무림,0.0,9100.0,630.0,0.0,0.0,0.0,0.0,0.0,0.0,0.0,0.0,0.0,0.0,0.0,0.0,0.0,0.0,0.0,0.0,0.0,0.0,0.0,0.0,0.0,0.0,0.0,0.0,0.0,0.0,0.0,0.0,0.0,0.0,0.0,0.0,0.0,0.0,0.0,0.0,0.0,0.0,0.0,0.0,0.0,0.0,0.0,0.0,0.0,0.0,0.0,0.0,0.0,0.0,0.0,0.0,0.0,0.0,0.0,0.0,0.0,9730.0
비스트로드,흑왕궁,프로무림,0.0,2000.0,0.0,0.0,1300.0,0.0,100.0,4400.0,0.0,0.0,0.0,0.0,0.0,0.0,200.0,0.0,0.0,0.0,0.0,0.0,0.0,0.0,200.0,0.0,0.0,0.0,0.0,0.0,0.0,200.0,500.0,300.0,0.0,0.0,0.0,0.0,0.0,0.0,0.0,0.0,0.0,0.0,0.0,0.0,0.0,0.0,0.0,0.0,0.0,0.0,0.0,0.0,0.0,0.0,0.0,0.0,0.0,0.0,0.0,0.0,9200.0
암왕,장경,프로무림,0.0,0.0,0.0,8960.0,0.0,0.0,0.0,0.0,0.0,0.0,0.0,0.0,0.0,0.0,0.0,0.0,0.0,0.0,0.0,0.0,0.0,0.0,0.0,0.0,0.0,0.0,0.0,0.0,0.0,0.0,0.0,0.0,0.0,0.0,0.0,0.0,0.0,0.0,0.0,0.0,0.0,0.0,0.0,0.0,0.0,0.0,0.0,0.0,0.0,0.0,0.0,0.0,0.0,0.0,0.0,0.0,0.0,0.0,0.0,0.0,8960.0
공상안테나 잉여음표1,초연,프로무림,0.0,0.0,0.0,0.0,0.0,0.0,0.0,70.0,0.0,0.0,0.0,0.0,0.0,70.0,70.0,0.0,0.0,0.0,0.0,0.0,0.0,0.0,0.0,0.0,0.0,0.0,0.0,0.0,0.0,0.0,0.0,0.0,0.0,0.0,0.0,7350.0,0.0,490.0,0.0,0.0,0.0,0.0,0.0,0.0,0.0,0.0,0.0,0.0,0.0,0.0,0.0,0.0,0.0,0.0,0.0,0.0,70.0,0.0,0.0,0.0,8120.0
흑야,종린,프로무림,0.0,0.0,210.0,0.0,0.0,0.0,163.0,0.0,0.0,0.0,0.0,0.0,630.0,0.0,0.0,648.0,168.0,0.0,280.0,0.0,0.0,0.0,0.0,0.0,0.0,0.0,0.0,630.0,0.0,340.0,0.0,630.0,990.0,0.0,0.0,0.0,0.0,0.0,0.0,0.0,0.0,0.0,0.0,0.0,0.0,0.0,0.0,0.0,0.0,0.0,0.0,0.0,0.0,1890.0,0.0,630.0,0.0,0.0,854.0,0.0,8063.0
제28장 밤의 열기 속으로1,사마달,프로무림,1470.0,490.0,0.0,70.0,0.0,0.0,630.0,70.0,0.0,0.0,0.0,2660.0,0.0,2030.0,0.0,0.0,0.0,0.0,0.0,0.0,0.0,0.0,0.0,0.0,0.0,0.0,0.0,0.0,0.0,0.0,0.0,0.0,0.0,0.0,0.0,0.0,0.0,630.0,0.0,0.0,0.0,0.0,0.0,0.0,0.0,0.0,0.0,0.0,0.0,0.0,0.0,0.0,0.0,0.0,0.0,0.0,0.0,0.0,0.0,0.0,8050.0
풍운의 그 끝은,서효원,프로무림,0.0,0.0,0.0,0.0,0.0,0.0,0.0,0.0,0.0,0.0,0.0,0.0,0.0,0.0,3000.0,200.0,0.0,1300.0,0.0,0.0,0.0,0.0,100.0,0.0,0.0,0.0,0.0,0.0,0.0,0.0,300.0,0.0,0.0,0.0,400.0,0.0,0.0,0.0,0.0,0.0,0.0,0.0,0.0,0.0,0.0,0.0,0.0,700.0,500.0,0.0,1400.0,0.0,0.0,0.0,0.0,0.0,0.0,0.0,0.0,0.0,7900.0
제28장 죽음 뒤에 남는 것,사마달,프로무림,0.0,0.0,840.0,0.0,0.0,1050.0,70.0,0.0,0.0,0.0,0.0,0.0,0.0,0.0,0.0,0.0,1680.0,0.0,0.0,0.0,210.0,0.0,0.0,0.0,0.0,0.0,350.0,0.0,0.0,0.0,0.0,0.0,0.0,1260.0,0.0,0.0,0.0,0.0,0.0,0.0,0.0,0.0,350.0,70.0,0.0,0.0,0.0,700.0,0.0,0.0,0.0,0.0,0.0,0.0,0.0,0.0,840.0,280.0,70.0,0.0,7770.0
효종,관측불가,포텐,0.0,0.0,0.0,0.0,0.0,0.0,0.0,0.0,0.0,0.0,0.0,0.0,0.0,0.0,0.0,0.0,0.0,0.0,0.0,0.0,0.0,0.0,0.0,0.0,0.0,0.0,0.0,0.0,0.0,0.0,0.0,0.0,0.0,0.0,0.0,0.0,0.0,0.0,0.0,0.0,0.0,0.0,0.0,0.0,0.0,0.0,0.0,0.0,7701.0,0.0,0.0,0.0,0.0,0.0,0.0,0.0,0.0,0.0,0.0,0.0,7701.0
와이프는 절대고수,앤서,포텐,0.0,0.0,0.0,0.0,0.0,0.0,0.0,0.0,0.0,0.0,0.0,0.0,0.0,0.0,0.0,0.0,0.0,0.0,0.0,0.0,0.0,0.0,0.0,0.0,0.0,0.0,0.0,0.0,0.0,0.0,0.0,0.0,0.0,0.0,0.0,0.0,0.0,0.0,0.0,0.0,0.0,0.0,0.0,0.0,0.0,0.0,0.0,0.0,0.0,0.0,0.0,0.0,0.0,0.0,0.0,0.0,0.0,0.0,3905.0,3440.0,7345.0
검끝에 걸린 물고기,남수아,프로무림,0.0,0.0,0.0,0.0,0.0,0.0,0.0,0.0,0.0,0.0,0.0,0.0,0.0,0.0,0.0,0.0,0.0,0.0,0.0,7000.0,0.0,0.0,0.0,0.0,0.0,0.0,0.0,0.0,0.0,0.0,0.0,0.0,0.0,0.0,0.0,0.0,0.0,0.0,0.0,0.0,0.0,0.0,0.0,0.0,0.0,0.0,0.0,0.0,0.0,0.0,0.0,0.0,0.0,0.0,0.0,0.0,0.0,0.0,0.0,0.0,7000.0
독왕유고 화,설봉,프로무림,0.0,0.0,700.0,300.0,300.0,0.0,0.0,0.0,0.0,0.0,0.0,800.0,0.0,0.0,0.0,2200.0,100.0,0.0,0.0,0.0,0.0,0.0,0.0,0.0,0.0,0.0,0.0,0.0,0.0,0.0,0.0,0.0,0.0,0.0,0.0,0.0,1800.0,0.0,0.0,0.0,0.0,0.0,0.0,0.0,0.0,0.0,0.0,0.0,0.0,0.0,0.0,0.0,0.0,0.0,0.0,0.0,0.0,0.0,0.0,0.0,6200.0
제국의 꿈,관측불가,포텐,0.0,0.0,0.0,0.0,0.0,0.0,0.0,0.0,0.0,0.0,0.0,0.0,0.0,0.0,0.0,0.0,0.0,0.0,0.0,0.0,0.0,0.0,0.0,0.0,0.0,0.0,0.0,0.0,0.0,0.0,0.0,0.0,0.0,0.0,0.0,0.0,0.0,0.0,0.0,0.0,0.0,0.0,0.0,0.0,0.0,0.0,0.0,0.0,6183.0,0.0,0.0,0.0,0.0,0.0,0.0,0.0,0.0,0.0,0.0,0.0,6183.0
사용 금지,사용금지,포텐,0.0,0.0,0.0,0.0,0.0,0.0,0.0,0.0,0.0,0.0,0.0,0.0,0.0,0.0,0.0,0.0,0.0,0.0,0.0,0.0,0.0,0.0,0.0,0.0,0.0,0.0,0.0,0.0,0.0,0.0,0.0,0.0,0.0,0.0,0.0,0.0,0.0,0.0,0.0,0.0,0.0,0.0,0.0,0.0,0.0,0.0,0.0,0.0,5809.0,0.0,0.0,0.0,0.0,0.0,0.0,0.0,0.0,0.0,0.0,0.0,5809.0
야훼의 날개 아담전쟁편,이혜웅,프로무림,0.0,0.0,0.0,0.0,0.0,0.0,0.0,0.0,0.0,0.0,0.0,0.0,0.0,0.0,0.0,0.0,0.0,0.0,0.0,0.0,0.0,0.0,0.0,0.0,0.0,0.0,0.0,0.0,0.0,0.0,0.0,0.0,0.0,0.0,0.0,0.0,0.0,0.0,0.0,0.0,0.0,0.0,0.0,0.0,0.0,0.0,0.0,5670.0,0.0,0.0,0.0,0.0,0.0,0.0,0.0,0.0,0.0,0.0,0.0,0.0,5670.0
블럭 월드 제국14,로드폴드,프로무림,0.0,0.0,200.0,500.0,100.0,0.0,0.0,0.0,0.0,0.0,0.0,0.0,0.0,0.0,0.0,0.0,0.0,0.0,0.0,0.0,0.0,0.0,0.0,0.0,0.0,0.0,0.0,0.0,0.0,0.0,0.0,0.0,0.0,0.0,100.0,0.0,0.0,0.0,0.0,0.0,0.0,0.0,0.0,0.0,0.0,0.0,0.0,0.0,0.0,100.0,0.0,1200.0,0.0,0.0,0.0,0.0,0.0,2800.0,0.0,0.0,5000.0
마녀의 전설,백상준,프로무림,0.0,0.0,0.0,2450.0,0.0,0.0,0.0,0.0,0.0,0.0,0.0,0.0,0.0,0.0,0.0,0.0,0.0,0.0,0.0,0.0,0.0,0.0,0.0,0.0,2450.0,0.0,0.0,0.0,0.0,0.0,0.0,0.0,0.0,0.0,0.0,0.0,0.0,0.0,0.0,0.0,0.0,0.0,0.0,0.0,0.0,0.0,0.0,0.0,0.0,0.0,0.0,0.0,0.0,0.0,0.0,0.0,0.0,0.0,0.0,70.0,4970.0
능력 믿고 막 간다2,반취객,포텐,0.0,0.0,0.0,0.0,630.0,0.0,0.0,0.0,0.0,0.0,0.0,0.0,0.0,0.0,0.0,0.0,0.0,0.0,0.0,0.0,0.0,0.0,0.0,0.0,0.0,0.0,0.0,0.0,3150.0,630.0,0.0,0.0,0.0,0.0,0.0,0.0,0.0,0.0,0.0,0.0,0.0,0.0,0.0,0.0,0.0,0.0,0.0,0.0,0.0,0.0,0.0,0.0,0.0,0.0,0.0,0.0,0.0,0.0,0.0,0.0,4410.0
좀비로드,정우식,프로무림,0.0,0.0,0.0,0.0,0.0,0.0,1800.0,0.0,0.0,0.0,0.0,0.0,0.0,0.0,0.0,0.0,0.0,0.0,0.0,0.0,0.0,2500.0,0.0,0.0,0.0,0.0,0.0,0.0,0.0,0.0,0.0,0.0,0.0,0.0,0.0,0.0,0.0,0.0,0.0,0.0,0.0,0.0,0.0,0.0,0.0,0.0,0.0,0.0,0.0,0.0,0.0,0.0,0.0,0.0,0.0,0.0,0.0,0.0,0.0,0.0,4300.0
월야환담 채월야,홍정훈,프로무림,0.0,0.0,0.0,0.0,0.0,0.0,0.0,0.0,0.0,0.0,4200.0,0.0,0.0,0.0,0.0,0.0,0.0,0.0,0.0,0.0,0.0,0.0,0.0,0.0,0.0,0.0,0.0,0.0,0.0,0.0,0.0,0.0,0.0,0.0,0.0,0.0,0.0,0.0,0.0,0.0,0.0,0.0,0.0,0.0,0.0,0.0,0.0,0.0,0.0,0.0,0.0,0.0,0.0,0.0,0.0,0.0,0.0,0.0,0.0,0.0,4200.0
검마전기 그라인더,남수아,프로무림,0.0,0.0,0.0,0.0,0.0,3500.0,0.0,0.0,0.0,0.0,0.0,0.0,0.0,0.0,0.0,0.0,0.0,0.0,0.0,0.0,0.0,0.0,0.0,0.0,0.0,0.0,0.0,0.0,630.0,0.0,0.0,0.0,0.0,0.0,0.0,0.0,0.0,0.0,0.0,0.0,0.0,0.0,0.0,0.0,0.0,0.0,0.0,0.0,0.0,0.0,0.0,0.0,0.0,0.0,0.0,0.0,0.0,0.0,0.0,0.0,4130.0
흑마법사 행보관되다,성덕聲德,프로무림,0.0,0.0,3200.0,0.0,0.0,0.0,0.0,0.0,0.0,0.0,0.0,0.0,0.0,0.0,900.0,0.0,0.0,0.0,0.0,0.0,0.0,0.0,0.0,0.0,0.0,0.0,0.0,0.0,0.0,0.0,0.0,0.0,0.0,0.0,0.0,0.0,0.0,0.0,0.0,0.0,0.0,0.0,0.0,0.0,0.0,0.0,0.0,0.0,0.0,0.0,0.0,0.0,0.0,0.0,0.0,0.0,0.0,0.0,0.0,0.0,4100.0
제29장 최후의 심판,사마달,프로무림,0.0,0.0,0.0,0.0,0.0,0.0,0.0,210.0,0.0,630.0,0.0,0.0,0.0,0.0,0.0,0.0,0.0,0.0,210.0,0.0,0.0,0.0,0.0,0.0,1120.0,0.0,0.0,0.0,0.0,0.0,0.0,0.0,0.0,0.0,0.0,0.0,0.0,0.0,0.0,0.0,0.0,0.0,0.0,0.0,0.0,0.0,0.0,0.0,0.0,0.0,1540.0,0.0,0.0,0.0,0.0,0.0,0.0,0.0,0.0,0.0,3710.0
능력 믿고 막 간다3,반취객,포텐,0.0,0.0,0.0,0.0,630.0,0.0,0.0,0.0,0.0,0.0,0.0,0.0,0.0,0.0,0.0,0.0,0.0,0.0,0.0,0.0,0.0,0.0,0.0,0.0,0.0,0.0,0.0,0.0,2940.0,0.0,0.0,0.0,0.0,0.0,0.0,0.0,0.0,0.0,0.0,0.0,0.0,0.0,0.0,0.0,0.0,0.0,0.0,0.0,0.0,0.0,0.0,0.0,0.0,0.0,0.0,0.0,0.0,0.0,0.0,0.0,3570.0
라이오스의 불량기사,지미신,프로무림,0.0,0.0,0.0,0.0,0.0,0.0,0.0,0.0,3500.0,0.0,0.0,0.0,0.0,0.0,0.0,0.0,0.0,0.0,0.0,0.0,0.0,0.0,0.0,0.0,0.0,0.0,0.0,0.0,0.0,0.0,0.0,0.0,0.0,0.0,0.0,0.0,0.0,0.0,0.0,0.0,0.0,0.0,0.0,0.0,0.0,0.0,0.0,0.0,0.0,0.0,0.0,0.0,0.0,0.0,0.0,0.0,0.0,0.0,0.0,0.0,3500.0
제50장 투천세가의 부활,청산,프로무림,0.0,0.0,0.0,0.0,0.0,0.0,0.0,0.0,1330.0,0.0,0.0,0.0,0.0,0.0,2030.0,0.0,0.0,140.0,0.0,0.0,0.0,0.0,0.0,0.0,0.0,0.0,0.0,0.0,0.0,0.0,0.0,0.0,0.0,0.0,0.0,0.0,0.0,0.0,0.0,0.0,0.0,0.0,0.0,0.0,0.0,0.0,0.0,0.0,0.0,0.0,0.0,0.0,0.0,0.0,0.0,0.0,0.0,0.0,0.0,0.0,3500.0
재벌3세 탑프로듀서 되다,팔월오일,포텐,0.0,0.0,0.0,0.0,0.0,0.0,0.0,0.0,0.0,0.0,0.0,0.0,0.0,0.0,0.0,0.0,0.0,0.0,0.0,0.0,0.0,0.0,0.0,0.0,0.0,0.0,0.0,0.0,0.0,0.0,0.0,0.0,0.0,0.0,0.0,0.0,0.0,2388.0,0.0,0.0,0.0,0.0,0.0,0.0,0.0,0.0,0.0,0.0,1018.0,0.0,0.0,0.0,0.0,0.0,0.0,0.0,0.0,0.0,0.0,0.0,3406.0
능력 믿고 막 간다6,반취객,포텐,0.0,0.0,0.0,0.0,840.0,0.0,0.0,0.0,0.0,0.0,0.0,0.0,0.0,0.0,0.0,0.0,0.0,0.0,0.0,0.0,0.0,0.0,0.0,0.0,0.0,0.0,0.0,0.0,2520.0,0.0,0.0,0.0,0.0,0.0,0.0,0.0,0.0,0.0,0.0,0.0,0.0,0.0,0.0,0.0,0.0,0.0,0.0,0.0,0.0,0.0,0.0,0.0,0.0,0.0,0.0,0.0,0.0,0.0,0.0,0.0,3360.0
스토킹마스터Stalking Master,이유성,프로무림,0.0,0.0,0.0,0.0,137.0,0.0,0.0,0.0,0.0,173.0,0.0,0.0,0.0,0.0,0.0,216.0,0.0,0.0,0.0,0.0,0.0,0.0,441.0,1323.0,0.0,0.0,0.0,919.0,0.0,0.0,0.0,0.0,0.0,0.0,0.0,0.0,0.0,0.0,0.0,0.0,0.0,0.0,0.0,0.0,0.0,0.0,0.0,0.0,0.0,0.0,0.0,0.0,0.0,0.0,0.0,0.0,0.0,0.0,0.0,0.0,3209.0
능력 믿고 막 간다5,반취객,포텐,0.0,0.0,0.0,0.0,630.0,0.0,0.0,0.0,0.0,0.0,0.0,0.0,0.0,0.0,0.0,0.0,0.0,0.0,0.0,0.0,0.0,0.0,0.0,0.0,0.0,0.0,0.0,0.0,2520.0,0.0,0.0,0.0,0.0,0.0,0.0,0.0,0.0,0.0,0.0,0.0,0.0,0.0,0.0,0.0,0.0,0.0,0.0,0.0,0.0,0.0,0.0,0.0,0.0,0.0,0.0,0.0,0.0,0.0,0.0,0.0,3150.0
능력 믿고 막 간다4,반취객,포텐,0.0,0.0,0.0,0.0,630.0,0.0,0.0,0.0,0.0,0.0,0.0,0.0,0.0,0.0,0.0,0.0,0.0,0.0,0.0,0.0,0.0,0.0,0.0,0.0,0.0,0.0,0.0,0.0,2520.0,0.0,0.0,0.0,0.0,0.0,0.0,0.0,0.0,0.0,0.0,0.0,0.0,0.0,0.0,0.0,0.0,0.0,0.0,0.0,0.0,0.0,0.0,0.0,0.0,0.0,0.0,0.0,0.0,0.0,0.0,0.0,3150.0
레벨원,하늘곰,포텐,0.0,0.0,0.0,0.0,0.0,0.0,0.0,0.0,0.0,3150.0,0.0,0.0,0.0,0.0,0.0,0.0,0.0,0.0,0.0,0.0,0.0,0.0,0.0,0.0,0.0,0.0,0.0,0.0,0.0,0.0,0.0,0.0,0.0,0.0,0.0,0.0,0.0,0.0,0.0,0.0,0.0,0.0,0.0,0.0,0.0,0.0,0.0,0.0,0.0,0.0,0.0,0.0,0.0,0.0,0.0,0.0,0.0,0.0,0.0,0.0,3150.0
스페셜 직업2,홍정태,프로무림,840.0,350.0,980.0,0.0,0.0,0.0,0.0,420.0,350.0,0.0,0.0,0.0,0.0,0.0,0.0,0.0,0.0,0.0,0.0,0.0,0.0,0.0,0.0,0.0,0.0,0.0,0.0,0.0,0.0,0.0,0.0,0.0,0.0,0.0,0.0,0.0,0.0,0.0,0.0,0.0,0.0,0.0,0.0,0.0,0.0,0.0,0.0,0.0,0.0,0.0,0.0,0.0,0.0,0.0,0.0,0.0,0.0,0.0,0.0,0.0,2940.0
Down he Universe,하야노늘,프로무림,0.0,0.0,0.0,0.0,0.0,0.0,0.0,0.0,0.0,0.0,0.0,0.0,0.0,0.0,0.0,0.0,0.0,0.0,0.0,0.0,0.0,0.0,0.0,0.0,0.0,0.0,0.0,0.0,0.0,0.0,0.0,0.0,0.0,0.0,0.0,0.0,0.0,2205.0,0.0,0.0,0.0,0.0,0.0,0.0,0.0,0.0,0.0,0.0,0.0,0.0,0.0,0.0,630.0,0.0,0.0,0.0,0.0,0.0,0.0,0.0,2835.0
Ability Hunter,다미로,프로무림,0.0,0.0,0.0,0.0,0.0,0.0,0.0,2100.0,0.0,0.0,0.0,0.0,0.0,0.0,0.0,0.0,0.0,0.0,0.0,0.0,0.0,0.0,0.0,0.0,0.0,0.0,0.0,0.0,0.0,0.0,0.0,0.0,0.0,0.0,0.0,0.0,0.0,0.0,0.0,0.0,0.0,0.0,0.0,0.0,0.0,0.0,0.0,0.0,0.0,0.0,0.0,0.0,630.0,0.0,0.0,0.0,0.0,0.0,0.0,0.0,2730.0
제26장 튀어,사마달,프로무림,0.0,70.0,0.0,140.0,0.0,280.0,0.0,0.0,0.0,0.0,0.0,0.0,0.0,0.0,630.0,140.0,0.0,0.0,0.0,1470.0,0.0,0.0,0.0,0.0,0.0,0.0,0.0,0.0,0.0,0.0,0.0,0.0,0.0,0.0,0.0,0.0,0.0,0.0,0.0,0.0,0.0,0.0,0.0,0.0,0.0,0.0,0.0,0.0,0.0,0.0,0.0,0.0,0.0,0.0,0.0,0.0,0.0,0.0,0.0,0.0,2730.0
유체이탈 망나니,부가티베이론,포텐,70.0,2541.0,0.0,60.0,0.0,0.0,0.0,0.0,0.0,0.0,0.0,0.0,0.0,0.0,0.0,0.0,0.0,0.0,0.0,0.0,0.0,0.0,0.0,0.0,0.0,0.0,0.0,0.0,0.0,0.0,0.0,0.0,0.0,0.0,0.0,0.0,0.0,0.0,0.0,0.0,0.0,0.0,0.0,0.0,0.0,0.0,0.0,0.0,0.0,0.0,0.0,0.0,0.0,0.0,0.0,0.0,0.0,0.0,0.0,0.0,2671.0
생존게임 사용금지,박천웅,포텐,0.0,0.0,0.0,0.0,0.0,0.0,0.0,0.0,0.0,0.0,0.0,0.0,0.0,0.0,0.0,0.0,0.0,0.0,0.0,0.0,0.0,0.0,0.0,0.0,0.0,0.0,0.0,0.0,0.0,0.0,0.0,0.0,0.0,0.0,0.0,0.0,0.0,0.0,0.0,0.0,0.0,0.0,0.0,0.0,0.0,0.0,0.0,0.0,0.0,0.0,0.0,0.0,0.0,0.0,0.0,0.0,0.0,2520.0,0.0,0.0,2520.0
십일 장 절대선 절대악2,사마달,프로무림,0.0,0.0,140.0,0.0,0.0,0.0,0.0,70.0,0.0,0.0,0.0,0.0,0.0,0.0,0.0,0.0,0.0,840.0,0.0,0.0,0.0,0.0,0.0,0.0,0.0,0.0,0.0,140.0,0.0,0.0,560.0,0.0,0.0,0.0,0.0,0.0,0.0,0.0,0.0,420.0,350.0,0.0,0.0,0.0,0.0,0.0,0.0,0.0,0.0,0.0,0.0,0.0,0.0,0.0,0.0,0.0,0.0,0.0,0.0,0.0,2520.0
제32장 다시 송풍단으로3,사마달,프로무림,0.0,0.0,0.0,0.0,0.0,0.0,0.0,0.0,0.0,0.0,0.0,0.0,0.0,0.0,0.0,0.0,0.0,0.0,0.0,0.0,0.0,0.0,0.0,0.0,0.0,0.0,0.0,420.0,0.0,0.0,0.0,0.0,0.0,0.0,0.0,490.0,280.0,0.0,1120.0,0.0,0.0,0.0,0.0,0.0,0.0,0.0,0.0,0.0,0.0,0.0,0.0,0.0,0.0,0.0,0.0,0.0,0.0,0.0,0.0,0.0,2310.0
핵재벌 개망나니10,방탄리무진,포텐,2240.0,0.0,0.0,0.0,0.0,0.0,0.0,0.0,0.0,0.0,0.0,0.0,0.0,0.0,0.0,0.0,0.0,0.0,0.0,0.0,0.0,0.0,0.0,0.0,0.0,0.0,0.0,0.0,0.0,0.0,0.0,0.0,0.0,0.0,0.0,0.0,0.0,0.0,0.0,0.0,0.0,0.0,0.0,0.0,0.0,0.0,0.0,0.0,0.0,0.0,0.0,0.0,0.0,0.0,0.0,0.0,0.0,0.0,0.0,0.0,2240.0
이노베이션,남수아,프로무림,0.0,0.0,0.0,0.0,0.0,0.0,0.0,0.0,0.0,0.0,0.0,0.0,0.0,0.0,0.0,0.0,0.0,0.0,0.0,0.0,0.0,0.0,2100.0,0.0,0.0,0.0,0.0,0.0,0.0,0.0,0.0,0.0,0.0,0.0,0.0,0.0,0.0,0.0,0.0,0.0,0.0,0.0,0.0,0.0,0.0,0.0,0.0,0.0,0.0,0.0,0.0,0.0,0.0,0.0,0.0,0.0,0.0,0.0,0.0,0.0,2100.0
악마의 귀환,김무열,프로무림,100.0,0.0,0.0,0.0,500.0,200.0,0.0,0.0,0.0,0.0,0.0,0.0,0.0,100.0,0.0,0.0,0.0,664.0,0.0,0.0,0.0,0.0,0.0,0.0,338.0,0.0,0.0,0.0,0.0,0.0,0.0,0.0,0.0,0.0,0.0,0.0,0.0,0.0,0.0,0.0,0.0,0.0,0.0,0.0,0.0,0.0,0.0,0.0,0.0,0.0,0.0,0.0,0.0,0.0,0.0,0.0,0.0,0.0,0.0,0.0,1902.0
능력 믿고 막 간다8,반취객,포텐,0.0,0.0,0.0,0.0,0.0,0.0,0.0,0.0,0.0,0.0,0.0,0.0,0.0,0.0,0.0,0.0,0.0,0.0,0.0,0.0,0.0,0.0,0.0,0.0,0.0,0.0,0.0,0.0,1890.0,0.0,0.0,0.0,0.0,0.0,0.0,0.0,0.0,0.0,0.0,0.0,0.0,0.0,0.0,0.0,0.0,0.0,0.0,0.0,0.0,0.0,0.0,0.0,0.0,0.0,0.0,0.0,0.0,0.0,0.0,0.0,1890.0
능력 믿고 막 간다10,반취객,포텐,0.0,0.0,0.0,0.0,0.0,0.0,0.0,0.0,0.0,0.0,0.0,0.0,0.0,0.0,0.0,0.0,0.0,0.0,0.0,0.0,0.0,0.0,0.0,0.0,0.0,0.0,0.0,0.0,1260.0,630.0,0.0,0.0,0.0,0.0,0.0,0.0,0.0,0.0,0.0,0.0,0.0,0.0,0.0,0.0,0.0,0.0,0.0,0.0,0.0,0.0,0.0,0.0,0.0,0.0,0.0,0.0,0.0,0.0,0.0,0.0,1890.0
능력 믿고 막 간다14,반취객,포텐,0.0,0.0,0.0,0.0,0.0,0.0,0.0,0.0,0.0,0.0,0.0,0.0,0.0,0.0,0.0,0.0,0.0,0.0,0.0,0.0,0.0,0.0,0.0,0.0,0.0,0.0,0.0,0.0,1260.0,630.0,0.0,0.0,0.0,0.0,0.0,0.0,0.0,0.0,0.0,0.0,0.0,0.0,0.0,0.0,0.0,0.0,0.0,0.0,0.0,0.0,0.0,0.0,0.0,0.0,0.0,0.0,0.0,0.0,0.0,0.0,1890.0
천방지축 난리법석,강태산,프로무림,1890.0,0.0,0.0,0.0,0.0,0.0,0.0,0.0,0.0,0.0,0.0,0.0,0.0,0.0,0.0,0.0,0.0,0.0,0.0,0.0,0.0,0.0,0.0,0.0,0.0,0.0,0.0,0.0,0.0,0.0,0.0,0.0,0.0,0.0,0.0,0.0,0.0,0.0,0.0,0.0,0.0,0.0,0.0,0.0,0.0,0.0,0.0,0.0,0.0,0.0,0.0,0.0,0.0,0.0,0.0,0.0,0.0,0.0,0.0,0.0,1890.0
능력 믿고 막 간다13,반취객,포텐,0.0,0.0,0.0,0.0,0.0,0.0,0.0,0.0,0.0,0.0,0.0,0.0,0.0,0.0,0.0,0.0,0.0,0.0,0.0,0.0,0.0,0.0,0.0,0.0,0.0,0.0,0.0,0.0,1260.0,630.0,0.0,0.0,0.0,0.0,0.0,0.0,0.0,0.0,0.0,0.0,0.0,0.0,0.0,0.0,0.0,0.0,0.0,0.0,0.0,0.0,0.0,0.0,0.0,0.0,0.0,0.0,0.0,0.0,0.0,0.0,1890.0
삼혈목2,강태산,프로무림,0.0,0.0,0.0,0.0,0.0,0.0,0.0,0.0,0.0,0.0,630.0,0.0,0.0,0.0,0.0,0.0,0.0,0.0,0.0,0.0,0.0,0.0,0.0,0.0,0.0,0.0,0.0,0.0,0.0,0.0,0.0,0.0,0.0,0.0,0.0,0.0,0.0,0.0,0.0,0.0,630.0,0.0,0.0,0.0,0.0,0.0,0.0,0.0,0.0,0.0,0.0,0.0,0.0,0.0,0.0,0.0,0.0,0.0,630.0,0.0,1890.0
능력 믿고 막 간다12,반취객,포텐,0.0,0.0,0.0,0.0,0.0,0.0,0.0,0.0,0.0,0.0,0.0,0.0,0.0,0.0,0.0,0.0,0.0,0.0,0.0,0.0,0.0,0.0,0.0,0.0,0.0,0.0,0.0,0.0,1260.0,630.0,0.0,0.0,0.0,0.0,0.0,0.0,0.0,0.0,0.0,0.0,0.0,0.0,0.0,0.0,0.0,0.0,0.0,0.0,0.0,0.0,0.0,0.0,0.0,0.0,0.0,0.0,0.0,0.0,0.0,0.0,1890.0
도천무영,이유성,프로무림,1890.0,0.0,0.0,0.0,0.0,0.0,0.0,0.0,0.0,0.0,0.0,0.0,0.0,0.0,0.0,0.0,0.0,0.0,0.0,0.0,0.0,0.0,0.0,0.0,0.0,0.0,0.0,0.0,0.0,0.0,0.0,0.0,0.0,0.0,0.0,0.0,0.0,0.0,0.0,0.0,0.0,0.0,0.0,0.0,0.0,0.0,0.0,0.0,0.0,0.0,0.0,0.0,0.0,0.0,0.0,0.0,0.0,0.0,0.0,0.0,1890.0
능력 믿고 막 간다11,반취객,포텐,0.0,0.0,0.0,0.0,0.0,0.0,0.0,0.0,0.0,0.0,0.0,0.0,0.0,0.0,0.0,0.0,0.0,0.0,0.0,0.0,0.0,0.0,0.0,0.0,0.0,0.0,0.0,0.0,1260.0,630.0,0.0,0.0,0.0,0.0,0.0,0.0,0.0,0.0,0.0,0.0,0.0,0.0,0.0,0.0,0.0,0.0,0.0,0.0,0.0,0.0,0.0,0.0,0.0,0.0,0.0,0.0,0.0,0.0,0.0,0.0,1890.0
능력 믿고 막 간다7,반취객,포텐,0.0,0.0,0.0,0.0,0.0,0.0,0.0,0.0,0.0,0.0,0.0,0.0,0.0,0.0,0.0,0.0,0.0,0.0,0.0,0.0,0.0,0.0,0.0,0.0,0.0,0.0,0.0,0.0,1890.0,0.0,0.0,0.0,0.0,0.0,0.0,0.0,0.0,0.0,0.0,0.0,0.0,0.0,0.0,0.0,0.0,0.0,0.0,0.0,0.0,0.0,0.0,0.0,0.0,0.0,0.0,0.0,0.0,0.0,0.0,0.0,1890.0
능력 믿고 막 간다9,반취객,포텐,0.0,0.0,0.0,0.0,0.0,0.0,0.0,0.0,0.0,0.0,0.0,0.0,0.0,0.0,0.0,0.0,0.0,0.0,0.0,0.0,0.0,0.0,0.0,0.0,0.0,0.0,0.0,0.0,1470.0,420.0,0.0,0.0,0.0,0.0,0.0,0.0,0.0,0.0,0.0,0.0,0.0,0.0,0.0,0.0,0.0,0.0,0.0,0.0,0.0,0.0,0.0,0.0,0.0,0.0,0.0,0.0,0.0,0.0,0.0,0.0,1890.0
헌터의 신석기,조건상,포텐,0.0,0.0,0.0,0.0,0.0,0.0,0.0,0.0,0.0,0.0,0.0,0.0,0.0,0.0,0.0,0.0,0.0,0.0,0.0,0.0,0.0,0.0,0.0,0.0,0.0,0.0,0.0,0.0,0.0,0.0,0.0,0.0,0.0,0.0,0.0,0.0,0.0,1239.0,0.0,0.0,0.0,0.0,0.0,0.0,0.0,0.0,0.0,0.0,445.0,0.0,0.0,0.0,0.0,0.0,0.0,0.0,0.0,0.0,0.0,0.0,1684.0
철검무정,장경,프로무림,0.0,0.0,0.0,0.0,0.0,0.0,0.0,0.0,0.0,0.0,0.0,0.0,0.0,0.0,0.0,0.0,0.0,0.0,0.0,0.0,0.0,0.0,0.0,0.0,0.0,0.0,0.0,0.0,0.0,0.0,0.0,0.0,0.0,0.0,0.0,0.0,0.0,0.0,0.0,0.0,0.0,0.0,0.0,0.0,0.0,0.0,0.0,0.0,0.0,0.0,0.0,0.0,0.0,0.0,0.0,1400.0,0.0,0.0,0.0,0.0,1400.0
계백,이원호,프로무림,0.0,0.0,0.0,0.0,0.0,0.0,0.0,0.0,0.0,0.0,0.0,0.0,0.0,0.0,0.0,0.0,0.0,0.0,0.0,108.0,100.0,100.0,0.0,0.0,0.0,0.0,0.0,0.0,0.0,0.0,0.0,0.0,0.0,0.0,0.0,0.0,0.0,0.0,0.0,0.0,0.0,0.0,0.0,0.0,0.0,0.0,0.0,0.0,0.0,0.0,0.0,0.0,0.0,0.0,0.0,0.0,0.0,0.0,1000.0,0.0,1308.0
카레인,관측불가,포텐,0.0,0.0,0.0,0.0,0.0,0.0,0.0,0.0,0.0,0.0,0.0,0.0,0.0,0.0,0.0,0.0,0.0,0.0,0.0,0.0,0.0,0.0,0.0,0.0,0.0,0.0,0.0,0.0,0.0,0.0,0.0,0.0,0.0,0.0,0.0,0.0,0.0,0.0,0.0,0.0,0.0,0.0,0.0,0.0,0.0,0.0,0.0,0.0,1267.0,0.0,0.0,0.0,0.0,0.0,0.0,0.0,0.0,0.0,0.0,0.0,1267.0
능력 믿고 막 간다17,반취객,포텐,0.0,0.0,0.0,0.0,0.0,0.0,0.0,0.0,0.0,0.0,0.0,0.0,0.0,0.0,0.0,0.0,0.0,0.0,0.0,0.0,0.0,0.0,0.0,0.0,0.0,0.0,0.0,0.0,630.0,630.0,0.0,0.0,0.0,0.0,0.0,0.0,0.0,0.0,0.0,0.0,0.0,0.0,0.0,0.0,0.0,0.0,0.0,0.0,0.0,0.0,0.0,0.0,0.0,0.0,0.0,0.0,0.0,0.0,0.0,0.0,1260.0
능력 믿고 막 간다15,반취객,포텐,0.0,0.0,0.0,0.0,0.0,0.0,0.0,0.0,0.0,0.0,0.0,0.0,0.0,0.0,0.0,0.0,0.0,0.0,0.0,0.0,0.0,0.0,0.0,0.0,0.0,0.0,0.0,0.0,630.0,630.0,0.0,0.0,0.0,0.0,0.0,0.0,0.0,0.0,0.0,0.0,0.0,0.0,0.0,0.0,0.0,0.0,0.0,0.0,0.0,0.0,0.0,0.0,0.0,0.0,0.0,0.0,0.0,0.0,0.0,0.0,1260.0
능력 믿고 막 간다16,반취객,포텐,0.0,0.0,0.0,0.0,0.0,0.0,0.0,0.0,0.0,0.0,0.0,0.0,0.0,0.0,0.0,0.0,0.0,0.0,0.0,0.0,0.0,0.0,0.0,0.0,0.0,0.0,0.0,0.0,630.0,630.0,0.0,0.0,0.0,0.0,0.0,0.0,0.0,0.0,0.0,0.0,0.0,0.0,0.0,0.0,0.0,0.0,0.0,0.0,0.0,0.0,0.0,0.0,0.0,0.0,0.0,0.0,0.0,0.0,0.0,0.0,1260.0
특수집행자,이원호,프로무림,1200.0,0.0,0.0,0.0,0.0,0.0,0.0,0.0,0.0,0.0,0.0,0.0,0.0,0.0,0.0,0.0,0.0,0.0,0.0,0.0,0.0,0.0,0.0,0.0,0.0,0.0,0.0,0.0,0.0,0.0,0.0,0.0,0.0,0.0,0.0,0.0,0.0,0.0,0.0,0.0,0.0,0.0,0.0,0.0,0.0,0.0,0.0,0.0,0.0,0.0,0.0,0.0,0.0,0.0,0.0,0.0,0.0,0.0,0.0,0.0,1200.0
불안한 정사,강태산,프로무림,1140.0,0.0,0.0,0.0,0.0,0.0,60.0,0.0,0.0,0.0,0.0,0.0,0.0,0.0,0.0,0.0,0.0,0.0,0.0,0.0,0.0,0.0,0.0,0.0,0.0,0.0,0.0,0.0,0.0,0.0,0.0,0.0,0.0,0.0,0.0,0.0,0.0,0.0,0.0,0.0,0.0,0.0,0.0,0.0,0.0,0.0,0.0,0.0,0.0,0.0,0.0,0.0,0.0,0.0,0.0,0.0,0.0,0.0,0.0,0.0,1200.0
능력 믿고 막 간다18,반취객,포텐,0.0,0.0,0.0,0.0,0.0,0.0,0.0,0.0,0.0,0.0,0.0,0.0,0.0,0.0,0.0,0.0,0.0,0.0,0.0,0.0,0.0,0.0,0.0,0.0,0.0,0.0,0.0,0.0,420.0,630.0,0.0,0.0,0.0,0.0,0.0,0.0,0.0,0.0,0.0,0.0,0.0,0.0,0.0,0.0,0.0,0.0,0.0,0.0,0.0,0.0,0.0,0.0,0.0,0.0,0.0,0.0,0.0,0.0,0.0,0.0,1050.0
현대영웅전,인기영,포텐,0.0,0.0,0.0,0.0,0.0,0.0,0.0,0.0,0.0,0.0,0.0,0.0,0.0,0.0,0.0,0.0,0.0,0.0,0.0,0.0,0.0,0.0,0.0,0.0,0.0,0.0,0.0,0.0,0.0,0.0,0.0,0.0,0.0,0.0,0.0,0.0,0.0,675.0,0.0,0.0,0.0,0.0,0.0,0.0,0.0,0.0,0.0,0.0,313.0,0.0,0.0,0.0,0.0,0.0,0.0,0.0,0.0,0.0,0.0,0.0,988.0
아마란스,우주(宇宙),프로무림,0.0,0.0,0.0,0.0,0.0,0.0,0.0,0.0,0.0,0.0,0.0,0.0,0.0,0.0,0.0,0.0,0.0,0.0,0.0,0.0,0.0,0.0,0.0,0.0,0.0,0.0,0.0,0.0,0.0,0.0,0.0,0.0,0.0,0.0,0.0,0.0,0.0,0.0,0.0,0.0,0.0,0.0,0.0,0.0,0.0,0.0,0.0,0.0,0.0,0.0,0.0,0.0,900.0,0.0,0.0,0.0,0.0,0.0,0.0,0.0,900.0
더는 가르칠 게 없대서 하산했습니다,비비다,포텐,0.0,0.0,0.0,0.0,0.0,0.0,0.0,0.0,0.0,0.0,0.0,0.0,0.0,0.0,0.0,0.0,0.0,0.0,0.0,0.0,0.0,0.0,0.0,0.0,0.0,0.0,0.0,0.0,0.0,0.0,0.0,0.0,0.0,0.0,0.0,0.0,0.0,0.0,0.0,0.0,0.0,0.0,0.0,0.0,0.0,0.0,0.0,0.0,0.0,0.0,0.0,0.0,0.0,0.0,0.0,0.0,0.0,0.0,0.0,831.0,831.0
핵재벌 개망나니2,방탄리무진,포텐,0.0,0.0,0.0,0.0,700.0,0.0,0.0,0.0,0.0,0.0,0.0,0.0,0.0,0.0,0.0,0.0,0.0,0.0,0.0,0.0,0.0,0.0,0.0,0.0,0.0,0.0,0.0,0.0,0.0,0.0,0.0,0.0,0.0,0.0,0.0,0.0,0.0,0.0,0.0,0.0,0.0,0.0,0.0,0.0,0.0,0.0,0.0,0.0,0.0,0.0,0.0,0.0,0.0,0.0,0.0,0.0,0.0,0.0,0.0,0.0,700.0
핵재벌 개망나니3,방탄리무진,포텐,0.0,0.0,0.0,0.0,700.0,0.0,0.0,0.0,0.0,0.0,0.0,0.0,0.0,0.0,0.0,0.0,0.0,0.0,0.0,0.0,0.0,0.0,0.0,0.0,0.0,0.0,0.0,0.0,0.0,0.0,0.0,0.0,0.0,0.0,0.0,0.0,0.0,0.0,0.0,0.0,0.0,0.0,0.0,0.0,0.0,0.0,0.0,0.0,0.0,0.0,0.0,0.0,0.0,0.0,0.0,0.0,0.0,0.0,0.0,0.0,700.0
제장 최후의 대결2,청산,프로무림,0.0,0.0,0.0,0.0,0.0,0.0,0.0,0.0,0.0,0.0,0.0,0.0,0.0,0.0,0.0,0.0,0.0,0.0,0.0,0.0,0.0,0.0,0.0,0.0,0.0,0.0,0.0,0.0,0.0,700.0,0.0,0.0,0.0,0.0,0.0,0.0,0.0,0.0,0.0,0.0,0.0,0.0,0.0,0.0,0.0,0.0,0.0,0.0,0.0,0.0,0.0,0.0,0.0,0.0,0.0,0.0,0.0,0.0,0.0,0.0,700.0
귀환,사마달,프로무림,0.0,0.0,0.0,0.0,0.0,0.0,0.0,0.0,0.0,0.0,0.0,0.0,0.0,0.0,0.0,0.0,0.0,0.0,0.0,0.0,0.0,0.0,0.0,0.0,0.0,0.0,0.0,0.0,0.0,0.0,0.0,660.0,0.0,0.0,0.0,0.0,0.0,0.0,0.0,0.0,0.0,0.0,0.0,0.0,0.0,0.0,0.0,0.0,0.0,0.0,0.0,0.0,0.0,0.0,0.0,0.0,0.0,0.0,0.0,0.0,660.0
능력 믿고 막 간다25,반취객,포텐,0.0,0.0,0.0,0.0,0.0,0.0,0.0,0.0,0.0,0.0,0.0,0.0,0.0,0.0,0.0,0.0,0.0,0.0,0.0,0.0,0.0,0.0,0.0,0.0,0.0,0.0,0.0,0.0,0.0,630.0,0.0,0.0,0.0,0.0,0.0,0.0,0.0,0.0,0.0,0.0,0.0,0.0,0.0,0.0,0.0,0.0,0.0,0.0,0.0,0.0,0.0,0.0,0.0,0.0,0.0,0.0,0.0,0.0,0.0,0.0,630.0
능력 믿고 막 간다24,반취객,포텐,0.0,0.0,0.0,0.0,0.0,0.0,0.0,0.0,0.0,0.0,0.0,0.0,0.0,0.0,0.0,0.0,0.0,0.0,0.0,0.0,0.0,0.0,0.0,0.0,0.0,0.0,0.0,0.0,0.0,630.0,0.0,0.0,0.0,0.0,0.0,0.0,0.0,0.0,0.0,0.0,0.0,0.0,0.0,0.0,0.0,0.0,0.0,0.0,0.0,0.0,0.0,0.0,0.0,0.0,0.0,0.0,0.0,0.0,0.0,0.0,630.0
티렌 티로,이윤후,프로무림,0.0,0.0,0.0,0.0,0.0,0.0,0.0,0.0,0.0,0.0,0.0,0.0,0.0,0.0,0.0,0.0,0.0,0.0,0.0,0.0,0.0,0.0,0.0,0.0,0.0,0.0,0.0,0.0,0.0,0.0,0.0,0.0,0.0,0.0,0.0,0.0,0.0,0.0,0.0,0.0,0.0,0.0,0.0,0.0,0.0,0.0,0.0,0.0,0.0,0.0,0.0,0.0,630.0,0.0,0.0,0.0,0.0,0.0,0.0,0.0,630.0
능력 믿고 막 간다28,반취객,포텐,0.0,0.0,0.0,0.0,0.0,0.0,0.0,0.0,0.0,0.0,0.0,0.0,0.0,0.0,0.0,0.0,0.0,0.0,0.0,0.0,0.0,0.0,0.0,0.0,0.0,0.0,0.0,0.0,0.0,630.0,0.0,0.0,0.0,0.0,0.0,0.0,0.0,0.0,0.0,0.0,0.0,0.0,0.0,0.0,0.0,0.0,0.0,0.0,0.0,0.0,0.0,0.0,0.0,0.0,0.0,0.0,0.0,0.0,0.0,0.0,630.0
능력 믿고 막 간다23,반취객,포텐,0.0,0.0,0.0,0.0,0.0,0.0,0.0,0.0,0.0,0.0,0.0,0.0,0.0,0.0,0.0,0.0,0.0,0.0,0.0,0.0,0.0,0.0,0.0,0.0,0.0,0.0,0.0,0.0,0.0,630.0,0.0,0.0,0.0,0.0,0.0,0.0,0.0,0.0,0.0,0.0,0.0,0.0,0.0,0.0,0.0,0.0,0.0,0.0,0.0,0.0,0.0,0.0,0.0,0.0,0.0,0.0,0.0,0.0,0.0,0.0,630.0
능력 믿고 막 간다26,반취객,포텐,0.0,0.0,0.0,0.0,0.0,0.0,0.0,0.0,0.0,0.0,0.0,0.0,0.0,0.0,0.0,0.0,0.0,0.0,0.0,0.0,0.0,0.0,0.0,0.0,0.0,0.0,0.0,0.0,0.0,630.0,0.0,0.0,0.0,0.0,0.0,0.0,0.0,0.0,0.0,0.0,0.0,0.0,0.0,0.0,0.0,0.0,0.0,0.0,0.0,0.0,0.0,0.0,0.0,0.0,0.0,0.0,0.0,0.0,0.0,0.0,630.0
능력 믿고 막 간다22,반취객,포텐,0.0,0.0,0.0,0.0,0.0,0.0,0.0,0.0,0.0,0.0,0.0,0.0,0.0,0.0,0.0,0.0,0.0,0.0,0.0,0.0,0.0,0.0,0.0,0.0,0.0,0.0,0.0,0.0,0.0,630.0,0.0,0.0,0.0,0.0,0.0,0.0,0.0,0.0,0.0,0.0,0.0,0.0,0.0,0.0,0.0,0.0,0.0,0.0,0.0,0.0,0.0,0.0,0.0,0.0,0.0,0.0,0.0,0.0,0.0,0.0,630.0
능력 믿고 막 간다19,반취객,포텐,0.0,0.0,0.0,0.0,0.0,0.0,0.0,0.0,0.0,0.0,0.0,0.0,0.0,0.0,0.0,0.0,0.0,0.0,0.0,0.0,0.0,0.0,0.0,0.0,0.0,0.0,0.0,0.0,0.0,630.0,0.0,0.0,0.0,0.0,0.0,0.0,0.0,0.0,0.0,0.0,0.0,0.0,0.0,0.0,0.0,0.0,0.0,0.0,0.0,0.0,0.0,0.0,0.0,0.0,0.0,0.0,0.0,0.0,0.0,0.0,630.0
핑거거너FingerGunner 미래,에스제이(S.J),프로무림,0.0,0.0,0.0,0.0,0.0,0.0,0.0,0.0,0.0,0.0,0.0,0.0,0.0,0.0,0.0,0.0,0.0,0.0,0.0,0.0,0.0,0.0,0.0,630.0,0.0,0.0,0.0,0.0,0.0,0.0,0.0,0.0,0.0,0.0,0.0,0.0,0.0,0.0,0.0,0.0,0.0,0.0,0.0,0.0,0.0,0.0,0.0,0.0,0.0,0.0,0.0,0.0,0.0,0.0,0.0,0.0,0.0,0.0,0.0,0.0,630.0
능력 믿고 막 간다27,반취객,포텐,0.0,0.0,0.0,0.0,0.0,0.0,0.0,0.0,0.0,0.0,0.0,0.0,0.0,0.0,0.0,0.0,0.0,0.0,0.0,0.0,0.0,0.0,0.0,0.0,0.0,0.0,0.0,0.0,0.0,630.0,0.0,0.0,0.0,0.0,0.0,0.0,0.0,0.0,0.0,0.0,0.0,0.0,0.0,0.0,0.0,0.0,0.0,0.0,0.0,0.0,0.0,0.0,0.0,0.0,0.0,0.0,0.0,0.0,0.0,0.0,630.0
능력 믿고 막 간다21,반취객,포텐,0.0,0.0,0.0,0.0,0.0,0.0,0.0,0.0,0.0,0.0,0.0,0.0,0.0,0.0,0.0,0.0,0.0,0.0,0.0,0.0,0.0,0.0,0.0,0.0,0.0,0.0,0.0,0.0,0.0,630.0,0.0,0.0,0.0,0.0,0.0,0.0,0.0,0.0,0.0,0.0,0.0,0.0,0.0,0.0,0.0,0.0,0.0,0.0,0.0,0.0,0.0,0.0,0.0,0.0,0.0,0.0,0.0,0.0,0.0,0.0,630.0
능력 믿고 막 간다20,반취객,포텐,0.0,0.0,0.0,0.0,0.0,0.0,0.0,0.0,0.0,0.0,0.0,0.0,0.0,0.0,0.0,0.0,0.0,0.0,0.0,0.0,0.0,0.0,0.0,0.0,0.0,0.0,0.0,0.0,0.0,630.0,0.0,0.0,0.0,0.0,0.0,0.0,0.0,0.0,0.0,0.0,0.0,0.0,0.0,0.0,0.0,0.0,0.0,0.0,0.0,0.0,0.0,0.0,0.0,0.0,0.0,0.0,0.0,0.0,0.0,0.0,630.0
환상여행,이원호,프로무림,600.0,0.0,0.0,0.0,0.0,0.0,0.0,0.0,0.0,0.0,0.0,0.0,0.0,0.0,0.0,0.0,0.0,0.0,0.0,0.0,0.0,0.0,0.0,0.0,0.0,0.0,0.0,0.0,0.0,0.0,0.0,0.0,0.0,0.0,0.0,0.0,0.0,0.0,0.0,0.0,0.0,0.0,0.0,0.0,0.0,0.0,0.0,0.0,0.0,0.0,0.0,0.0,0.0,0.0,0.0,0.0,0.0,0.0,0.0,0.0,600.0
익스트림 블랙홀3,정우식,프로무림,0.0,0.0,0.0,0.0,0.0,0.0,0.0,0.0,0.0,0.0,0.0,0.0,0.0,0.0,0.0,0.0,0.0,0.0,0.0,0.0,0.0,0.0,0.0,0.0,0.0,0.0,0.0,0.0,0.0,0.0,0.0,0.0,0.0,0.0,600.0,0.0,0.0,0.0,0.0,0.0,0.0,0.0,0.0,0.0,0.0,0.0,0.0,0.0,0.0,0.0,0.0,0.0,0.0,0.0,0.0,0.0,0.0,0.0,0.0,0.0,600.0
명왕신세기,우각,프로무림,600.0,0.0,0.0,0.0,0.0,0.0,0.0,0.0,0.0,0.0,0.0,0.0,0.0,0.0,0.0,0.0,0.0,0.0,0.0,0.0,0.0,0.0,0.0,0.0,0.0,0.0,0.0,0.0,0.0,0.0,0.0,0.0,0.0,0.0,0.0,0.0,0.0,0.0,0.0,0.0,0.0,0.0,0.0,0.0,0.0,0.0,0.0,0.0,0.0,0.0,0.0,0.0,0.0,0.0,0.0,0.0,0.0,0.0,0.0,0.0,600.0
스킬스 현대편,유동우,포텐,0.0,0.0,0.0,0.0,0.0,0.0,0.0,0.0,0.0,0.0,0.0,0.0,0.0,0.0,0.0,0.0,0.0,0.0,0.0,0.0,0.0,0.0,0.0,0.0,0.0,0.0,0.0,0.0,0.0,0.0,0.0,0.0,0.0,0.0,0.0,0.0,0.0,0.0,0.0,0.0,0.0,0.0,0.0,0.0,0.0,0.0,0.0,0.0,0.0,0.0,0.0,0.0,0.0,0.0,0.0,0.0,0.0,0.0,441.0,63.0,504.0
화룡넬,헤이세드,프로무림,0.0,0.0,0.0,0.0,0.0,0.0,0.0,0.0,246.0,0.0,0.0,0.0,0.0,0.0,0.0,154.0,0.0,0.0,0.0,0.0,0.0,0.0,0.0,0.0,0.0,0.0,0.0,0.0,0.0,0.0,0.0,0.0,0.0,0.0,0.0,0.0,0.0,0.0,0.0,0.0,0.0,0.0,0.0,0.0,0.0,0.0,0.0,0.0,0.0,0.0,0.0,0.0,0.0,0.0,0.0,0.0,0.0,0.0,0.0,0.0,400.0
야훼의 날개 프롤로그,이혜웅,프로무림,0.0,0.0,0.0,0.0,0.0,280.0,0.0,0.0,0.0,0.0,0.0,0.0,0.0,0.0,0.0,0.0,0.0,0.0,0.0,0.0,0.0,0.0,0.0,0.0,0.0,0.0,0.0,0.0,0.0,0.0,0.0,0.0,0.0,0.0,0.0,0.0,0.0,0.0,0.0,0.0,0.0,0.0,0.0,0.0,0.0,0.0,0.0,0.0,0.0,0.0,0.0,0.0,0.0,0.0,0.0,0.0,0.0,0.0,0.0,0.0,280.0
무림변화,송재일,포텐,0.0,0.0,70.0,0.0,70.0,0.0,0.0,0.0,0.0,0.0,0.0,0.0,0.0,0.0,70.0,0.0,0.0,0.0,0.0,0.0,0.0,0.0,0.0,0.0,0.0,0.0,0.0,0.0,0.0,0.0,0.0,0.0,0.0,0.0,0.0,0.0,0.0,0.0,0.0,0.0,0.0,0.0,0.0,0.0,0.0,0.0,0.0,0.0,0.0,0.0,0.0,0.0,0.0,0.0,0.0,0.0,0.0,0.0,0.0,0.0,210.0
모르겠다 지금 이 심정을,송재일,포텐,0.0,0.0,70.0,0.0,70.0,0.0,0.0,0.0,0.0,0.0,0.0,0.0,0.0,0.0,70.0,0.0,0.0,0.0,0.0,0.0,0.0,0.0,0.0,0.0,0.0,0.0,0.0,0.0,0.0,0.0,0.0,0.0,0.0,0.0,0.0,0.0,0.0,0.0,0.0,0.0,0.0,0.0,0.0,0.0,0.0,0.0,0.0,0.0,0.0,0.0,0.0,0.0,0.0,0.0,0.0,0.0,0.0,0.0,0.0,0.0,210.0
으 음,송재일,포텐,0.0,0.0,70.0,0.0,70.0,0.0,0.0,0.0,0.0,0.0,0.0,0.0,0.0,0.0,70.0,0.0,0.0,0.0,0.0,0.0,0.0,0.0,0.0,0.0,0.0,0.0,0.0,0.0,0.0,0.0,0.0,0.0,0.0,0.0,0.0,0.0,0.0,0.0,0.0,0.0,0.0,0.0,0.0,0.0,0.0,0.0,0.0,0.0,0.0,0.0,0.0,0.0,0.0,0.0,0.0,0.0,0.0,0.0,0.0,0.0,210.0
음 그냥 그렇다는 말일,송재일,포텐,0.0,0.0,70.0,0.0,70.0,0.0,0.0,0.0,0.0,0.0,0.0,0.0,0.0,0.0,70.0,0.0,0.0,0.0,0.0,0.0,0.0,0.0,0.0,0.0,0.0,0.0,0.0,0.0,0.0,0.0,0.0,0.0,0.0,0.0,0.0,0.0,0.0,0.0,0.0,0.0,0.0,0.0,0.0,0.0,0.0,0.0,0.0,0.0,0.0,0.0,0.0,0.0,0.0,0.0,0.0,0.0,0.0,0.0,0.0,0.0,210.0
그렇군요,송재일,포텐,0.0,0.0,70.0,0.0,70.0,0.0,0.0,0.0,0.0,0.0,0.0,0.0,0.0,0.0,70.0,0.0,0.0,0.0,0.0,0.0,0.0,0.0,0.0,0.0,0.0,0.0,0.0,0.0,0.0,0.0,0.0,0.0,0.0,0.0,0.0,0.0,0.0,0.0,0.0,0.0,0.0,0.0,0.0,0.0,0.0,0.0,0.0,0.0,0.0,0.0,0.0,0.0,0.0,0.0,0.0,0.0,0.0,0.0,0.0,0.0,210.0
남자가 무슨 눈물을 쪽팔리게시리 쯔쯔쯔,송재일,포텐,0.0,0.0,70.0,0.0,70.0,0.0,0.0,0.0,0.0,0.0,0.0,0.0,0.0,0.0,70.0,0.0,0.0,0.0,0.0,0.0,0.0,0.0,0.0,0.0,0.0,0.0,0.0,0.0,0.0,0.0,0.0,0.0,0.0,0.0,0.0,0.0,0.0,0.0,0.0,0.0,0.0,0.0,0.0,0.0,0.0,0.0,0.0,0.0,0.0,0.0,0.0,0.0,0.0,0.0,0.0,0.0,0.0,0.0,0.0,0.0,210.0
오후에 시간 좀 비워 둬라,송재일,포텐,0.0,0.0,70.0,0.0,70.0,0.0,0.0,0.0,0.0,0.0,0.0,0.0,0.0,0.0,70.0,0.0,0.0,0.0,0.0,0.0,0.0,0.0,0.0,0.0,0.0,0.0,0.0,0.0,0.0,0.0,0.0,0.0,0.0,0.0,0.0,0.0,0.0,0.0,0.0,0.0,0.0,0.0,0.0,0.0,0.0,0.0,0.0,0.0,0.0,0.0,0.0,0.0,0.0,0.0,0.0,0.0,0.0,0.0,0.0,0.0,210.0
놀랍군요,송재일,포텐,0.0,0.0,70.0,0.0,70.0,0.0,0.0,0.0,0.0,0.0,0.0,0.0,0.0,0.0,70.0,0.0,0.0,0.0,0.0,0.0,0.0,0.0,0.0,0.0,0.0,0.0,0.0,0.0,0.0,0.0,0.0,0.0,0.0,0.0,0.0,0.0,0.0,0.0,0.0,0.0,0.0,0.0,0.0,0.0,0.0,0.0,0.0,0.0,0.0,0.0,0.0,0.0,0.0,0.0,0.0,0.0,0.0,0.0,0.0,0.0,210.0
역적의 꿈 발해산업6,비류수,프로무림,0.0,0.0,0.0,0.0,0.0,0.0,0.0,0.0,0.0,0.0,0.0,0.0,100.0,0.0,0.0,0.0,0.0,0.0,0.0,0.0,0.0,0.0,0.0,0.0,0.0,0.0,0.0,0.0,0.0,0.0,0.0,0.0,0.0,0.0,0.0,0.0,0.0,0.0,0.0,0.0,0.0,0.0,0.0,0.0,0.0,0.0,0.0,0.0,0.0,0.0,0.0,0.0,0.0,0.0,0.0,0.0,100.0,0.0,0.0,0.0,200.0
역적의 꿈 피바람6,비류수,프로무림,0.0,0.0,0.0,0.0,0.0,0.0,0.0,0.0,0.0,0.0,0.0,0.0,100.0,0.0,0.0,0.0,0.0,0.0,0.0,0.0,0.0,0.0,0.0,0.0,0.0,0.0,0.0,0.0,0.0,0.0,0.0,0.0,0.0,0.0,0.0,0.0,0.0,0.0,0.0,0.0,0.0,0.0,0.0,0.0,0.0,0.0,0.0,0.0,0.0,0.0,0.0,0.0,0.0,0.0,0.0,0.0,100.0,0.0,0.0,0.0,200.0
역적의 꿈 피바람3,비류수,프로무림,0.0,0.0,0.0,0.0,0.0,0.0,0.0,0.0,0.0,0.0,0.0,0.0,100.0,0.0,0.0,0.0,0.0,0.0,0.0,0.0,0.0,0.0,0.0,0.0,0.0,0.0,0.0,0.0,0.0,0.0,0.0,0.0,0.0,0.0,0.0,0.0,0.0,0.0,0.0,0.0,0.0,0.0,0.0,0.0,0.0,0.0,0.0,0.0,0.0,0.0,0.0,0.0,0.0,0.0,0.0,0.0,100.0,0.0,0.0,0.0,200.0
역적의 꿈 발해산업7,비류수,프로무림,0.0,0.0,0.0,0.0,0.0,0.0,0.0,0.0,0.0,0.0,0.0,0.0,100.0,0.0,0.0,0.0,0.0,0.0,0.0,0.0,0.0,0.0,0.0,0.0,0.0,0.0,0.0,0.0,0.0,0.0,0.0,0.0,0.0,0.0,0.0,0.0,0.0,0.0,0.0,0.0,0.0,0.0,0.0,0.0,0.0,0.0,0.0,0.0,0.0,0.0,0.0,0.0,0.0,0.0,0.0,0.0,100.0,0.0,0.0,0.0,200.0
역적의 꿈 밤의 패자1,비류수,프로무림,0.0,0.0,0.0,0.0,0.0,0.0,0.0,0.0,0.0,0.0,0.0,0.0,100.0,0.0,0.0,0.0,0.0,0.0,0.0,0.0,0.0,0.0,0.0,0.0,0.0,0.0,0.0,0.0,0.0,0.0,0.0,0.0,0.0,0.0,0.0,0.0,0.0,0.0,0.0,0.0,0.0,0.0,0.0,0.0,0.0,0.0,0.0,0.0,0.0,0.0,0.0,0.0,0.0,0.0,0.0,0.0,100.0,0.0,0.0,0.0,200.0
역적의 꿈 밤의 패자2,비류수,프로무림,0.0,0.0,0.0,0.0,0.0,0.0,0.0,0.0,0.0,0.0,0.0,0.0,100.0,0.0,0.0,0.0,0.0,0.0,0.0,0.0,0.0,0.0,0.0,0.0,0.0,0.0,0.0,0.0,0.0,0.0,0.0,0.0,0.0,0.0,0.0,0.0,0.0,0.0,0.0,0.0,0.0,0.0,0.0,0.0,0.0,0.0,0.0,0.0,0.0,0.0,0.0,0.0,0.0,0.0,0.0,0.0,100.0,0.0,0.0,0.0,200.0
역적의 꿈 밤의 패자3,비류수,프로무림,0.0,0.0,0.0,0.0,0.0,0.0,0.0,0.0,0.0,0.0,0.0,0.0,100.0,0.0,0.0,0.0,0.0,0.0,0.0,0.0,0.0,0.0,0.0,0.0,0.0,0.0,0.0,0.0,0.0,0.0,0.0,0.0,0.0,0.0,0.0,0.0,0.0,0.0,0.0,0.0,0.0,0.0,0.0,0.0,0.0,0.0,0.0,0.0,0.0,0.0,0.0,0.0,0.0,0.0,0.0,0.0,100.0,0.0,0.0,0.0,200.0
역적의 꿈 배후1,비류수,프로무림,0.0,0.0,0.0,0.0,0.0,0.0,0.0,0.0,0.0,0.0,0.0,0.0,100.0,0.0,0.0,0.0,0.0,0.0,0.0,0.0,0.0,0.0,0.0,0.0,0.0,0.0,0.0,0.0,0.0,0.0,0.0,0.0,0.0,0.0,0.0,0.0,0.0,0.0,0.0,0.0,0.0,0.0,0.0,0.0,0.0,0.0,0.0,0.0,0.0,0.0,0.0,0.0,0.0,0.0,0.0,0.0,100.0,0.0,0.0,0.0,200.0
역적의 꿈 배후2,비류수,프로무림,0.0,0.0,0.0,0.0,0.0,0.0,0.0,0.0,0.0,0.0,0.0,0.0,100.0,0.0,0.0,0.0,0.0,0.0,0.0,0.0,0.0,0.0,0.0,0.0,0.0,0.0,0.0,0.0,0.0,0.0,0.0,0.0,0.0,0.0,0.0,0.0,0.0,0.0,0.0,0.0,0.0,0.0,0.0,0.0,0.0,0.0,0.0,0.0,0.0,0.0,0.0,0.0,0.0,0.0,0.0,0.0,100.0,0.0,0.0,0.0,200.0
역적의 꿈 발해산업5,비류수,프로무림,0.0,0.0,0.0,0.0,0.0,0.0,0.0,0.0,0.0,0.0,0.0,0.0,100.0,0.0,0.0,0.0,0.0,0.0,0.0,0.0,0.0,0.0,0.0,0.0,0.0,0.0,0.0,0.0,0.0,0.0,0.0,0.0,0.0,0.0,0.0,0.0,0.0,0.0,0.0,0.0,0.0,0.0,0.0,0.0,0.0,0.0,0.0,0.0,0.0,0.0,0.0,0.0,0.0,0.0,0.0,0.0,100.0,0.0,0.0,0.0,200.0
역적의 꿈 배후3,비류수,프로무림,0.0,0.0,0.0,0.0,0.0,0.0,0.0,0.0,0.0,0.0,0.0,0.0,100.0,0.0,0.0,0.0,0.0,0.0,0.0,0.0,0.0,0.0,0.0,0.0,0.0,0.0,0.0,0.0,0.0,0.0,0.0,0.0,0.0,0.0,0.0,0.0,0.0,0.0,0.0,0.0,0.0,0.0,0.0,0.0,0.0,0.0,0.0,0.0,0.0,0.0,0.0,0.0,0.0,0.0,0.0,0.0,100.0,0.0,0.0,0.0,200.0
역적의 꿈 배후4,비류수,프로무림,0.0,0.0,0.0,0.0,0.0,0.0,0.0,0.0,0.0,0.0,0.0,0.0,100.0,0.0,0.0,0.0,0.0,0.0,0.0,0.0,0.0,0.0,0.0,0.0,0.0,0.0,0.0,0.0,0.0,0.0,0.0,0.0,0.0,0.0,0.0,0.0,0.0,0.0,0.0,0.0,0.0,0.0,0.0,0.0,0.0,0.0,0.0,0.0,0.0,0.0,0.0,0.0,0.0,0.0,0.0,0.0,100.0,0.0,0.0,0.0,200.0
역적의 꿈 배후5,비류수,프로무림,0.0,0.0,0.0,0.0,0.0,0.0,0.0,0.0,0.0,0.0,0.0,0.0,100.0,0.0,0.0,0.0,0.0,0.0,0.0,0.0,0.0,0.0,0.0,0.0,0.0,0.0,0.0,0.0,0.0,0.0,0.0,0.0,0.0,0.0,0.0,0.0,0.0,0.0,0.0,0.0,0.0,0.0,0.0,0.0,0.0,0.0,0.0,0.0,0.0,0.0,0.0,0.0,0.0,0.0,0.0,0.0,100.0,0.0,0.0,0.0,200.0
역적의 꿈 배후6,비류수,프로무림,0.0,0.0,0.0,0.0,0.0,0.0,0.0,0.0,0.0,0.0,0.0,0.0,100.0,0.0,0.0,0.0,0.0,0.0,0.0,0.0,0.0,0.0,0.0,0.0,0.0,0.0,0.0,0.0,0.0,0.0,0.0,0.0,0.0,0.0,0.0,0.0,0.0,0.0,0.0,0.0,0.0,0.0,0.0,0.0,0.0,0.0,0.0,0.0,0.0,0.0,0.0,0.0,0.0,0.0,0.0,0.0,100.0,0.0,0.0,0.0,200.0
역적의 꿈 피바람5,비류수,프로무림,0.0,0.0,0.0,0.0,0.0,0.0,0.0,0.0,0.0,0.0,0.0,0.0,100.0,0.0,0.0,0.0,0.0,0.0,0.0,0.0,0.0,0.0,0.0,0.0,0.0,0.0,0.0,0.0,0.0,0.0,0.0,0.0,0.0,0.0,0.0,0.0,0.0,0.0,0.0,0.0,0.0,0.0,0.0,0.0,0.0,0.0,0.0,0.0,0.0,0.0,0.0,0.0,0.0,0.0,0.0,0.0,100.0,0.0,0.0,0.0,200.0
역적의 꿈 특급킬러6,비류수,프로무림,0.0,0.0,0.0,0.0,0.0,0.0,0.0,0.0,0.0,0.0,0.0,0.0,100.0,0.0,0.0,0.0,0.0,0.0,0.0,0.0,0.0,0.0,0.0,0.0,0.0,0.0,0.0,0.0,0.0,0.0,0.0,0.0,0.0,0.0,0.0,0.0,0.0,0.0,0.0,0.0,0.0,0.0,0.0,0.0,0.0,0.0,0.0,0.0,0.0,0.0,0.0,0.0,0.0,0.0,0.0,0.0,100.0,0.0,0.0,0.0,200.0
역적의 꿈 피바람1,비류수,프로무림,0.0,0.0,0.0,0.0,0.0,0.0,0.0,0.0,0.0,0.0,0.0,0.0,100.0,0.0,0.0,0.0,0.0,0.0,0.0,0.0,0.0,0.0,0.0,0.0,0.0,0.0,0.0,0.0,0.0,0.0,0.0,0.0,0.0,0.0,0.0,0.0,0.0,0.0,0.0,0.0,0.0,0.0,0.0,0.0,0.0,0.0,0.0,0.0,0.0,0.0,0.0,0.0,0.0,0.0,0.0,0.0,100.0,0.0,0.0,0.0,200.0
역적의 꿈 피바람4,비류수,프로무림,0.0,0.0,0.0,0.0,0.0,0.0,0.0,0.0,0.0,0.0,0.0,0.0,100.0,0.0,0.0,0.0,0.0,0.0,0.0,0.0,0.0,0.0,0.0,0.0,0.0,0.0,0.0,0.0,0.0,0.0,0.0,0.0,0.0,0.0,0.0,0.0,0.0,0.0,0.0,0.0,0.0,0.0,0.0,0.0,0.0,0.0,0.0,0.0,0.0,0.0,0.0,0.0,0.0,0.0,0.0,0.0,100.0,0.0,0.0,0.0,200.0
역적의 꿈 피바람2,비류수,프로무림,0.0,0.0,0.0,0.0,0.0,0.0,0.0,0.0,0.0,0.0,0.0,0.0,100.0,0.0,0.0,0.0,0.0,0.0,0.0,0.0,0.0,0.0,0.0,0.0,0.0,0.0,0.0,0.0,0.0,0.0,0.0,0.0,0.0,0.0,0.0,0.0,0.0,0.0,0.0,0.0,0.0,0.0,0.0,0.0,0.0,0.0,0.0,0.0,0.0,0.0,0.0,0.0,0.0,0.0,0.0,0.0,100.0,0.0,0.0,0.0,200.0
역적의 꿈 두만강을 넘어1,비류수,프로무림,0.0,0.0,0.0,0.0,0.0,0.0,0.0,0.0,0.0,0.0,0.0,0.0,100.0,0.0,0.0,0.0,0.0,0.0,0.0,0.0,0.0,0.0,0.0,0.0,0.0,0.0,0.0,0.0,0.0,0.0,0.0,0.0,0.0,0.0,0.0,0.0,0.0,0.0,0.0,0.0,0.0,0.0,0.0,0.0,0.0,0.0,0.0,0.0,0.0,0.0,0.0,0.0,0.0,0.0,0.0,0.0,100.0,0.0,0.0,0.0,200.0
역적의 꿈 발해산업4,비류수,프로무림,0.0,0.0,0.0,0.0,0.0,0.0,0.0,0.0,0.0,0.0,0.0,0.0,100.0,0.0,0.0,0.0,0.0,0.0,0.0,0.0,0.0,0.0,0.0,0.0,0.0,0.0,0.0,0.0,0.0,0.0,0.0,0.0,0.0,0.0,0.0,0.0,0.0,0.0,0.0,0.0,0.0,0.0,0.0,0.0,0.0,0.0,0.0,0.0,0.0,0.0,0.0,0.0,0.0,0.0,0.0,0.0,100.0,0.0,0.0,0.0,200.0
역적의 꿈 발해산업3,비류수,프로무림,0.0,0.0,0.0,0.0,0.0,0.0,0.0,0.0,0.0,0.0,0.0,0.0,100.0,0.0,0.0,0.0,0.0,0.0,0.0,0.0,0.0,0.0,0.0,0.0,0.0,0.0,0.0,0.0,0.0,0.0,0.0,0.0,0.0,0.0,0.0,0.0,0.0,0.0,0.0,0.0,0.0,0.0,0.0,0.0,0.0,0.0,0.0,0.0,0.0,0.0,0.0,0.0,0.0,0.0,0.0,0.0,100.0,0.0,0.0,0.0,200.0
역적의 꿈 발해산업2,비류수,프로무림,0.0,0.0,0.0,0.0,0.0,0.0,0.0,0.0,0.0,0.0,0.0,0.0,100.0,0.0,0.0,0.0,0.0,0.0,0.0,0.0,0.0,0.0,0.0,0.0,0.0,0.0,0.0,0.0,0.0,0.0,0.0,0.0,0.0,0.0,0.0,0.0,0.0,0.0,0.0,0.0,0.0,0.0,0.0,0.0,0.0,0.0,0.0,0.0,0.0,0.0,0.0,0.0,0.0,0.0,0.0,0.0,100.0,0.0,0.0,0.0,200.0
역적의 꿈 발해산업1,비류수,프로무림,0.0,0.0,0.0,0.0,0.0,0.0,0.0,0.0,0.0,0.0,0.0,0.0,100.0,0.0,0.0,0.0,0.0,0.0,0.0,0.0,0.0,0.0,0.0,0.0,0.0,0.0,0.0,0.0,0.0,0.0,0.0,0.0,0.0,0.0,0.0,0.0,0.0,0.0,0.0,0.0,0.0,0.0,0.0,0.0,0.0,0.0,0.0,0.0,0.0,0.0,0.0,0.0,0.0,0.0,0.0,0.0,100.0,0.0,0.0,0.0,200.0
역적의 꿈 두만강을 넘어6,비류수,프로무림,0.0,0.0,0.0,0.0,0.0,0.0,0.0,0.0,0.0,0.0,0.0,0.0,100.0,0.0,0.0,0.0,0.0,0.0,0.0,0.0,0.0,0.0,0.0,0.0,0.0,0.0,0.0,0.0,0.0,0.0,0.0,0.0,0.0,0.0,0.0,0.0,0.0,0.0,0.0,0.0,0.0,0.0,0.0,0.0,0.0,0.0,0.0,0.0,0.0,0.0,0.0,0.0,0.0,0.0,0.0,0.0,100.0,0.0,0.0,0.0,200.0
역적의 꿈 두만강을 넘어5,비류수,프로무림,0.0,0.0,0.0,0.0,0.0,0.0,0.0,0.0,0.0,0.0,0.0,0.0,100.0,0.0,0.0,0.0,0.0,0.0,0.0,0.0,0.0,0.0,0.0,0.0,0.0,0.0,0.0,0.0,0.0,0.0,0.0,0.0,0.0,0.0,0.0,0.0,0.0,0.0,0.0,0.0,0.0,0.0,0.0,0.0,0.0,0.0,0.0,0.0,0.0,0.0,0.0,0.0,0.0,0.0,0.0,0.0,100.0,0.0,0.0,0.0,200.0
역적의 꿈 두만강을 넘어4,비류수,프로무림,0.0,0.0,0.0,0.0,0.0,0.0,0.0,0.0,0.0,0.0,0.0,0.0,100.0,0.0,0.0,0.0,0.0,0.0,0.0,0.0,0.0,0.0,0.0,0.0,0.0,0.0,0.0,0.0,0.0,0.0,0.0,0.0,0.0,0.0,0.0,0.0,0.0,0.0,0.0,0.0,0.0,0.0,0.0,0.0,0.0,0.0,0.0,0.0,0.0,0.0,0.0,0.0,0.0,0.0,0.0,0.0,100.0,0.0,0.0,0.0,200.0
역적의 꿈 피바람7,비류수,프로무림,0.0,0.0,0.0,0.0,0.0,0.0,0.0,0.0,0.0,0.0,0.0,0.0,100.0,0.0,0.0,0.0,0.0,0.0,0.0,0.0,0.0,0.0,0.0,0.0,0.0,0.0,0.0,0.0,0.0,0.0,0.0,0.0,0.0,0.0,0.0,0.0,0.0,0.0,0.0,0.0,0.0,0.0,0.0,0.0,0.0,0.0,0.0,0.0,0.0,0.0,0.0,0.0,0.0,0.0,0.0,0.0,100.0,0.0,0.0,0.0,200.0
역적의 꿈 두만강을 넘어3,비류수,프로무림,0.0,0.0,0.0,0.0,0.0,0.0,0.0,0.0,0.0,0.0,0.0,0.0,100.0,0.0,0.0,0.0,0.0,0.0,0.0,0.0,0.0,0.0,0.0,0.0,0.0,0.0,0.0,0.0,0.0,0.0,0.0,0.0,0.0,0.0,0.0,0.0,0.0,0.0,0.0,0.0,0.0,0.0,0.0,0.0,0.0,0.0,0.0,0.0,0.0,0.0,0.0,0.0,0.0,0.0,0.0,0.0,100.0,0.0,0.0,0.0,200.0
검풍연가 화,사마달,프로무림,0.0,0.0,0.0,0.0,0.0,0.0,0.0,0.0,0.0,0.0,0.0,0.0,0.0,0.0,0.0,0.0,0.0,0.0,0.0,0.0,0.0,0.0,0.0,0.0,0.0,0.0,0.0,0.0,0.0,0.0,0.0,0.0,0.0,0.0,0.0,0.0,0.0,0.0,0.0,0.0,0.0,0.0,0.0,0.0,0.0,0.0,0.0,0.0,180.0,0.0,0.0,0.0,0.0,0.0,0.0,0.0,0.0,0.0,0.0,0.0,180.0
초월자 어빈,인기영,포텐,0.0,0.0,0.0,0.0,0.0,0.0,0.0,0.0,0.0,0.0,0.0,0.0,0.0,0.0,0.0,0.0,0.0,0.0,0.0,0.0,0.0,0.0,0.0,0.0,0.0,0.0,0.0,0.0,0.0,0.0,0.0,0.0,0.0,0.0,0.0,0.0,0.0,172.0,0.0,0.0,0.0,0.0,0.0,0.0,0.0,0.0,0.0,0.0,0.0,0.0,0.0,0.0,0.0,0.0,0.0,0.0,0.0,0.0,0.0,0.0,172.0
Baseball Country,사용금지,포텐,0.0,0.0,0.0,0.0,0.0,0.0,0.0,0.0,0.0,0.0,0.0,0.0,0.0,0.0,0.0,0.0,0.0,0.0,0.0,0.0,0.0,70.0,0.0,0.0,0.0,0.0,0.0,0.0,0.0,0.0,0.0,0.0,0.0,0.0,0.0,0.0,0.0,0.0,0.0,0.0,0.0,0.0,0.0,0.0,0.0,0.0,0.0,0.0,0.0,0.0,0.0,0.0,0.0,0.0,0.0,0.0,0.0,0.0,0.0,0.0,70.0
도둑 고양이,한동솔,프로무림,0.0,0.0,0.0,0.0,0.0,0.0,0.0,0.0,0.0,0.0,0.0,0.0,0.0,0.0,70.0,0.0,0.0,0.0,0.0,0.0,0.0,0.0,0.0,0.0,0.0,0.0,0.0,0.0,0.0,0.0,0.0,0.0,0.0,0.0,0.0,0.0,0.0,0.0,0.0,0.0,0.0,0.0,0.0,0.0,0.0,0.0,0.0,0.0,0.0,0.0,0.0,0.0,0.0,0.0,0.0,0.0,0.0,0.0,0.0,0.0,70.0
십전 내가 살겠다,우각,프로무림,0.0,0.0,0.0,0.0,0.0,0.0,0.0,0.0,0.0,0.0,0.0,0.0,0.0,0.0,0.0,0.0,0.0,0.0,0.0,0.0,0.0,0.0,0.0,0.0,0.0,0.0,0.0,0.0,0.0,0.0,0.0,0.0,0.0,0.0,0.0,2.0,0.0,0.0,0.0,0.0,0.0,0.0,0.0,0.0,0.0,0.0,0.0,0.0,0.0,0.0,0.0,0.0,0.0,0.0,0.0,0.0,0.0,0.0,0.0,0.0,2.0
야망의 눈동자,강산,포텐,0.0,0.0,0.0,0.0,0.0,-3600.0,0.0,0.0,0.0,-4895.0,-1100.0,0.0,0.0,-1705.0,-3300.0,0.0,0.0,0.0,0.0,0.0,-4597.0,-4485.0,0.0,-931.0,0.0,0.0,0.0,0.0,-3375.0,-931.0,0.0,0.0,0.0,0.0,0.0,0.0,0.0,-3783.0,0.0,-1425.0,0.0,0.0,0.0,0.0,0.0,0.0,0.0,0.0,0.0,0.0,0.0,0.0,0.0,0.0,0.0,0.0,0.0,0.0,0.0,0.0,-34127.0
